"stockcode","tradingdate","openindex","closeindex","lowestindex","highestindex","totalvol"
"VN30","2021-08-13","1477.72","1484.25","1463.48","1484.67","221635646.00"
"VN30","2021-08-16","1490.70","1500.77","1487.52","1504.03","268966625.00"
"VN30","2021-08-17","1508.41","1494.12","1488.74","1512.27","225891300.00"
"VN30","2024-08-09","1250.37","1264.84","1248.85","1265.94","178363296.00"
"VN30","2024-08-12","1267.05","1271.44","1259.60","1273.16","164092304.00"
"VN30","2021-08-20","1495.67","1450.45","1436.24","1497.03","362233528.00"
"VN30","2021-08-27","1403.99","1418.57","1391.88","1418.57","216158061.00"
"VN30","2024-08-13","1269.09","1268.72","1262.91","1272.21","165198800.00"
"VN30","2021-08-23","1443.67","1412.00","1412.00","1450.45","250637200.00"
"VN30","2024-08-14","1272.86","1270.38","1268.69","1275.26","145774096.00"
"VN30","2021-08-25","1420.74","1428.51","1411.07","1430.58","153263700.00"
"VN30","2014-09-09","678.83","664.65","659.97","678.89","110018302.00"
"VN30","2014-09-10","663.89","666.42","653.53","667.55","59546120.00"
"VN30","2014-09-11","668.19","665.09","663.84","670.39","55598660.00"
"VN30","2014-09-12","666.15","669.78","664.23","669.87","50735150.00"
"VN30","2014-09-15","670.67","668.42","668.42","674.09","100975760.00"
"VN30","2014-09-16","666.69","666.66","659.97","668.96","81080390.00"
"VN30","2014-09-17","667.79","665.66","664.33","671.30","81994170.00"
"VN30","2014-09-18","665.51","659.63","658.02","668.20","69883410.00"
"VN30","2014-09-19","658.86","654.54","654.54","662.48","146925190.00"
"VN30","2014-09-22","659.72","653.19","653.19","662.60","65923748.00"
"VN30","2014-09-23","652.88","658.31","652.76","663.41","53882256.00"
"VN30","2014-09-24","656.97","655.14","653.34","661.13","53660269.00"
"VN30","2014-09-25","653.53","653.39","642.83","653.72","56426240.00"
"VN30","2014-09-26","655.55","649.63","649.63","656.44","57387200.00"
"VN30","2014-09-29","650.08","642.98","642.98","650.08","55790948.00"
"VN30","2014-09-30","641.13","644.25","637.85","646.88","67827302.00"
"VN30","2014-10-01","648.98","655.06","648.87","655.85","72810585.00"
"VN30","2014-10-02","655.97","659.64","653.03","659.83","72089190.00"
"VN30","2014-10-03","659.05","659.25","658.04","663.54","77746089.00"
"VN30","2014-10-06","658.84","662.43","657.93","663.65","57512850.00"
"VN30","2014-10-07","661.84","659.16","658.14","662.16","61145750.00"
"VN30","2014-10-08","657.35","658.98","655.15","661.67","57090200.00"
"VN30","2014-10-09","660.90","657.11","657.11","662.75","49777310.00"
"VN30","2014-10-10","655.72","651.72","651.52","659.11","49988205.00"
"VN30","2014-10-13","650.76","651.07","646.51","653.69","44170646.00"
"VN30","2014-10-14","651.91","641.13","641.13","653.10","38194800.00"
"VN30","2014-10-15","640.12","641.63","634.34","642.63","43882610.00"
"VN30","2014-10-16","639.79","623.76","622.03","639.98","71592840.00"
"VN30","2014-10-17","623.36","624.77","613.76","627.42","63303150.00"
"VN30","2014-10-20","624.98","628.09","622.21","632.52","36053010.00"
"VN30","2014-10-21","627.96","633.81","627.11","635.36","32169210.00"
"VN30","2014-10-22","635.72","637.85","635.02","639.55","43680320.00"
"VN30","2014-10-23","636.33","630.84","630.84","638.56","66977948.00"
"VN30","2014-10-24","629.83","629.52","625.49","633.04","32082660.00"
"VN30","2014-10-27","626.19","615.15","615.15","628.64","42590092.00"
"VN30","2014-10-28","613.23","618.99","613.23","621.19","59107719.00"
"VN30","2014-10-29","620.18","628.10","620.18","628.60","45989216.00"
"VN30","2014-10-30","628.50","627.21","626.50","630.62","36336140.00"
"VN30","2014-10-31","628.53","638.78","626.64","638.78","53796420.00"
"VN30","2014-11-03","644.03","644.64","642.47","646.76","44335553.00"
"VN30","2014-11-04","641.73","639.91","639.91","644.75","35112410.00"
"VN30","2014-11-05","638.90","637.68","633.89","643.36","63197060.00"
"VN30","2014-11-06","638.17","637.56","636.17","641.39","26582600.00"
"VN30","2014-11-07","638.87","642.77","637.07","643.49","55030870.00"
"VN30","2014-11-10","644.05","642.90","642.90","647.01","56584730.00"
"VN30","2014-11-11","643.26","642.02","641.47","647.10","61305688.00"
"VN30","2014-11-12","643.07","641.89","640.58","644.76","46385010.00"
"VN30","2014-11-13","642.40","638.87","638.87","644.53","61162710.00"
"VN30","2014-11-14","638.24","637.90","632.28","638.71","66774648.00"
"VN30","2014-11-17","639.53","637.21","637.18","640.93","40445070.00"
"VN30","2014-11-18","637.12","627.84","627.84","637.61","56107291.00"
"VN30","2014-11-19","628.44","623.66","623.66","630.64","82821550.00"
"VN30","2014-11-20","627.65","628.80","624.87","630.57","79453310.00"
"VN30","2014-11-21","629.07","623.74","623.74","631.21","68964230.00"
"VN30","2014-11-24","620.57","616.39","615.45","622.24","50464120.00"
"VN30","2014-11-25","618.48","623.23","618.48","624.83","46883529.00"
"VN30","2014-11-26","624.68","616.48","615.22","625.92","72437324.00"
"VN30","2014-11-27","615.91","615.57","609.70","616.56","57185748.00"
"VN30","2014-11-28","615.19","611.15","611.15","616.98","53683770.00"
"VN30","2014-12-01","612.86","614.44","612.68","617.19","55425058.00"
"VN30","2014-12-02","615.32","613.57","613.57","616.16","47479621.00"
"VN30","2014-12-03","614.72","619.29","614.72","621.05","48781330.00"
"VN30","2014-12-04","619.43","624.31","619.43","626.10","45310750.00"
"VN30","2014-12-05","625.53","624.67","623.13","628.13","38461100.00"
"VN30","2014-12-08","622.90","619.87","617.10","623.85","46869143.00"
"VN30","2014-12-09","617.02","603.85","603.13","617.02","87421990.00"
"VN30","2014-12-10","601.92","610.81","597.97","611.51","50248789.00"
"VN30","2014-12-11","604.88","604.80","601.84","612.80","41755226.00"
"VN30","2014-12-12","603.35","609.33","603.35","609.66","32071210.00"
"VN30","2014-12-15","607.56","603.92","603.92","610.59","35623570.00"
"VN30","2014-12-16","601.75","591.78","591.28","602.00","59284638.00"
"VN30","2014-12-17","592.34","569.71","563.92","593.39","76587550.00"
"VN30","2014-12-18","573.93","578.88","571.19","579.73","55330530.00"
"VN30","2014-12-19","578.40","570.61","570.61","582.59","128797420.00"
"VN30","2014-12-22","577.08","587.56","576.98","587.64","52317617.00"
"VN30","2014-12-23","589.20","589.61","584.62","594.41","68422359.00"
"VN30","2014-12-24","591.61","591.19","588.17","593.55","32382730.00"
"VN30","2014-12-25","588.63","585.19","584.10","589.79","43533043.00"
"VN30","2014-12-26","585.45","582.45","577.98","587.46","49175756.00"
"VN30","2014-12-29","583.36","583.36","578.53","589.18","55739490.00"
"VN30","2014-12-30","582.65","591.18","578.33","591.18","39986549.00"
"VN30","2014-12-31","592.02","601.66","591.84","601.93","62140540.00"
"VN30","2015-01-05","600.48","599.69","599.69","604.99","52052371.00"
"VN30","2015-01-06","594.37","606.37","593.46","606.45","57176551.00"
"VN30","2015-01-07","606.49","607.65","606.49","611.78","53995280.00"
"VN30","2015-01-08","607.52","606.85","605.37","609.85","36922317.00"
"VN30","2015-01-09","608.26","618.41","608.26","619.52","56993397.00"
"VN30","2015-01-12","618.04","615.73","615.49","624.18","81434802.00"
"VN30","2015-01-13","614.22","619.39","614.06","619.58","48778150.00"
"VN30","2015-01-14","620.56","616.84","611.90","621.75","48366670.00"
"VN30","2015-01-15","617.12","617.62","613.80","619.05","56436489.00"
"VN30","2015-01-16","616.89","614.72","613.40","617.52","46384030.00"
"VN30","2015-01-19","616.91","611.64","609.77","618.29","37871790.00"
"VN30","2015-01-20","611.46","609.19","608.32","614.50","31179990.00"
"VN30","2015-01-21","611.50","606.53","606.53","611.63","33013220.00"
"VN30","2015-01-22","607.68","610.31","604.35","613.35","37376271.00"
"VN30","2015-01-23","611.79","615.16","611.79","618.90","104393833.00"
"VN30","2015-01-26","618.14","612.64","612.64","619.21","33649130.00"
"VN30","2015-01-27","613.03","609.98","606.75","616.69","56866870.00"
"VN30","2015-01-28","610.54","613.53","608.41","614.95","43404800.00"
"VN30","2015-01-29","613.87","613.90","610.57","615.63","40355329.00"
"VN30","2015-01-30","613.41","606.54","604.98","613.47","34096980.00"
"VN30","2015-02-02","606.02","598.46","598.46","609.79","44364758.00"
"VN30","2015-02-03","600.02","585.47","585.47","601.33","39455200.00"
"VN30","2015-02-04","585.32","588.83","581.24","588.83","46468730.00"
"VN30","2015-02-05","587.54","591.28","587.47","593.56","31945500.00"
"VN30","2015-02-06","592.40","595.69","592.40","597.06","24728420.00"
"VN30","2015-02-09","595.69","594.77","594.77","598.82","29376660.00"
"VN30","2015-02-10","594.79","595.53","594.72","599.43","26402935.00"
"VN30","2015-02-11","596.70","607.33","596.41","607.33","37316250.00"
"VN30","2015-02-12","608.89","613.36","608.89","614.69","38099420.00"
"VN30","2015-02-13","615.33","617.20","614.96","618.46","30585560.00"
"VN30","2015-02-24","619.48","624.17","618.73","624.17","28007509.00"
"VN30","2015-02-25","623.69","619.44","619.23","627.94","38759426.00"
"VN30","2015-02-26","621.00","623.84","618.09","623.99","46971800.00"
"VN30","2015-02-27","625.35","618.39","618.39","625.35","31762152.00"
"VN30","2015-03-02","619.20","617.05","615.39","621.04","42235614.00"
"VN30","2015-03-03","618.00","627.27","618.00","627.39","48260060.00"
"VN30","2015-03-04","628.77","629.69","625.66","630.52","39679750.00"
"VN30","2015-03-05","629.58","625.25","625.25","630.72","51035590.00"
"VN30","2015-03-06","625.15","622.75","622.75","629.71","39133200.00"
"VN30","2015-03-09","623.73","620.88","620.04","628.07","38691290.00"
"VN30","2015-03-10","619.37","621.10","618.96","622.95","54405220.00"
"VN30","2015-03-11","622.48","619.27","619.27","623.65","37286528.00"
"VN30","2015-03-12","619.00","620.24","616.52","621.81","37183790.00"
"VN30","2015-03-13","620.40","616.94","616.94","622.56","52540250.00"
"VN30","2015-03-16","613.99","610.63","609.78","616.42","52751850.00"
"VN30","2015-03-17","609.37","611.24","609.37","612.72","45739240.00"
"VN30","2015-03-18","610.31","607.18","607.08","611.20","43599400.00"
"VN30","2015-03-19","607.64","601.31","600.87","608.81","41174070.00"
"VN30","2015-03-20","600.19","603.76","599.91","604.67","107602830.00"
"VN30","2015-03-23","604.09","598.07","597.94","607.40","48070780.00"
"VN30","2015-03-24","596.65","593.80","590.18","596.65","36677020.00"
"VN30","2015-03-25","593.50","590.17","589.42","593.96","38819740.00"
"VN30","2015-03-26","587.99","586.70","585.81","590.94","32787940.00"
"VN30","2015-03-27","588.68","583.02","580.34","590.64","36945370.00"
"VN30","2015-03-30","583.22","576.60","576.41","584.99","53349877.00"
"VN30","2015-03-31","576.80","579.97","576.80","582.51","40452277.00"
"VN30","2015-04-01","580.27","569.48","568.45","580.61","58509230.00"
"VN30","2015-04-02","571.22","576.13","567.48","576.99","36448120.00"
"VN30","2015-04-03","577.36","577.66","574.43","580.11","30733150.00"
"VN30","2015-04-06","578.14","572.71","572.71","579.56","27748820.00"
"VN30","2015-04-07","572.72","577.69","570.09","578.21","42703600.00"
"VN30","2015-04-08","578.60","575.94","574.85","580.08","28399319.00"
"VN30","2015-04-09","575.50","578.35","575.36","581.25","31837030.00"
"VN30","2015-04-10","579.53","583.34","579.53","586.90","39868005.00"
"VN30","2015-04-13","586.09","589.77","585.86","589.77","27691921.00"
"VN30","2015-04-14","589.11","587.24","587.24","592.03","20617490.00"
"VN30","2015-04-15","588.32","590.78","587.21","592.45","34781940.00"
"VN30","2015-04-16","593.91","595.09","592.84","597.01","38170360.00"
"VN30","2015-04-17","595.43","599.12","595.43","602.83","46620450.00"
"VN30","2015-04-20","599.66","595.82","593.96","599.89","22263060.00"
"VN30","2015-04-21","595.10","593.67","593.67","598.24","32462890.00"
"VN30","2015-04-22","594.89","594.00","593.99","597.40","26928180.00"
"VN30","2015-04-23","594.13","592.71","589.61","596.85","28110475.00"
"VN30","2015-04-24","594.30","596.10","593.03","596.93","19396650.00"
"VN30","2015-04-27","599.99","593.15","593.15","600.36","21521860.00"
"VN30","2015-05-04","589.54","576.52","575.16","593.95","44662226.00"
"VN30","2015-05-05","576.34","585.45","571.07","585.45","53614028.00"
"VN30","2015-05-06","585.64","579.39","578.89","585.64","32496318.00"
"VN30","2015-05-07","578.84","582.40","577.62","584.45","22656850.00"
"VN30","2015-05-08","581.87","582.91","581.35","586.21","27553400.00"
"VN30","2015-05-11","582.99","579.41","579.41","585.88","61514344.00"
"VN30","2015-05-12","580.11","571.00","570.11","580.27","33445097.00"
"VN30","2015-05-13","572.33","569.28","565.11","573.24","38296050.00"
"VN30","2015-05-14","568.77","569.89","567.28","570.66","25416670.00"
"VN30","2015-05-15","569.39","561.87","561.87","570.58","27175310.00"
"VN30","2015-05-18","559.99","552.90","552.87","560.96","49470490.00"
"VN30","2015-05-19","552.46","556.44","552.46","556.92","35127225.00"
"VN30","2015-05-20","556.99","572.34","556.99","572.34","58433910.00"
"VN30","2015-05-21","574.50","578.64","570.49","578.64","58828556.00"
"VN30","2015-05-22","577.86","586.58","574.60","586.58","49160080.00"
"VN30","2015-05-25","585.08","588.36","582.45","589.18","45173740.00"
"VN30","2015-05-26","588.50","591.13","587.77","594.30","56984460.00"
"VN30","2015-05-27","589.31","589.82","587.96","592.28","48777660.00"
"VN30","2015-05-28","589.06","594.27","588.19","599.22","70051560.00"
"VN30","2015-05-29","594.34","589.32","588.15","597.08","60265880.00"
"VN30","2015-06-01","590.44","593.61","590.13","597.20","51516110.00"
"VN30","2015-06-02","593.34","588.63","588.63","596.96","53552304.00"
"VN30","2015-06-03","587.59","585.60","585.42","591.82","68417670.00"
"VN30","2015-06-04","586.82","587.48","586.18","590.42","45383228.00"
"VN30","2015-06-05","589.16","592.22","585.86","593.95","65705270.00"
"VN30","2015-06-08","592.22","594.51","592.22","599.19","88890014.00"
"VN30","2015-06-09","593.56","593.36","591.90","599.44","69897660.00"
"VN30","2015-06-10","593.60","595.06","590.69","597.30","57043775.00"
"VN30","2015-06-11","598.47","601.40","597.27","602.96","81156790.00"
"VN30","2015-06-12","602.30","604.29","600.03","604.63","67466970.00"
"VN30","2015-06-15","605.47","604.53","601.88","606.80","78597710.00"
"VN30","2015-06-16","605.80","600.92","600.92","607.60","80508135.00"
"VN30","2015-06-17","599.52","598.25","595.35","603.62","59232600.00"
"VN30","2015-06-18","598.58","600.45","598.58","602.55","48173010.00"
"VN30","2015-06-19","603.43","603.26","601.09","606.82","132321640.00"
"VN30","2015-06-22","608.00","615.10","607.64","615.19","94822531.00"
"VN30","2015-06-23","614.86","614.42","612.70","617.35","63822110.00"
"VN30","2015-06-24","612.66","610.73","610.11","615.34","65710616.00"
"VN30","2015-06-25","610.49","609.49","606.18","611.40","47466360.00"
"VN30","2015-06-26","606.76","608.92","606.76","617.82","85781415.00"
"VN30","2015-06-29","608.75","620.22","608.75","620.22","61655895.00"
"VN30","2015-06-30","616.19","622.43","616.19","626.86","69063047.00"
"VN30","2015-07-01","624.36","622.91","617.57","624.97","51768509.00"
"VN30","2015-07-02","622.57","633.28","621.79","633.28","54655390.00"
"VN30","2015-07-03","635.89","639.87","635.34","639.87","68857340.00"
"VN30","2015-07-06","643.19","649.54","642.35","649.54","70037880.00"
"VN30","2015-07-07","647.83","653.27","644.74","656.46","70769000.00"
"VN30","2015-07-08","652.98","645.67","640.61","655.90","95709811.00"
"VN30","2015-07-09","638.89","646.58","635.73","648.91","58274548.00"
"VN30","2015-07-10","651.00","648.73","647.20","652.29","75448701.00"
"VN30","2015-07-13","652.37","652.28","648.20","655.50","56491900.00"
"VN30","2015-07-14","653.67","658.28","648.89","658.51","61007600.00"
"VN30","2015-07-15","658.81","651.45","651.45","661.97","50253430.00"
"VN30","2015-07-16","647.99","649.06","644.13","652.55","53169440.00"
"VN30","2015-07-17","649.24","651.03","648.66","653.18","44063040.00"
"VN30","2015-07-20","646.69","644.19","639.90","646.81","42903940.00"
"VN30","2015-07-21","643.83","641.45","636.91","647.03","37899050.00"
"VN30","2015-07-22","640.42","655.06","639.66","655.11","47490826.00"
"VN30","2015-07-23","656.53","655.74","655.17","662.05","47847290.00"
"VN30","2015-07-24","657.47","657.97","653.95","661.15","45346655.00"
"VN30","2015-07-27","658.63","665.66","658.16","667.17","57498100.00"
"VN30","2015-07-28","666.01","659.60","659.60","668.80","74932280.00"
"VN30","2015-07-29","659.53","651.21","651.21","662.57","55447190.00"
"VN30","2015-07-30","651.35","651.70","648.12","652.74","40471490.00"
"VN30","2015-07-31","653.03","647.36","647.36","654.56","42971910.00"
"VN30","2015-08-03","642.46","636.92","632.93","642.61","66788720.00"
"VN30","2015-08-04","637.20","631.27","631.27","638.14","33725180.00"
"VN30","2015-08-05","632.89","639.33","632.89","639.33","40522756.00"
"VN30","2015-08-06","639.96","633.53","632.97","640.52","41397030.00"
"VN30","2015-08-07","635.00","638.40","631.97","638.75","39741280.00"
"VN30","2015-08-10","637.58","649.99","637.58","649.99","37035910.00"
"VN30","2015-08-11","646.63","643.42","642.28","648.87","58241957.00"
"VN30","2015-08-12","639.70","632.90","630.99","641.12","46752290.00"
"VN30","2015-08-13","632.10","622.83","619.10","632.10","57536164.00"
"VN30","2015-08-14","621.34","618.94","615.55","625.84","41633300.00"
"VN30","2015-08-17","618.99","607.44","604.67","621.01","52452880.00"
"VN30","2015-08-18","605.42","611.80","604.70","611.80","44606730.00"
"VN30","2015-08-19","610.00","608.91","600.69","611.63","43159660.00"
"VN30","2015-08-20","606.66","598.22","597.46","609.72","48728215.00"
"VN30","2015-08-21","589.51","587.83","572.16","591.32","93320490.00"
"VN30","2015-08-24","580.86","558.92","552.23","580.86","89493910.00"
"VN30","2015-08-25","544.10","561.00","544.10","567.56","75509417.00"
"VN30","2015-08-26","561.17","574.88","561.17","577.15","62902170.00"
"VN30","2015-08-27","579.74","581.51","577.88","583.70","57046610.00"
"VN30","2015-08-28","585.35","597.81","582.42","597.81","76084285.00"
"VN30","2015-08-31","596.58","586.23","586.23","596.58","57575427.00"
"VN30","2015-09-01","586.53","583.61","583.02","591.08","43397960.00"
"VN30","2015-09-03","581.30","575.58","572.64","581.89","36952720.00"
"VN30","2015-09-04","576.94","578.78","575.88","579.89","23483890.00"
"VN30","2015-09-07","577.17","574.09","573.25","580.47","30171233.00"
"VN30","2015-09-08","572.91","583.35","572.85","583.78","47957288.00"
"VN30","2015-09-09","585.24","587.69","585.24","589.74","31878200.00"
"VN30","2015-09-10","583.91","588.54","582.79","591.10","24364950.00"
"VN30","2015-09-11","588.89","583.27","582.80","590.04","36895690.00"
"VN30","2015-09-14","583.07","576.00","574.96","585.77","29095769.00"
"VN30","2015-09-15","574.39","571.53","570.59","574.93","27109430.00"
"VN30","2015-09-16","572.47","576.78","572.47","577.24","30145960.00"
"VN30","2015-09-17","577.52","576.68","576.68","580.29","21080930.00"
"VN30","2015-09-18","578.78","582.73","578.78","586.19","64225290.00"
"VN30","2015-09-21","583.37","590.46","582.81","590.46","31132790.00"
"VN30","2015-09-22","591.81","592.78","589.01","593.93","51837930.00"
"VN30","2015-09-23","590.58","591.23","588.24","593.13","30008230.00"
"VN30","2015-09-24","591.39","589.42","589.42","593.67","34469730.00"
"VN30","2015-09-25","588.91","588.11","584.87","591.12","29336460.00"
"VN30","2015-09-28","588.69","582.42","582.42","589.64","30483760.00"
"VN30","2015-09-29","577.85","578.98","575.06","579.66","33620640.00"
"VN30","2015-09-30","580.39","580.32","580.32","583.90","26497130.00"
"VN30","2015-10-01","581.67","582.33","581.20","584.43","21000840.00"
"VN30","2015-10-02","582.47","580.74","580.74","584.06","23615240.00"
"VN30","2015-10-05","582.94","588.73","582.16","588.73","30334902.00"
"VN30","2015-10-06","596.87","599.92","592.44","599.92","73704858.00"
"VN30","2015-10-07","602.12","598.42","598.36","605.22","60277129.00"
"VN30","2015-10-08","598.61","604.91","597.73","606.08","107633350.00"
"VN30","2015-10-09","609.08","605.60","605.60","611.15","74411260.00"
"VN30","2015-10-12","605.87","609.55","605.29","612.48","78250610.00"
"VN30","2015-10-13","608.06","607.03","605.38","608.94","51939585.00"
"VN30","2015-10-14","610.78","607.57","607.57","612.59","43559160.00"
"VN30","2015-10-15","609.72","607.95","606.71","610.87","40856190.00"
"VN30","2015-10-16","609.76","609.73","609.73","616.35","52760860.00"
"VN30","2015-10-19","610.96","611.37","608.01","615.13","39096260.00"
"VN30","2015-10-20","611.81","605.56","603.94","612.26","55339690.00"
"VN30","2015-10-21","605.86","604.34","603.98","609.32","38624260.00"
"VN30","2015-10-22","603.84","609.78","603.84","611.06","34926752.00"
"VN30","2015-10-23","613.49","616.07","613.12","617.16","37658680.00"
"VN30","2015-10-26","619.09","612.21","612.21","622.09","37748299.00"
"VN30","2015-10-27","611.09","611.57","608.89","614.47","32716430.00"
"VN30","2015-10-28","612.25","609.68","609.51","615.05","42883732.00"
"VN30","2015-10-29","610.56","618.01","610.56","618.01","37848470.00"
"VN30","2015-10-30","618.41","619.21","615.66","620.37","31273107.00"
"VN30","2015-11-02","619.89","613.19","613.19","621.94","43672723.00"
"VN30","2015-11-03","613.48","623.85","611.30","623.85","45042350.00"
"VN30","2015-11-04","626.75","621.35","621.35","630.60","43891547.00"
"VN30","2015-11-05","619.95","625.71","619.93","627.17","27804405.00"
"VN30","2015-11-06","626.15","622.67","620.02","630.36","41077990.00"
"VN30","2015-11-09","623.50","619.44","619.21","623.50","56864770.00"
"VN30","2015-11-10","619.26","614.56","614.10","619.95","47670830.00"
"VN30","2015-11-11","613.81","612.71","612.71","619.59","32172060.00"
"VN30","2015-11-12","612.12","614.39","603.06","614.39","59294954.00"
"VN30","2015-11-13","613.13","622.34","613.13","622.34","59113091.00"
"VN30","2015-11-16","620.95","619.14","615.42","622.51","49028700.00"
"VN30","2015-11-17","618.62","614.39","614.13","620.89","73767808.00"
"VN30","2015-11-18","613.24","612.25","611.21","617.19","45376100.00"
"VN30","2015-11-19","613.73","609.05","609.05","615.12","41438120.00"
"VN30","2015-11-20","608.86","611.16","608.12","614.03","48483760.00"
"VN30","2015-11-23","611.14","606.93","606.93","615.96","46797010.00"
"VN30","2015-11-24","607.48","600.21","597.01","607.48","64741401.00"
"VN30","2015-11-25","599.38","602.67","593.58","603.72","62676430.00"
"VN30","2015-11-26","601.97","598.04","598.04","603.46","45843010.00"
"VN30","2015-11-27","596.93","590.59","590.59","599.63","57965420.00"
"VN30","2015-11-30","589.57","581.94","580.53","589.76","58417500.00"
"VN30","2015-12-01","582.74","579.06","579.06","586.14","46327964.00"
"VN30","2015-12-02","579.54","583.94","579.54","586.15","44413500.00"
"VN30","2015-12-03","583.57","585.23","583.50","587.27","34558020.00"
"VN30","2015-12-04","585.13","582.96","578.88","585.14","27896550.00"
"VN30","2015-12-07","581.62","575.34","574.73","581.80","28689287.00"
"VN30","2015-12-08","574.21","584.85","568.51","584.85","47718910.00"
"VN30","2015-12-09","584.48","574.54","574.54","587.62","42398350.00"
"VN30","2015-12-10","575.37","572.50","572.50","578.10","44459250.00"
"VN30","2015-12-11","572.39","578.01","571.70","580.73","37105370.00"
"VN30","2015-12-14","581.57","579.42","577.68","582.93","57696150.00"
"VN30","2015-12-15","580.59","582.28","580.07","584.57","37033130.00"
"VN30","2015-12-16","584.14","583.97","582.58","588.21","28531720.00"
"VN30","2015-12-17","587.74","586.47","584.23","590.01","29672966.00"
"VN30","2015-12-18","585.89","578.85","578.85","587.76","124023990.00"
"VN30","2015-12-21","581.36","577.73","576.12","581.92","47393638.00"
"VN30","2015-12-22","578.18","576.80","575.71","580.64","26950004.00"
"VN30","2015-12-23","575.43","575.46","572.22","578.36","35422050.00"
"VN30","2015-12-24","575.86","576.71","575.11","578.10","20515830.00"
"VN30","2015-12-25","577.98","579.32","577.63","581.69","39965088.00"
"VN30","2015-12-28","583.14","583.16","582.58","586.52","57297610.00"
"VN30","2016-01-08","578.97","575.96","571.96","579.97","55543825.00"
"VN30","2015-12-29","582.71","589.43","579.18","589.43","51012530.00"
"VN30","2015-12-30","589.93","594.80","587.81","594.80","30984840.00"
"VN30","2015-12-31","594.21","595.57","590.37","595.57","47400008.00"
"VN30","2016-01-04","593.31","589.91","587.94","594.68","43431474.00"
"VN30","2016-01-05","586.93","583.62","583.06","589.65","39540580.00"
"VN30","2016-01-06","582.81","589.97","582.81","589.97","43397000.00"
"VN30","2016-01-07","589.12","582.30","577.19","589.12","54020210.00"
"VN30","2016-01-11","574.95","573.72","573.02","579.24","43517834.00"
"VN30","2016-01-12","574.23","582.39","574.23","582.39","44400861.00"
"VN30","2016-01-13","583.37","578.63","577.29","584.03","64259835.00"
"VN30","2016-01-14","571.02","569.17","565.79","573.73","81602374.00"
"VN30","2016-01-15","570.33","555.76","555.76","572.27","60819380.00"
"VN30","2016-01-18","543.44","541.18","531.92","543.44","74247710.00"
"VN30","2016-01-19","541.43","550.29","541.43","550.29","48612580.00"
"VN30","2016-01-20","546.69","544.24","543.59","551.88","63815940.00"
"VN30","2016-01-21","541.34","538.53","537.88","548.09","65114550.00"
"VN30","2016-01-22","541.84","539.37","531.53","542.40","77046870.00"
"VN30","2016-01-25","546.87","562.19","546.87","562.22","79316400.00"
"VN30","2016-01-26","553.09","554.52","549.32","560.05","62796949.00"
"VN30","2016-01-27","558.65","558.98","557.01","561.94","51897394.00"
"VN30","2016-01-28","558.65","556.86","555.73","562.45","47146372.00"
"VN30","2016-01-29","557.31","561.61","554.63","562.79","53673420.00"
"VN30","2016-02-01","562.40","557.98","557.98","565.79","38166650.00"
"VN30","2016-02-02","555.13","555.09","553.76","559.80","30894510.00"
"VN30","2016-02-03","552.09","556.53","549.01","556.53","36613040.00"
"VN30","2016-02-04","560.00","561.22","559.33","562.88","29655494.00"
"VN30","2016-02-05","560.01","563.97","560.01","565.97","23741664.00"
"VN30","2016-02-15","558.64","559.19","554.24","561.48","28647649.00"
"VN30","2016-02-16","560.98","562.32","560.95","564.21","43142610.00"
"VN30","2016-02-17","565.69","561.10","561.10","567.31","53117430.00"
"VN30","2016-02-18","564.27","566.85","563.16","569.38","49276330.00"
"VN30","2016-02-19","566.68","567.51","565.25","568.97","77386990.00"
"VN30","2016-02-22","567.87","574.37","567.87","576.63","73633710.00"
"VN30","2016-02-23","579.62","573.78","573.47","580.05","76277860.00"
"VN30","2016-02-24","571.54","578.87","570.14","581.76","66192570.00"
"VN30","2016-02-25","580.63","573.02","573.02","583.87","73168802.00"
"VN30","2016-02-26","574.12","577.71","572.17","577.73","34788584.00"
"VN30","2016-02-29","576.98","577.71","570.66","577.74","34788584.00"
"VN30","2016-03-01","570.88","572.99","570.88","576.30","45791030.00"
"VN30","2016-03-02","575.95","579.17","573.27","579.61","48621717.00"
"VN30","2016-03-03","582.26","579.11","578.55","582.43","48774050.00"
"VN30","2016-03-07","582.60","582.60","582.31","587.91","55768420.00"
"VN30","2016-03-08","583.29","582.54","582.08","585.67","53541240.00"
"VN30","2016-03-09","582.45","581.25","580.52","585.48","39949174.00"
"VN30","2016-03-10","582.95","583.77","580.19","583.79","39057337.00"
"VN30","2016-03-11","583.93","583.89","582.54","588.46","49269325.00"
"VN30","2016-03-14","586.63","587.09","584.06","587.93","90894235.00"
"VN30","2016-03-15","586.45","583.02","581.72","588.05","60899224.00"
"VN30","2016-03-16","582.95","583.79","581.40","585.31","52578363.00"
"VN30","2016-03-17","588.62","586.47","586.37","590.98","68950503.00"
"VN30","2016-03-18","587.13","581.95","581.95","587.92","116320691.00"
"VN30","2016-03-21","582.85","579.95","579.95","587.78","65259080.00"
"VN30","2016-03-22","580.01","577.97","575.68","580.67","38899605.00"
"VN30","2016-03-23","577.77","580.60","577.25","581.74","51277670.00"
"VN30","2016-03-24","579.84","577.31","577.31","584.36","57556460.00"
"VN30","2016-03-25","576.64","578.24","571.71","579.84","57545690.00"
"VN30","2016-03-28","578.45","582.37","577.46","582.82","37798290.00"
"VN30","2016-03-29","582.87","575.16","575.16","583.29","60286400.00"
"VN30","2016-03-30","573.58","577.11","572.16","579.97","42708337.00"
"VN30","2016-03-31","575.37","571.69","571.69","579.44","64086980.00"
"VN30","2016-04-01","570.70","568.27","566.81","572.17","44770586.00"
"VN30","2016-04-04","568.01","565.71","563.05","570.25","38108214.00"
"VN30","2016-04-05","565.59","570.43","565.37","570.43","48430815.00"
"VN30","2016-04-06","571.47","576.40","569.40","576.40","42451203.00"
"VN30","2016-04-07","577.88","579.28","575.09","580.37","40441224.00"
"VN30","2016-04-08","578.43","578.97","576.68","581.39","41831740.00"
"VN30","2016-04-11","580.79","586.78","580.65","588.42","52029130.00"
"VN30","2016-04-12","588.73","587.47","584.75","590.22","68316330.00"
"VN30","2016-04-13","587.94","584.63","582.40","589.03","44885692.00"
"VN30","2016-04-14","582.40","586.21","582.40","591.64","41275203.00"
"VN30","2016-04-15","586.27","584.47","584.47","591.76","36198250.00"
"VN30","2016-04-19","584.14","575.06","575.06","584.42","42722454.00"
"VN30","2016-04-20","575.42","575.35","572.14","578.65","42573255.00"
"VN30","2016-04-21","578.09","582.76","577.19","584.37","35603240.00"
"VN30","2016-04-22","582.43","595.38","581.72","595.48","48018250.00"
"VN30","2016-04-25","599.85","594.16","594.16","604.12","51867586.00"
"VN30","2016-04-26","593.35","601.27","593.35","601.27","72214832.00"
"VN30","2016-04-27","603.93","597.43","593.93","603.93","58323650.00"
"VN30","2016-04-28","597.87","595.63","593.46","600.36","35960850.00"
"VN30","2016-04-29","595.50","601.25","595.19","603.04","46455444.00"
"VN30","2016-05-04","600.63","602.57","597.40","606.88","56196770.00"
"VN30","2016-05-05","603.68","604.69","603.32","609.59","49503907.00"
"VN30","2016-05-06","604.96","607.55","604.70","610.19","42153450.00"
"VN30","2016-05-09","610.78","604.24","604.24","612.82","45611603.00"
"VN30","2016-05-10","601.23","604.56","597.91","605.37","46159652.00"
"VN30","2016-05-11","606.32","611.96","604.25","611.96","49787308.00"
"VN30","2016-05-12","613.32","612.04","611.39","615.57","32931690.00"
"VN30","2016-05-13","612.64","609.97","608.67","615.33","40834500.00"
"VN30","2016-05-16","612.03","615.17","608.96","615.89","39023820.00"
"VN30","2016-05-17","619.24","622.93","617.11","625.12","51613683.00"
"VN30","2016-05-18","625.18","623.92","622.71","628.30","59495005.00"
"VN30","2016-05-19","624.73","621.13","620.11","625.99","62641840.00"
"VN30","2016-05-20","621.34","616.40","615.91","623.19","55534510.00"
"VN30","2016-05-23","616.81","614.45","612.43","617.39","42706560.00"
"VN30","2016-05-24","616.33","614.62","611.94","616.45","49835230.00"
"VN30","2016-05-25","614.91","612.74","612.74","618.61","51533058.00"
"VN30","2016-05-26","613.05","607.16","607.16","615.94","45987420.00"
"VN30","2016-05-27","607.21","611.00","605.16","612.66","38558276.00"
"VN30","2016-05-30","612.40","616.73","611.83","617.43","41346280.00"
"VN30","2016-05-31","618.91","617.52","616.85","621.30","42808680.00"
"VN30","2016-06-01","617.69","619.38","617.02","620.19","40972759.00"
"VN30","2016-06-02","619.14","621.18","618.10","622.88","45318024.00"
"VN30","2016-06-03","622.07","621.05","619.15","622.65","43445532.00"
"VN30","2016-06-06","620.61","618.88","615.91","622.23","51579020.00"
"VN30","2016-06-07","620.96","624.01","619.59","624.01","40385150.00"
"VN30","2016-06-08","624.83","630.09","624.83","632.60","47259560.00"
"VN30","2016-06-09","630.34","630.66","627.29","631.73","39724640.00"
"VN30","2016-06-10","630.55","629.27","628.40","634.07","53564350.00"
"VN30","2016-06-13","626.68","621.75","620.36","626.92","46797747.00"
"VN30","2016-06-14","620.01","625.36","617.71","625.36","24064980.00"
"VN30","2016-06-15","624.66","624.19","621.06","625.80","43074700.00"
"VN30","2016-06-16","625.02","622.54","622.54","627.46","47138500.00"
"VN30","2016-06-17","621.15","615.75","615.39","622.15","80809230.00"
"VN30","2016-06-20","615.98","624.19","615.98","624.79","42836553.00"
"VN30","2016-06-21","627.16","626.97","626.97","631.02","46029110.00"
"VN30","2016-06-22","626.53","624.18","623.76","628.26","31713670.00"
"VN30","2016-06-23","623.71","626.50","623.09","627.61","39441330.00"
"VN30","2016-06-24","625.80","612.69","591.44","625.80","112996790.00"
"VN30","2016-06-27","609.64","614.42","601.71","614.42","40004921.00"
"VN30","2016-06-28","612.52","614.31","612.00","616.51","31363410.00"
"VN30","2016-06-29","616.09","621.39","616.09","622.43","47256170.00"
"VN30","2016-06-30","623.98","621.79","621.52","626.90","36009680.00"
"VN30","2016-07-01","623.77","626.34","623.50","630.61","52031960.00"
"VN30","2016-07-04","629.19","633.57","629.19","634.23","53427369.00"
"VN30","2016-07-05","636.57","636.27","634.43","641.86","54102700.00"
"VN30","2016-07-06","632.80","636.18","630.21","638.29","48408199.00"
"VN30","2016-07-07","639.90","644.52","638.63","645.01","45030610.00"
"VN30","2016-07-08","645.21","643.56","639.67","648.73","49583380.00"
"VN30","2016-07-11","643.77","636.02","633.89","648.37","53324610.00"
"VN30","2016-07-12","637.69","641.58","633.50","641.58","54432900.00"
"VN30","2016-07-13","645.04","656.89","645.04","657.66","74595200.00"
"VN30","2016-07-14","657.05","651.14","651.14","664.43","68755830.00"
"VN30","2016-07-15","653.75","653.63","649.54","656.73","59301579.00"
"VN30","2016-07-18","653.82","662.29","652.51","662.41","55776030.00"
"VN30","2016-07-19","664.82","654.17","647.33","665.11","56698900.00"
"VN30","2016-07-20","654.45","645.15","645.15","654.49","50732450.00"
"VN30","2016-07-21","647.51","643.16","642.22","650.12","40079800.00"
"VN30","2016-07-22","642.19","634.34","626.40","642.35","79016203.00"
"VN30","2016-07-25","636.37","633.21","631.18","638.17","37662900.00"
"VN30","2016-07-26","633.57","634.68","627.97","636.03","36720740.00"
"VN30","2016-07-27","634.67","639.63","634.42","640.41","54226929.00"
"VN30","2016-07-28","639.58","644.33","636.61","644.33","53603695.00"
"VN30","2016-07-29","644.00","639.17","639.11","645.39","45541430.00"
"VN30","2016-08-01","642.04","635.41","633.42","642.04","38436420.00"
"VN30","2016-08-02","631.09","623.16","620.85","631.13","65403000.00"
"VN30","2016-08-03","620.86","619.80","616.53","622.40","35623690.00"
"VN30","2016-08-04","620.42","617.41","617.41","626.79","44945390.00"
"VN30","2016-08-05","615.06","615.06","608.84","615.65","52503620.00"
"VN30","2016-08-08","614.38","614.65","609.21","616.97","38359140.00"
"VN30","2016-08-09","614.16","621.43","614.16","621.88","38938100.00"
"VN30","2016-08-10","621.18","632.86","621.18","633.39","50914560.00"
"VN30","2016-08-11","634.27","645.10","633.95","645.10","67330260.00"
"VN30","2016-08-12","650.55","641.11","638.10","652.87","58420640.00"
"VN30","2016-08-15","640.59","645.66","639.08","645.69","57965610.00"
"VN30","2016-08-16","647.15","646.44","645.48","650.45","78224250.00"
"VN30","2016-08-17","648.34","650.82","645.53","650.98","54679850.00"
"VN30","2016-08-18","653.36","652.87","646.59","656.33","57331149.00"
"VN30","2016-08-19","657.39","654.42","653.67","659.43","51050685.00"
"VN30","2016-08-22","654.43","647.46","647.46","655.33","54790920.00"
"VN30","2016-08-23","643.90","650.92","642.50","651.19","47351190.00"
"VN30","2016-08-24","651.83","650.95","650.21","656.93","39441740.00"
"VN30","2016-08-25","649.51","649.06","646.71","650.69","46888574.00"
"VN30","2016-08-26","652.64","656.71","652.64","659.34","50271730.00"
"VN30","2016-08-29","660.07","656.23","656.23","666.02","46673020.00"
"VN30","2016-08-30","655.39","661.20","654.66","661.20","38966900.00"
"VN30","2016-08-31","662.41","665.25","661.32","666.70","49948570.00"
"VN30","2016-09-01","665.20","659.09","655.28","665.20","42526628.00"
"VN30","2016-09-05","660.24","655.08","652.13","661.13","53481330.00"
"VN30","2016-09-06","656.06","656.02","656.02","659.27","50182654.00"
"VN30","2016-09-07","655.19","654.79","647.47","655.75","42238570.00"
"VN30","2016-09-08","654.53","659.25","654.38","661.54","59949430.00"
"VN30","2016-09-09","662.04","658.66","657.64","663.68","48605546.00"
"VN30","2016-09-12","657.61","651.63","646.87","657.61","45050938.00"
"VN30","2016-09-13","650.41","651.80","647.33","653.85","39096623.00"
"VN30","2016-09-14","651.15","646.93","646.93","652.50","44706030.00"
"VN30","2016-09-15","646.37","645.02","644.08","649.97","45951500.00"
"VN30","2016-09-16","642.29","639.37","639.37","645.72","123395190.00"
"VN30","2016-09-19","646.47","648.83","644.23","648.83","52715110.00"
"VN30","2016-09-20","648.77","653.66","643.60","653.66","59487570.00"
"VN30","2016-09-21","653.67","657.44","652.62","658.05","73000820.00"
"VN30","2016-09-22","659.65","662.31","659.36","665.27","56594760.00"
"VN30","2016-09-23","662.23","664.31","660.85","664.31","69759194.00"
"VN30","2016-09-26","662.79","666.10","661.71","666.90","59430141.00"
"VN30","2016-09-27","665.30","671.21","664.47","671.21","65243450.00"
"VN30","2016-09-28","670.32","669.17","667.72","672.92","56045158.00"
"VN30","2016-09-29","671.39","670.30","668.34","674.11","50409700.00"
"VN30","2016-09-30","669.34","668.44","665.65","670.55","52620270.00"
"VN30","2016-10-03","668.47","662.42","660.29","670.52","60248420.00"
"VN30","2016-10-04","661.77","661.89","657.44","665.53","55633810.00"
"VN30","2016-10-05","663.56","663.95","661.76","665.98","55139590.00"
"VN30","2016-10-06","665.23","663.12","663.12","667.15","74609993.00"
"VN30","2016-10-07","665.31","657.54","654.05","666.33","55753190.00"
"VN30","2016-10-10","657.58","647.25","647.17","657.92","55713920.00"
"VN30","2016-10-11","649.08","654.88","641.45","654.88","72022976.00"
"VN30","2016-10-12","655.03","653.25","652.71","658.02","50572200.00"
"VN30","2016-10-13","651.64","658.29","649.63","658.49","54456330.00"
"VN30","2016-10-14","656.92","657.59","656.89","662.05","78563431.00"
"VN30","2016-10-17","657.08","650.46","650.46","657.81","48262270.00"
"VN30","2016-10-18","649.08","653.32","647.77","653.87","63293460.00"
"VN30","2016-10-19","654.45","659.39","654.45","660.77","77569600.00"
"VN30","2016-10-20","661.11","657.15","655.75","661.20","59846979.00"
"VN30","2016-10-21","657.38","655.17","653.71","658.77","49539287.00"
"VN30","2016-10-24","654.17","648.29","648.29","654.17","46607299.00"
"VN30","2016-10-25","645.32","644.91","640.03","646.97","57905879.00"
"VN30","2016-10-26","643.57","641.81","639.07","645.25","40456885.00"
"VN30","2016-10-27","641.42","644.18","640.13","644.18","42273922.00"
"VN30","2016-10-28","643.66","649.27","642.82","649.31","54323340.00"
"VN30","2016-10-31","649.28","644.22","644.22","649.28","66220297.00"
"VN30","2016-11-01","643.26","643.05","641.40","644.70","60042540.00"
"VN30","2016-11-02","641.56","636.54","636.54","642.87","81168592.00"
"VN30","2016-11-03","634.28","632.81","627.90","634.28","72936135.00"
"VN30","2016-11-04","632.39","632.54","631.80","634.50","38767795.00"
"VN30","2016-11-07","633.03","639.91","632.63","639.98","53006542.00"
"VN30","2016-11-08","640.00","642.01","640.00","643.43","44774070.00"
"VN30","2016-11-09","641.84","635.42","620.35","641.84","78463470.00"
"VN30","2016-11-10","640.96","641.90","639.68","642.88","55452669.00"
"VN30","2016-11-11","641.80","642.00","639.88","642.90","53372303.00"
"VN30","2016-11-14","640.06","634.13","634.13","642.24","62048909.00"
"VN30","2016-11-15","636.01","637.51","635.20","639.38","53470629.00"
"VN30","2016-11-16","638.00","638.72","637.99","641.21","52149390.00"
"VN30","2016-11-17","638.70","636.02","635.32","639.16","62890250.00"
"VN30","2016-11-18","635.63","634.35","632.45","636.61","44574480.00"
"VN30","2016-11-21","635.82","638.87","634.43","638.87","49149070.00"
"VN30","2016-11-22","638.29","643.76","638.29","643.80","53410470.00"
"VN30","2016-11-23","643.82","647.59","643.60","649.65","47906920.00"
"VN30","2016-11-24","650.52","645.99","645.36","651.55","53138290.00"
"VN30","2016-11-25","648.82","643.38","641.70","648.82","52256340.00"
"VN30","2016-11-28","640.58","630.62","628.48","640.75","47684320.00"
"VN30","2016-11-29","631.22","625.78","623.32","632.89","57622990.00"
"VN30","2016-11-30","626.68","631.89","622.12","632.90","67128510.00"
"VN30","2016-12-01","633.63","631.55","631.55","636.43","60625410.00"
"VN30","2016-12-02","631.81","629.64","628.68","632.30","70242487.00"
"VN30","2016-12-05","628.60","625.32","625.32","629.85","49451091.00"
"VN30","2016-12-06","625.68","616.26","614.23","626.15","59023110.00"
"VN30","2016-12-07","614.64","615.00","614.10","617.22","70504795.00"
"VN30","2016-12-08","619.03","619.45","615.00","620.23","40242480.00"
"VN30","2016-12-09","620.48","619.64","617.29","621.86","34495110.00"
"VN30","2016-12-12","616.50","612.83","612.24","617.89","52766030.00"
"VN30","2016-12-13","612.52","606.71","606.07","612.74","56730860.00"
"VN30","2016-12-14","607.00","615.26","606.55","615.26","57303640.00"
"VN30","2016-12-15","614.83","613.25","610.64","615.72","60090414.00"
"VN30","2016-12-16","613.31","621.04","613.27","621.04","103804220.00"
"VN30","2016-12-19","622.19","623.85","622.19","626.78","47470570.00"
"VN30","2016-12-20","622.59","616.74","615.95","622.62","37017705.00"
"VN30","2016-12-21","616.72","618.43","614.13","620.28","40778350.00"
"VN30","2016-12-22","619.99","618.35","617.15","621.87","42899055.00"
"VN30","2016-12-23","617.58","620.75","615.74","620.75","50518470.00"
"VN30","2016-12-26","622.91","621.73","621.71","624.52","47420035.00"
"VN30","2016-12-27","622.05","623.46","621.77","624.17","57507575.00"
"VN30","2016-12-28","625.55","624.83","623.24","626.44","50198868.00"
"VN30","2016-12-29","627.82","626.95","626.30","627.94","45339320.00"
"VN30","2016-12-30","625.80","628.21","625.18","628.21","46755430.00"
"VN30","2017-01-03","627.65","633.89","627.58","634.18","42886270.00"
"VN30","2017-01-04","632.80","632.70","630.46","635.39","52288190.00"
"VN30","2017-01-05","633.61","634.83","632.46","635.33","50348862.00"
"VN30","2017-01-06","634.56","636.34","634.26","640.74","69771960.00"
"VN30","2017-01-09","636.82","638.40","636.82","640.02","55054032.00"
"VN30","2017-01-10","639.00","639.36","638.61","640.86","42153480.00"
"VN30","2017-01-11","639.56","643.39","639.52","643.39","50310972.00"
"VN30","2017-01-12","644.53","642.25","641.71","645.14","58107000.00"
"VN30","2017-01-13","642.21","640.07","640.07","643.85","42314478.00"
"VN30","2017-01-16","639.59","632.70","632.70","640.52","41112420.00"
"VN30","2017-01-17","633.42","637.54","632.70","637.54","51330770.00"
"VN30","2017-01-18","637.09","633.10","633.10","638.72","42058670.00"
"VN30","2017-01-19","632.31","631.00","630.48","634.00","33900640.00"
"VN30","2017-01-20","632.17","634.28","632.17","636.39","35854530.00"
"VN30","2017-01-23","634.81","635.42","634.81","637.14","35318539.00"
"VN30","2017-01-24","635.31","639.32","635.31","640.18","34711470.00"
"VN30","2017-01-25","640.92","644.79","639.43","644.79","38334229.00"
"VN30","2017-02-02","645.72","652.98","645.72","652.98","37214480.00"
"VN30","2017-02-03","656.27","651.18","651.18","657.63","44587710.00"
"VN30","2017-02-06","652.50","654.03","649.35","654.03","37891682.00"
"VN30","2017-02-07","654.24","656.48","653.88","657.42","54415797.00"
"VN30","2017-02-08","657.62","657.97","655.12","657.97","45312347.00"
"VN30","2017-02-09","658.40","658.83","657.65","660.08","56808292.00"
"VN30","2017-02-10","659.12","658.78","657.65","659.81","48041880.00"
"VN30","2017-02-13","660.03","662.68","659.32","662.83","47476720.00"
"VN30","2017-02-14","664.11","663.43","660.57","665.24","56285362.00"
"VN30","2017-02-15","663.43","669.08","663.58","670.06","55199340.00"
"VN30","2017-02-16","670.49","667.72","667.47","676.65","78250720.00"
"VN30","2017-02-17","667.09","668.10","664.49","668.76","58861960.00"
"VN30","2017-02-20","664.90","667.56","663.11","669.50","70848110.00"
"VN30","2017-02-21","668.30","671.52","668.30","673.77","64496390.00"
"VN30","2017-02-22","671.96","668.61","666.49","672.43","69552190.00"
"VN30","2017-02-23","668.69","667.42","662.06","670.97","58469942.00"
"VN30","2017-02-24","667.27","661.81","661.37","668.30","68537600.00"
"VN30","2017-02-27","659.63","666.22","659.63","666.64","55414620.00"
"VN30","2017-02-28","667.17","657.95","657.95","667.70","40583080.00"
"VN30","2017-03-01","656.69","655.99","649.45","657.64","52804790.00"
"VN30","2017-03-02","655.94","653.76","653.76","658.71","44574400.00"
"VN30","2017-03-03","654.36","656.77","650.59","657.41","41543540.00"
"VN30","2017-03-06","657.26","658.61","657.26","660.79","45661953.00"
"VN30","2017-03-07","658.21","659.90","656.36","659.90","49731860.00"
"VN30","2017-03-08","659.64","662.48","658.54","665.20","41605219.00"
"VN30","2017-03-09","662.30","664.30","662.04","666.66","65376570.00"
"VN30","2017-03-10","664.59","663.49","663.49","667.49","58262100.00"
"VN30","2017-03-13","663.86","662.67","659.95","664.49","39744180.00"
"VN30","2017-03-14","663.13","665.46","662.82","667.67","33808990.00"
"VN30","2017-03-15","666.46","663.57","663.54","667.42","39031010.00"
"VN30","2017-03-16","663.85","668.07","663.85","668.07","59841760.00"
"VN30","2017-03-17","669.40","668.35","668.35","671.07","109109950.00"
"VN30","2017-03-20","672.52","676.02","672.52","678.78","55113108.00"
"VN30","2017-03-21","677.14","679.69","677.14","682.28","83654215.00"
"VN30","2017-03-22","679.78","677.96","677.96","685.90","97102459.00"
"VN30","2017-03-23","677.07","689.32","677.07","689.32","74215690.00"
"VN30","2017-03-24","692.52","691.76","689.95","696.22","102613616.00"
"VN30","2017-03-27","692.82","693.49","691.38","695.53","90356160.00"
"VN30","2017-03-28","693.91","688.31","687.41","695.04","78941345.00"
"VN30","2017-03-29","688.57","689.91","685.69","689.91","74664815.00"
"VN30","2017-03-30","692.11","692.50","692.11","696.93","82673630.00"
"VN30","2017-03-31","693.56","693.22","693.01","696.97","65381570.00"
"VN30","2017-04-03","693.42","696.73","693.42","697.32","72477028.00"
"VN30","2017-04-04","699.35","699.07","698.49","702.05","76417240.00"
"VN30","2017-04-05","697.99","691.07","691.07","698.88","77492315.00"
"VN30","2017-04-07","687.09","697.62","685.63","697.62","113022465.00"
"VN30","2017-04-10","698.49","696.72","696.66","699.86","54521740.00"
"VN30","2017-04-11","696.78","697.93","696.71","699.40","68893791.00"
"VN30","2017-04-12","697.92","692.40","689.77","698.87","84638983.00"
"VN30","2017-04-13","692.50","687.72","687.72","693.81","63624097.00"
"VN30","2017-04-14","686.45","678.45","674.94","686.45","64822700.00"
"VN30","2017-04-17","680.27","669.31","669.31","683.48","52530510.00"
"VN30","2017-04-18","669.67","675.71","665.35","675.71","60431951.00"
"VN30","2017-04-19","675.67","679.69","675.12","679.69","41674860.00"
"VN30","2017-04-20","679.43","674.30","674.30","679.70","37002663.00"
"VN30","2017-04-21","676.35","672.60","671.95","677.83","91887296.00"
"VN30","2017-04-24","671.80","667.08","667.08","673.13","53386820.00"
"VN30","2017-04-25","667.96","668.58","665.66","670.32","34409270.00"
"VN30","2017-04-26","669.12","673.53","667.96","673.53","39379740.00"
"VN30","2017-04-27","673.67","681.36","673.67","682.41","59560642.00"
"VN30","2017-04-28","678.59","680.49","677.21","683.14","67754470.00"
"VN30","2017-05-03","681.70","684.24","680.95","684.99","34064380.00"
"VN30","2017-05-04","684.80","686.29","683.44","688.75","72084620.00"
"VN30","2017-05-05","684.95","684.17","684.09","687.41","57666344.00"
"VN30","2017-05-08","683.15","681.11","681.06","684.17","72766965.00"
"VN30","2017-05-09","680.42","688.08","680.34","688.08","82028620.00"
"VN30","2017-05-10","689.07","690.53","689.07","695.66","64751520.00"
"VN30","2017-05-11","692.13","691.02","689.69","693.19","80984890.00"
"VN30","2017-05-12","691.46","690.84","690.29","693.85","53644285.00"
"VN30","2017-05-15","691.33","695.22","691.33","696.86","61190810.00"
"VN30","2017-05-16","695.86","692.91","692.91","698.67","77798890.00"
"VN30","2017-05-17","692.95","696.37","691.06","697.47","48557300.00"
"VN30","2017-05-18","693.93","695.30","693.92","701.28","65265946.00"
"VN30","2017-05-19","696.66","702.03","695.53","702.03","61716370.00"
"VN30","2017-05-22","707.27","710.86","706.84","715.28","96339780.00"
"VN30","2017-05-23","711.96","708.62","708.11","713.70","65612212.00"
"VN30","2017-05-24","710.81","718.28","710.27","719.59","81723210.00"
"VN30","2017-05-25","718.42","716.40","715.78","722.06","72834895.00"
"VN30","2017-05-26","716.24","718.87","716.07","719.36","54939635.00"
"VN30","2017-05-29","723.27","722.26","721.92","725.20","71976210.00"
"VN30","2017-05-30","722.82","711.48","711.48","723.54","77080410.00"
"VN30","2017-05-31","712.02","713.43","709.73","719.32","74944720.00"
"VN30","2017-06-01","713.63","719.76","713.63","719.76","46914190.00"
"VN30","2017-06-02","720.39","718.33","715.70","720.75","46609735.00"
"VN30","2017-06-05","719.05","721.74","719.05","724.35","100566031.00"
"VN30","2017-06-06","722.59","732.69","722.59","732.69","72367040.00"
"VN30","2017-06-07","736.17","737.18","734.95","739.51","71098340.00"
"VN30","2017-06-08","737.75","737.52","734.03","740.25","76643851.00"
"VN30","2017-06-09","738.47","740.20","738.47","743.90","57558985.00"
"VN30","2017-06-12","740.65","736.86","735.26","742.00","51307620.00"
"VN30","2017-06-13","737.03","741.39","734.53","741.39","71036088.00"
"VN30","2017-06-14","744.42","745.53","743.67","748.04","81100480.00"
"VN30","2017-06-15","746.87","746.59","744.58","750.71","72414940.00"
"VN30","2017-06-16","751.50","750.07","748.08","751.50","101900600.00"
"VN30","2017-06-19","754.03","757.50","753.36","757.50","71437510.00"
"VN30","2017-06-20","759.73","759.67","756.77","761.04","73819836.00"
"VN30","2017-06-21","758.49","759.84","749.47","759.84","96626750.00"
"VN30","2017-06-22","759.65","757.94","757.13","761.62","75886230.00"
"VN30","2017-06-23","757.44","758.24","752.69","758.98","77588340.00"
"VN30","2017-06-26","759.90","760.80","757.98","762.27","56880670.00"
"VN30","2017-06-27","761.96","755.07","754.23","761.96","71710620.00"
"VN30","2017-06-28","754.16","757.10","751.20","757.10","55477750.00"
"VN30","2017-06-29","759.13","761.21","758.94","763.14","54179800.00"
"VN30","2017-06-30","763.63","765.41","763.00","766.29","72270856.00"
"VN30","2017-07-03","765.52","765.80","765.52","770.56","69746950.00"
"VN30","2017-07-04","765.88","763.92","760.90","767.28","82944580.00"
"VN30","2017-07-05","764.91","765.87","761.28","765.87","52664140.00"
"VN30","2017-07-06","768.80","770.58","768.37","771.13","67410770.00"
"VN30","2017-07-07","771.89","761.61","761.61","771.98","83673170.00"
"VN30","2017-07-10","761.69","750.79","748.06","761.69","68295435.00"
"VN30","2017-07-11","750.40","752.75","743.13","753.20","66593330.00"
"VN30","2017-07-12","756.08","757.57","752.27","758.72","52806280.00"
"VN30","2017-07-13","759.80","761.36","755.81","761.36","51383180.00"
"VN30","2017-07-14","762.77","759.97","759.01","764.53","49885800.00"
"VN30","2017-07-17","758.53","745.59","741.66","758.74","83823370.00"
"VN30","2017-07-18","739.25","741.32","733.60","743.00","72732450.00"
"VN30","2017-07-19","745.44","737.77","737.77","745.73","61791560.00"
"VN30","2017-07-20","735.45","736.64","732.08","736.64","51008480.00"
"VN30","2017-07-21","737.37","728.47","728.47","739.48","47178617.00"
"VN30","2017-07-24","727.57","729.54","723.45","730.86","36933938.00"
"VN30","2017-07-25","727.79","737.93","727.79","737.93","40084624.00"
"VN30","2017-07-26","739.68","745.79","736.34","745.84","48498496.00"
"VN30","2017-07-27","744.50","743.70","741.96","747.08","36267820.00"
"VN30","2017-07-28","742.77","749.86","742.20","749.86","54910350.00"
"VN30","2017-07-31","748.88","756.24","747.61","756.24","71988890.00"
"VN30","2017-08-01","755.50","758.36","754.64","758.81","55288900.00"
"VN30","2017-08-02","753.85","756.04","750.75","759.52","63106700.00"
"VN30","2017-08-03","755.70","757.88","755.70","761.17","64675565.00"
"VN30","2017-08-04","757.79","761.44","757.79","761.44","50765038.00"
"VN30","2017-08-07","762.13","763.08","761.20","766.12","47426510.00"
"VN30","2017-08-08","764.70","758.42","757.47","764.70","49415730.00"
"VN30","2017-08-09","755.32","741.36","741.36","755.32","73871844.00"
"VN30","2017-08-10","737.72","743.42","737.72","745.34","42161540.00"
"VN30","2017-08-11","742.18","744.99","739.30","746.42","49086040.00"
"VN30","2017-08-14","744.72","751.39","744.45","751.39","43542992.00"
"VN30","2017-08-15","752.13","746.07","744.93","752.25","37240170.00"
"VN30","2017-08-16","746.07","749.37","741.57","749.37","46529548.00"
"VN30","2017-08-17","749.35","743.20","743.20","750.58","49411647.00"
"VN30","2017-08-18","739.31","744.30","738.33","745.91","36151825.00"
"VN30","2017-08-21","744.23","743.66","741.68","744.96","32651580.00"
"VN30","2017-08-22","743.86","738.20","736.88","743.86","33121000.00"
"VN30","2017-08-23","739.46","743.10","736.71","743.10","29879400.00"
"VN30","2017-08-24","743.23","747.72","742.34","749.82","36778910.00"
"VN30","2017-08-25","746.87","751.14","746.87","751.14","35046040.00"
"VN30","2017-08-28","751.59","758.02","749.20","758.02","52888505.00"
"VN30","2017-08-29","757.84","754.59","754.59","758.76","47014640.00"
"VN30","2017-08-30","756.49","764.57","755.32","764.57","36302490.00"
"VN30","2017-08-31","765.47","770.08","764.22","772.91","55318580.00"
"VN30","2017-09-01","770.97","774.06","770.39","774.76","38755420.00"
"VN30","2017-09-05","775.28","777.02","771.68","778.71","39811180.00"
"VN30","2017-09-06","776.87","776.97","772.63","777.99","40692560.00"
"VN30","2017-09-07","777.16","779.20","776.00","780.54","43800790.00"
"VN30","2017-09-08","780.62","784.74","780.18","786.85","38650890.00"
"VN30","2017-09-11","785.06","779.58","779.58","789.53","42957350.00"
"VN30","2017-09-12","777.55","782.54","775.81","783.58","44574497.00"
"VN30","2017-09-13","785.46","786.43","783.56","786.96","41147820.00"
"VN30","2017-09-14","786.82","789.41","786.82","793.16","50018990.00"
"VN30","2017-09-15","786.22","789.49","784.49","789.88","55159133.00"
"VN30","2017-09-18","792.16","793.70","789.83","795.32","47041020.00"
"VN30","2017-09-19","794.15","792.68","792.68","797.54","47163353.00"
"VN30","2017-09-20","793.93","790.48","789.43","793.98","37534090.00"
"VN30","2017-09-21","790.46","786.41","786.00","791.00","40684150.00"
"VN30","2017-09-22","786.51","789.70","785.99","791.65","41383824.00"
"VN30","2017-09-25","789.81","789.89","785.69","791.16","39702290.00"
"VN30","2017-09-26","791.03","791.05","785.24","791.05","52522540.00"
"VN30","2017-09-27","788.02","788.31","787.61","791.43","39535620.00"
"VN30","2017-09-28","788.15","790.75","788.15","795.95","64702439.00"
"VN30","2017-09-29","791.40","792.72","791.40","797.26","41792428.00"
"VN30","2017-10-02","793.64","790.70","790.37","796.03","40122249.00"
"VN30","2017-10-03","791.71","787.02","785.10","793.19","42148370.00"
"VN30","2017-10-04","786.17","795.76","786.12","795.76","33182630.00"
"VN30","2017-10-05","797.41","797.42","796.71","801.36","55222660.00"
"VN30","2017-10-06","797.82","800.42","796.23","800.73","39451130.00"
"VN30","2017-10-09","802.89","801.49","798.96","803.23","42859900.00"
"VN30","2017-10-10","800.23","805.30","798.63","805.30","41993820.00"
"VN30","2017-10-11","804.84","806.83","804.48","810.12","57085952.00"
"VN30","2017-10-12","807.63","809.60","806.65","813.21","46041720.00"
"VN30","2017-10-13","807.90","815.47","807.45","815.47","38306070.00"
"VN30","2017-10-16","815.27","811.85","811.39","817.72","49223495.00"
"VN30","2017-10-17","811.73","818.48","811.24","818.48","53015730.00"
"VN30","2017-10-18","819.36","816.84","815.06","821.29","65566265.00"
"VN30","2017-10-19","817.62","817.39","815.29","821.08","54302416.00"
"VN30","2017-10-20","816.99","813.99","813.38","821.54","61592236.00"
"VN30","2017-10-23","811.49","809.36","806.58","813.23","54567200.00"
"VN30","2017-10-24","807.60","815.24","804.43","815.24","64260560.00"
"VN30","2017-10-25","816.05","821.45","812.98","821.61","62323245.00"
"VN30","2017-10-26","820.01","822.53","815.16","825.90","48028979.00"
"VN30","2017-10-27","823.16","834.91","820.16","834.91","42785489.00"
"VN30","2017-10-30","835.33","837.52","835.33","841.32","66275970.00"
"VN30","2017-10-31","836.65","831.62","829.72","839.79","52491370.00"
"VN30","2017-11-01","832.10","835.38","831.63","835.44","58160353.00"
"VN30","2017-11-02","835.36","827.66","826.71","843.34","56179880.00"
"VN30","2017-11-03","828.44","840.04","826.59","840.04","60825770.00"
"VN30","2017-11-06","842.91","844.73","839.88","845.67","60286564.00"
"VN30","2017-11-07","846.17","846.03","842.67","850.69","54871660.00"
"VN30","2017-11-08","849.56","853.57","848.23","856.47","76966940.00"
"VN30","2017-11-09","857.26","853.05","852.06","858.93","60552320.00"
"VN30","2017-11-10","850.25","858.55","850.10","861.36","75226165.00"
"VN30","2017-11-13","861.00","868.11","861.00","868.58","113370755.00"
"VN30","2017-11-14","868.59","871.08","861.96","873.74","89955002.00"
"VN30","2017-11-15","870.85","877.58","868.75","880.72","70792443.00"
"VN30","2017-11-16","875.20","890.01","875.20","890.01","87076599.00"
"VN30","2017-11-17","890.49","887.41","882.81","897.39","64774085.00"
"VN30","2017-11-20","886.49","899.31","883.70","899.31","63405026.00"
"VN30","2017-11-21","902.76","910.54","902.76","923.57","85063390.00"
"VN30","2017-11-22","912.46","922.18","909.95","922.18","84234319.00"
"VN30","2017-11-23","926.83","922.92","916.61","933.45","76674340.00"
"VN30","2017-11-24","920.32","926.21","914.95","928.41","74620608.00"
"VN30","2017-11-27","923.80","930.90","923.00","939.36","69440549.00"
"VN30","2017-11-28","931.21","935.74","926.12","935.97","72454961.00"
"VN30","2017-11-29","938.18","946.55","934.64","946.55","74500240.00"
"VN30","2017-11-30","951.06","943.05","943.05","955.17","80723110.00"
"VN30","2017-12-01","943.08","952.46","943.08","953.22","56794710.00"
"VN30","2017-12-04","954.31","966.44","954.31","968.53","87100940.00"
"VN30","2017-12-05","968.58","944.07","944.07","970.35","89821400.00"
"VN30","2017-12-06","940.82","939.06","919.99","941.32","85471540.00"
"VN30","2017-12-07","942.07","928.74","923.23","945.52","54304335.00"
"VN30","2017-12-08","928.32","930.25","920.97","935.51","57160920.00"
"VN30","2017-12-11","928.39","908.29","908.29","928.39","54903330.00"
"VN30","2017-12-12","919.04","914.82","883.52","922.24","82584910.00"
"VN30","2017-12-13","919.58","913.33","911.01","920.38","56744834.00"
"VN30","2017-12-14","913.30","928.21","913.30","928.21","42145580.00"
"VN30","2017-12-15","925.65","926.70","925.20","933.09","65584840.00"
"VN30","2017-12-18","937.81","950.81","937.64","950.81","57612089.00"
"VN30","2017-12-19","955.99","947.62","947.24","959.33","59817234.00"
"VN30","2017-12-20","947.51","948.78","942.07","954.96","58636489.00"
"VN30","2017-12-21","944.90","936.53","936.53","953.26","56513640.00"
"VN30","2017-12-22","939.48","945.88","937.75","946.01","71258159.00"
"VN30","2017-12-25","947.06","949.28","944.77","950.64","42192577.00"
"VN30","2017-12-26","951.27","955.73","948.68","955.81","65423861.00"
"VN30","2017-12-27","957.76","958.02","955.14","962.33","81061154.00"
"VN30","2017-12-28","960.38","966.91","957.19","968.40","59508766.00"
"VN30","2017-12-29","968.28","975.52","967.20","980.47","78235322.00"
"VN30","2018-01-02","977.20","992.72","975.49","992.72","80769723.00"
"VN30","2018-01-03","996.23","1004.66","995.74","1011.84","90641315.00"
"VN30","2018-01-04","1007.60","1014.15","1006.96","1014.17","96945750.00"
"VN30","2018-01-05","1014.42","1007.73","1005.10","1014.42","91063856.00"
"VN30","2018-01-08","1006.25","1023.50","1000.29","1023.50","113036370.00"
"VN30","2018-01-09","1028.05","1039.64","1019.52","1040.58","127836250.00"
"VN30","2018-01-10","1040.61","1039.70","1033.54","1047.59","151724530.00"
"VN30","2018-01-11","1039.70","1047.20","1031.43","1050.23","99856550.00"
"VN30","2018-01-12","1050.08","1049.86","1044.85","1058.20","130914470.00"
"VN30","2018-01-15","1050.35","1063.11","1042.64","1063.11","112280230.00"
"VN30","2018-01-16","1056.95","1061.78","1047.90","1063.46","121773899.00"
"VN30","2018-01-17","1060.36","1030.00","1030.00","1061.49","118460910.00"
"VN30","2018-01-18","1028.39","1048.56","1013.11","1048.56","112401765.00"
"VN30","2018-01-19","1050.01","1053.47","1046.92","1062.13","119659150.00"
"VN30","2018-01-22","1059.20","1082.71","1059.19","1084.09","93620190.00"
"VN30","2018-01-25","1093.49","1095.52","1088.69","1109.98","188729608.00"
"VN30","2018-01-26","1096.09","1104.42","1088.00","1112.59","99329760.00"
"VN30","2018-01-29","1108.98","1096.78","1095.75","1118.08","113269603.00"
"VN30","2018-01-30","1087.57","1099.16","1078.98","1099.16","109844690.00"
"VN30","2018-01-31","1097.38","1095.90","1094.77","1113.37","109605210.00"
"VN30","2018-02-01","1098.30","1086.90","1076.09","1098.30","93377637.00"
"VN30","2018-02-02","1087.24","1090.40","1075.65","1090.40","71954146.00"
"VN30","2018-02-05","1081.70","1035.02","1035.02","1081.70","98880450.00"
"VN30","2018-02-06","1013.70","1007.72","969.01","1015.56","152314921.00"
"VN30","2018-02-07","1034.76","1030.91","1025.30","1040.23","74667600.00"
"VN30","2018-02-08","1024.13","1013.56","1013.56","1031.98","50850123.00"
"VN30","2018-02-09","983.60","996.77","966.78","996.77","67179660.00"
"VN30","2018-02-12","1001.70","1034.76","1001.70","1034.76","60024580.00"
"VN30","2018-02-13","1043.44","1054.09","1043.44","1055.86","57865140.00"
"VN30","2018-02-21","1064.55","1075.47","1063.73","1081.82","80659866.00"
"VN30","2018-02-22","1068.84","1064.28","1063.46","1078.48","91287650.00"
"VN30","2018-02-23","1073.56","1089.96","1068.75","1089.96","87886563.00"
"VN30","2018-02-26","1101.66","1099.71","1099.71","1113.01","100634850.00"
"VN30","2018-02-27","1108.87","1106.09","1094.17","1110.11","81120980.00"
"VN30","2018-02-28","1096.30","1108.23","1095.98","1113.59","107207260.00"
"VN30","2018-03-01","1106.03","1105.84","1098.51","1116.79","101808940.00"
"VN30","2018-03-02","1095.31","1106.92","1092.18","1109.51","78014690.00"
"VN30","2018-03-05","1113.71","1080.83","1080.83","1116.80","114822320.00"
"VN30","2018-03-06","1091.98","1103.31","1075.78","1103.31","78348153.00"
"VN30","2018-03-07","1102.85","1092.17","1084.53","1106.89","81045500.00"
"VN30","2018-03-08","1092.29","1105.03","1091.70","1109.29","49865100.00"
"VN30","2018-03-09","1107.83","1106.54","1102.07","1117.90","68902090.00"
"VN30","2018-03-12","1106.54","1106.97","1104.85","1116.38","80692625.00"
"VN30","2018-03-13","1106.97","1111.38","1098.58","1112.98","81516280.00"
"VN30","2018-03-14","1111.58","1115.00","1111.58","1121.74","89246020.00"
"VN30","2018-03-15","1114.89","1110.26","1105.26","1114.90","75727400.00"
"VN30","2018-03-16","1112.44","1112.93","1109.85","1118.36","112875080.00"
"VN30","2018-03-19","1117.13","1130.26","1117.13","1134.75","75283230.00"
"VN30","2018-03-20","1130.09","1134.19","1126.00","1139.23","73158990.00"
"VN30","2018-03-21","1134.79","1147.26","1134.79","1148.64","82803140.00"
"VN30","2018-03-22","1147.90","1144.58","1144.44","1159.37","75389184.00"
"VN30","2018-03-23","1144.18","1128.93","1113.70","1144.18","110407547.00"
"VN30","2018-03-26","1129.05","1146.73","1123.90","1151.32","78079962.00"
"VN30","2018-03-27","1146.86","1150.30","1146.86","1162.35","71954530.00"
"VN30","2018-03-28","1150.33","1151.09","1144.71","1158.75","60033155.00"
"VN30","2018-03-29","1151.65","1144.74","1141.65","1155.65","60671042.00"
"VN30","2018-03-30","1144.74","1153.08","1136.20","1154.59","59183150.00"
"VN30","2018-04-02","1153.11","1171.21","1153.11","1174.13","76272290.00"
"VN30","2018-04-03","1171.89","1160.97","1156.91","1173.18","84653045.00"
"VN30","2018-04-04","1161.24","1165.75","1161.24","1176.22","82360001.00"
"VN30","2018-04-05","1165.75","1169.12","1163.76","1175.64","70585920.00"
"VN30","2018-04-06","1169.12","1174.37","1170.11","1180.60","78477840.00"
"VN30","2018-04-09","1174.02","1177.68","1169.56","1181.58","87631004.00"
"VN30","2018-04-10","1177.68","1168.06","1161.71","1185.06","93783208.00"
"VN30","2018-04-11","1168.41","1137.20","1137.20","1172.44","105603961.00"
"VN30","2018-04-12","1136.76","1143.50","1121.47","1143.50","67367390.00"
"VN30","2018-04-13","1146.67","1134.21","1131.61","1153.95","83939240.00"
"VN30","2018-04-16","1133.00","1128.03","1122.26","1136.80","75375681.00"
"VN30","2018-04-17","1128.11","1130.32","1119.70","1136.17","57922200.00"
"VN30","2018-04-18","1131.56","1115.70","1115.18","1136.98","50727775.00"
"VN30","2018-04-19","1114.98","1066.09","1066.09","1115.00","80745853.00"
"VN30","2018-04-20","1066.33","1089.45","1047.71","1089.62","113030518.00"
"VN30","2018-04-23","1091.18","1055.37","1055.37","1098.58","75426619.00"
"VN30","2018-04-24","1055.24","1053.99","1027.74","1060.92","70634440.00"
"VN30","2018-04-26","1055.95","1018.97","1011.51","1057.20","86283515.00"
"VN30","2018-04-27","1018.06","1027.97","1007.39","1029.36","71146860.00"
"VN30","2018-05-02","1029.76","1012.84","1009.98","1033.20","68947860.00"
"VN30","2018-05-03","1011.83","1010.35","989.00","1012.12","91654760.00"
"VN30","2018-05-04","1012.44","1010.89","1006.99","1023.16","61735111.00"
"VN30","2018-05-07","1010.99","1048.03","1010.99","1048.03","65364660.00"
"VN30","2018-05-08","1047.88","1047.83","1042.59","1059.68","76278705.00"
"VN30","2018-05-09","1047.83","1046.39","1037.10","1058.09","59641244.00"
"VN30","2018-05-10","1046.90","1019.69","1009.79","1047.50","73418092.00"
"VN30","2018-05-11","1019.69","1030.79","1003.47","1031.77","62191228.00"
"VN30","2018-05-14","1031.18","1051.45","1029.92","1051.45","48249030.00"
"VN30","2018-05-15","1055.82","1055.49","1052.16","1067.61","53736189.00"
"VN30","2018-05-16","1055.31","1034.30","1031.33","1055.31","46169980.00"
"VN30","2018-05-17","1034.20","1007.09","1007.09","1035.45","55498350.00"
"VN30","2018-05-18","1007.05","1022.21","989.20","1023.23","57991500.00"
"VN30","2018-05-21","1023.28","997.21","997.21","1027.85","48603160.00"
"VN30","2018-05-22","996.19","958.95","947.70","996.19","76253270.00"
"VN30","2018-05-23","957.72","968.54","945.01","973.07","89251050.00"
"VN30","2018-05-24","968.93","960.55","951.17","974.17","56443699.00"
"VN30","2018-05-25","958.74","936.32","936.32","960.57","59061297.00"
"VN30","2018-05-28","932.00","898.00","894.31","932.00","84476050.00"
"VN30","2018-05-29","897.13","924.90","881.91","932.82","70930520.00"
"VN30","2018-05-30","924.90","918.64","902.00","925.18","60657082.00"
"VN30","2018-05-31","917.94","947.31","914.57","950.49","79032460.00"
"VN30","2018-06-01","949.13","969.15","948.69","970.81","82276440.00"
"VN30","2018-06-04","970.81","996.67","970.81","997.00","65618230.00"
"VN30","2018-06-05","996.67","1007.32","996.15","1008.83","91469171.00"
"VN30","2018-06-06","1007.51","1022.72","995.29","1023.38","68128057.00"
"VN30","2018-06-07","1023.95","1026.75","1020.77","1034.72","69554720.00"
"VN30","2018-06-08","1026.76","1025.87","1017.90","1028.42","55016853.00"
"VN30","2018-06-11","1025.71","1024.85","1016.22","1034.85","74450117.00"
"VN30","2018-06-12","1021.02","1008.76","989.53","1021.02","87641240.00"
"VN30","2018-06-13","1008.32","1018.59","1005.58","1019.32","40690990.00"
"VN30","2018-06-14","1018.07","1004.31","1004.31","1022.95","53686420.00"
"VN30","2018-06-15","1004.14","1005.04","994.38","1005.71","61140930.00"
"VN30","2018-06-18","1004.97","970.35","970.35","1006.58","58328070.00"
"VN30","2018-06-19","970.06","945.11","919.09","970.06","99043457.00"
"VN30","2018-06-20","945.30","966.86","936.83","966.86","45846740.00"
"VN30","2018-06-21","966.91","955.75","950.06","966.91","36517210.00"
"VN30","2018-06-22","954.70","973.05","945.59","974.42","43745708.00"
"VN30","2018-06-25","973.45","982.09","973.45","989.18","39986730.00"
"VN30","2018-06-26","981.97","973.90","959.29","981.97","35777042.00"
"VN30","2018-06-27","973.89","961.29","961.29","976.93","36064317.00"
"VN30","2018-06-28","962.93","947.03","943.12","967.28","52710210.00"
"VN30","2018-06-29","947.03","947.55","939.70","951.74","41820990.00"
"VN30","2018-07-02","945.94","930.12","917.80","945.94","62208134.00"
"VN30","2018-07-03","930.12","891.97","891.97","931.12","72745640.00"
"VN30","2018-07-04","892.01","900.89","880.37","901.64","47754238.00"
"VN30","2018-07-05","901.25","883.77","875.17","905.51","49733170.00"
"VN30","2018-07-06","880.17","905.62","870.34","910.14","64070200.00"
"VN30","2018-07-09","905.97","898.73","896.79","916.84","46150249.00"
"VN30","2018-07-10","898.09","897.96","897.96","906.25","41415851.00"
"VN30","2018-07-11","894.16","881.14","871.22","894.16","57534976.00"
"VN30","2018-07-12","877.68","883.87","870.53","893.15","38913430.00"
"VN30","2018-07-13","886.17","899.45","886.17","902.14","45049188.00"
"VN30","2018-07-16","901.68","904.18","897.03","910.82","49119390.00"
"VN30","2018-07-17","903.87","915.53","892.39","915.53","47015320.00"
"VN30","2018-07-18","915.69","935.42","915.23","935.42","60414000.00"
"VN30","2018-07-19","935.54","941.09","934.20","946.39","56923927.00"
"VN30","2018-07-20","941.09","926.50","926.50","941.41","61820210.00"
"VN30","2018-07-23","927.01","931.31","926.56","945.13","77024364.00"
"VN30","2018-07-24","931.20","923.53","916.19","932.83","59409570.00"
"VN30","2018-07-25","923.55","915.68","915.68","931.55","57450420.00"
"VN30","2018-07-26","915.70","921.33","907.60","921.33","48179640.00"
"VN30","2018-07-27","923.02","927.19","918.37","930.57","45385690.00"
"VN30","2018-07-30","927.36","939.60","927.36","940.25","52471445.00"
"VN30","2018-07-31","938.73","944.38","934.39","948.38","62664630.00"
"VN30","2018-08-01","944.31","939.31","935.63","947.08","57100880.00"
"VN30","2018-08-02","939.85","937.86","924.38","939.85","57091297.00"
"VN30","2018-08-03","938.51","941.12","938.51","949.93","47690740.00"
"VN30","2018-08-06","941.13","939.84","935.75","943.98","49401784.00"
"VN30","2018-08-07","939.81","936.92","933.77","941.63","55903110.00"
"VN30","2018-08-08","937.69","945.89","937.58","946.07","50322120.00"
"VN30","2018-08-09","945.78","943.91","942.83","954.38","64853314.00"
"VN30","2018-08-10","942.85","948.32","936.44","948.69","46496424.00"
"VN30","2018-08-13","946.75","960.02","941.95","960.02","84064360.00"
"VN30","2018-08-14","960.29","965.60","959.23","968.62","59711920.00"
"VN30","2018-08-15","965.61","947.82","947.78","969.80","68640151.00"
"VN30","2018-08-16","946.91","950.18","932.27","950.18","68203103.00"
"VN30","2018-08-17","950.18","949.23","949.23","959.39","48036580.00"
"VN30","2018-08-20","949.23","945.65","942.33","952.16","55717330.00"
"VN30","2018-08-21","946.55","955.27","944.88","955.27","54353650.00"
"VN30","2018-08-22","956.00","959.63","956.00","963.17","77679536.00"
"VN30","2018-08-23","960.09","960.94","957.98","963.91","45087300.00"
"VN30","2018-08-24","960.22","960.42","955.16","963.09","59841310.00"
"VN30","2018-08-27","960.43","966.55","960.43","969.97","68757375.00"
"VN30","2018-08-28","966.34","971.01","966.34","972.40","62336971.00"
"VN30","2018-08-29","971.12","964.99","964.00","972.32","48370687.00"
"VN30","2018-08-30","964.99","975.43","960.86","975.43","57460828.00"
"VN30","2018-08-31","975.48","969.23","969.23","979.11","63427230.00"
"VN30","2018-09-04","969.23","951.14","951.14","971.30","53570530.00"
"VN30","2018-09-05","951.09","941.00","938.53","953.37","56267317.00"
"VN30","2018-09-06","941.00","932.12","931.99","944.73","49465668.00"
"VN30","2018-09-07","932.10","945.59","931.19","945.59","49617900.00"
"VN30","2018-09-10","945.04","943.31","942.68","948.31","56360282.00"
"VN30","2018-09-11","943.67","958.91","940.78","959.09","53027220.00"
"VN30","2018-09-12","959.20","958.67","958.67","967.78","58276180.00"
"VN30","2018-09-13","958.63","957.17","955.64","963.72","53795570.00"
"VN30","2018-09-14","958.01","960.33","958.01","965.23","62160770.00"
"VN30","2018-09-17","960.33","953.79","951.38","960.94","46887520.00"
"VN30","2018-09-18","953.45","959.75","945.93","959.75","64686110.00"
"VN30","2018-09-19","960.01","962.70","960.01","969.34","73416030.00"
"VN30","2018-09-20","962.70","971.18","962.26","971.48","66127280.00"
"VN30","2018-09-21","971.12","974.43","968.73","978.77","124376450.00"
"VN30","2018-09-24","974.47","985.59","974.47","986.30","60873800.00"
"VN30","2018-09-25","985.57","985.11","980.44","988.23","62145490.00"
"VN30","2018-09-26","985.26","984.39","980.80","989.54","65871360.00"
"VN30","2018-09-27","985.28","989.45","984.15","992.10","57132290.00"
"VN30","2018-09-28","989.98","994.73","989.98","996.60","97268577.00"
"VN30","2018-10-01","994.76","990.41","990.00","1001.14","90297932.00"
"VN30","2018-10-02","990.26","987.88","984.54","992.77","183514902.00"
"VN30","2018-10-03","987.46","990.60","986.16","992.87","61983150.00"
"VN30","2018-10-04","990.49","993.61","989.06","993.78","75354623.00"
"VN30","2018-10-05","993.61","980.75","980.75","993.42","150640247.00"
"VN30","2018-10-08","979.27","970.28","968.61","979.27","78537590.00"
"VN30","2018-10-09","970.21","967.37","966.68","974.29","73934410.00"
"VN30","2018-10-10","967.37","966.27","961.70","970.51","71536710.00"
"VN30","2018-10-11","959.12","920.02","911.69","959.12","141171171.00"
"VN30","2018-10-12","918.83","943.49","908.74","943.73","87963432.00"
"VN30","2018-10-15","943.51","928.55","927.60","943.62","45780050.00"
"VN30","2018-10-16","928.46","939.41","926.96","939.41","51003599.00"
"VN30","2018-10-17","940.29","945.91","940.29","949.41","58212241.00"
"VN30","2018-10-18","945.92","937.54","936.22","945.92","49139180.00"
"VN30","2018-10-19","937.47","931.69","920.28","937.47","55480980.00"
"VN30","2018-10-22","931.66","922.75","922.75","938.02","46935080.00"
"VN30","2018-10-23","919.49","908.00","893.34","919.49","80748988.00"
"VN30","2018-10-24","908.00","896.50","896.50","909.40","55217126.00"
"VN30","2018-10-25","896.39","888.86","860.13","896.39","62083632.00"
"VN30","2018-10-26","890.71","881.06","881.06","897.48","47321361.00"
"VN30","2018-10-29","881.06","874.43","870.36","881.87","45400427.00"
"VN30","2018-10-30","872.69","874.06","868.29","881.83","45588080.00"
"VN30","2018-10-31","874.06","901.57","878.68","901.93","72929272.00"
"VN30","2018-11-01","901.57","887.72","885.58","901.17","77744659.00"
"VN30","2018-11-02","889.81","903.43","889.81","905.65","58388858.00"
"VN30","2018-11-05","903.24","904.83","894.88","904.83","39177650.00"
"VN30","2018-11-06","905.34","899.61","899.61","909.19","40142413.00"
"VN30","2018-11-07","900.47","899.25","892.79","903.15","53787050.00"
"VN30","2018-11-08","901.42","900.40","899.65","909.69","31805345.00"
"VN30","2018-11-09","900.40","885.65","885.65","900.14","42291570.00"
"VN30","2018-11-12","883.49","888.20","875.29","889.06","36296800.00"
"VN30","2018-11-13","888.20","873.87","873.87","884.98","44903928.00"
"VN30","2018-11-14","873.87","871.55","868.63","880.65","53297028.00"
"VN30","2018-11-15","871.55","864.98","859.86","874.87","58622972.00"
"VN30","2018-11-16","865.03","869.24","863.89","874.94","42867410.00"
"VN30","2018-11-19","869.24","888.76","869.70","888.76","47052609.00"
"VN30","2018-11-20","886.36","893.09","883.80","893.09","53837970.00"
"VN30","2018-11-21","888.54","897.10","880.83","897.10","43806970.00"
"VN30","2018-11-22","897.28","898.90","896.18","900.77","50216285.00"
"VN30","2018-11-23","898.05","890.62","889.78","899.37","42788364.00"
"VN30","2018-11-26","889.88","895.05","886.76","896.12","43467080.00"
"VN30","2018-11-27","895.07","895.30","893.96","903.78","42004669.00"
"VN30","2018-11-28","894.66","901.40","894.27","901.40","43091210.00"
"VN30","2018-11-29","901.48","897.58","897.58","910.48","45421000.00"
"VN30","2018-11-30","897.48","894.79","890.41","898.69","62994223.00"
"VN30","2018-12-03","896.50","921.72","896.50","921.72","71846750.00"
"VN30","2018-12-04","921.74","927.46","920.20","929.33","57583800.00"
"VN30","2018-12-05","927.39","925.68","915.90","928.90","69805042.00"
"VN30","2018-12-06","925.58","922.86","916.63","928.64","62829990.00"
"VN30","2018-12-07","923.90","929.59","923.90","933.29","57855470.00"
"VN30","2018-12-10","928.96","922.82","921.59","928.96","54246580.00"
"VN30","2018-12-11","922.58","922.34","915.68","925.43","49283943.00"
"VN30","2018-12-12","922.43","927.70","922.41","927.70","53219077.00"
"VN30","2018-12-13","928.21","928.90","927.92","935.33","55019221.00"
"VN30","2018-12-14","928.84","918.79","918.19","928.84","53129358.00"
"VN30","2018-12-17","914.97","901.41","901.33","914.97","112067638.00"
"VN30","2018-12-18","901.31","890.68","881.76","901.31","61467600.00"
"VN30","2018-12-19","890.78","882.79","877.63","891.69","62755143.00"
"VN30","2018-12-20","880.40","877.03","876.15","883.76","49315090.00"
"VN30","2018-12-21","877.02","873.09","866.09","877.02","59505574.00"
"VN30","2018-12-24","873.14","873.64","872.99","879.74","42328500.00"
"VN30","2018-12-25","873.56","865.69","850.33","873.56","76740130.00"
"VN30","2018-12-26","865.69","861.02","860.52","867.88","39607322.00"
"VN30","2018-12-27","861.53","865.45","861.53","872.73","48745468.00"
"VN30","2018-12-28","866.04","854.99","854.99","868.62","45854165.00"
"VN30","2019-01-02","854.99","855.66","852.79","864.64","37199310.00"
"VN30","2019-01-03","855.66","838.79","834.81","856.21","55933762.00"
"VN30","2019-01-04","838.79","840.17","821.83","842.05","41706643.00"
"VN30","2019-01-07","840.17","851.41","843.95","858.69","35905579.00"
"VN30","2019-01-08","851.20","845.43","841.86","852.92","33310330.00"
"VN30","2019-01-09","845.53","855.51","845.25","856.87","39435760.00"
"VN30","2019-01-10","855.39","857.95","852.96","859.93","37730378.00"
"VN30","2019-01-11","857.84","860.30","857.67","862.88","41972436.00"
"VN30","2019-01-14","860.40","859.42","854.71","860.40","39165350.00"
"VN30","2019-01-15","859.42","865.10","856.04","865.26","34649140.00"
"VN30","2019-01-16","865.00","864.29","861.18","868.41","44181600.00"
"VN30","2019-01-17","864.15","853.34","853.34","864.15","34839610.00"
"VN30","2019-01-18","853.34","854.79","853.50","859.95","66665029.00"
"VN30","2019-01-21","855.00","864.10","855.00","865.59","50871092.00"
"VN30","2019-01-22","864.10","859.17","859.09","865.92","37808310.00"
"VN30","2019-01-23","859.26","861.73","856.77","864.83","41091097.00"
"VN30","2019-01-24","861.63","865.52","861.04","866.49","41757820.00"
"VN30","2019-01-25","865.44","867.70","865.44","869.53","37043930.00"
"VN30","2019-01-28","867.60","868.76","865.90","871.56","29712440.00"
"VN30","2019-01-29","868.81","872.03","863.22","872.03","36414871.00"
"VN30","2019-01-30","872.01","869.16","867.92","872.01","40370590.00"
"VN30","2019-01-31","869.38","866.06","863.85","874.09","52263860.00"
"VN30","2019-02-01","866.01","859.81","859.38","868.15","59944352.00"
"VN30","2019-02-11","862.20","878.67","862.20","878.67","52664835.00"
"VN30","2019-02-12","878.69","888.33","878.68","890.16","70593755.00"
"VN30","2019-02-13","888.33","897.42","887.60","897.42","84311386.00"
"VN30","2019-02-14","897.42","900.12","897.30","904.11","67272313.00"
"VN30","2019-02-15","900.14","897.74","895.13","903.11","57365790.00"
"VN30","2019-02-18","899.75","904.93","899.74","904.93","53773163.00"
"VN30","2019-02-19","905.09","907.82","905.09","915.31","85352350.00"
"VN30","2019-02-20","907.82","911.80","906.64","913.51","60723395.00"
"VN30","2019-02-21","912.83","926.09","911.38","926.09","65385120.00"
"VN30","2019-02-22","926.30","930.16","920.78","934.65","68828530.00"
"VN30","2019-02-25","929.57","939.47","929.50","944.01","83138520.00"
"VN30","2019-02-26","939.56","929.51","922.93","941.45","68952310.00"
"VN30","2019-02-27","929.51","930.54","928.59","935.76","60737463.00"
"VN30","2019-02-28","930.37","904.98","904.98","930.81","82018530.00"
"VN30","2019-03-01","904.96","915.32","904.96","915.99","44926648.00"
"VN30","2019-03-04","915.39","928.42","915.39","929.28","62290610.00"
"VN30","2019-03-05","928.25","923.66","922.05","931.23","87176606.00"
"VN30","2019-03-06","923.66","923.58","916.89","926.32","41449805.00"
"VN30","2019-03-07","923.77","922.29","922.29","930.79","57962777.00"
"VN30","2019-03-08","922.16","914.74","913.39","922.16","55057203.00"
"VN30","2019-03-11","915.00","916.24","911.88","918.73","35405600.00"
"VN30","2019-03-12","919.21","929.86","919.21","929.86","72484990.00"
"VN30","2019-03-13","929.86","935.41","929.93","939.17","77984010.00"
"VN30","2019-03-14","935.41","934.42","931.33","937.82","64935945.00"
"VN30","2019-03-15","934.87","927.06","924.45","934.87","94750144.00"
"VN30","2019-03-18","927.16","932.75","926.85","935.16","80417060.00"
"VN30","2019-03-19","933.56","927.56","924.91","935.67","70150176.00"
"VN30","2019-03-20","927.54","924.12","914.77","927.54","161402170.00"
"VN30","2019-03-21","924.22","907.87","907.87","928.32","57538243.00"
"VN30","2019-03-22","907.94","912.27","906.64","914.69","65708152.00"
"VN30","2019-03-25","912.10","893.40","889.17","912.10","69541043.00"
"VN30","2019-03-26","893.78","894.58","892.47","901.81","46963410.00"
"VN30","2019-03-27","895.71","901.76","895.71","903.35","46173460.00"
"VN30","2019-03-28","901.51","901.65","898.17","903.88","58431107.00"
"VN30","2019-03-29","901.65","900.13","900.13","906.84","63637613.00"
"VN30","2019-04-01","900.17","905.87","900.17","905.94","65164654.00"
"VN30","2019-04-02","907.18","903.59","902.43","912.94","81305939.00"
"VN30","2019-04-03","903.59","901.50","897.47","903.05","102306421.00"
"VN30","2019-04-04","901.50","904.33","900.97","906.29","41136090.00"
"VN30","2019-04-05","904.33","904.69","902.77","905.76","82250924.00"
"VN30","2019-04-08","904.92","906.55","900.97","907.20","37416600.00"
"VN30","2019-04-09","906.46","900.07","898.80","908.94","48105650.00"
"VN30","2019-04-10","899.91","893.19","887.75","900.07","47254179.00"
"VN30","2019-04-11","893.60","896.04","892.62","896.68","29938150.00"
"VN30","2019-04-12","895.95","893.10","891.71","896.04","47490312.00"
"VN30","2019-04-16","890.81","887.76","877.38","893.10","49241992.00"
"VN30","2019-04-17","886.65","885.66","885.64","891.78","57680300.00"
"VN30","2019-04-18","884.29","877.02","876.20","887.48","46615161.00"
"VN30","2019-04-19","877.07","880.52","877.02","884.77","28990620.00"
"VN30","2019-04-22","880.90","878.23","873.55","880.90","37552460.00"
"VN30","2019-04-23","878.38","878.29","875.05","881.67","55093735.00"
"VN30","2019-04-24","877.97","888.65","877.97","889.02","38140279.00"
"VN30","2019-04-25","888.57","885.65","883.72","888.91","39485828.00"
"VN30","2019-04-26","885.47","890.55","882.58","890.69","37399720.00"
"VN30","2019-05-02","890.60","893.87","889.61","893.89","52673482.00"
"VN30","2019-05-03","893.80","895.42","889.20","895.70","52222930.00"
"VN30","2019-05-06","893.83","878.80","875.71","895.42","49560271.00"
"VN30","2019-05-07","880.06","877.02","876.18","885.23","51569880.00"
"VN30","2019-05-08","872.22","872.78","867.18","877.02","47724737.00"
"VN30","2019-05-09","872.71","871.50","868.73","875.89","90237872.00"
"VN30","2019-05-10","871.28","876.45","871.28","877.59","38762280.00"
"VN30","2019-05-13","876.16","879.64","874.68","879.64","54028550.00"
"VN30","2019-05-14","879.14","882.67","871.96","882.67","43976340.00"
"VN30","2019-05-15","882.99","893.22","882.67","893.68","49238440.00"
"VN30","2019-05-16","893.70","891.93","891.93","896.34","49486023.00"
"VN30","2019-05-17","892.93","890.53","888.56","893.44","45043350.00"
"VN30","2019-05-20","890.16","901.06","888.12","901.06","47482000.00"
"VN30","2019-05-21","901.79","901.36","900.97","907.64","107487327.00"
"VN30","2019-05-22","901.49","897.66","897.27","906.99","55974947.00"
"VN30","2019-05-23","897.66","895.07","892.08","899.02","71633456.00"
"VN30","2019-05-24","894.22","884.48","884.48","898.24","66761966.00"
"VN30","2019-05-27","884.29","889.20","883.95","889.45","40786465.00"
"VN30","2019-05-28","888.80","885.27","883.53","891.61","43070780.00"
"VN30","2019-05-29","886.12","883.52","882.00","886.98","42663780.00"
"VN30","2019-05-30","883.51","883.37","879.58","888.68","57719929.00"
"VN30","2019-05-31","883.39","876.29","875.77","884.75","45785882.00"
"VN30","2019-06-03","875.64","864.08","858.64","876.29","75431060.00"
"VN30","2019-06-04","864.27","864.35","857.94","868.67","55878474.00"
"VN30","2019-06-05","866.79","863.69","863.69","871.91","38293050.00"
"VN30","2019-06-06","863.81","861.31","851.47","865.16","49275427.00"
"VN30","2019-06-07","860.64","869.56","860.64","869.56","43664571.00"
"VN30","2019-06-10","869.68","872.49","866.79","877.45","49777619.00"
"VN30","2019-06-11","872.49","870.91","870.00","874.32","45096030.00"
"VN30","2019-06-12","870.48","865.42","865.42","871.64","48163931.00"
"VN30","2019-06-13","865.29","859.68","857.72","865.42","50544628.00"
"VN30","2019-06-14","859.53","861.65","859.08","864.29","52385830.00"
"VN30","2019-06-17","861.37","852.99","851.14","862.36","58326425.00"
"VN30","2019-06-18","852.62","848.17","845.40","853.95","76294247.00"
"VN30","2019-06-19","850.34","854.34","848.17","854.81","53719935.00"
"VN30","2019-06-20","854.90","864.59","853.96","867.91","84622860.00"
"VN30","2019-06-21","864.59","866.53","864.44","870.35","85499847.00"
"VN30","2019-06-24","866.63","868.94","866.53","873.33","61654780.00"
"VN30","2019-06-25","867.73","868.50","866.25","870.37","61542847.00"
"VN30","2019-06-26","868.16","866.81","865.67","870.52","132579440.00"
"VN30","2019-06-27","866.84","854.41","854.41","867.08","53738359.00"
"VN30","2019-06-28","854.49","864.24","847.77","864.24","80315306.00"
"VN30","2019-07-01","864.24","876.26","864.24","876.39","68155602.00"
"VN30","2019-07-02","876.27","872.92","870.71","877.08","46449706.00"
"VN30","2019-07-03","872.92","869.58","865.59","872.92","50577223.00"
"VN30","2019-07-04","869.58","879.72","869.58","879.72","76926016.00"
"VN30","2019-07-05","879.49","880.23","876.28","882.19","48312258.00"
"VN30","2019-07-08","878.96","870.92","867.35","880.23","54459206.00"
"VN30","2019-07-09","871.19","872.21","866.32","872.52","63626607.00"
"VN30","2019-07-10","872.21","876.12","872.20","878.32","55123145.00"
"VN30","2019-07-11","876.12","879.10","876.12","880.88","54290876.00"
"VN30","2019-07-12","880.06","874.99","874.56","883.15","56073980.00"
"VN30","2019-07-15","875.28","873.71","870.84","876.82","55127428.00"
"VN30","2019-07-16","873.74","880.91","873.71","880.91","62597999.00"
"VN30","2019-07-17","880.69","879.75","877.59","882.85","72099697.00"
"VN30","2019-07-18","879.66","870.81","870.81","879.75","50716828.00"
"VN30","2019-07-19","870.97","880.79","870.81","881.16","66905720.00"
"VN30","2019-07-22","880.49","879.62","878.39","885.42","67235545.00"
"VN30","2019-07-23","879.42","888.26","878.36","889.04","74806813.00"
"VN30","2019-07-24","888.63","887.39","885.66","892.81","64285960.00"
"VN30","2019-07-25","887.43","890.41","885.19","892.31","69040849.00"
"VN30","2019-07-26","890.44","889.36","886.09","891.90","49420562.00"
"VN30","2019-07-29","887.96","885.61","881.53","889.97","41652810.00"
"VN30","2019-07-30","888.70","877.92","877.92","892.38","47521100.00"
"VN30","2019-07-31","877.80","883.19","874.39","885.86","65100796.00"
"VN30","2019-08-01","884.29","887.39","881.52","887.39","71340203.00"
"VN30","2019-08-02","887.06","885.29","877.76","887.39","71292626.00"
"VN30","2019-08-05","883.34","872.39","872.39","885.29","79823625.00"
"VN30","2019-08-06","870.82","866.13","858.02","872.39","79941237.00"
"VN30","2019-08-07","866.13","868.27","863.57","872.05","60840786.00"
"VN30","2019-08-08","868.20","875.81","866.69","877.32","107047459.00"
"VN30","2019-08-09","875.81","878.62","874.51","880.29","61007515.00"
"VN30","2019-08-12","878.56","882.23","877.33","883.41","58014900.00"
"VN30","2019-08-13","882.23","877.97","875.32","882.23","72495440.00"
"VN30","2019-08-14","880.04","880.51","877.97","886.80","55862020.00"
"VN30","2019-08-15","874.42","890.78","867.95","890.78","60974540.00"
"VN30","2019-08-16","890.39","892.44","886.87","900.31","96134199.00"
"VN30","2019-08-19","892.32","891.78","889.34","897.03","63218030.00"
"VN30","2019-08-20","891.73","894.45","890.96","894.86","65810574.00"
"VN30","2019-08-21","894.45","900.54","892.05","901.25","83518301.00"
"VN30","2019-08-22","901.28","901.29","899.58","904.41","54684990.00"
"VN30","2019-08-23","901.53","900.53","896.87","902.50","79879858.00"
"VN30","2019-08-26","899.10","892.48","887.05","900.53","80726956.00"
"VN30","2019-08-27","892.48","886.91","886.91","899.29","95572510.00"
"VN30","2019-08-28","886.82","886.08","885.23","890.58","56286115.00"
"VN30","2019-08-29","886.04","889.13","882.14","889.13","51836319.00"
"VN30","2019-08-30","888.94","892.51","888.83","893.57","50168891.00"
"VN30","2019-09-03","892.83","888.97","886.02","894.11","92893461.00"
"VN30","2019-09-04","888.95","887.12","883.91","890.31","65814406.00"
"VN30","2019-09-05","887.21","886.10","886.10","891.43","63907757.00"
"VN30","2019-09-06","885.93","885.95","884.90","889.49","70889740.00"
"VN30","2019-09-09","885.95","885.61","883.43","887.01","70525730.00"
"VN30","2019-09-10","885.84","883.04","881.04","888.57","58050240.00"
"VN30","2019-09-11","882.90","885.52","881.34","886.12","67460950.00"
"VN30","2019-09-12","886.12","894.32","885.52","894.32","56295531.00"
"VN30","2019-09-13","894.21","905.05","893.80","905.31","81085124.00"
"VN30","2019-09-16","905.00","908.60","902.94","909.70","82374241.00"
"VN30","2019-09-17","908.60","912.38","904.36","912.89","76679097.00"
"VN30","2019-09-18","912.42","913.48","911.08","915.09","96813606.00"
"VN30","2019-09-19","913.40","918.88","909.88","918.88","72210480.00"
"VN30","2019-09-20","918.88","915.16","914.55","920.77","86758510.00"
"VN30","2019-09-23","914.73","909.98","909.98","918.42","92464786.00"
"VN30","2019-09-24","909.98","910.76","908.03","914.02","72141575.00"
"VN30","2019-09-25","910.57","912.42","906.60","913.33","85175290.00"
"VN30","2019-09-26","912.91","918.10","911.57","918.10","65883001.00"
"VN30","2019-09-27","918.10","924.83","917.72","925.58","75579930.00"
"VN30","2019-09-30","924.83","922.89","922.62","930.88","67311556.00"
"VN30","2019-10-01","922.87","926.31","921.69","926.31","107040950.00"
"VN30","2019-10-02","926.44","919.73","917.68","927.43","76985682.00"
"VN30","2019-10-03","919.63","921.70","911.60","921.70","86274330.00"
"VN30","2019-10-04","921.70","915.16","915.16","924.36","81102190.00"
"VN30","2019-10-07","915.62","907.50","907.50","917.36","71489751.00"
"VN30","2019-10-08","907.06","915.27","906.88","915.34","77350560.00"
"VN30","2019-10-09","915.38","914.54","912.48","917.90","80410710.00"
"VN30","2019-10-10","914.59","913.05","912.20","917.08","71794278.00"
"VN30","2019-10-11","913.05","916.68","912.94","917.14","78834405.00"
"VN30","2019-10-14","916.81","921.91","916.68","924.69","93986472.00"
"VN30","2019-10-15","921.95","923.27","920.63","924.79","81616780.00"
"VN30","2019-10-16","923.26","924.64","923.26","927.91","72440190.00"
"VN30","2019-10-17","924.53","919.10","919.10","924.79","82960977.00"
"VN30","2019-10-18","919.92","919.13","916.87","922.62","69308160.00"
"VN30","2019-10-21","918.02","914.00","913.94","919.13","78715556.00"
"VN30","2019-10-22","914.04","916.81","912.70","917.61","63918290.00"
"VN30","2019-10-23","916.81","919.61","915.87","919.61","66333164.00"
"VN30","2019-10-24","919.54","925.25","919.17","925.25","67501060.00"
"VN30","2019-10-25","925.49","927.05","923.56","927.05","67758550.00"
"VN30","2019-10-28","927.96","925.97","925.80","929.93","79928384.00"
"VN30","2019-10-29","925.67","923.97","923.97","928.38","77204833.00"
"VN30","2019-10-30","923.98","925.07","922.67","928.85","67313320.00"
"VN30","2019-10-31","925.02","922.68","922.06","928.88","71766070.00"
"VN30","2019-11-01","922.46","933.55","922.46","934.21","105607575.00"
"VN30","2019-11-04","933.96","940.25","932.31","941.46","100174667.00"
"VN30","2019-11-05","940.53","942.34","938.73","944.62","79388127.00"
"VN30","2019-11-06","942.40","942.38","940.76","945.43","90391060.00"
"VN30","2019-11-07","942.38","944.25","940.23","945.26","94502463.00"
"VN30","2019-11-08","944.28","944.70","942.19","948.37","89559420.00"
"VN30","2019-11-11","944.72","939.72","938.78","946.55","88926330.00"
"VN30","2019-11-12","939.72","939.82","937.95","942.55","70788598.00"
"VN30","2019-11-13","939.82","932.60","930.84","941.13","150833241.00"
"VN30","2019-11-14","932.45","928.44","927.14","935.72","81597440.00"
"VN30","2019-11-15","928.82","927.36","922.59","930.84","78864280.00"
"VN30","2019-11-18","927.49","920.95","920.52","929.18","76773110.00"
"VN30","2019-11-19","921.00","926.07","919.95","926.07","100619028.00"
"VN30","2019-11-20","925.94","917.00","917.00","926.67","82278950.00"
"VN30","2019-11-21","917.00","898.23","898.23","917.06","97468109.00"
"VN30","2019-11-22","898.93","892.31","885.83","906.93","99037567.00"
"VN30","2019-11-25","892.31","894.80","887.72","896.43","71837850.00"
"VN30","2019-11-26","895.36","897.50","894.80","900.72","84589693.00"
"VN30","2019-11-27","898.58","895.06","894.80","901.10","72437644.00"
"VN30","2019-11-28","894.45","885.70","883.16","895.42","90570301.00"
"VN30","2019-11-29","885.90","887.47","882.68","888.41","75454338.00"
"VN30","2019-12-02","887.47","875.10","875.10","889.47","92046005.00"
"VN30","2019-12-03","874.90","868.68","865.74","877.96","128605228.00"
"VN30","2019-12-04","868.79","883.56","865.31","883.56","99433640.00"
"VN30","2019-12-05","883.33","879.32","878.39","884.66","84367701.00"
"VN30","2019-12-06","878.28","880.43","875.99","882.59","73276900.00"
"VN30","2019-12-09","880.39","879.94","876.01","882.58","91165370.00"
"VN30","2019-12-10","879.95","873.16","870.25","880.22","99733391.00"
"VN30","2019-12-11","873.38","878.27","869.15","878.27","91840279.00"
"VN30","2019-12-12","878.27","884.80","878.27","885.73","75058991.00"
"VN30","2019-12-13","884.98","880.55","880.55","888.53","92783280.00"
"VN30","2019-12-16","880.55","876.65","874.06","880.55","114566430.00"
"VN30","2019-12-17","876.50","867.44","867.13","877.63","88870666.00"
"VN30","2019-12-18","866.61","863.16","861.05","867.69","95666040.00"
"VN30","2019-12-19","863.16","862.23","858.76","867.25","90455630.00"
"VN30","2019-12-20","862.23","868.37","862.23","869.52","91386150.00"
"VN30","2019-12-23","868.37","868.20","867.92","872.75","91493580.00"
"VN30","2019-12-24","868.14","869.88","864.86","869.90","76632756.00"
"VN30","2019-12-25","869.93","873.18","869.22","874.93","73158714.00"
"VN30","2019-12-26","873.17","872.07","869.57","874.87","75604940.00"
"VN30","2019-12-27","872.11","876.38","867.95","876.38","52757470.00"
"VN30","2019-12-30","876.61","880.29","876.13","881.27","35563500.00"
"VN30","2019-12-31","880.42","879.06","876.66","881.98","62934988.00"
"VN30","2024-08-15","1270.00","1265.32","1262.19","1272.25","145091696.00"
"VN30","2020-01-02","879.02","886.88","876.87","886.88","96928880.00"
"VN30","2020-01-03","887.11","883.28","883.18","890.38","44169390.00"
"VN30","2020-01-06","882.51","872.34","872.34","883.28","55225846.00"
"VN30","2020-01-07","872.32","876.70","870.49","877.34","62497863.00"
"VN30","2024-08-16","1266.95","1291.68","1266.95","1291.89","282855296.00"
"VN30","2020-01-09","867.27","877.76","865.18","878.43","63853510.00"
"VN30","2020-01-10","877.85","885.52","877.76","888.09","80596640.00"
"VN30","2020-01-13","885.52","881.79","881.35","885.52","44929423.00"
"VN30","2020-01-14","881.77","884.77","880.58","886.83","101579404.00"
"VN30","2020-01-15","884.95","885.36","882.79","886.33","56696300.00"
"VN30","2020-01-16","885.36","891.96","883.83","892.20","85588867.00"
"VN30","2020-01-17","891.66","894.84","891.36","897.63","78632342.00"
"VN30","2020-01-20","894.60","897.40","891.75","897.40","64420690.00"
"VN30","2020-01-21","897.97","906.52","897.40","907.51","63140960.00"
"VN30","2020-01-22","906.52","909.09","903.27","909.41","57214500.00"
"VN30","2020-01-30","908.20","875.82","870.53","909.09","84978800.00"
"VN30","2020-01-31","875.43","848.63","848.63","876.59","114382080.00"
"VN30","2020-02-03","848.42","842.67","803.73","848.63","102316520.00"
"VN30","2020-02-04","842.79","845.52","833.93","849.80","81815180.00"
"VN30","2020-02-06","845.38","862.86","842.68","862.86","104243694.00"
"VN30","2020-02-07","862.71","863.49","858.02","865.91","86382280.00"
"VN30","2020-02-10","863.28","852.87","848.21","863.49","52515647.00"
"VN30","2020-02-11","853.09","856.39","852.87","859.38","74520680.00"
"VN30","2020-02-12","856.64","863.23","856.39","870.10","105636450.00"
"VN30","2020-02-13","862.72","864.16","858.46","864.79","73957120.00"
"VN30","2020-02-14","865.03","865.86","863.14","868.84","98428741.00"
"VN30","2020-02-17","865.83","866.27","862.75","867.45","60906930.00"
"VN30","2020-02-18","866.06","861.71","858.61","866.61","70892894.00"
"VN30","2020-02-19","860.23","863.84","859.65","865.40","69129280.00"
"VN30","2020-02-20","864.00","871.40","863.84","872.86","61106480.00"
"VN30","2020-02-21","871.49","868.89","868.59","877.52","78411936.00"
"VN30","2020-02-24","867.56","837.40","837.40","868.89","109257339.00"
"VN30","2020-02-25","836.54","849.58","827.81","849.58","92349850.00"
"VN30","2020-02-26","849.56","841.68","837.52","849.58","58896320.00"
"VN30","2020-02-27","841.19","848.34","836.56","849.18","63947049.00"
"VN30","2020-02-28","844.02","831.97","823.09","848.34","103877027.00"
"VN30","2020-03-02","831.25","835.42","827.23","837.99","80301820.00"
"VN30","2020-03-03","835.14","837.99","835.14","846.21","68939866.00"
"VN30","2020-03-04","838.02","837.99","831.20","839.26","63938913.00"
"VN30","2020-03-05","838.93","839.12","836.32","846.58","73069209.00"
"VN30","2020-03-06","838.77","835.97","827.12","839.12","67820720.00"
"VN30","2020-03-10","782.85","789.51","762.34","794.88","115668160.00"
"VN30","2020-03-11","789.75","758.16","746.83","795.98","122247830.00"
"VN30","2020-03-12","757.90","719.21","710.33","758.16","120241789.00"
"VN30","2020-03-13","715.34","716.65","674.36","722.30","165194480.00"
"VN30","2020-03-16","716.65","698.18","688.80","716.65","108031254.00"
"VN30","2020-03-17","698.00","699.73","673.21","702.36","114495463.00"
"VN30","2020-03-18","699.73","700.65","695.42","705.30","112617007.00"
"VN30","2020-03-19","699.35","679.55","669.04","700.65","81268050.00"
"VN30","2020-03-20","679.78","673.70","668.90","683.55","90717283.00"
"VN30","2020-03-23","671.05","632.86","628.46","673.70","117790375.00"
"VN30","2020-03-24","632.63","625.43","619.07","633.97","98200165.00"
"VN30","2020-03-25","625.83","652.31","625.43","652.31","111300160.00"
"VN30","2020-03-26","651.94","646.70","639.02","655.06","108246560.00"
"VN30","2020-03-27","646.61","642.23","633.41","649.17","118446660.00"
"VN30","2020-03-31","613.33","610.76","598.60","629.08","90378380.00"
"VN30","2020-04-01","609.35","628.79","606.03","631.60","123990196.00"
"VN30","2020-04-03","630.37","649.15","628.79","649.15","91320392.00"
"VN30","2020-04-06","649.15","682.65","649.15","682.65","135897249.00"
"VN30","2020-04-07","682.65","693.61","677.03","695.45","124562270.00"
"VN30","2020-04-08","693.66","691.17","675.26","693.66","96873880.00"
"VN30","2020-04-09","691.17","697.85","691.17","704.18","114066520.00"
"VN30","2020-04-10","697.90","695.74","687.18","701.77","151458383.00"
"VN30","2020-04-13","695.84","706.37","695.74","714.58","107475634.00"
"VN30","2020-04-14","706.37","713.81","699.03","713.81","112119930.00"
"VN30","2020-04-15","714.39","722.80","713.81","723.77","117466590.00"
"VN30","2020-04-16","721.73","726.57","714.52","726.71","90463600.00"
"VN30","2020-04-17","727.51","734.98","726.57","736.17","112188888.00"
"VN30","2020-04-20","736.10","736.31","729.52","742.27","114065280.00"
"VN30","2020-04-21","734.14","706.65","702.61","736.31","135788101.00"
"VN30","2020-04-22","706.54","714.42","692.03","718.62","93778240.00"
"VN30","2020-04-23","715.62","717.49","714.42","729.99","69432480.00"
"VN30","2020-04-24","717.49","725.05","711.14","725.52","77989710.00"
"VN30","2020-04-27","724.76","719.66","719.66","735.28","113464824.00"
"VN30","2020-04-28","719.45","715.74","711.84","721.73","80651380.00"
"VN30","2020-04-29","715.74","715.33","713.62","719.18","86911693.00"
"VN30","2020-05-04","714.90","709.35","706.47","716.05","78733204.00"
"VN30","2020-05-06","711.34","725.94","709.77","725.94","124509782.00"
"VN30","2020-05-07","726.17","739.98","725.94","739.98","88938030.00"
"VN30","2020-05-08","740.14","760.15","739.98","773.22","154732603.00"
"VN30","2020-05-11","760.86","777.13","760.15","777.13","127388024.00"
"VN30","2020-05-12","777.35","782.45","766.70","783.77","111888980.00"
"VN30","2020-05-13","781.85","783.69","760.20","788.06","130261112.00"
"VN30","2020-05-14","783.69","780.73","773.62","785.10","133168275.00"
"VN30","2020-05-15","780.73","773.95","771.25","785.26","88573880.00"
"VN30","2020-05-18","773.95","787.27","770.61","787.27","89464750.00"
"VN30","2020-05-19","787.53","799.31","787.27","808.17","148957080.00"
"VN30","2020-05-20","799.28","803.32","793.75","803.35","103958460.00"
"VN30","2020-05-21","803.57","815.55","802.49","815.55","144053030.00"
"VN30","2020-05-22","815.51","803.14","802.82","815.55","104222793.00"
"VN30","2020-05-25","803.35","807.25","799.23","809.12","101096493.00"
"VN30","2020-05-27","816.04","801.36","801.36","821.36","130066290.00"
"VN30","2020-05-28","801.38","804.06","800.16","810.43","130053247.00"
"VN30","2020-05-29","804.00","806.23","801.46","808.83","81915120.00"
"VN30","2020-06-01","806.44","821.47","806.23","821.47","192008310.00"
"VN30","2020-06-02","821.89","818.70","818.12","827.11","171449173.00"
"VN30","2020-06-03","819.02","824.29","818.33","824.54","96376940.00"
"VN30","2020-06-04","824.30","823.77","823.77","831.49","151784073.00"
"VN30","2020-06-05","823.46","826.47","818.33","826.47","159432619.00"
"VN30","2020-06-08","826.79","838.52","826.47","845.63","174354725.00"
"VN30","2020-06-09","839.19","837.02","836.13","843.58","171280532.00"
"VN30","2020-06-10","836.80","839.11","827.60","842.21","169060826.00"
"VN30","2020-06-11","839.11","806.87","806.64","842.76","208884910.00"
"VN30","2020-06-12","803.11","807.76","782.70","807.76","192722630.00"
"VN30","2020-06-15","808.58","778.71","778.71","813.59","366144725.00"
"VN30","2020-06-17","798.82","796.43","793.20","802.06","82976640.00"
"VN30","2020-06-18","795.84","797.08","788.72","800.03","76216630.00"
"VN30","2020-06-19","797.21","808.28","797.03","808.28","116452443.00"
"VN30","2020-06-22","808.58","809.97","805.24","812.99","74971465.00"
"VN30","2020-06-23","809.53","807.61","803.96","812.24","124568410.00"
"VN30","2020-06-24","807.90","801.62","799.35","813.47","78294110.00"
"VN30","2020-06-25","801.29","796.51","791.38","801.62","81748951.00"
"VN30","2020-06-26","796.70","795.53","793.08","803.88","73350939.00"
"VN30","2020-06-29","795.11","774.81","768.99","795.53","127824476.00"
"VN30","2020-06-30","774.84","770.53","765.62","784.44","94225901.00"
"VN30","2020-07-01","770.23","786.82","770.02","787.38","94773223.00"
"VN30","2020-07-02","786.82","785.59","781.45","788.88","75138460.00"
"VN30","2020-07-03","785.81","789.87","785.59","790.30","60721312.00"
"VN30","2020-07-06","790.08","803.46","789.87","803.76","78408303.00"
"VN30","2020-07-08","805.67","805.06","801.57","807.09","76203810.00"
"VN30","2020-07-09","805.12","817.08","805.06","819.45","115197877.00"
"VN30","2020-07-10","816.76","809.02","806.67","817.67","91245270.00"
"VN30","2020-07-13","809.02","806.17","802.50","814.35","79061476.00"
"VN30","2020-07-14","806.17","805.37","798.21","806.17","79127404.00"
"VN30","2020-07-15","805.37","810.16","805.37","815.09","64989429.00"
"VN30","2020-07-16","810.16","819.83","809.41","819.83","71793249.00"
"VN30","2020-07-17","819.83","814.16","812.61","819.83","76604847.00"
"VN30","2020-07-20","814.16","803.36","803.36","814.16","79426520.00"
"VN30","2020-07-21","803.36","804.70","799.98","806.34","71662450.00"
"VN30","2020-07-22","804.70","797.85","797.82","806.93","85026427.00"
"VN30","2020-07-23","797.85","800.29","794.59","800.29","80566790.00"
"VN30","2020-07-24","800.29","772.29","760.56","800.29","145226300.00"
"VN30","2020-07-27","772.29","729.93","726.02","772.29","142652298.00"
"VN30","2020-07-28","729.93","756.17","729.93","757.50","111861366.00"
"VN30","2020-07-29","756.17","735.16","722.85","756.17","97116510.00"
"VN30","2020-07-30","735.16","746.02","735.16","746.74","62774611.00"
"VN30","2020-07-31","746.02","740.73","731.14","747.56","67812170.00"
"VN30","2020-08-03","740.73","757.86","738.64","758.30","80183860.00"
"VN30","2020-08-04","757.86","768.22","757.86","768.46","71643110.00"
"VN30","2020-08-05","768.22","780.71","761.26","782.09","111697444.00"
"VN30","2020-08-06","780.71","781.60","776.04","787.27","68023430.00"
"VN30","2020-08-10","782.15","784.30","782.15","791.67","85335270.00"
"VN30","2020-08-11","784.30","784.57","781.04","788.92","67152353.00"
"VN30","2020-08-12","784.57","788.42","784.23","790.01","85466650.00"
"VN30","2020-08-13","788.42","795.09","788.42","795.69","66854578.00"
"VN30","2020-08-14","795.09","791.98","789.12","801.61","87152160.00"
"VN30","2020-08-17","791.98","791.54","782.52","793.61","68015231.00"
"VN30","2020-08-18","791.54","786.95","784.93","792.13","58557540.00"
"VN30","2020-08-19","786.95","789.41","786.01","791.85","59855720.00"
"VN30","2020-08-20","789.41","786.11","783.57","793.35","94719040.00"
"VN30","2020-08-21","786.11","793.60","786.11","795.05","83707518.00"
"VN30","2020-08-24","793.60","809.69","793.46","810.17","113941421.00"
"VN30","2020-08-25","809.69","815.18","809.34","818.94","119595110.00"
"VN30","2020-08-26","815.18","812.36","811.45","816.68","96814910.00"
"VN30","2020-08-27","812.36","814.55","810.68","814.64","77384170.00"
"VN30","2020-08-31","821.93","823.93","820.66","831.76","89260791.00"
"VN30","2020-09-01","823.93","832.03","821.74","832.87","87082305.00"
"VN30","2020-09-03","832.03","843.64","832.03","844.27","135282157.00"
"VN30","2020-09-04","843.64","840.54","833.54","843.64","111895660.00"
"VN30","2020-09-07","840.54","824.36","824.36","843.80","114515010.00"
"VN30","2020-09-08","824.36","827.57","819.02","829.22","93343316.00"
"VN30","2020-09-09","827.50","824.42","816.51","828.38","92100820.00"
"VN30","2020-09-10","824.42","825.85","824.42","832.61","146183936.00"
"VN30","2020-09-11","825.85","825.56","821.97","827.83","78634600.00"
"VN30","2020-09-14","825.56","832.24","825.56","833.09","77163830.00"
"VN30","2020-09-15","832.24","833.33","831.13","835.42","109796440.00"
"VN30","2020-09-16","833.33","834.50","831.33","834.52","62135810.00"
"VN30","2020-09-17","834.50","831.84","829.08","837.76","107726810.00"
"VN30","2020-09-18","831.84","841.26","831.84","842.10","114635860.00"
"VN30","2020-09-22","851.54","852.72","846.03","854.69","135557800.00"
"VN30","2020-09-23","852.72","858.30","852.72","860.34","125434157.00"
"VN30","2020-09-24","858.30","853.21","852.29","858.89","103831198.00"
"VN30","2020-09-25","853.21","854.71","850.10","856.79","125520670.00"
"VN30","2020-09-28","854.71","863.31","854.71","863.98","169503454.00"
"VN30","2020-09-29","863.31","856.20","856.20","871.99","148850199.00"
"VN30","2020-09-30","856.20","858.54","852.54","860.10","115005042.00"
"VN30","2020-10-01","858.54","867.58","858.54","868.30","117342270.00"
"VN30","2020-10-02","867.58","861.51","850.61","870.80","168135120.00"
"VN30","2020-10-05","861.51","867.70","861.51","869.09","129130841.00"
"VN30","2020-10-06","867.70","871.37","866.12","872.39","156219930.00"
"VN30","2020-10-07","871.37","870.85","867.06","876.31","165098470.00"
"VN30","2020-10-08","870.85","869.82","864.55","873.13","148307202.00"
"VN30","2020-10-09","869.82","874.53","868.36","875.52","125756012.00"
"VN30","2020-10-13","874.90","878.35","872.36","879.25","118308081.00"
"VN30","2020-10-14","878.35","892.15","878.35","892.25","243947621.00"
"VN30","2020-10-15","896.50","899.20","893.94","901.71","184342727.00"
"VN30","2020-10-16","899.20","901.59","892.70","906.17","179181800.00"
"VN30","2020-10-19","901.59","903.51","899.61","906.16","160760079.00"
"VN30","2020-10-20","903.51","909.49","899.42","909.49","194150727.00"
"VN30","2020-10-21","909.49","906.10","905.08","918.14","176641410.00"
"VN30","2020-10-22","906.10","918.30","901.96","918.30","158587150.00"
"VN30","2020-10-23","918.30","930.30","918.30","930.59","205096127.00"
"VN30","2020-10-26","930.30","919.56","919.56","942.72","170799360.00"
"VN30","2020-10-27","919.56","915.46","914.72","926.52","214919458.00"
"VN30","2020-10-28","913.31","888.88","888.88","916.00","195798816.00"
"VN30","2020-10-29","888.88","886.68","879.74","894.19","154467300.00"
"VN30","2020-10-30","886.68","892.55","875.84","893.42","140892870.00"
"VN30","2020-11-03","899.27","902.14","897.30","904.78","113806589.00"
"VN30","2020-11-04","902.14","905.48","900.74","910.59","125417073.00"
"VN30","2020-11-05","905.48","903.64","903.64","913.20","110290254.00"
"VN30","2020-11-06","903.64","902.91","899.51","907.67","82499910.00"
"VN30","2020-11-09","902.91","917.42","902.91","917.42","118222970.00"
"VN30","2020-11-10","917.42","916.50","916.50","929.66","145545906.00"
"VN30","2020-11-11","916.50","916.68","910.39","919.95","121134143.00"
"VN30","2020-11-12","916.68","923.00","916.21","923.00","89398908.00"
"VN30","2020-11-13","923.00","931.20","923.00","931.20","128680880.00"
"VN30","2020-11-16","931.20","915.97","915.23","939.10","176443089.00"
"VN30","2020-11-17","915.97","934.65","915.97","934.65","137831581.00"
"VN30","2020-11-18","934.65","937.67","931.18","939.62","165763450.00"
"VN30","2020-11-19","937.67","944.92","936.32","945.06","175515186.00"
"VN30","2020-11-20","944.92","950.89","942.28","950.89","133240600.00"
"VN30","2020-11-24","960.03","959.61","948.67","964.53","194786360.00"
"VN30","2020-11-25","959.61","960.63","957.09","963.81","187819530.00"
"VN30","2020-11-26","960.63","964.16","953.46","964.16","181299982.00"
"VN30","2020-11-27","964.16","971.11","963.69","971.11","160510756.00"
"VN30","2020-11-30","971.11","965.89","965.89","975.46","197563674.00"
"VN30","2020-12-01","965.89","976.35","951.92","976.44","219363380.00"
"VN30","2020-12-02","976.35","979.95","973.58","981.28","210999920.00"
"VN30","2020-12-03","979.95","985.44","978.16","986.40","192410370.00"
"VN30","2020-12-04","985.44","984.34","983.03","988.68","189257728.00"
"VN30","2020-12-07","984.34","992.01","984.07","992.59","157135240.00"
"VN30","2020-12-08","992.01","993.61","988.71","996.64","161018770.00"
"VN30","2020-12-09","993.61","1004.03","993.61","1004.61","189972780.00"
"VN30","2020-12-10","1004.03","994.28","994.28","1008.60","194144694.00"
"VN30","2020-12-11","994.28","1008.65","994.28","1008.65","144866577.00"
"VN30","2020-12-15","1024.28","1013.02","1009.80","1025.34","184732684.00"
"VN30","2020-12-16","1013.02","1029.72","1013.02","1029.72","186285780.00"
"VN30","2020-12-17","1029.72","1016.95","1015.86","1029.72","238357816.00"
"VN30","2020-12-18","1016.95","1036.65","1016.95","1037.98","203375310.00"
"VN30","2020-12-21","1036.65","1049.71","1036.65","1052.85","206679318.00"
"VN30","2020-12-22","1049.71","1052.23","1043.80","1053.81","211881000.00"
"VN30","2020-12-23","1052.23","1045.70","1043.88","1058.91","211871276.00"
"VN30","2020-12-24","1045.70","1033.95","1013.90","1051.56","231034929.00"
"VN30","2020-12-25","1033.95","1052.13","1026.05","1052.16","171970070.00"
"VN30","2020-12-28","1052.13","1054.23","1047.45","1063.09","209852001.00"
"VN30","2020-12-29","1054.23","1058.39","1050.05","1062.61","186047634.00"
"VN30","2020-12-30","1058.39","1059.16","1055.25","1069.50","196502292.00"
"VN30","2020-12-31","1059.16","1070.77","1058.90","1074.02","138305310.00"
"VN30","2021-01-04","1070.77","1091.87","1070.77","1097.61","245008555.00"
"VN30","2021-01-05","1091.87","1104.30","1086.07","1104.78","205277506.00"
"VN30","2021-01-07","1113.72","1130.59","1113.72","1130.59","234555100.00"
"VN30","2021-01-08","1130.59","1147.86","1130.59","1156.38","237843360.00"
"VN30","2021-01-11","1147.86","1163.40","1147.86","1165.99","234552308.00"
"VN30","2021-01-12","1163.40","1169.03","1155.90","1169.27","209562210.00"
"VN30","2021-01-13","1169.03","1164.57","1161.87","1178.44","233239175.00"
"VN30","2021-01-14","1164.57","1168.99","1156.58","1169.97","240237030.00"
"VN30","2021-01-15","1168.99","1182.20","1168.99","1185.46","239332343.00"
"VN30","2021-01-18","1182.20","1173.34","1171.96","1188.53","206609200.00"
"VN30","2021-01-19","1173.34","1107.32","1098.47","1173.61","349185971.00"
"VN30","2021-01-20","1107.32","1116.21","1073.13","1121.97","271172032.00"
"VN30","2021-01-21","1116.21","1151.30","1114.26","1152.90","228179909.00"
"VN30","2021-01-22","1151.30","1156.58","1147.88","1164.45","220716100.00"
"VN30","2021-01-25","1156.58","1154.29","1149.26","1164.70","206256300.00"
"VN30","2021-01-26","1154.29","1125.09","1107.54","1155.32","243788400.00"
"VN30","2021-01-28","1083.63","1010.75","1008.53","1083.63","313704740.00"
"VN30","2021-01-29","1010.75","1048.31","978.85","1070.05","256451280.00"
"VN30","2021-02-01","1048.31","1029.86","1029.21","1068.93","191213710.00"
"VN30","2021-02-02","1029.86","1079.70","1025.18","1079.87","180039600.00"
"VN30","2021-02-03","1079.70","1117.98","1079.70","1122.04","230757945.00"
"VN30","2021-02-04","1117.98","1117.74","1103.11","1126.64","163569800.00"
"VN30","2021-02-05","1117.74","1135.50","1117.74","1135.50","161790865.00"
"VN30","2021-02-09","1092.59","1129.49","1089.85","1129.49","182668100.00"
"VN30","2021-02-17","1129.49","1174.91","1129.49","1169.88","161906607.00"
"VN30","2021-02-18","1174.91","1187.94","1162.48","1187.94","193512631.00"
"VN30","2021-02-19","1187.94","1180.59","1168.18","1188.61","175720267.00"
"VN30","2021-02-22","1180.59","1180.55","1172.71","1190.48","182458640.00"
"VN30","2021-02-23","1180.55","1182.47","1174.18","1191.74","206047847.00"
"VN30","2021-02-24","1182.47","1167.18","1161.13","1192.04","185827930.00"
"VN30","2021-02-25","1167.18","1169.82","1158.06","1175.19","164736716.00"
"VN30","2021-02-26","1169.82","1173.60","1153.41","1175.40","189444969.00"
"VN30","2021-03-01","1173.60","1191.83","1173.60","1192.85","204190300.00"
"VN30","2021-03-02","1191.83","1194.71","1188.01","1203.84","179667449.00"
"VN30","2021-03-03","1194.71","1195.60","1189.14","1198.36","165738392.00"
"VN30","2021-03-04","1195.60","1174.29","1164.76","1200.42","197138100.00"
"VN30","2021-03-05","1174.29","1173.83","1157.45","1174.80","216575176.00"
"VN30","2021-03-08","1173.83","1170.00","1164.78","1186.29","172528623.00"
"VN30","2021-03-09","1170.00","1163.00","1150.18","1170.00","169517503.00"
"VN30","2021-03-10","1163.00","1172.26","1154.29","1173.58","183227925.00"
"VN30","2021-03-11","1172.26","1188.71","1172.26","1190.47","179197900.00"
"VN30","2021-03-12","1188.71","1187.81","1184.64","1193.97","161577294.00"
"VN30","2021-03-15","1187.81","1190.86","1184.32","1194.29","160191400.00"
"VN30","2021-03-16","1190.86","1187.84","1177.05","1192.15","181989972.00"
"VN30","2021-03-17","1187.84","1193.45","1183.83","1193.45","223692942.00"
"VN30","2021-03-19","1211.54","1203.36","1201.17","1211.54","189256800.00"
"VN30","2021-03-22","1203.36","1198.54","1194.79","1207.28","182249116.00"
"VN30","2021-03-23","1198.54","1186.98","1182.22","1198.54","162465033.00"
"VN30","2021-03-24","1186.98","1165.61","1157.69","1186.98","243328265.00"
"VN30","2021-03-25","1165.61","1164.64","1159.25","1175.86","180748600.00"
"VN30","2021-03-26","1164.64","1167.19","1143.08","1170.75","179001130.00"
"VN30","2021-03-29","1167.19","1180.07","1167.19","1182.06","175821675.00"
"VN30","2021-03-30","1180.07","1190.86","1175.90","1192.90","232043200.00"
"VN30","2021-03-31","1190.86","1196.24","1189.47","1203.18","184393500.00"
"VN30","2021-04-01","1196.24","1226.16","1196.24","1227.56","236083600.00"
"VN30","2021-04-02","1226.16","1238.03","1226.16","1243.67","207848200.00"
"VN30","2021-04-05","1238.03","1249.90","1238.03","1256.12","233377800.00"
"VN30","2021-04-06","1249.90","1255.36","1245.16","1260.35","231827080.00"
"VN30","2021-04-07","1255.36","1257.77","1248.15","1257.77","226391227.00"
"VN30","2021-04-09","1251.81","1253.26","1245.26","1256.06","209347995.00"
"VN30","2021-04-12","1253.26","1278.19","1253.26","1279.52","282897500.00"
"VN30","2021-04-13","1278.19","1277.35","1276.74","1298.78","282760400.00"
"VN30","2021-04-14","1277.35","1290.77","1263.89","1290.77","211803000.00"
"VN30","2021-04-15","1290.77","1284.20","1283.98","1300.84","245570400.00"
"VN30","2021-04-16","1284.20","1276.87","1262.52","1291.37","258889118.00"
"VN30","2021-04-19","1276.87","1306.22","1271.52","1306.22","221771450.00"
"VN30","2021-04-20","1306.22","1312.68","1303.68","1331.56","257517232.00"
"VN30","2021-04-22","1312.68","1271.53","1271.53","1317.50","242860086.00"
"VN30","2021-04-23","1271.53","1301.39","1262.89","1301.39","257302940.00"
"VN30","2021-04-26","1301.39","1275.04","1269.78","1305.73","235957739.00"
"VN30","2021-04-27","1275.04","1283.81","1264.57","1283.95","183893300.00"
"VN30","2021-04-28","1283.81","1294.06","1280.54","1296.48","214859349.00"
"VN30","2021-04-29","1294.06","1312.28","1294.06","1312.62","256367700.00"
"VN30","2021-05-04","1312.28","1328.03","1285.90","1329.18","293611455.00"
"VN30","2021-05-05","1328.03","1346.89","1328.03","1360.76","289772511.00"
"VN30","2021-05-06","1346.89","1344.64","1337.28","1352.57","235840300.00"
"VN30","2021-05-07","1344.64","1340.73","1329.51","1347.80","299766800.00"
"VN30","2021-05-10","1340.73","1370.66","1335.39","1371.51","312453890.00"
"VN30","2021-05-11","1370.66","1359.19","1359.19","1382.06","273000700.00"
"VN30","2021-05-13","1380.17","1370.18","1370.18","1385.72","289971633.00"
"VN30","2021-05-14","1370.18","1380.02","1370.14","1386.09","263921396.00"
"VN30","2021-05-17","1380.02","1371.36","1371.22","1391.89","271886685.00"
"VN30","2021-05-18","1371.36","1378.59","1367.85","1381.36","259250850.00"
"VN30","2021-05-19","1378.59","1401.71","1378.43","1402.45","298463934.00"
"VN30","2021-05-20","1401.71","1424.92","1396.23","1424.92","289027449.00"
"VN30","2021-05-21","1424.92","1425.04","1412.78","1433.01","286671470.00"
"VN30","2021-05-25","1430.48","1444.01","1427.56","1445.60","224078633.00"
"VN30","2021-05-26","1444.01","1455.11","1440.60","1456.55","242858400.00"
"VN30","2021-05-27","1455.11","1437.38","1433.76","1457.46","277399224.00"
"VN30","2021-05-28","1437.38","1458.78","1433.55","1460.68","302505900.00"
"VN30","2021-05-31","1458.78","1474.78","1449.66","1475.09","302752280.00"
"VN30","2021-06-01","1474.78","1482.92","1473.28","1496.55","256538209.00"
"VN30","2021-06-02","1482.92","1478.85","1469.49","1488.93","283546605.00"
"VN30","2021-06-03","1478.85","1504.37","1478.85","1506.27","328467770.00"
"VN30","2021-06-04","1504.37","1508.35","1496.36","1509.38","344473700.00"
"VN30","2021-06-07","1508.35","1484.10","1472.10","1508.65","314318500.00"
"VN30","2021-06-08","1484.10","1438.97","1436.72","1493.36","341912280.00"
"VN30","2021-06-09","1438.97","1457.76","1426.04","1465.93","283832200.00"
"VN30","2021-06-10","1457.76","1451.18","1443.74","1464.40","258361856.00"
"VN30","2021-06-11","1451.18","1487.61","1448.46","1489.95","269872683.00"
"VN30","2021-06-14","1487.61","1495.51","1483.82","1504.32","262607466.00"
"VN30","2021-06-15","1495.51","1487.04","1481.03","1498.75","242456600.00"
"VN30","2021-06-16","1487.04","1465.58","1462.99","1487.68","247048206.00"
"VN30","2021-06-17","1463.98","1461.91","1445.39","1469.44","221731447.00"
"VN30","2021-06-18","1461.91","1481.30","1461.91","1484.89","214587094.00"
"VN30","2021-06-21","1481.30","1478.29","1473.11","1486.12","213490979.00"
"VN30","2021-06-22","1478.29","1489.24","1478.29","1498.12","223718900.00"
"VN30","2021-06-24","1489.53","1486.96","1482.38","1497.92","187739273.00"
"VN30","2021-06-25","1486.96","1500.30","1480.64","1500.94","199472371.00"
"VN30","2021-06-28","1500.30","1521.41","1500.30","1523.58","233849177.00"
"VN30","2021-06-29","1521.41","1529.97","1521.41","1536.96","208512322.00"
"VN30","2021-06-30","1529.97","1529.00","1528.10","1540.90","214502677.00"
"VN30","2021-07-01","1529.09","1545.14","1525.24","1545.14","266796233.00"
"VN30","2021-07-02","1546.54","1554.59","1546.54","1558.45","260692720.00"
"VN30","2021-07-05","1559.94","1557.41","1533.18","1560.44","324349128.00"
"VN30","2021-07-06","1557.92","1488.42","1488.42","1565.29","306239683.00"
"VN30","2021-07-07","1501.44","1538.77","1472.81","1538.77","325293263.00"
"VN30","2021-07-08","1530.40","1521.21","1509.90","1536.51","226136322.00"
"VN30","2021-07-09","1510.00","1494.43","1480.60","1526.35","295369700.00"
"VN30","2021-07-12","1488.29","1443.10","1406.14","1495.92","432821800.00"
"VN30","2021-07-13","1454.56","1440.87","1419.09","1457.05","190160000.00"
"VN30","2021-07-15","1402.36","1430.29","1402.36","1441.57","193921260.00"
"VN30","2021-07-16","1439.96","1438.05","1433.16","1446.36","174888700.00"
"VN30","2021-07-19","1403.96","1374.15","1367.61","1412.70","274171834.00"
"VN30","2021-07-20","1379.41","1411.02","1357.31","1411.02","225612276.00"
"VN30","2021-07-21","1415.71","1406.54","1402.42","1422.80","171749101.00"
"VN30","2021-07-22","1404.49","1428.48","1400.20","1432.43","169099481.00"
"VN30","2021-07-23","1422.07","1401.53","1401.53","1430.43","243381911.00"
"VN30","2021-07-26","1397.01","1403.96","1384.87","1409.94","157494718.00"
"VN30","2021-07-27","1415.50","1409.85","1408.80","1423.30","198435700.00"
"VN30","2021-07-28","1406.25","1407.50","1402.60","1415.39","136011670.00"
"VN30","2021-07-29","1419.55","1427.55","1413.59","1427.55","173997300.00"
"VN30","2021-07-30","1430.48","1447.23","1428.85","1451.45","234024000.00"
"VN30","2021-08-02","1443.60","1448.21","1438.35","1457.89","205994583.00"
"VN30","2021-08-03","1449.97","1469.87","1449.33","1469.87","231236033.00"
"VN30","2021-09-01","1425.35","1426.94","1423.08","1434.73","201004404.00"
"VN30","2021-08-06","1488.11","1476.79","1476.79","1491.52","218706070.00"
"VN30","2021-09-06","1433.03","1441.54","1429.55","1441.92","214628361.00"
"VN30","2021-09-07","1446.00","1444.10","1441.73","1454.82","210559600.00"
"VN30","2021-09-08","1447.43","1433.71","1431.64","1448.44","157997664.00"
"VN30","2016-03-04","579.08","580.94","577.53","583.73","44022270.00"
"VN30","2021-09-10","1451.78","1448.33","1447.48","1453.67","158240540.00"
"VN30","2021-09-13","1450.00","1444.99","1444.71","1454.72","170678600.00"
"VN30","2021-09-14","1444.24","1438.16","1436.98","1448.71","162195300.00"
"VN30","2021-09-15","1433.17","1444.85","1432.76","1447.64","143417910.00"
"VN30","2021-09-16","1452.89","1448.98","1442.77","1454.23","146463300.00"
"VN30","2021-09-17","1452.31","1455.59","1448.98","1459.94","213580800.00"
"VN30","2021-09-20","1468.11","1458.66","1455.09","1474.66","196372000.00"
"VN30","2021-09-22","1449.44","1453.22","1440.02","1454.19","130593200.00"
"VN30","2021-09-23","1456.46","1458.23","1453.02","1466.00","147578410.00"
"VN30","2021-09-24","1460.63","1459.94","1456.89","1464.12","152648727.00"
"VN30","2021-09-27","1462.86","1439.20","1439.20","1464.50","168247437.00"
"VN30","2021-09-28","1433.70","1451.12","1430.89","1454.79","159828245.00"
"VN30","2021-09-29","1450.73","1450.52","1440.59","1453.66","177746655.00"
"VN30","2021-09-30","1452.76","1453.76","1450.52","1461.94","132810278.00"
"VN30","2021-10-01","1450.90","1441.83","1438.52","1453.76","188812300.00"
"VN30","2021-10-04","1442.87","1443.61","1433.05","1446.75","220195000.00"
"VN30","2021-10-05","1446.77","1456.21","1443.61","1456.37","152940400.00"
"VN30","2021-10-06","1461.98","1461.72","1453.90","1461.98","157608000.00"
"VN30","2021-10-07","1467.95","1462.74","1460.87","1470.64","142851700.00"
"VN30","2021-10-08","1466.78","1476.54","1463.07","1476.54","137767900.00"
"VN30","2021-10-11","1481.29","1510.27","1480.31","1510.98","211043700.00"
"VN30","2021-10-12","1514.78","1509.57","1504.24","1517.21","174564674.00"
"VN30","2021-10-15","1508.37","1504.84","1499.70","1512.61","151731800.00"
"VN30","2021-10-18","1508.88","1510.49","1505.39","1517.70","167733700.00"
"VN30","2021-10-19","1512.10","1507.19","1503.89","1513.83","142509300.00"
"VN30","2021-10-20","1510.38","1505.03","1486.26","1516.74","182022000.00"
"VN30","2021-10-21","1509.05","1489.26","1489.26","1510.20","166371200.00"
"VN30","2021-10-22","1495.32","1488.71","1486.57","1498.25","127282900.00"
"VN30","2021-10-25","1492.35","1476.97","1476.97","1492.35","202649000.00"
"VN30","2021-10-26","1474.36","1482.62","1467.02","1483.65","143685900.00"
"VN30","2021-10-27","1482.62","1516.46","1485.12","1516.46","201353000.00"
"VN30","2021-10-28","1522.11","1529.26","1513.12","1530.77","206854490.00"
"VN30","2021-10-29","1529.42","1532.35","1521.04","1534.51","205017310.00"
"VN30","2021-11-01","1534.17","1516.75","1514.11","1534.88","257969720.00"
"VN30","2021-11-02","1514.91","1521.35","1514.91","1522.90","186412200.00"
"VN30","2021-11-03","1526.38","1530.65","1519.39","1537.59","338104500.00"
"VN30","2021-11-04","1531.92","1528.21","1524.54","1535.90","179991134.00"
"VN30","2021-11-09","1539.25","1527.13","1524.20","1542.75","210505900.00"
"VN30","2021-11-10","1530.69","1523.79","1518.89","1531.70","204461200.00"
"VN30","2021-11-11","1524.73","1514.36","1503.77","1526.72","258427300.00"
"VN30","2021-11-12","1514.96","1527.94","1504.52","1529.47","152556600.00"
"VN30","2021-11-15","1534.16","1528.68","1521.94","1534.44","232161500.00"
"VN30","2021-11-16","1527.11","1517.22","1513.50","1530.32","214948000.00"
"VN30","2021-11-17","1517.67","1519.58","1513.65","1522.50","165538300.00"
"VN30","2021-11-18","1522.39","1503.42","1503.42","1523.19","271744141.00"
"VN30","2021-11-19","1507.45","1500.05","1486.59","1521.63","332061357.00"
"VN30","2021-11-22","1503.19","1517.04","1502.32","1530.43","282189400.00"
"VN30","2021-11-23","1518.39","1533.12","1513.28","1533.12","187320735.00"
"VN30","2021-11-24","1534.87","1565.29","1530.61","1567.77","371792500.00"
"VN30","2021-11-25","1573.29","1572.46","1567.67","1579.56","272412375.00"
"VN30","2021-11-26","1575.55","1566.55","1564.39","1587.00","286506800.00"
"VN30","2021-11-29","1541.22","1553.04","1541.22","1558.86","278486019.00"
"VN30","2021-12-03","1551.11","1503.98","1501.32","1551.97","242463313.00"
"VN30","2021-12-06","1507.45","1480.92","1464.91","1515.47","264304900.00"
"VN30","2021-12-07","1493.07","1512.62","1488.13","1512.62","175829500.00"
"VN30","2021-12-08","1515.59","1516.16","1508.69","1523.55","176054000.00"
"VN30","2021-12-09","1509.40","1529.61","1509.40","1529.61","141320100.00"
"VN30","2021-12-10","1528.17","1519.46","1516.01","1533.23","172565800.00"
"VN30","2021-12-13","1523.67","1520.80","1515.92","1526.53","166213200.00"
"VN30","2021-12-14","1518.39","1516.44","1512.26","1529.93","170665700.00"
"VN30","2021-12-15","1516.91","1519.42","1512.18","1525.14","150689400.00"
"VN30","2021-12-16","1526.63","1510.17","1501.74","1526.75","187576000.00"
"VN30","2021-12-17","1513.36","1513.56","1480.04","1520.97","220350000.00"
"VN30","2021-12-20","1519.69","1513.60","1509.54","1521.62","180132400.00"
"VN30","2021-12-21","1511.91","1511.48","1506.57","1517.57","175784000.00"
"VN30","2021-12-22","1514.98","1504.12","1498.96","1519.74","220183200.00"
"VN30","2021-12-23","1504.61","1477.37","1470.94","1506.43","241493800.00"
"VN30","2022-01-11","1516.70","1499.74","1497.78","1519.84","187023400.00"
"VN30","2021-12-29","1525.44","1515.94","1511.05","1528.90","154782700.00"
"VN30","2021-12-30","1515.75","1519.62","1515.75","1526.20","145697200.00"
"VN30","2021-12-31","1523.58","1535.71","1523.41","1537.32","183408500.00"
"VN30","2022-01-04","1536.45","1558.87","1536.45","1562.54","207489800.00"
"VN30","2022-01-05","1559.33","1546.01","1541.47","1562.71","222221200.00"
"VN30","2022-01-06","1542.47","1544.95","1539.43","1554.97","231961100.00"
"VN30","2022-01-07","1548.77","1532.24","1528.84","1550.47","200626600.00"
"VN30","2022-01-10","1531.13","1514.70","1513.36","1537.71","200034100.00"
"VN30","2022-01-12","1498.63","1530.04","1484.99","1530.96","282093000.00"
"VN30","2022-01-13","1538.93","1526.43","1522.53","1548.49","308816900.00"
"VN30","2022-01-14","1523.96","1523.57","1513.17","1530.20","135949400.00"
"VN30","2022-01-17","1524.18","1478.61","1476.01","1529.28","290137800.00"
"VN30","2022-01-18","1474.07","1477.06","1464.41","1489.13","214017600.00"
"VN30","2022-01-19","1479.74","1482.55","1475.06","1491.00","142261000.00"
"VN30","2022-01-25","1471.56","1516.16","1466.07","1516.92","191549000.00"
"VN30","2022-01-26","1519.90","1525.31","1516.05","1533.61","236863500.00"
"VN30","2022-01-27","1520.82","1516.57","1507.26","1528.81","158584300.00"
"VN30","2022-01-28","1515.85","1532.24","1515.85","1535.57","194567300.00"
"VN30","2022-02-07","1548.38","1541.25","1539.66","1555.01","182867100.00"
"VN30","2022-02-08","1539.49","1550.46","1537.16","1555.01","218959100.00"
"VN30","2022-02-09","1554.59","1552.44","1551.60","1570.32","230550700.00"
"VN30","2022-02-10","1554.98","1548.95","1536.02","1557.89","225002900.00"
"VN30","2022-02-11","1544.76","1545.92","1540.50","1549.37","167675800.00"
"VN30","2022-02-14","1530.22","1505.07","1505.07","1536.77","254064100.00"
"VN30","2022-02-15","1508.25","1527.36","1506.69","1530.59","180952200.00"
"VN30","2022-02-16","1534.39","1521.47","1517.52","1534.50","122057100.00"
"VN30","2022-02-17","1521.37","1540.51","1521.37","1541.04","146568200.00"
"VN30","2022-02-18","1525.21","1531.47","1523.88","1534.46","155104600.00"
"VN30","2022-02-21","1529.82","1533.40","1522.48","1537.56","163183400.00"
"VN30","2022-02-24","1537.50","1522.04","1503.22","1539.97","275311400.00"
"VN30","2022-02-25","1532.27","1526.50","1526.27","1540.13","198105100.00"
"VN30","2022-02-28","1525.58","1517.18","1512.45","1533.32","193571200.00"
"VN30","2022-03-01","1521.44","1520.12","1515.49","1525.00","187030700.00"
"VN30","2022-03-02","1516.31","1498.61","1495.16","1517.49","291452900.00"
"VN30","2022-03-03","1507.53","1522.49","1502.41","1522.49","244078000.00"
"VN30","2022-03-04","1525.23","1525.34","1519.97","1529.93","220071600.00"
"VN30","2022-03-07","1514.76","1509.12","1505.79","1518.32","222534800.00"
"VN30","2022-03-08","1500.07","1490.17","1486.23","1506.65","222308000.00"
"VN30","2022-03-09","1493.96","1489.25","1482.97","1497.75","190158600.00"
"VN30","2022-03-10","1503.41","1490.24","1488.10","1505.50","148748300.00"
"VN30","2022-03-11","1487.92","1477.14","1469.23","1490.83","178186800.00"
"VN30","2022-03-14","1471.44","1461.10","1454.34","1473.98","177210100.00"
"VN30","2022-03-15","1461.40","1468.89","1455.16","1469.52","136415100.00"
"VN30","2022-03-16","1475.17","1472.69","1467.95","1478.42","106836400.00"
"VN30","2022-03-22","1507.38","1513.40","1506.10","1516.70","155225300.00"
"VN30","2022-03-23","1514.61","1505.59","1504.56","1519.58","132331300.00"
"VN30","2022-03-24","1506.49","1497.44","1493.97","1506.79","115640400.00"
"VN30","2022-03-25","1499.34","1498.36","1493.73","1503.18","109442400.00"
"VN30","2022-03-28","1493.12","1484.16","1477.72","1497.06","177240800.00"
"VN30","2022-03-29","1488.62","1500.57","1488.62","1501.05","110331000.00"
"VN30","2022-03-30","1497.98","1500.23","1494.71","1513.91","163897200.00"
"VN30","2022-03-31","1502.38","1508.53","1500.67","1511.82","121691400.00"
"VN30","2022-04-01","1509.01","1542.47","1506.11","1543.19","195611900.00"
"VN30","2022-04-04","1558.21","1548.04","1543.95","1558.98","160184300.00"
"VN30","2022-04-05","1544.34","1539.20","1535.56","1549.77","125174200.00"
"VN30","2022-04-06","1534.23","1557.11","1529.23","1558.41","203573500.00"
"VN30","2022-04-07","1561.14","1541.96","1535.00","1566.09","198966000.00"
"VN30","2022-04-08","1541.78","1524.31","1524.31","1547.60","156336400.00"
"VN30","2022-04-12","1530.30","1507.20","1500.79","1532.03","152481700.00"
"VN30","2022-04-15","1514.89","1493.74","1489.67","1518.85","181765300.00"
"VN30","2022-04-18","1493.17","1468.25","1462.47","1493.24","194441900.00"
"VN30","2022-04-19","1471.63","1440.61","1438.99","1478.50","156620100.00"
"VN30","2022-04-20","1440.90","1435.50","1432.03","1453.81","150221600.00"
"VN30","2022-04-21","1434.77","1426.87","1422.70","1452.41","172358900.00"
"VN30","2022-04-22","1439.32","1444.32","1419.05","1455.15","150755100.00"
"VN30","2022-04-25","1444.79","1366.39","1354.93","1445.62","202426300.00"
"VN30","2022-04-26","1347.83","1396.90","1318.50","1401.33","181776700.00"
"VN30","2022-04-27","1394.85","1402.03","1362.87","1407.70","108117400.00"
"VN30","2022-04-28","1400.60","1400.88","1392.24","1407.82","91674500.00"
"VN30","2022-04-29","1397.80","1417.31","1394.17","1417.90","128034900.00"
"VN30","2022-05-04","1415.43","1389.59","1389.23","1415.45","114189600.00"
"VN30","2022-05-05","1402.60","1404.88","1373.42","1405.43","122134200.00"
"VN30","2022-05-06","1399.54","1373.21","1369.03","1399.54","129906600.00"
"VN30","2022-05-09","1358.56","1314.04","1306.04","1360.64","200878800.00"
"VN30","2022-05-13","1281.28","1223.76","1217.01","1284.94","237555200.00"
"VN30","2022-05-16","1254.88","1215.08","1212.63","1258.25","172770300.00"
"VN30","2022-05-17","1211.88","1279.55","1203.51","1281.33","161817400.00"
"VN30","2022-05-18","1289.50","1286.41","1268.13","1298.69","159937700.00"
"VN30","2022-05-19","1259.59","1283.55","1255.63","1291.49","130077200.00"
"VN30","2022-05-20","1284.89","1282.51","1273.40","1296.00","110100400.00"
"VN30","2022-05-23","1287.49","1255.35","1245.41","1287.65","139331100.00"
"VN30","2022-05-24","1255.77","1272.71","1242.36","1272.71","146366400.00"
"VN30","2022-05-25","1277.54","1310.70","1273.29","1311.32","172697800.00"
"VN30","2022-05-26","1312.56","1309.50","1304.59","1319.21","127930000.00"
"VN30","2022-05-27","1311.78","1335.68","1310.64","1336.99","139406400.00"
"VN30","2022-05-30","1337.39","1342.87","1329.38","1346.19","121531100.00"
"VN30","2022-05-31","1342.08","1332.59","1324.46","1342.08","127915900.00"
"VN30","2022-06-01","1329.02","1335.49","1323.07","1341.47","127582100.00"
"VN30","2022-06-02","1339.12","1325.49","1319.85","1342.47","133902700.00"
"VN30","2022-06-07","1323.19","1324.37","1297.98","1325.23","153980900.00"
"VN30","2022-06-08","1328.95","1342.03","1325.65","1348.40","163072000.00"
"VN30","2022-06-09","1344.56","1342.92","1335.28","1346.13","126600400.00"
"VN30","2022-06-10","1332.93","1325.69","1324.12","1344.85","136585200.00"
"VN30","2022-06-13","1295.26","1260.85","1260.85","1300.45","199019600.00"
"VN30","2022-06-14","1247.39","1261.16","1245.26","1271.28","145640500.00"
"VN30","2022-06-15","1263.96","1253.09","1231.12","1268.33","167431200.00"
"VN30","2022-06-16","1266.87","1280.37","1263.56","1292.02","156455300.00"
"VN30","2022-06-17","1254.05","1258.03","1229.74","1259.39","187300200.00"
"VN30","2022-06-20","1258.30","1225.56","1221.08","1262.83","168768300.00"
"VN30","2022-06-21","1220.76","1224.54","1212.69","1240.80","172801800.00"
"VN30","2022-06-22","1233.28","1227.18","1219.72","1242.06","142695000.00"
"VN30","2022-06-23","1219.40","1240.58","1219.08","1240.58","105240000.00"
"VN30","2022-06-24","1239.54","1235.47","1228.81","1246.22","90437000.00"
"VN30","2022-06-27","1238.02","1256.67","1237.79","1257.12","110597100.00"
"VN30","2022-06-28","1254.35","1273.41","1249.57","1276.21","151571400.00"
"VN30","2022-07-01","1247.70","1252.24","1225.64","1255.67","118891000.00"
"VN30","2022-07-04","1256.20","1248.37","1240.89","1260.72","112840000.00"
"VN30","2022-07-05","1252.48","1242.05","1235.39","1256.47","162030600.00"
"VN30","2022-07-06","1241.19","1211.94","1210.42","1241.19","131179800.00"
"VN30","2022-07-07","1212.36","1229.23","1209.97","1231.46","98638500.00"
"VN30","2022-07-08","1235.65","1231.54","1225.15","1236.85","115987500.00"
"VN30","2022-07-11","1224.20","1209.02","1200.15","1224.20","131002300.00"
"VN30","2022-07-12","1208.06","1219.44","1204.84","1219.44","88675600.00"
"VN30","2022-07-13","1216.83","1216.94","1213.41","1225.85","117179900.00"
"VN30","2022-07-14","1213.73","1221.94","1211.14","1224.01","106757900.00"
"VN30","2022-07-15","1224.15","1220.14","1215.51","1228.48","147665700.00"
"VN30","2022-07-18","1225.40","1214.28","1212.51","1225.69","104038500.00"
"VN30","2022-07-19","1213.55","1211.70","1204.61","1213.64","100592900.00"
"VN30","2022-07-20","1220.25","1225.62","1217.45","1229.62","123377500.00"
"VN30","2022-07-21","1227.31","1235.25","1226.88","1240.91","127715400.00"
"VN30","2022-07-27","1218.13","1219.43","1211.42","1219.43","95584100.00"
"VN30","2022-07-28","1228.73","1236.14","1226.95","1240.65","180062100.00"
"VN30","2022-07-29","1243.17","1232.00","1224.97","1243.17","142294000.00"
"VN30","2022-08-01","1234.74","1256.25","1233.64","1257.10","175842500.00"
"VN30","2022-08-02","1256.32","1265.97","1248.97","1266.14","172175300.00"
"VN30","2022-08-03","1259.47","1269.83","1256.39","1271.85","184352300.00"
"VN30","2022-08-04","1273.71","1277.73","1270.66","1281.46","164088200.00"
"VN30","2022-08-05","1274.45","1272.06","1265.93","1276.68","172672400.00"
"VN30","2022-08-08","1270.27","1276.70","1270.13","1280.13","141948100.00"
"VN30","2022-08-09","1281.38","1281.44","1275.12","1285.52","161794800.00"
"VN30","2022-08-10","1279.58","1277.15","1276.07","1283.06","117050500.00"
"VN30","2022-08-11","1287.13","1272.33","1267.04","1289.29","175275100.00"
"VN30","2022-08-12","1271.39","1280.96","1267.14","1280.96","113933600.00"
"VN30","2022-08-15","1287.13","1293.79","1285.02","1294.11","149048700.00"
"VN30","2022-08-16","1293.72","1295.10","1290.52","1297.38","155261200.00"
"VN30","2022-08-19","1297.97","1294.93","1289.57","1303.73","154225000.00"
"VN30","2022-08-22","1294.78","1285.45","1281.96","1295.69","128864900.00"
"VN30","2022-08-23","1276.09","1292.00","1275.57","1292.00","130485700.00"
"VN30","2022-08-24","1295.07","1296.41","1291.96","1300.40","113650300.00"
"VN30","2022-08-25","1300.29","1311.55","1300.06","1311.55","127468800.00"
"VN30","2022-08-26","1314.73","1306.81","1304.68","1320.16","152914600.00"
"VN30","2022-08-29","1296.03","1293.25","1275.40","1296.03","174325400.00"
"VN30","2022-08-30","1293.41","1298.14","1293.41","1307.12","112858600.00"
"VN30","2022-08-31","1295.71","1301.44","1294.34","1306.45","103562800.00"
"VN30","2022-09-05","1300.38","1298.15","1294.44","1305.62","110009200.00"
"VN30","2022-09-06","1298.79","1299.06","1296.58","1305.90","121911600.00"
"VN30","2022-09-07","1297.31","1268.95","1268.48","1298.17","187243100.00"
"VN30","2022-09-08","1277.63","1265.57","1262.76","1279.34","124239300.00"
"VN30","2022-09-09","1273.37","1275.64","1259.35","1275.64","161748700.00"
"VN30","2022-09-12","1281.62","1275.60","1274.53","1285.17","100037700.00"
"VN30","2022-09-16","1259.90","1252.78","1244.09","1263.97","155329900.00"
"VN30","2022-09-19","1251.43","1229.88","1224.44","1253.45","152498300.00"
"VN30","2022-09-20","1235.93","1241.07","1224.96","1241.44","94432100.00"
"VN30","2022-09-21","1235.84","1228.20","1223.02","1236.05","76490900.00"
"VN30","2022-09-22","1217.63","1228.94","1210.65","1229.26","98659200.00"
"VN30","2022-09-23","1227.34","1215.41","1213.74","1230.72","88494000.00"
"VN30","2022-09-26","1199.39","1187.22","1172.37","1201.89","175236400.00"
"VN30","2022-09-27","1190.46","1182.46","1181.43","1193.79","85342600.00"
"VN30","2022-09-28","1173.82","1160.66","1157.27","1177.58","92268300.00"
"VN30","2022-09-29","1166.59","1147.44","1147.44","1177.21","88046900.00"
"VN30","2022-09-30","1140.18","1152.01","1128.57","1158.03","154777200.00"
"VN30","2022-10-03","1141.87","1102.00","1094.49","1144.95","159888000.00"
"VN30","2022-10-04","1113.80","1097.72","1088.41","1117.87","147867000.00"
"VN30","2022-10-05","1114.60","1117.38","1112.26","1128.94","114403700.00"
"VN30","2022-10-06","1117.70","1081.36","1077.68","1119.76","141259300.00"
"VN30","2022-10-12","1004.53","1034.93","999.00","1039.33","150966500.00"
"VN30","2022-10-13","1034.20","1051.24","1020.97","1051.87","127128600.00"
"VN30","2022-10-14","1068.63","1061.39","1051.42","1070.30","148450300.00"
"VN30","2022-10-17","1051.23","1047.20","1028.34","1051.42","117602900.00"
"VN30","2022-10-18","1061.06","1059.06","1051.85","1068.90","120839700.00"
"VN30","2022-10-19","1061.12","1053.65","1044.69","1062.27","102622000.00"
"VN30","2022-10-20","1049.96","1053.26","1041.08","1060.79","113705500.00"
"VN30","2022-10-21","1055.34","1010.57","999.16","1055.34","193757000.00"
"VN30","2022-10-24","1012.79","973.88","961.79","1013.24","170993600.00"
"VN30","2022-10-25","971.29","991.52","950.19","1006.69","183292900.00"
"VN30","2022-10-26","995.73","990.41","979.40","999.59","77220600.00"
"VN30","2022-10-27","992.95","1028.50","986.54","1028.51","159809500.00"
"VN30","2022-10-28","1036.94","1029.49","1022.58","1046.04","147687400.00"
"VN30","2022-10-31","1027.57","1026.84","999.47","1031.66","188840700.00"
"VN30","2022-11-01","1028.23","1038.09","1028.23","1049.77","243894300.00"
"VN30","2022-11-04","1006.73","997.92","971.72","1009.00","256472300.00"
"VN30","2022-11-07","992.40","972.85","968.30","999.43","179097800.00"
"VN30","2022-11-08","957.88","980.09","950.81","981.51","185773700.00"
"VN30","2022-11-09","980.92","979.68","969.19","993.28","166478600.00"
"VN30","2022-11-10","969.79","936.80","925.02","969.79","252587000.00"
"VN30","2022-11-11","946.68","948.86","941.84","963.55","213492300.00"
"VN30","2022-11-14","945.97","936.31","913.50","945.97","211967900.00"
"VN30","2022-11-15","923.20","904.77","893.49","927.37","218103000.00"
"VN30","2022-11-16","878.24","940.29","863.31","947.45","249949000.00"
"VN30","2022-11-17","941.77","971.04","941.77","975.42","184689400.00"
"VN30","2022-11-18","967.82","971.20","941.18","977.19","264087200.00"
"VN30","2022-11-21","970.64","956.89","950.43","972.15","132087900.00"
"VN30","2022-11-22","956.31","945.54","941.85","985.18","368681000.00"
"VN30","2022-11-23","939.08","938.73","932.57","951.86","154603600.00"
"VN30","2022-11-24","932.69","940.76","925.55","941.69","136323900.00"
"VN30","2022-11-30","1034.78","1049.21","1018.59","1054.98","264696800.00"
"VN30","2022-12-01","1059.80","1042.64","1040.95","1073.32","434444200.00"
"VN30","2022-12-02","1037.93","1092.99","1037.08","1094.02","331170900.00"
"VN30","2022-12-05","1094.39","1110.94","1094.39","1120.56","375073300.00"
"VN30","2022-12-06","1109.50","1054.06","1054.06","1109.50","405650300.00"
"VN30","2022-12-07","1051.55","1047.58","1037.15","1064.73","242093400.00"
"VN30","2022-12-08","1061.99","1062.73","1055.63","1093.64","304556000.00"
"VN30","2022-12-09","1069.38","1065.08","1051.62","1076.67","236860100.00"
"VN30","2022-12-12","1071.27","1037.42","1035.73","1073.44","219916600.00"
"VN30","2022-12-13","1038.63","1056.43","1028.37","1063.62","241921600.00"
"VN30","2022-12-14","1056.76","1056.17","1052.25","1071.02","192525100.00"
"VN30","2022-12-15","1055.49","1068.08","1055.49","1076.03","248619400.00"
"VN30","2022-12-16","1061.58","1064.07","1057.38","1077.27","249610500.00"
"VN30","2022-12-19","1063.72","1050.22","1050.22","1081.55","258388700.00"
"VN30","2022-12-20","1046.69","1029.79","1015.66","1049.39","283476500.00"
"VN30","2022-12-26","1032.42","987.77","987.63","1033.17","175227100.00"
"VN30","2022-12-27","988.87","1007.36","985.67","1015.01","153659700.00"
"VN30","2022-12-28","1009.19","1013.95","997.12","1023.24","123259200.00"
"VN30","2022-12-29","1011.83","1008.30","1004.52","1022.15","121025100.00"
"VN30","2022-12-30","1016.71","1005.19","997.92","1017.45","95618200.00"
"VN30","2023-01-03","1010.52","1047.25","1010.03","1047.25","159603100.00"
"VN30","2023-01-04","1051.66","1050.15","1046.61","1059.01","172220100.00"
"VN30","2023-01-05","1052.32","1061.90","1051.60","1066.15","164272100.00"
"VN30","2023-01-06","1060.14","1057.40","1053.29","1075.33","192684700.00"
"VN30","2023-01-09","1064.87","1061.14","1056.76","1068.77","126305900.00"
"VN30","2023-01-10","1062.22","1060.53","1052.09","1066.08","126759300.00"
"VN30","2023-01-11","1065.69","1065.22","1063.96","1076.22","161506400.00"
"VN30","2023-01-12","1068.47","1066.24","1059.52","1072.81","113842100.00"
"VN30","2023-01-13","1071.84","1069.86","1063.68","1077.45","149047500.00"
"VN30","2023-01-16","1072.44","1075.71","1066.78","1076.97","126804200.00"
"VN30","2023-01-19","1110.50","1121.92","1108.96","1126.12","198680900.00"
"VN30","2023-01-27","1128.45","1130.65","1123.94","1142.08","166002800.00"
"VN30","2023-01-30","1132.45","1113.95","1113.95","1132.97","199040000.00"
"VN30","2023-01-31","1112.15","1125.07","1098.65","1125.07","197903400.00"
"VN30","2023-02-01","1128.13","1088.09","1086.58","1130.20","285537600.00"
"VN30","2023-02-02","1093.55","1093.48","1082.97","1099.39","164042900.00"
"VN30","2023-02-03","1094.14","1085.70","1081.05","1095.87","184371900.00"
"VN30","2023-02-06","1078.72","1094.37","1073.44","1095.60","144676700.00"
"VN30","2023-02-07","1094.51","1069.50","1068.55","1096.93","192814800.00"
"VN30","2023-02-08","1072.08","1073.38","1064.93","1082.89","154785200.00"
"VN30","2023-02-09","1070.32","1059.91","1058.63","1076.48","137746100.00"
"VN30","2023-02-10","1060.91","1048.74","1046.16","1064.53","112861800.00"
"VN30","2023-02-13","1044.49","1040.40","1024.98","1045.60","156780900.00"
"VN30","2023-02-14","1040.85","1034.93","1030.51","1042.96","110767700.00"
"VN30","2023-02-15","1032.58","1043.34","1028.11","1048.85","180543800.00"
"VN30","2023-03-02","1032.84","1028.73","1025.13","1037.73","89256500.00"
"VN30","2023-03-03","1029.59","1013.35","1010.18","1033.71","87583900.00"
"VN30","2023-03-06","1022.57","1014.26","1011.76","1034.56","116857200.00"
"VN30","2023-02-21","1089.77","1080.90","1077.64","1096.35","162726500.00"
"VN30","2023-02-22","1078.98","1051.08","1050.70","1078.98","185390800.00"
"VN30","2023-02-23","1050.07","1050.95","1026.92","1050.95","171905400.00"
"VN30","2023-02-24","1048.22","1030.42","1027.16","1048.27","95825600.00"
"VN30","2023-02-27","1028.67","1011.46","1002.49","1028.67","135197000.00"
"VN30","2023-02-28","1018.66","1014.96","1009.18","1026.65","89491700.00"
"VN30","2023-03-01","1013.83","1034.43","1001.05","1034.44","116920400.00"
"VN30","2020-07-07","803.61","805.68","803.46","812.48","100703199.00"
"VN30","2020-08-07","781.60","782.15","778.45","785.99","73386057.00"
"VN30","2022-12-23","1037.91","1034.13","1022.51","1041.37","129851000.00"
"VN30","2020-02-05","845.65","845.31","840.41","854.72","81526613.00"
"VN30","2020-03-09","835.65","782.85","781.12","835.97","123922333.00"
"VN30","2020-03-30","641.92","611.79","605.00","642.23","82496860.00"
"VN30","2020-05-05","710.22","711.01","707.49","714.59","67391188.00"
"VN30","2020-05-26","807.55","815.01","807.25","815.96","106561220.00"
"VN30","2020-06-16","779.80","798.82","778.71","801.42","112197434.00"
"VN30","2023-01-18","1106.89","1115.72","1104.98","1117.23","152880900.00"
"VN30","2022-11-28","974.42","1004.34","974.23","1006.06","398075900.00"
"VN30","2020-01-08","876.64","865.18","861.51","876.70","122997524.00"
"VN30","2020-08-28","814.55","821.93","814.55","828.88","133178776.00"
"VN30","2020-09-21","841.26","851.54","841.26","852.65","127374440.00"
"VN30","2020-10-12","874.53","874.90","871.58","882.84","143885260.00"
"VN30","2020-11-02","892.55","899.27","889.83","900.03","85228840.00"
"VN30","2020-11-23","950.89","960.03","946.14","961.35","178269652.00"
"VN30","2021-08-05","1469.13","1486.46","1465.10","1488.79","202298400.00"
"VN30","2023-03-07","1025.78","1027.16","1024.02","1037.97","144462100.00"
"VN30","2023-03-08","1017.35","1040.59","1017.35","1041.06","141321700.00"
"VN30","2020-12-14","1008.65","1024.28","1008.65","1024.28","185717164.00"
"VN30","2021-08-09","1472.78","1497.83","1467.32","1499.90","219198600.00"
"VN30","2023-04-10","1082.62","1077.41","1073.79","1087.60","192683500.00"
"VN30","2021-01-06","1104.30","1113.72","1104.30","1125.63","248770625.00"
"VN30","2021-01-27","1125.09","1083.63","1073.74","1125.25","250746700.00"
"VN30","2021-02-08","1135.50","1092.59","1077.40","1136.38","235037200.00"
"VN30","2021-03-18","1193.45","1211.54","1193.45","1211.54","171174400.00"
"VN30","2021-04-08","1257.77","1251.81","1249.45","1263.03","167901396.00"
"VN30","2021-05-12","1359.19","1380.17","1350.80","1380.23","270497210.00"
"VN30","2021-05-24","1425.04","1430.48","1421.17","1433.59","264731568.00"
"VN30","2021-06-23","1489.24","1489.53","1485.13","1502.79","203405300.00"
"VN30","2021-07-14","1442.20","1410.30","1395.16","1446.13","231512180.00"
"VN30","2021-08-04","1476.82","1472.20","1465.66","1480.28","239877873.00"
"VN30","2021-08-10","1506.50","1494.41","1490.00","1508.92","196352800.00"
"VN30","2021-08-11","1497.13","1487.91","1487.91","1506.80","252419157.00"
"VN30","2021-08-12","1487.10","1477.06","1477.06","1493.69","188983240.00"
"VN30","2021-08-18","1493.12","1489.54","1484.26","1500.17","212862708.00"
"VN30","2021-08-19","1489.74","1505.01","1479.60","1505.01","250044345.00"
"VN30","2021-08-24","1415.71","1418.26","1407.72","1423.46","203685300.00"
"VN30","2021-08-26","1432.37","1412.45","1408.08","1433.67","160343498.00"
"VN30","2021-08-30","1427.48","1431.05","1420.77","1434.25","164802852.00"
"VN30","2021-08-31","1435.52","1428.66","1425.71","1437.38","160233300.00"
"VN30","2021-09-09","1432.84","1447.28","1431.55","1449.16","178029305.00"
"VN30","2021-09-21","1444.75","1446.22","1433.77","1455.71","183795300.00"
"VN30","2021-10-13","1512.73","1505.55","1502.19","1518.83","141873950.00"
"VN30","2021-10-14","1504.85","1503.38","1498.31","1511.14","176172000.00"
"VN30","2021-11-05","1531.06","1531.76","1523.16","1536.47","156544900.00"
"VN30","2021-11-08","1536.17","1535.66","1528.95","1541.83","226883900.00"
"VN30","2021-11-30","1567.44","1537.59","1526.29","1568.09","267779509.00"
"VN30","2021-12-01","1536.67","1549.81","1531.20","1549.81","195835400.00"
"VN30","2021-12-02","1553.21","1540.88","1540.81","1555.49","164883095.00"
"VN30","2021-12-24","1484.51","1506.67","1481.37","1507.48","197961200.00"
"VN30","2021-12-27","1515.67","1514.55","1500.31","1517.45","134565900.00"
"VN30","2021-12-28","1518.56","1523.54","1509.58","1523.67","189418700.00"
"VN30","2022-01-20","1479.81","1492.81","1474.67","1499.47","163721300.00"
"VN30","2022-01-21","1497.61","1502.16","1492.21","1508.65","218982600.00"
"VN30","2022-01-24","1496.36","1471.31","1465.76","1499.22","243478300.00"
"VN30","2022-02-22","1522.91","1532.36","1510.07","1532.36","223625500.00"
"VN30","2022-02-23","1536.60","1538.83","1532.36","1547.19","158142200.00"
"VN30","2022-03-17","1480.32","1469.92","1468.99","1480.86","109378100.00"
"VN30","2022-03-18","1474.02","1476.94","1474.02","1482.96","148418800.00"
"VN30","2022-03-21","1480.29","1502.67","1480.29","1502.67","124702300.00"
"VN30","2022-04-13","1512.37","1525.39","1506.45","1526.44","143871600.00"
"VN30","2022-04-14","1526.49","1518.01","1507.83","1534.28","119609300.00"
"VN30","2022-05-10","1312.10","1345.46","1285.67","1346.25","157234400.00"
"VN30","2022-05-11","1344.14","1349.82","1324.20","1355.11","94773600.00"
"VN30","2022-05-12","1337.01","1279.76","1279.48","1339.25","163224300.00"
"VN30","2022-06-03","1322.45","1327.40","1313.40","1329.90","100179800.00"
"VN30","2022-06-06","1328.73","1327.04","1321.08","1336.96","132834400.00"
"VN30","2022-06-29","1259.83","1273.40","1259.41","1274.73","113295900.00"
"VN30","2022-06-30","1273.99","1248.92","1245.42","1276.23","118013500.00"
"VN30","2022-07-22","1238.46","1228.84","1227.59","1241.65","106142000.00"
"VN30","2022-07-25","1224.25","1222.60","1217.67","1231.84","94341400.00"
"VN30","2022-07-26","1221.43","1218.49","1218.11","1227.10","93438000.00"
"VN30","2022-08-17","1297.25","1300.40","1296.58","1304.49","146611100.00"
"VN30","2022-08-18","1299.09","1299.93","1295.54","1311.73","162054000.00"
"VN30","2022-09-13","1277.48","1272.48","1271.20","1279.55","94065400.00"
"VN30","2022-09-14","1254.44","1260.88","1250.98","1262.80","142289600.00"
"VN30","2022-09-15","1267.24","1262.82","1260.21","1269.54","101057100.00"
"VN30","2022-10-07","1064.72","1039.54","1027.64","1067.03","261705900.00"
"VN30","2022-10-10","1025.48","1038.93","1011.44","1052.24","178313500.00"
"VN30","2022-10-11","1031.12","1001.68","986.14","1031.12","200927800.00"
"VN30","2022-11-02","1037.47","1025.18","1020.00","1039.42","167911600.00"
"VN30","2022-11-03","1012.90","1023.80","1010.57","1029.53","120449100.00"
"VN30","2022-11-25","948.66","967.49","947.56","967.59","170888500.00"
"VN30","2022-11-29","1007.58","1029.04","995.12","1029.04","366388700.00"
"VN30","2022-12-21","1041.05","1033.10","1011.90","1041.65","212814200.00"
"VN30","2022-12-22","1033.72","1038.34","1031.29","1048.84","188500800.00"
"VN30","2023-01-17","1077.48","1103.73","1077.48","1104.44","207937100.00"
"VN30","2023-02-16","1047.66","1055.26","1040.01","1055.28","122231200.00"
"VN30","2023-02-17","1055.29","1053.72","1047.13","1057.59","121132100.00"
"VN30","2023-02-20","1052.38","1087.36","1052.36","1087.45","190180000.00"
"VN30","2023-03-09","1042.11","1050.28","1041.49","1056.56","184273800.00"
"VN30","2023-03-10","1044.51","1047.20","1039.59","1049.45","128916400.00"
"VN30","2023-03-13","1042.60","1050.07","1041.25","1053.64","194875200.00"
"VN30","2023-03-14","1047.47","1037.35","1032.51","1049.35","168371200.00"
"VN30","2023-03-15","1040.63","1064.38","1040.63","1065.77","188587900.00"
"VN30","2023-03-16","1056.81","1046.99","1036.45","1059.61","149054800.00"
"VN30","2023-03-17","1053.48","1047.71","1036.77","1055.20","181681000.00"
"VN30","2023-03-20","1041.86","1024.50","1019.43","1042.07","145469200.00"
"VN30","2023-03-21","1031.34","1035.04","1016.77","1037.90","138383800.00"
"VN30","2023-03-22","1035.49","1043.14","1035.49","1046.48","138724000.00"
"VN30","2023-03-23","1038.93","1046.60","1033.23","1046.73","112085300.00"
"VN30","2023-03-24","1049.05","1051.42","1047.46","1056.67","157939400.00"
"VN30","2023-03-27","1055.67","1056.45","1046.80","1060.96","163098000.00"
"VN30","2023-03-28","1060.85","1058.82","1054.63","1064.68","188766000.00"
"VN30","2023-03-29","1059.87","1061.45","1053.12","1061.45","136523400.00"
"VN30","2023-03-30","1067.25","1067.24","1065.52","1073.93","182230700.00"
"VN30","2023-03-31","1067.72","1073.68","1067.72","1078.15","187272600.00"
"VN30","2023-04-03","1080.90","1088.72","1080.90","1088.84","231132900.00"
"VN30","2023-04-04","1090.07","1088.34","1083.67","1091.13","181857200.00"
"VN30","2023-04-05","1088.33","1089.83","1082.73","1089.86","193490600.00"
"VN30","2023-04-06","1091.15","1078.86","1078.42","1093.99","233206600.00"
"VN30","2023-04-07","1079.00","1078.88","1071.15","1080.90","139163100.00"
"VN30","2023-04-11","1075.78","1081.71","1067.28","1082.89","179516400.00"
"VN30","2023-04-12","1083.06","1080.69","1077.86","1084.26","196534500.00"
"VN30","2023-04-13","1081.78","1074.67","1072.11","1082.21","156894000.00"
"VN30","2023-04-14","1078.36","1063.43","1058.28","1079.87","173433400.00"
"VN30","2023-04-17","1063.18","1065.02","1058.55","1065.40","96961600.00"
"VN30","2023-04-18","1067.02","1064.55","1060.75","1068.82","122124500.00"
"VN30","2023-04-19","1067.39","1056.14","1055.50","1067.74","140534200.00"
"VN30","2023-04-20","1056.74","1053.61","1050.35","1057.82","83437900.00"
"VN30","2023-04-21","1054.74","1046.18","1045.21","1055.48","147507300.00"
"VN30","2023-04-24","1049.24","1046.17","1041.46","1054.00","104497200.00"
"VN30","2023-04-25","1046.60","1037.04","1035.32","1051.54","121260900.00"
"VN30","2023-04-26","1036.30","1045.24","1029.94","1045.40","125179500.00"
"VN30","2023-04-27","1045.78","1041.54","1037.41","1048.26","105507800.00"
"VN30","2023-05-16","1072.98","1069.64","1066.92","1073.66","126568900.00"
"VN30","2023-04-28","1045.38","1051.43","1043.15","1051.80","140090700.00"
"VN30","2023-05-04","1046.32","1039.64","1036.37","1047.93","126654000.00"
"VN30","2023-05-05","1038.51","1038.46","1034.51","1042.11","91875600.00"
"VN30","2023-05-08","1041.07","1049.72","1041.07","1050.58","147570400.00"
"VN30","2023-05-09","1049.86","1049.67","1048.73","1054.49","104914000.00"
"VN30","2023-05-10","1051.62","1054.99","1048.60","1055.36","124297100.00"
"VN30","2023-05-11","1058.02","1054.93","1053.62","1061.48","129126500.00"
"VN30","2023-05-12","1056.09","1066.44","1051.75","1066.44","168084800.00"
"VN30","2023-05-15","1067.26","1070.90","1067.26","1080.72","195775100.00"
"VN30","2023-05-17","1069.54","1062.10","1061.70","1073.87","153740400.00"
"VN30","2023-05-18","1065.39","1070.76","1063.08","1076.86","146692200.00"
"VN30","2023-05-19","1072.77","1068.84","1060.72","1072.77","122547300.00"
"VN30","2023-05-22","1070.37","1073.74","1068.55","1074.11","141531300.00"
"VN30","2023-05-23","1074.26","1068.05","1063.85","1076.89","171213100.00"
"VN30","2023-05-24","1071.57","1061.55","1059.45","1072.52","155557400.00"
"VN30","2023-05-25","1061.16","1062.15","1057.35","1064.24","137266500.00"
"VN30","2023-05-26","1064.26","1060.81","1057.53","1064.95","110971200.00"
"VN30","2023-05-29","1063.62","1069.77","1062.79","1071.60","133472100.00"
"VN30","2023-05-30","1073.99","1071.82","1066.98","1074.46","169593000.00"
"VN30","2023-05-31","1072.72","1066.33","1056.25","1074.30","193467500.00"
"VN30","2023-06-01","1065.27","1068.09","1060.29","1071.10","162835700.00"
"VN30","2023-06-02","1074.51","1086.96","1073.95","1089.22","263652700.00"
"VN30","2023-06-05","1097.53","1091.08","1090.10","1100.37","215247800.00"
"VN30","2023-06-06","1091.71","1102.32","1090.95","1102.34","198431300.00"
"VN30","2023-06-07","1104.30","1105.68","1100.11","1107.09","266661200.00"
"VN30","2023-06-08","1107.86","1092.46","1090.34","1110.87","279409500.00"
"VN30","2023-06-09","1095.41","1100.85","1089.37","1100.89","198752900.00"
"VN30","2023-06-12","1104.08","1109.63","1092.30","1109.71","180994000.00"
"VN30","2023-06-13","1110.95","1115.39","1108.50","1115.39","237698000.00"
"VN30","2023-06-14","1116.53","1110.60","1110.60","1123.86","230823000.00"
"VN30","2023-06-15","1110.52","1108.57","1104.60","1113.23","171341000.00"
"VN30","2023-06-16","1108.59","1109.06","1103.82","1125.62","320743100.00"
"VN30","2023-06-19","1110.01","1098.94","1095.99","1111.21","193097900.00"
"VN30","2023-06-20","1098.92","1104.27","1095.38","1105.53","145933900.00"
"VN30","2023-06-21","1104.24","1112.07","1101.27","1112.19","185854600.00"
"VN30","2023-06-22","1119.33","1117.60","1115.57","1122.60","199385600.00"
"VN30","2023-06-23","1118.78","1126.76","1117.41","1127.29","231869300.00"
"VN30","2023-06-26","1130.04","1131.23","1118.53","1134.11","238649500.00"
"VN30","2023-06-27","1134.28","1134.41","1128.20","1135.65","174324200.00"
"VN30","2023-06-28","1135.89","1141.12","1131.92","1143.53","254956300.00"
"VN30","2023-06-29","1141.81","1125.29","1123.90","1142.72","218030600.00"
"VN30","2023-06-30","1125.21","1123.13","1117.15","1127.28","158134100.00"
"VN30","2023-07-03","1127.12","1123.37","1120.63","1130.09","140246800.00"
"VN30","2023-07-04","1123.54","1128.00","1119.29","1128.47","163469800.00"
"VN30","2023-07-05","1131.15","1129.76","1128.19","1134.68","212147700.00"
"VN30","2023-07-06","1129.74","1119.44","1115.91","1131.54","224551900.00"
"VN30","2023-07-12","1147.63","1146.54","1141.81","1150.88","223013000.00"
"VN30","2023-07-07","1118.20","1129.43","1116.02","1129.43","163613500.00"
"VN30","2023-07-10","1134.97","1143.16","1132.73","1143.28","247572700.00"
"VN30","2023-07-13","1152.58","1156.11","1148.71","1156.11","187657600.00"
"VN30","2023-07-20","1164.69","1168.26","1159.64","1170.44","218934700.00"
"VN30","2023-07-11","1144.35","1146.67","1143.60","1152.16","233519300.00"
"VN30","2023-07-17","1164.52","1164.58","1160.47","1166.76","238536000.00"
"VN30","2023-07-19","1169.64","1165.19","1164.20","1171.07","198669400.00"
"VN30","2023-07-18","1163.70","1166.82","1159.05","1167.81","221175000.00"
"VN30","2023-07-14","1161.06","1160.59","1146.26","1162.16","287043800.00"
"VN30","2023-07-21","1167.74","1186.60","1166.55","1186.61","243819000.00"
"VN30","2023-07-24","1191.30","1193.14","1182.45","1194.04","265150200.00"
"VN30","2023-07-25","1195.05","1198.01","1194.89","1202.39","253337500.00"
"VN30","2023-07-26","1196.88","1201.43","1195.31","1201.60","247532300.00"
"VN30","2023-07-27","1201.11","1199.68","1192.64","1205.35","263444700.00"
"VN30","2023-07-28","1199.90","1212.45","1197.53","1212.49","251636000.00"
"VN30","2023-08-14","1244.67","1243.43","1234.12","1245.96","228144000.00"
"VN30","2023-07-31","1224.47","1230.81","1217.02","1230.88","294895700.00"
"VN30","2023-08-08","1252.05","1247.81","1243.84","1254.21","232457500.00"
"VN30","2023-08-01","1239.16","1222.18","1222.18","1240.99","328433400.00"
"VN30","2023-08-02","1220.70","1221.32","1216.67","1226.12","218570500.00"
"VN30","2023-08-03","1219.88","1210.80","1207.43","1223.94","264562500.00"
"VN30","2023-08-04","1211.77","1231.42","1211.77","1231.42","321004800.00"
"VN30","2023-08-07","1230.38","1250.68","1230.38","1250.68","284030100.00"
"VN30","2023-08-11","1235.59","1240.77","1221.03","1242.47","234807300.00"
"VN30","2023-08-09","1246.12","1239.84","1235.87","1248.52","249111600.00"
"VN30","2023-08-10","1241.59","1226.20","1224.62","1243.16","204527400.00"
"VN30","2023-08-15","1244.31","1241.24","1236.55","1244.62","185981200.00"
"VN30","2023-08-16","1246.81","1256.95","1242.26","1257.57","248293000.00"
"VN30","2023-08-17","1257.81","1247.82","1245.68","1259.50","281533700.00"
"VN30","2023-08-18","1240.53","1190.10","1183.65","1243.69","424012300.00"
"VN30","2023-08-30","1215.62","1225.56","1214.77","1227.68","214224800.00"
"VN30","2023-08-21","1190.69","1190.32","1178.54","1199.60","259164600.00"
"VN30","2023-08-22","1192.11","1193.51","1158.60","1195.97","266991500.00"
"VN30","2023-08-23","1206.62","1182.97","1177.50","1207.84","225106400.00"
"VN30","2023-08-24","1184.28","1201.88","1180.46","1203.61","189181900.00"
"VN30","2023-08-25","1201.73","1193.93","1190.54","1203.52","186679900.00"
"VN30","2023-08-28","1200.26","1213.40","1199.02","1213.61","187940700.00"
"VN30","2023-08-29","1215.97","1215.47","1207.72","1217.89","206955300.00"
"VN30","2023-09-06","1246.83","1260.03","1238.44","1260.03","250655300.00"
"VN30","2023-08-31","1225.93","1234.53","1223.86","1235.71","195054200.00"
"VN30","2023-09-05","1241.51","1244.64","1238.60","1248.97","252634300.00"
"VN30","2023-09-07","1261.35","1255.22","1249.05","1268.05","274250200.00"
"VN30","2023-09-08","1252.10","1249.14","1247.95","1258.33","228776300.00"
"VN30","2023-09-11","1258.17","1230.71","1225.22","1259.48","328067100.00"
"VN30","2023-09-12","1230.70","1255.83","1227.32","1255.83","255519990.00"
"VN30","2023-09-13","1258.04","1247.95","1241.95","1260.37","296256400.00"
"VN30","2023-09-14","1247.87","1234.06","1231.53","1255.75","287972500.00"
"VN30","2023-09-15","1239.38","1238.81","1231.77","1244.82","273159500.00"
"VN30","2023-09-18","1235.20","1223.70","1214.74","1236.53","210408600.00"
"VN30","2023-09-19","1224.26","1225.50","1212.51","1229.61","226794700.00"
"VN30","2023-09-20","1224.64","1234.57","1221.64","1237.21","192767800.00"
"VN30","2023-09-21","1233.29","1219.19","1217.66","1235.30","254094500.00"
"VN30","2023-09-26","1163.17","1153.37","1150.97","1174.24","242760200.00"
"VN30","2023-09-22","1210.14","1197.69","1180.11","1210.14","362176600.00"
"VN30","2023-09-25","1194.58","1159.94","1151.40","1199.65","263854600.00"
"VN30","2023-09-27","1155.51","1168.60","1141.09","1168.60","190471800.00"
"VN30","2023-09-28","1167.96","1164.45","1144.47","1168.09","193653000.00"
"VN30","2023-09-29","1169.26","1166.26","1160.25","1176.77","144904400.00"
"VN30","2023-10-02","1166.64","1167.13","1159.16","1173.06","119866100.00"
"VN30","2023-10-03","1156.86","1130.89","1126.04","1158.38","260264000.00"
"VN30","2023-10-04","1129.15","1138.54","1118.74","1146.21","159113300.00"
"VN30","2023-10-17","1157.63","1141.03","1136.94","1160.30","141759900.00"
"VN30","2023-10-05","1141.25","1124.48","1123.78","1143.34","131346300.00"
"VN30","2023-10-06","1125.62","1139.78","1120.36","1141.01","153208329.00"
"VN30","2023-10-09","1139.07","1150.37","1135.67","1150.37","146624800.00"
"VN30","2023-10-10","1153.05","1160.28","1153.05","1163.47","155499600.00"
"VN30","2023-10-11","1161.87","1167.29","1154.56","1167.29","113752100.00"
"VN30","2023-10-12","1170.48","1165.49","1162.00","1172.08","142882900.00"
"VN30","2023-10-18","1143.95","1125.56","1108.88","1144.89","233686700.00"
"VN30","2023-10-13","1158.34","1166.66","1152.58","1167.61","149211400.00"
"VN30","2023-10-16","1165.75","1153.21","1151.13","1168.02","173241000.00"
"VN30","2023-10-19","1126.67","1104.89","1102.34","1126.86","166987900.00"
"VN30","2023-10-24","1110.27","1117.12","1102.05","1121.39","111126400.00"
"VN30","2023-10-20","1104.83","1123.69","1094.86","1125.63","154958000.00"
"VN30","2023-10-23","1122.73","1106.85","1098.63","1123.28","131293600.00"
"VN30","2023-10-25","1117.92","1113.32","1111.99","1124.85","105615900.00"
"VN30","2023-10-26","1094.92","1064.95","1056.32","1094.92","311835600.00"
"VN30","2023-11-14","1112.37","1119.28","1109.79","1124.76","222666800.00"
"VN30","2023-10-27","1070.98","1067.57","1050.32","1073.60","169708400.00"
"VN30","2023-11-09","1130.64","1122.95","1121.03","1137.05","231992300.00"
"VN30","2023-10-30","1063.14","1047.63","1046.48","1066.38","130428600.00"
"VN30","2023-10-31","1049.56","1039.38","1029.54","1053.05","192354100.00"
"VN30","2023-11-01","1038.90","1051.65","1034.04","1053.80","166561800.00"
"VN30","2023-11-02","1052.14","1087.50","1052.14","1087.99","195216900.00"
"VN30","2023-11-03","1088.31","1086.19","1079.00","1095.71","203945000.00"
"VN30","2023-11-06","1094.14","1103.52","1093.62","1104.46","169809800.00"
"VN30","2023-11-07","1100.40","1092.71","1089.13","1101.70","133874300.00"
"VN30","2023-11-08","1092.51","1129.95","1086.85","1129.95","233454800.00"
"VN30","2023-11-10","1113.38","1109.05","1107.51","1123.66","205943700.00"
"VN30","2023-11-13","1109.14","1106.72","1099.45","1114.13","185210100.00"
"VN30","2023-11-15","1130.53","1131.90","1125.27","1144.88","271846600.00"
"VN30","2023-11-16","1129.11","1132.60","1123.29","1132.71","140287100.00"
"VN30","2023-11-17","1135.52","1103.53","1096.44","1137.73","260942400.00"
"VN30","2023-11-20","1085.26","1102.85","1085.26","1114.63","172462200.00"
"VN30","2023-11-21","1103.60","1108.60","1102.33","1113.69","128420200.00"
"VN30","2023-11-22","1109.31","1109.80","1098.21","1112.98","152389300.00"
"VN30","2023-11-23","1113.31","1082.68","1082.31","1114.87","170074500.00"
"VN30","2023-12-08","1111.28","1114.89","1109.67","1118.81","209970600.00"
"VN30","2023-11-24","1085.26","1087.34","1068.59","1087.34","188232900.00"
"VN30","2023-12-04","1094.42","1107.16","1093.85","1111.90","261891000.00"
"VN30","2023-11-27","1086.89","1078.42","1076.62","1088.03","127258700.00"
"VN30","2023-11-28","1078.86","1088.51","1068.24","1089.40","132905000.00"
"VN30","2023-11-29","1090.14","1093.16","1087.95","1097.42","122220800.00"
"VN30","2023-11-30","1091.44","1081.70","1074.98","1097.22","141105200.00"
"VN30","2023-12-01","1088.07","1090.39","1077.33","1091.17","123453100.00"
"VN30","2023-12-07","1109.67","1111.35","1096.22","1115.24","299704100.00"
"VN30","2023-12-05","1108.02","1100.42","1096.77","1109.48","155060000.00"
"VN30","2023-12-06","1101.23","1109.27","1100.14","1109.27","157261300.00"
"VN30","2023-12-11","1118.79","1117.34","1111.73","1120.07","149506100.00"
"VN30","2023-12-12","1119.26","1121.21","1114.98","1121.22","141870100.00"
"VN30","2023-12-25","1099.72","1111.86","1099.44","1113.73","136592100.00"
"VN30","2023-12-13","1123.34","1106.83","1104.39","1124.71","190653600.00"
"VN30","2023-12-14","1111.12","1104.49","1102.67","1113.01","155389300.00"
"VN30","2023-12-15","1105.20","1097.40","1087.38","1107.15","180853900.00"
"VN30","2023-12-18","1098.77","1084.67","1082.80","1099.41","150818300.00"
"VN30","2023-12-19","1083.60","1091.87","1076.36","1091.87","147447600.00"
"VN30","2023-12-20","1092.29","1097.01","1089.08","1097.04","206287422.00"
"VN30","2023-12-26","1113.89","1115.52","1111.11","1117.33","151800200.00"
"VN30","2023-12-21","1092.75","1097.43","1090.03","1097.82","107762800.00"
"VN30","2023-12-22","1097.23","1097.45","1093.19","1099.53","138256700.00"
"VN30","2024-01-02","1137.11","1131.64","1129.32","1140.11","184122400.00"
"VN30","2023-12-27","1116.48","1115.94","1115.22","1120.56","128691400.00"
"VN30","2023-12-28","1116.66","1128.51","1115.27","1129.33","167217600.00"
"VN30","2023-12-29","1130.89","1131.46","1129.42","1136.02","179284200.00"
"VN30","2024-01-03","1131.57","1144.85","1126.57","1144.85","179482300.00"
"VN30","2024-01-04","1145.72","1156.37","1144.57","1167.27","422184400.00"
"VN30","2024-01-18","1168.44","1173.91","1166.29","1175.60","179923900.00"
"VN30","2024-01-05","1156.71","1161.14","1152.79","1161.53","229357300.00"
"VN30","2024-01-08","1164.43","1163.52","1159.73","1169.95","234159000.00"
"VN30","2024-01-09","1163.20","1160.21","1156.01","1164.86","220971300.00"
"VN30","2024-01-10","1160.50","1162.68","1158.53","1168.93","349789500.00"
"VN30","2024-01-11","1164.80","1163.56","1159.52","1172.49","258080000.00"
"VN30","2024-01-12","1161.72","1163.66","1149.61","1167.94","372894400.00"
"VN30","2024-01-15","1168.07","1161.30","1160.57","1172.16","197844200.00"
"VN30","2024-01-16","1157.85","1170.19","1155.25","1170.19","198438700.00"
"VN30","2024-01-19","1176.62","1185.23","1176.54","1186.03","220568400.00"
"VN30","2024-01-17","1169.52","1166.61","1165.32","1177.01","220035400.00"
"VN30","2024-01-23","1191.54","1183.85","1180.91","1193.19","199943300.00"
"VN30","2024-01-22","1189.98","1189.56","1183.04","1192.57","257229500.00"
"VN30","2024-01-24","1182.22","1179.45","1178.34","1188.11","216664400.00"
"VN30","2024-01-25","1180.64","1177.52","1174.11","1180.68","148292000.00"
"VN30","2024-01-26","1180.02","1182.82","1180.02","1184.90","141234500.00"
"VN30","2024-01-29","1184.54","1179.17","1177.40","1185.62","150513100.00"
"VN30","2024-02-15","1213.84","1217.12","1213.84","1226.09","288083200.00"
"VN30","2024-01-30","1178.90","1181.71","1176.91","1182.49","153224500.00"
"VN30","2024-01-31","1183.54","1166.33","1158.34","1185.27","389450500.00"
"VN30","2024-02-01","1165.05","1173.35","1164.77","1175.62","158506400.00"
"VN30","2024-02-02","1174.02","1174.76","1169.74","1178.85","219967200.00"
"VN30","2024-02-05","1176.74","1197.36","1176.30","1201.33","293637900.00"
"VN30","2024-02-06","1199.73","1199.17","1196.66","1203.83","157842500.00"
"VN30","2024-02-16","1221.31","1224.54","1217.46","1224.54","209159300.00"
"VN30","2024-02-19","1228.71","1240.20","1226.97","1240.38","328462300.00"
"VN30","2024-02-07","1201.39","1212.70","1201.04","1214.54","201300500.00"
"VN30","2024-02-20","1241.93","1241.65","1235.86","1243.81","245238300.00"
"VN30","2024-02-21","1241.01","1242.08","1233.97","1248.23","305486100.00"
"VN30","2024-02-22","1242.15","1239.90","1236.29","1243.58","237782300.00"
"VN30","2024-02-23","1241.28","1223.09","1222.36","1256.11","466156400.00"
"VN30","2024-02-26","1223.83","1233.31","1220.30","1234.52","249865000.00"
"VN30","2024-02-27","1238.55","1247.91","1235.15","1248.24","336862200.00"
"VN30","2024-03-15","1258.22","1256.42","1244.01","1264.77","260712400.00"
"VN30","2024-02-28","1252.14","1265.35","1246.63","1265.35","296530800.00"
"VN30","2024-03-12","1233.81","1242.23","1232.40","1244.95","231977300.00"
"VN30","2024-02-29","1268.94","1265.75","1258.26","1276.90","337861300.00"
"VN30","2024-03-01","1267.31","1267.07","1258.83","1269.07","256480900.00"
"VN30","2024-03-04","1271.05","1268.53","1262.90","1275.36","288441200.00"
"VN30","2024-03-05","1269.50","1280.17","1264.84","1280.23","253289000.00"
"VN30","2024-03-06","1280.38","1271.07","1264.44","1288.06","290731600.00"
"VN30","2024-03-07","1271.63","1276.56","1266.52","1279.92","249306600.00"
"VN30","2024-03-08","1277.31","1250.20","1246.73","1281.52","420634800.00"
"VN30","2024-03-11","1250.08","1235.12","1232.97","1255.30","284546400.00"
"VN30","2024-03-13","1245.47","1272.28","1242.80","1272.40","228301800.00"
"VN30","2024-03-14","1272.36","1260.32","1254.72","1277.29","258713500.00"
"VN30","2024-03-18","1256.37","1235.74","1215.67","1258.38","407030100.00"
"VN30","2024-03-19","1235.48","1234.74","1229.02","1241.23","197178600.00"
"VN30","2024-03-20","1236.45","1259.06","1228.49","1262.31","295411500.00"
"VN30","2024-03-21","1267.37","1281.57","1264.28","1281.80","273244300.00"
"VN30","2024-03-22","1287.63","1284.14","1276.81","1295.79","345954600.00"
"VN30","2024-03-25","1283.64","1270.00","1266.97","1288.91","269840100.00"
"VN30","2024-03-26","1270.84","1286.23","1266.79","1287.89","210112400.00"
"VN30","2024-03-27","1288.19","1288.77","1280.05","1290.58","188458000.00"
"VN30","2024-03-28","1294.29","1303.20","1294.29","1306.42","274146200.00"
"VN30","2024-03-29","1305.41","1296.90","1294.86","1306.01","217257200.00"
"VN30","2024-04-01","1293.36","1292.62","1284.20","1298.59","227979100.00"
"VN30","2024-04-04","1274.22","1267.65","1266.61","1278.67","259163100.00"
"VN30","2024-04-02","1283.11","1292.30","1273.16","1292.30","365454800.00"
"VN30","2024-04-08","1257.23","1254.72","1248.24","1260.17","222161900.00"
"VN30","2024-04-03","1287.64","1274.27","1273.15","1290.84","257477200.00"
"VN30","2024-04-05","1258.11","1257.78","1251.84","1265.65","258243600.00"
"VN30","2024-04-09","1255.84","1266.92","1252.60","1266.92","173357400.00"
"VN30","2024-04-10","1271.37","1263.82","1262.49","1276.08","195638000.00"
"VN30","2024-04-11","1262.96","1262.86","1254.64","1266.71","169915300.00"
"VN30","2024-04-12","1263.17","1284.74","1262.41","1285.30","248399200.00"
"VN30","2024-04-15","1283.98","1227.90","1223.92","1287.46","462542000.00"
"VN30","2024-04-16","1228.32","1232.70","1209.99","1234.28","353355000.00"
"VN30","2024-04-17","1232.89","1210.74","1209.42","1237.08","234126300.00"
"VN30","2024-04-19","1207.21","1194.03","1186.51","1210.26","299945000.00"
"VN30","2024-04-22","1207.45","1206.64","1200.15","1214.24","189955700.00"
"VN30","2024-04-23","1207.76","1200.37","1191.61","1213.96","252377900.00"
"VN30","2024-04-24","1210.05","1232.17","1208.11","1234.84","215454800.00"
"VN30","2024-04-25","1235.25","1233.72","1226.76","1236.99","157693700.00"
"VN30","2024-04-26","1227.69","1240.50","1225.55","1245.52","188653000.00"
"VN30","2024-05-02","1244.15","1247.21","1239.02","1248.41","167870100.00"
"VN30","2024-05-03","1248.50","1255.62","1246.47","1259.83","208853900.00"
"VN30","2024-05-07","1279.29","1284.85","1272.63","1285.43","168937400.00"
"VN30","2024-05-06","1262.41","1274.62","1256.67","1274.93","205557100.00"
"VN30","2024-05-08","1279.20","1284.85","1269.97","1285.12","253690500.00"
"VN30","2024-05-09","1287.23","1281.47","1274.57","1289.92","194297900.00"
"VN30","2024-05-10","1284.88","1277.47","1268.91","1285.14","165973500.00"
"VN30","2024-05-13","1280.10","1272.53","1266.27","1281.58","163914500.00"
"VN30","2024-05-14","1281.65","1277.31","1275.08","1287.36","179472000.00"
"VN30","2024-05-15","1283.65","1289.97","1282.61","1294.71","225875500.00"
"VN30","2024-05-16","1300.56","1308.27","1296.77","1311.40","303274200.00"
"VN30","2024-05-28","1291.18","1299.75","1285.83","1299.75","214394700.00"
"VN30","2024-05-17","1309.42","1310.15","1304.14","1312.95","269818400.00"
"VN30","2024-05-23","1290.38","1304.76","1283.26","1306.28","229219400.00"
"VN30","2024-05-20","1317.61","1312.55","1311.96","1322.13","289210100.00"
"VN30","2024-05-21","1311.36","1308.62","1297.51","1313.19","232801200.00"
"VN30","2024-05-22","1307.53","1291.46","1288.47","1311.11","288981400.00"
"VN30","2024-05-24","1304.74","1283.46","1273.69","1309.89","397140200.00"
"VN30","2024-05-27","1286.97","1284.88","1275.98","1288.72","194006100.00"
"VN30","2024-05-29","1301.30","1284.02","1279.83","1302.56","247205200.00"
"VN30","2024-05-30","1279.32","1279.29","1263.44","1280.38","282946700.00"
"VN30","2024-05-31","1280.08","1275.97","1273.85","1283.30","164194300.00"
"VN30","2024-06-03","1285.07","1297.78","1284.95","1301.64","282230000.00"
"VN30","2024-06-04","1305.12","1300.99","1297.44","1306.96","233738800.00"
"VN30","2024-06-05","1302.07","1299.66","1296.64","1313.11","243458000.00"
"VN30","2024-06-06","1303.85","1302.28","1296.37","1308.43","270557500.00"
"VN30","2024-06-07","1303.32","1308.03","1302.53","1314.56","164082200.00"
"VN30","2024-06-19","1313.51","1314.22","1300.67","1319.31","265001700.00"
"VN30","2024-06-10","1314.28","1311.10","1306.53","1319.06","223704700.00"
"VN30","2024-06-14","1336.35","1316.46","1315.65","1338.59","313171700.00"
"VN30","2024-06-11","1315.48","1308.30","1301.43","1318.09","276893700.00"
"VN30","2024-06-12","1308.89","1331.81","1305.27","1332.38","297017400.00"
"VN30","2024-06-13","1331.91","1333.85","1327.79","1338.84","356738000.00"
"VN30","2024-06-17","1317.64","1309.70","1305.50","1318.16","256110100.00"
"VN30","2024-06-18","1314.39","1309.89","1308.35","1320.80","225992100.00"
"VN30","2024-06-20","1316.78","1322.36","1311.43","1326.88","309827100.00"
"VN30","2024-06-21","1323.77","1319.93","1314.00","1327.83","227734800.00"
"VN30","2024-06-24","1317.31","1289.85","1283.80","1319.51","363840500.00"
"VN30","2024-06-25","1289.59","1288.80","1281.89","1293.28","202941600.00"
"VN30","2024-06-26","1291.04","1291.30","1276.44","1294.12","206661800.00"
"VN30","2024-07-11","1315.08","1306.22","1304.89","1318.15","197178704.00"
"VN30","2024-06-27","1288.88","1289.03","1282.24","1293.17","170118200.00"
"VN30","2024-07-08","1317.01","1315.83","1309.55","1319.27","207419200.00"
"VN30","2024-06-28","1289.31","1278.32","1272.27","1290.97","234108300.00"
"VN30","2024-07-01","1278.22","1285.48","1271.20","1285.54","165094900.00"
"VN30","2024-07-02","1288.21","1296.06","1286.07","1300.58","189921800.00"
"VN30","2024-07-03","1296.08","1305.50","1296.08","1309.40","200603696.00"
"VN30","2024-07-04","1309.16","1310.63","1304.31","1313.01","170860608.00"
"VN30","2024-07-05","1310.82","1316.18","1307.98","1316.70","178744400.00"
"VN30","2024-07-09","1315.35","1321.78","1309.15","1322.21","255974704.00"
"VN30","2024-07-10","1322.24","1310.91","1307.22","1324.91","211485600.00"
"VN30","2024-07-12","1304.75","1301.81","1298.45","1312.24","161585696.00"
"VN30","2024-07-15","1301.83","1297.82","1294.03","1307.30","149296800.00"
"VN30","2024-07-16","1300.77","1303.30","1299.66","1309.75","202874592.00"
"VN30","2024-07-17","1308.60","1305.37","1291.50","1324.55","462486592.00"
"VN30","2024-07-18","1305.25","1306.38","1290.05","1308.67","236833408.00"
"VN30","2024-08-02","1269.67","1281.01","1253.68","1281.01","249744096.00"
"VN30","2024-07-19","1307.75","1302.32","1296.61","1314.15","302639392.00"
"VN30","2024-07-30","1285.65","1287.82","1278.99","1289.78","166024000.00"
"VN30","2024-07-22","1299.69","1299.31","1288.59","1305.96","270891904.00"
"VN30","2024-07-23","1301.57","1278.67","1276.83","1304.81","257323200.00"
"VN30","2024-07-24","1274.42","1280.51","1262.77","1284.18","240003808.00"
"VN30","2024-07-25","1271.75","1272.18","1265.88","1275.49","170877200.00"
"VN30","2024-07-26","1273.66","1281.84","1272.59","1281.84","141725504.00"
"VN30","2024-07-29","1287.85","1285.73","1283.31","1292.26","135954704.00"
"VN30","2024-07-31","1289.45","1299.09","1288.83","1300.74","244193104.00"
"VN30","2024-08-01","1302.96","1272.00","1266.73","1303.86","291769600.00"
"VN30","2024-08-05","1262.68","1232.11","1225.17","1264.87","363085504.00"
"VN30","2024-08-06","1243.81","1252.81","1232.19","1256.23","221661200.00"
"VN30","2024-08-07","1259.22","1253.58","1245.46","1259.39","220049904.00"
"VN30","2024-08-08","1247.89","1243.31","1238.41","1256.36","223192000.00"
"VN30","2024-08-19","1296.60","1299.04","1294.21","1301.88","183427600.00"
"VN30","2024-08-20","1300.32","1305.25","1299.86","1309.41","221761696.00"
"VN30","2024-08-21","1302.26","1317.69","1300.28","1318.19","279235488.00"
"VN30","2024-08-30","1328.50","1331.52","1326.70","1333.56","155151392.00"
"VN30","2024-08-22","1320.79","1318.57","1314.80","1322.67","212878496.00"
"VN30","2024-08-23","1320.41","1321.15","1311.10","1323.90","182557504.00"
"VN30","2024-08-26","1323.26","1318.60","1316.19","1326.85","235664192.00"
"VN30","2024-08-27","1317.85","1322.28","1315.97","1324.57","202037408.00"
"VN30","2024-08-28","1325.77","1323.54","1320.06","1327.64","190824704.00"
"VN30","2024-08-29","1322.93","1326.67","1322.93","1332.27","217252304.00"
"VN30","2024-09-04","1319.88","1317.71","1311.40","1321.32","205797408.00"
"VN30","2024-09-09","1310.11","1307.15","1302.13","1310.64","160908304.00"
"VN30","2024-09-05","1318.31","1309.05","1306.76","1322.45","213306208.00"
"VN30","2024-09-06","1309.72","1315.39","1304.78","1317.35","184683504.00"
"VN30","2024-09-10","1309.56","1294.06","1288.75","1312.49","208127904.00"
"VN30","2024-09-11","1292.14","1293.88","1285.66","1298.37","146835392.00"
"VN30","2024-09-12","1298.83","1297.61","1294.51","1301.83","146388192.00"
"VN30","2024-09-13","1297.84","1294.30","1291.56","1298.56","118478600.00"
"VN30","2024-09-16","1292.54","1281.37","1280.69","1298.79","150530496.00"
"VN30","2024-09-17","1282.84","1303.65","1281.22","1303.98","141553408.00"
"VN30","2024-09-18","1304.91","1310.94","1302.07","1317.70","233293904.00"
"VN30","2024-09-19","1315.17","1318.41","1312.28","1319.41","171750800.00"
"VN30","2024-10-01","1355.22","1358.88","1355.22","1369.95","353697600.00"
"VN30","2024-09-20","1325.02","1326.00","1324.90","1336.79","394463712.00"
"VN30","2024-09-26","1346.43","1350.85","1344.01","1359.71","414069600.00"
"VN30","2024-09-23","1329.93","1321.12","1320.81","1333.73","183234800.00"
"VN30","2024-09-24","1320.58","1330.87","1318.29","1332.92","210387104.00"
"VN30","2024-09-25","1337.80","1344.07","1334.25","1344.14","359512896.00"
"VN30","2024-09-27","1355.13","1352.57","1346.91","1361.20","400977792.00"
"VN30","2024-09-30","1351.21","1352.56","1346.18","1354.91","268201104.00"
"VN30","2024-10-02","1354.67","1354.51","1350.92","1361.46","259871200.00"
"VN30","2024-10-03","1355.78","1346.46","1345.28","1371.67","411186816.00"
"VN30","2024-10-04","1347.32","1336.21","1335.27","1348.23","238262000.00"
"VN30","2024-10-07","1342.85","1335.48","1328.45","1345.76","189747008.00"
"VN30","2024-10-08","1337.90","1339.05","1330.58","1344.38","258946576.00"
"VN30","2024-10-23","1348.93","1349.72","1340.13","1351.72","257339008.00"
"VN30","2024-10-09","1340.56","1351.97","1338.93","1352.52","328216768.00"
"VN30","2024-10-18","1368.11","1362.69","1360.64","1372.66","302507968.00"
"VN30","2024-10-10","1355.69","1360.58","1355.69","1370.15","310671904.00"
"VN30","2024-10-11","1361.88","1362.50","1355.07","1364.59","211191888.00"
"VN30","2024-10-14","1362.84","1358.76","1357.19","1373.66","264028544.00"
"VN30","2024-10-15","1360.50","1356.09","1352.12","1367.55","263811568.00"
"VN30","2024-10-16","1355.01","1354.10","1350.45","1358.07","197855952.00"
"VN30","2024-10-17","1357.31","1362.89","1346.14","1362.89","225846208.00"
"VN30","2024-10-21","1361.28","1358.03","1354.25","1366.36","193887008.00"
"VN30","2024-10-22","1357.42","1348.92","1344.10","1359.40","309772544.00"
"VN30","2024-10-24","1349.22","1329.62","1326.44","1351.59","327694624.00"
"VN30","2024-10-25","1333.77","1325.54","1322.10","1334.78","228576608.00"
"VN30","2024-10-28","1324.70","1328.33","1322.97","1328.57","208582432.00"
"VN30","2024-10-29","1328.92","1335.76","1328.92","1335.76","521397152.00"
"VN30","2024-10-30","1337.16","1333.85","1327.14","1338.47","228208976.00"
"VN30","2024-10-31","1334.10","1338.60","1328.19","1341.01","198151200.00"
"VN30","2024-11-11","1318.63","1310.46","1298.78","1318.71","302541696.00"
"VN30","2024-11-01","1333.76","1325.62","1324.42","1336.08","210849792.00"
"VN30","2024-11-04","1325.94","1312.64","1311.03","1326.99","232214000.00"
"VN30","2024-11-05","1312.43","1313.35","1311.85","1317.60","119964496.00"
"VN30","2024-11-06","1314.11","1329.56","1314.11","1331.53","171800304.00"
"VN30","2024-11-07","1335.07","1326.65","1325.87","1336.29","139494208.00"
"VN30","2024-11-08","1331.32","1317.34","1312.83","1331.51","194294496.00"
"VN30","2024-11-12","1312.55","1301.95","1297.99","1315.80","184858304.00"
"VN30","2024-11-13","1299.52","1304.04","1290.61","1305.42","197224304.00"
"VN30","2024-11-15","1283.78","1271.22","1270.44","1284.30","253280192.00"
"VN30","2024-11-14","1300.43","1286.65","1286.52","1303.71","186252304.00"
"VN30","2024-11-18","1270.71","1270.23","1255.16","1277.80","236211296.00"
"VN30","2024-11-19","1272.23","1259.08","1259.00","1273.49","169396608.00"
"VN30","2024-11-20","1258.25","1271.73","1250.67","1277.67","214064000.00"
"VN30","2024-11-21","1272.40","1286.67","1266.45","1286.67","193774208.00"
"VN30","2024-12-06","1337.06","1337.28","1334.35","1341.57","197103600.00"
"VN30","2024-11-22","1286.98","1286.07","1284.01","1292.21","155315296.00"
"VN30","2024-12-03","1308.40","1309.18","1300.67","1312.00","161866496.00"
"VN30","2024-11-25","1286.46","1291.94","1285.82","1293.30","139950800.00"
"VN30","2024-11-26","1292.84","1299.22","1292.27","1304.34","140908096.00"
"VN30","2024-11-27","1297.28","1301.06","1296.94","1303.99","113492896.00"
"VN30","2024-11-28","1305.79","1301.52","1298.43","1310.41","145655296.00"
"VN30","2024-11-29","1301.34","1311.26","1298.64","1311.67","136470304.00"
"VN30","2024-12-02","1315.77","1308.83","1303.76","1317.76","120795696.00"
"VN30","2024-12-04","1304.74","1297.81","1295.84","1305.06","145211808.00"
"VN30","2024-12-05","1299.95","1337.55","1295.73","1337.55","275060000.00"
"VN30","2024-12-09","1337.23","1336.18","1330.52","1343.05","157417600.00"
"VN30","2024-12-10","1335.95","1335.85","1332.47","1339.70","160746704.00"
"VN30","2024-12-11","1335.88","1336.48","1329.84","1342.70","181543104.00"
"VN30","2024-12-12","1336.60","1335.55","1333.45","1344.37","184273504.00"
"VN30","2024-12-13","1333.80","1331.58","1328.87","1334.81","131520800.00"
"VN30","2024-12-16","1331.95","1331.82","1325.07","1335.40","124684000.00"
"VN30","2024-12-17","1332.88","1327.63","1325.14","1332.96","101418496.00"
"VN30","2024-12-18","1328.10","1329.83","1325.91","1331.73","102076200.00"
"VN30","2024-12-30","1344.92","1347.35","1337.86","1349.11","139195392.00"
"VN30","2024-12-19","1329.35","1314.16","1309.17","1329.35","239568896.00"
"VN30","2024-12-25","1323.33","1342.48","1323.33","1350.07","251201408.00"
"VN30","2024-12-20","1315.86","1317.77","1313.30","1318.48","127994600.00"
"VN30","2024-12-23","1321.49","1323.02","1320.82","1326.00","109676000.00"
"VN30","2024-12-24","1323.61","1323.27","1315.01","1323.90","118915504.00"
"VN30","2024-12-26","1344.14","1342.68","1339.12","1346.47","161932400.00"
"VN30","2024-12-27","1342.88","1346.84","1341.75","1348.83","216429296.00"
"VN30","2024-12-31","1346.66","1344.75","1336.91","1346.99","139102208.00"
"VN30","2025-01-02","1344.76","1343.20","1334.39","1347.14","135169104.00"
"VN30","2025-01-03","1341.15","1320.58","1320.58","1341.30","169266592.00"
"VN30","2025-01-06","1320.14","1313.04","1313.04","1325.73","160187008.00"
"VN30","2025-01-07","1316.62","1315.28","1309.55","1322.23","163990896.00"
"VN30","2025-01-22","1317.91","1309.72","1309.72","1318.25","128018896.00"
"VN30","2025-01-08","1314.09","1316.63","1306.69","1316.63","124449800.00"
"VN30","2025-01-17","1302.79","1313.48","1298.85","1313.48","111993696.00"
"VN30","2025-01-09","1316.35","1310.80","1307.55","1318.87","107027600.00"
"VN30","2025-01-10","1310.35","1293.23","1293.23","1312.32","168712000.00"
"VN30","2025-01-13","1287.64","1298.34","1282.57","1298.34","144889504.00"
"VN30","2025-01-14","1295.79","1289.23","1285.32","1297.32","114204096.00"
"VN30","2025-01-15","1295.66","1297.64","1291.73","1300.37","117619296.00"
"VN30","2025-01-16","1303.41","1303.25","1293.19","1307.82","145630704.00"
"VN30","2025-01-20","1313.26","1316.95","1311.50","1319.06","125899504.00"
"VN30","2025-01-21","1321.30","1314.81","1309.41","1323.27","127593600.00"
"VN30","2025-01-23","1309.92","1332.54","1309.92","1339.48","206431008.00"
"VN30","2025-01-24","1332.20","1337.59","1330.29","1339.55","160187744.00"
"VN30","2025-02-03","1326.19","1315.46","1311.40","1326.19","184510800.00"
"VN30","2025-02-04","1320.61","1327.21","1317.42","1327.61","192048000.00"
"VN30","2025-02-05","1330.28","1331.35","1326.77","1334.58","152231200.00"
"VN30","2025-02-06","1336.42","1336.59","1333.45","1340.92","175097792.00"
"VN30","2025-02-07","1337.13","1340.80","1332.68","1345.26","193931296.00"
"VN30","2025-02-10","1336.47","1330.88","1327.15","1343.09","283842208.00"
"VN30","2025-02-11","1333.70","1338.40","1329.15","1338.40","238749696.00"
"VN30","2025-02-12","1341.47","1335.68","1335.35","1343.44","131166496.00"
"VN30","2025-02-13","1334.70","1337.78","1329.56","1338.33","139101200.00"
"VN30","2025-02-14","1339.22","1340.52","1338.00","1347.98","185647808.00"
"VN30","2025-02-17","1341.18","1334.01","1334.01","1342.89","180964992.00"
"VN30","2025-02-18","1335.56","1337.39","1332.62","1346.80","176977296.00"
"VN30","2025-02-19","1338.47","1344.64","1335.26","1346.67","173290496.00"
"VN30","2025-02-20","1348.11","1349.45","1345.43","1351.52","207795904.00"
"VN30","2025-02-21","1351.75","1353.73","1349.26","1355.09","230552096.00"
"VN30","2025-02-26","1362.06","1360.56","1358.60","1364.91","213266592.00"
"VN30","2025-02-24","1357.30","1364.52","1352.52","1364.52","296703616.00"
"VN30","2025-02-25","1365.87","1360.56","1356.21","1369.32","270269088.00"
"VN30","2025-02-27","1363.37","1363.62","1351.05","1364.27","232120096.00"
"VN30","2025-02-28","1360.55","1356.43","1351.09","1361.66","237462592.00"
"VN30","2025-03-03","1358.21","1361.16","1355.12","1362.80","260872896.00"
"VN30","2025-03-04","1357.55","1367.97","1350.11","1369.50","327789984.00"
"VN30","2025-03-05","1369.62","1363.91","1362.62","1379.66","269311200.00"
"VN30","2025-03-06","1368.13","1379.62","1363.91","1380.45","282880896.00"
"VN30","2025-03-07","1381.51","1389.77","1378.38","1390.98","328433792.00"
"VN30","2025-03-10","1394.81","1391.07","1387.23","1400.13","307408896.00"
"VN30","2025-03-11","1378.44","1393.57","1375.44","1393.57","267088304.00"
"VN30","2025-03-19","1385.92","1377.63","1374.66","1386.57","363362816.00"
"VN30","2025-03-12","1397.40","1392.39","1387.35","1400.45","267906208.00"
"VN30","2025-03-13","1393.93","1387.30","1383.41","1400.60","348597888.00"
"VN30","2025-03-14","1387.08","1387.03","1385.20","1394.39","374489088.00"
"VN30","2025-03-17","1392.75","1394.90","1389.42","1397.28","352180096.00"
"VN30","2025-03-18","1398.44","1388.64","1386.84","1400.38","291589408.00"
"VN30","2025-03-20","1382.23","1378.95","1371.98","1388.37","359984512.00"
"VN30","2025-03-21","1379.05","1378.27","1367.73","1381.25","281216608.00"
"VN30","2025-03-24","1379.27","1390.70","1372.71","1391.00","351321888.00"
"VN30","2025-03-25","1391.01","1388.79","1385.10","1398.29","303756800.00"
"VN30","2025-03-26","1390.15","1381.47","1379.39","1396.28","300413184.00"
"VN30","2025-03-27","1380.95","1380.26","1377.07","1384.75","222688496.00"
"VN30","2025-03-28","1380.20","1373.93","1369.83","1381.26","208030304.00"
"VN30","2025-03-31","1368.95","1363.88","1359.45","1369.07","270441312.00"
"VN30","2025-04-01","1369.18","1376.91","1363.60","1377.02","212159504.00"
"VN30","2025-04-02","1381.03","1376.94","1373.66","1384.38","236668896.00"
"VN30","2025-04-03","1342.46","1283.18","1282.82","1342.46","810574592.00"
"VN30","2025-04-04","1269.06","1280.52","1208.42","1280.52","867534272.00"
"VN30","2025-04-11","1268.12","1309.94","1265.26","1310.39","742994432.00"
"VN30","2025-04-08","1241.58","1197.51","1193.47","1245.51","557827776.00"
"VN30","2025-04-09","1182.91","1168.68","1133.90","1220.73","667405504.00"
"VN30","2025-04-10","1248.92","1249.29","1248.10","1249.29","55373900.00"
"VN30","2025-04-14","1318.17","1325.87","1310.63","1329.06","393920896.00"
"VN30","2025-04-15","1314.30","1310.76","1303.29","1329.99","384967104.00"
"VN30","2025-04-16","1310.07","1293.25","1285.45","1318.86","286706112.00"
"VN30","2025-04-17","1286.11","1303.03","1283.47","1304.47","278741792.00"
"VN30","2025-04-18","1313.42","1306.24","1304.72","1322.26","409580096.00"
"VN30","2025-04-21","1305.81","1294.29","1287.02","1310.59","327061088.00"
"VN30","2025-04-22","1287.55","1290.38","1216.35","1292.67","641372608.00"
"VN30","2025-04-23","1300.25","1303.04","1295.69","1311.72","347056992.00"
"VN30","2025-04-24","1306.43","1311.66","1297.21","1313.59","291872896.00"
"VN30","2025-04-25","1312.59","1317.18","1304.50","1318.66","384625888.00"
"VN30","2025-04-28","1318.09","1312.32","1305.51","1321.38","218428304.00"
"VN30","2025-04-29","1310.40","1309.73","1304.74","1312.88","221957408.00"
"VN30","2025-05-06","1323.33","1319.66","1317.96","1331.08","268668576.00"
"VN30","2025-05-05","1315.43","1320.41","1309.43","1321.68","200261664.00"
"VN30","2025-05-07","1317.66","1324.80","1316.73","1325.94","240633072.00"
"VN30","2025-05-08","1330.52","1351.10","1328.30","1354.08","322268576.00"
"VN30","2025-05-09","1355.06","1352.25","1348.13","1358.44","261611872.00"
"VN30","2025-05-12","1357.84","1372.04","1352.03","1374.68","443773408.00"
"VN30","2025-05-13","1382.14","1382.78","1371.97","1383.75","361408960.00"
"VN30","2025-05-14","1382.54","1397.87","1381.39","1403.11","404910528.00"
"VN30","2025-05-15","1398.22","1401.49","1384.67","1404.93","558358464.00"
"VN30","2025-10-27","1962.09","1900.76","1900.61","1962.09","406393664.00"
"VN30","2025-05-16","1396.37","1384.44","1382.94","1401.58","296253184.00"
"VN30","2025-05-19","1372.87","1379.75","1371.05","1391.24","323252480.00"
"VN30","2025-05-20","1383.40","1407.52","1383.40","1408.56","363302656.00"
"VN30","2025-05-30","1432.69","1423.68","1417.98","1436.17","321595968.00"
"VN30","2025-05-21","1429.24","1419.36","1408.95","1429.43","405471872.00"
"VN30","2025-05-22","1414.16","1409.56","1407.89","1432.84","358326240.00"
"VN30","2025-05-23","1408.99","1409.40","1400.89","1415.97","215873024.00"
"VN30","2025-05-26","1410.78","1423.85","1374.60","1423.86","329057120.00"
"VN30","2025-05-27","1428.68","1427.45","1418.76","1430.82","348824960.00"
"VN30","2025-05-28","1429.00","1432.19","1427.02","1436.99","262520448.00"
"VN30","2025-05-29","1435.43","1431.57","1424.02","1438.03","290601952.00"
"VN30","2025-06-02","1421.74","1423.04","1407.73","1423.56","254080528.00"
"VN30","2025-06-03","1426.74","1437.87","1423.80","1442.55","342535072.00"
"VN30","2025-06-04","1441.19","1435.28","1429.57","1441.59","263350064.00"
"VN30","2025-06-05","1434.55","1432.38","1423.66","1437.28","202364592.00"
"VN30","2025-06-06","1427.57","1418.97","1412.54","1429.61","258307760.00"
"VN30","2025-06-09","1417.55","1396.56","1394.21","1418.36","220329360.00"
"VN30","2025-06-10","1392.34","1404.82","1392.34","1414.89","245282736.00"
"VN30","2025-06-11","1411.19","1405.15","1390.90","1411.19","163436816.00"
"VN30","2025-06-12","1413.90","1412.16","1404.17","1418.41","356576256.00"
"VN30","2025-06-13","1397.99","1401.20","1385.02","1404.79","397956864.00"
"VN30","2025-06-16","1394.58","1420.35","1394.58","1421.46","305748928.00"
"VN30","2025-06-17","1425.23","1431.39","1420.14","1440.59","263911968.00"
"VN30","2025-06-18","1432.59","1432.99","1425.74","1439.70","268494016.00"
"VN30","2025-06-19","1433.51","1439.30","1426.41","1442.46","251965952.00"
"VN30","2025-06-20","1442.13","1435.19","1423.57","1443.79","337110944.00"
"VN30","2025-06-23","1426.72","1448.32","1418.81","1448.54","223194608.00"
"VN30","2025-06-24","1460.66","1462.80","1455.56","1469.01","326338240.00"
"VN30","2025-06-25","1465.61","1465.36","1460.39","1470.76","293233792.00"
"VN30","2025-06-26","1468.64","1463.57","1458.98","1472.63","227495712.00"
"VN30","2025-06-27","1468.30","1475.89","1459.93","1477.89","276912704.00"
"VN30","2025-06-30","1479.18","1477.56","1472.27","1481.58","211386176.00"
"VN30","2025-07-01","1479.09","1476.16","1466.97","1483.86","255227152.00"
"VN30","2025-07-02","1474.35","1482.76","1472.73","1483.06","243118704.00"
"VN30","2025-07-03","1479.37","1481.20","1477.37","1493.99","421846848.00"
"VN30","2025-07-04","1484.82","1488.77","1477.29","1489.54","238782480.00"
"VN30","2025-07-07","1496.13","1508.66","1495.55","1509.81","562190464.00"
"VN30","2025-07-08","1511.89","1529.27","1509.86","1529.87","430790720.00"
"VN30","2025-07-09","1534.38","1543.27","1531.81","1544.67","587028544.00"
"VN30","2025-07-10","1550.72","1569.34","1548.83","1569.39","430162560.00"
"VN30","2025-07-11","1578.53","1594.01","1577.45","1601.03","452312256.00"
"VN30","2025-07-14","1613.34","1605.66","1580.80","1616.43","391788608.00"
"VN30","2025-07-15","1609.06","1593.84","1593.84","1614.13","438654080.00"
"VN30","2025-07-16","1592.87","1614.42","1587.92","1614.63","341295712.00"
"VN30","2025-07-17","1620.11","1634.70","1620.11","1641.97","424946624.00"
"VN30","2025-07-18","1644.00","1643.91","1625.83","1648.18","457147616.00"
"VN30","2025-07-21","1657.49","1628.06","1620.56","1663.16","479668096.00"
"VN30","2025-07-22","1624.72","1655.98","1616.16","1656.19","405688064.00"
"VN30","2025-07-23","1667.25","1653.01","1650.04","1669.14","488732608.00"
"VN30","2025-07-24","1663.05","1661.23","1637.98","1663.39","533693696.00"
"VN30","2025-07-25","1658.22","1669.33","1655.36","1675.26","424069920.00"
"VN30","2025-07-28","1676.06","1695.63","1674.27","1697.14","643082560.00"
"VN30","2025-07-29","1698.52","1621.29","1616.39","1698.52","844646016.00"
"VN30","2025-07-30","1632.63","1630.78","1606.54","1642.67","616028544.00"
"VN30","2025-07-31","1640.03","1615.23","1602.17","1642.24","641520320.00"
"VN30","2025-08-01","1618.76","1614.11","1599.96","1621.64","502353184.00"
"VN30","2025-08-04","1613.53","1653.22","1607.13","1656.17","358650048.00"
"VN30","2025-08-05","1676.20","1690.43","1653.50","1730.14","1118425728.00"
"VN30","2025-08-06","1704.06","1723.31","1695.43","1726.58","533037408.00"
"VN30","2025-08-07","1737.62","1734.85","1715.54","1742.12","637647168.00"
"VN30","2025-08-08","1739.47","1729.08","1707.90","1739.82","652487936.00"
"VN30","2025-08-11","1733.60","1741.90","1727.06","1748.67","609564672.00"
"VN30","2025-08-12","1752.13","1755.25","1737.42","1756.24","542813760.00"
"VN30","2025-08-13","1762.60","1753.71","1726.89","1764.18","676606592.00"
"VN30","2025-08-14","1772.05","1793.78","1762.92","1793.98","771743104.00"
"VN30","2025-08-15","1813.43","1783.25","1773.70","1827.89","781759616.00"
"VN30","2025-08-18","1794.80","1786.37","1774.47","1797.37","564115648.00"
"VN30","2025-08-19","1796.41","1810.46","1790.97","1824.81","656991808.00"
"VN30","2025-08-20","1817.71","1828.46","1768.90","1828.62","903597696.00"
"VN30","2025-08-28","1854.31","1861.20","1831.79","1866.09","521593056.00"
"VN30","2025-08-21","1840.02","1874.91","1837.23","1881.90","748092480.00"
"VN30","2025-08-22","1865.15","1814.02","1794.97","1865.15","965934080.00"
"VN30","2025-08-25","1829.60","1783.12","1774.84","1830.92","695421568.00"
"VN30","2025-08-26","1783.00","1849.05","1772.39","1850.00","545098688.00"
"VN30","2025-08-27","1861.66","1848.55","1841.20","1877.27","629801856.00"
"VN30","2025-08-29","1872.38","1865.38","1855.28","1880.06","634015360.00"
"VN30","2025-09-04","1866.18","1883.59","1850.15","1883.96","537354368.00"
"VN30","2025-09-03","1861.24","1859.59","1846.08","1865.59","527299104.00"
"VN30","2025-09-05","1894.71","1845.48","1843.97","1898.46","649925568.00"
"VN30","2025-09-08","1837.08","1807.22","1804.67","1849.12","712783168.00"
"VN30","2025-09-09","1814.42","1825.17","1795.82","1825.46","427402944.00"
"VN30","2025-10-28","1897.26","1949.28","1871.72","1949.28","392962720.00"
"VN30","2025-09-10","1833.07","1828.63","1811.28","1834.95","333761152.00"
"VN30","2025-09-11","1821.90","1855.08","1785.47","1860.19","518809792.00"
"VN30","2025-09-12","1857.99","1865.45","1843.87","1869.45","385409600.00"
"VN30","2025-09-15","1868.86","1876.75","1857.47","1876.75","483918176.00"
"VN30","2025-09-16","1886.97","1875.39","1869.46","1893.36","548861056.00"
"VN30","2025-09-17","1873.11","1868.85","1859.38","1884.67","430321248.00"
"VN30","2025-09-18","1873.88","1861.74","1840.46","1879.52","369253280.00"
"VN30","2025-09-19","1867.51","1859.53","1838.21","1873.61","365802272.00"
"VN30","2025-09-22","1853.66","1819.60","1801.54","1857.28","467420800.00"
"VN30","2025-09-23","1819.82","1821.45","1811.51","1835.37","326578592.00"
"VN30","2025-09-24","1822.51","1853.48","1801.03","1853.48","467081312.00"
"VN30","2025-09-25","1856.33","1858.67","1842.70","1862.38","275092096.00"
"VN30","2025-09-26","1858.87","1852.65","1848.47","1865.67","293719840.00"
"VN30","2025-09-29","1850.48","1862.23","1843.53","1870.38","295141632.00"
"VN30","2025-09-30","1864.14","1863.13","1846.45","1880.90","386909248.00"
"VN30","2025-10-01","1866.18","1870.63","1858.50","1878.45","260226272.00"
"VN30","2025-10-02","1872.83","1859.80","1851.54","1891.20","311592000.00"
"VN30","2025-10-03","1860.10","1859.51","1848.03","1869.93","321431744.00"
"VN30","2025-10-06","1898.22","1918.97","1865.08","1918.97","519694208.00"
"VN30","2025-10-07","1929.77","1909.65","1909.65","1929.77","338909984.00"
"VN30","2025-10-08","1923.50","1922.95","1906.09","1933.78","461658432.00"
"VN30","2025-10-09","1927.31","1940.89","1920.87","1946.78","564081664.00"
"VN30","2025-10-10","1947.23","1980.57","1942.62","1980.57","456761984.00"
"VN30","2025-10-13","1968.90","2012.28","1968.90","2013.81","550664128.00"
"VN30","2025-10-14","2036.90","2013.69","2001.38","2055.85","640799552.00"
"VN30","2025-10-15","2018.01","2009.64","1993.31","2030.71","514565280.00"
"VN30","2025-10-16","2015.35","2022.27","2004.24","2026.88","407861440.00"
"VN30","2025-10-17","2029.75","1977.14","1969.31","2029.75","526540064.00"
"VN30","2025-10-20","1968.92","1870.86","1868.61","1972.81","772120128.00"
"VN30","2025-10-21","1882.66","1915.90","1862.51","1933.22","657127744.00"
"VN30","2025-10-22","1933.81","1930.88","1870.27","1933.81","357048544.00"
"VN30","2025-10-23","1935.98","1945.78","1918.70","1962.13","313822368.00"
"VN30","2025-10-24","1943.02","1944.60","1913.93","1954.65","430277376.00"
"VN30","2025-10-29","1951.51","1949.76","1940.00","1966.03","336355776.00"
"VN30","2025-10-30","1952.33","1925.18","1914.53","1954.85","284032576.00"
"VN30","2025-10-31","1923.62","1885.36","1863.90","1923.62","286298464.00"
"VN30","2025-11-03","1888.96","1857.64","1857.64","1903.21","375870432.00"
"VN30","2025-11-11","1811.58","1821.60","1805.74","1832.01","280067200.00"
"VN30","2025-11-04","1860.56","1897.71","1843.43","1908.55","456222368.00"
"VN30","2025-11-05","1891.45","1886.47","1876.57","1896.94","226802064.00"
"VN30","2025-11-06","1886.48","1869.60","1866.91","1890.96","231521536.00"
"VN30","2025-11-07","1862.19","1824.71","1817.93","1864.91","391303680.00"
"VN30","2025-11-10","1826.61","1804.18","1804.18","1844.44","277410496.00"
"VN30","2025-11-12","1828.51","1872.27","1823.98","1872.31","298393440.00"
"VN30","2025-11-13","1872.37","1864.23","1856.15","1875.17","252281968.00"
"VN30","2025-11-14","1858.62","1871.54","1853.60","1875.71","241284896.00"
"VN30","2025-11-17","1878.95","1893.54","1878.88","1894.54","247087184.00"
"VN30","2025-11-18","1895.84","1898.07","1881.12","1899.15","256426832.00"
"VN30","2025-11-19","1896.57","1886.20","1880.18","1899.45","281509856.00"
"VN30","2025-11-20","1890.98","1897.46","1887.12","1904.44","257092816.00"
"VN30","2025-11-21","1886.92","1899.89","1873.35","1902.41","248407680.00"
"VN30","2025-11-24","1901.96","1916.36","1901.18","1925.79","227892192.00"
"VN30","2025-11-25","1917.66","1909.60","1906.86","1927.15","303765696.00"
"VN30","2025-12-03","1958.96","1971.99","1951.02","1983.06","392149408.00"
"VN30","2025-11-26","1916.14","1923.55","1909.93","1927.38","280071648.00"
"VN30","2025-11-27","1928.39","1921.18","1917.10","1935.02","221949360.00"
"VN30","2025-11-28","1920.09","1923.92","1911.64","1931.28","211844816.00"
"VN30","2025-12-01","1931.61","1933.56","1928.59","1945.50","214048400.00"
"VN30","2025-12-02","1934.08","1950.12","1920.23","1953.08","279210688.00"
"VN30","2025-12-04","1977.15","1979.53","1965.46","1986.17","346311520.00"
"VN30","2025-12-05","1990.50","1975.50","1957.72","1998.28","276276896.00"
"VN30","2025-12-08","1990.72","1983.82","1976.95","1995.22","244227168.00"
"VN30","2025-12-09","2001.61","1973.02","1951.79","2001.61","386094496.00"
"VN30","2025-12-10","1976.70","1946.98","1939.96","1976.70","196487312.00"
"VN30","2025-12-11","1941.05","1924.29","1922.64","1949.77","192763568.00"
"VN30","2025-12-17","1908.58","1897.95","1896.77","1915.85","205468768.00"
"VN30","2025-12-12","1928.51","1867.03","1852.87","1928.63","322455296.00"
"VN30","2025-12-15","1868.60","1869.84","1856.30","1889.48","232094816.00"
"VN30","2025-12-16","1871.37","1909.87","1850.51","1920.11","303696448.00"
"VN30","2025-12-18","1897.84","1903.47","1885.01","1903.47","225504976.00"
"VN30","2025-12-19","1903.16","1933.28","1901.72","1937.41","289237824.00"
"VN30","2025-12-22","1948.50","1985.28","1939.91","1985.29","362277472.00"
"VN30","2025-12-23","2001.45","2012.87","2000.87","2021.36","340997760.00"
"VN30","2025-12-24","2026.31","2023.13","1994.66","2026.31","354595264.00"
"VN30","2025-12-25","2020.09","1976.21","1976.21","2049.15","285371008.00"
"VN30","2025-12-29","1970.12","1990.66","1966.56","1992.03","224267056.00"
"VN30","2025-12-26","1941.78","1965.97","1914.65","1969.07","477131968.00"
"VN30","2025-12-30","1995.07","2009.70","1975.19","2010.03","288966560.00"
"VN30","2025-12-31","2010.02","2030.63","2001.68","2031.61","290526368.00"
"VN30","2026-01-05","2029.88","2028.68","2007.67","2039.46","360816160.00"
"VN30","2026-01-06","2033.59","2055.96","2022.60","2058.90","434096288.00"
"VN30","2026-01-07","2068.38","2096.76","2054.45","2096.76","502108288.00"
"VN30","2026-01-08","2112.85","2074.03","2066.71","2121.13","599157248.00"
"VN30","2026-01-09","2077.25","2066.21","2047.92","2090.50","545497152.00"
"VN30","2026-01-12","2069.71","2080.24","2057.83","2082.02","665938496.00"
"VN30","2026-01-13","2075.98","2089.21","2075.98","2100.62","567701696.00"
"VN30","2026-01-14","2097.14","2067.10","2045.61","2097.53","607910272.00"
"VN30","2026-01-15","2060.90","2047.48","2021.64","2063.22","587439744.00"
"VN30","2026-01-16","2058.64","2080.35","2058.40","2098.66","444245536.00"
"VN30","2026-01-19","2104.31","2094.24","2077.61","2104.31","349590688.00"
"VN30","2026-01-20","2098.97","2085.61","2075.01","2112.71","461456320.00"
