tradingdate,stockcode,openindex,closeindex,lowestindex,highestindex,totalvol
"""2024-08-09T00:00:00.000Z""",VNINDEX,1215.30,1223.64,1212.40,1225.02,544376064.00
"""2024-08-12T00:00:00.000Z""",VNINDEX,1225.95,1230.28,1221.16,1231.46,494611904.00
"""2024-08-13T00:00:00.000Z""",VNINDEX,1229.81,1230.42,1223.01,1231.55,488342080.00
"""2024-08-14T00:00:00.000Z""",VNINDEX,1233.70,1230.36,1228.93,1236.51,443199072.00
"""2014-09-09T00:00:00.000Z""",VNINDEX,640.50,626.92,622.76,641.20,280299892.00
"""2014-09-10T00:00:00.000Z""",VNINDEX,625.59,628.80,618.54,630.03,141622120.00
"""2014-09-11T00:00:00.000Z""",VNINDEX,629.77,628.99,626.26,633.60,129414618.00
"""2014-09-12T00:00:00.000Z""",VNINDEX,631.31,632.50,627.42,632.91,144087285.00
"""2014-09-15T00:00:00.000Z""",VNINDEX,633.86,630.34,630.34,636.65,212383873.00
"""2014-09-16T00:00:00.000Z""",VNINDEX,628.96,627.66,623.66,631.59,180297170.00
"""2014-09-17T00:00:00.000Z""",VNINDEX,630.48,625.66,625.66,632.22,189811760.00
"""2014-09-18T00:00:00.000Z""",VNINDEX,625.95,615.80,615.80,626.95,179594623.00
"""2014-09-19T00:00:00.000Z""",VNINDEX,615.86,613.29,612.40,619.80,218231910.00
"""2014-09-22T00:00:00.000Z""",VNINDEX,617.71,611.93,611.93,621.36,143308728.00
"""2014-09-23T00:00:00.000Z""",VNINDEX,611.75,610.39,610.39,615.99,144390593.00
"""2014-09-24T00:00:00.000Z""",VNINDEX,609.51,603.59,603.59,611.61,132704220.00
"""2014-09-25T00:00:00.000Z""",VNINDEX,604.31,605.10,594.28,605.50,135774325.00
"""2014-09-26T00:00:00.000Z""",VNINDEX,608.80,604.98,604.98,610.15,143917260.00
"""2014-09-29T00:00:00.000Z""",VNINDEX,605.03,599.78,599.78,605.03,127430796.00
"""2014-09-30T00:00:00.000Z""",VNINDEX,597.11,598.80,594.00,601.54,153786358.00
"""2014-10-01T00:00:00.000Z""",VNINDEX,603.50,609.27,603.44,611.74,183011333.00
"""2014-10-02T00:00:00.000Z""",VNINDEX,612.43,612.66,607.57,614.80,180214921.00
"""2014-10-03T00:00:00.000Z""",VNINDEX,613.38,611.55,610.55,615.42,190314722.00
"""2014-10-06T00:00:00.000Z""",VNINDEX,612.11,614.42,611.77,616.13,168958470.00
"""2014-10-07T00:00:00.000Z""",VNINDEX,614.16,614.08,613.47,617.01,194665550.00
"""2014-10-08T00:00:00.000Z""",VNINDEX,615.04,617.26,611.98,618.37,175390800.00
"""2014-10-09T00:00:00.000Z""",VNINDEX,622.25,624.34,622.25,626.90,163314106.00
"""2014-10-10T00:00:00.000Z""",VNINDEX,623.85,617.72,617.72,627.49,150441103.00
"""2014-10-13T00:00:00.000Z""",VNINDEX,615.77,614.22,608.27,618.29,119913646.00
"""2014-10-14T00:00:00.000Z""",VNINDEX,614.84,605.79,605.79,616.71,115310870.00
"""2014-10-15T00:00:00.000Z""",VNINDEX,603.73,604.29,596.50,606.40,124373880.00
"""2014-10-16T00:00:00.000Z""",VNINDEX,603.11,587.17,585.76,603.59,169571793.00
"""2014-10-17T00:00:00.000Z""",VNINDEX,585.95,585.28,577.79,591.85,130527827.00
"""2014-10-20T00:00:00.000Z""",VNINDEX,588.38,589.24,585.28,593.20,82444742.00
"""2014-10-21T00:00:00.000Z""",VNINDEX,590.17,600.55,588.75,601.14,87101770.00
"""2014-10-22T00:00:00.000Z""",VNINDEX,600.27,601.59,598.99,603.97,101804136.00
"""2014-10-23T00:00:00.000Z""",VNINDEX,598.87,593.53,593.11,602.02,151034338.00
"""2014-10-24T00:00:00.000Z""",VNINDEX,592.66,591.51,588.72,595.33,93570938.00
"""2014-10-27T00:00:00.000Z""",VNINDEX,590.33,580.80,580.02,591.59,104193902.00
"""2014-10-28T00:00:00.000Z""",VNINDEX,578.73,583.13,578.44,584.43,116563475.00
"""2014-10-29T00:00:00.000Z""",VNINDEX,585.68,591.20,585.68,591.83,100309342.00
"""2014-10-30T00:00:00.000Z""",VNINDEX,593.09,589.14,589.14,594.30,96454830.00
"""2014-10-31T00:00:00.000Z""",VNINDEX,591.12,600.84,588.16,600.84,132329205.00
"""2014-11-03T00:00:00.000Z""",VNINDEX,603.44,603.15,600.84,606.94,123870111.00
"""2014-11-04T00:00:00.000Z""",VNINDEX,601.55,598.39,598.39,604.47,116124729.00
"""2014-11-05T00:00:00.000Z""",VNINDEX,599.64,597.01,593.53,602.53,146011840.00
"""2014-11-06T00:00:00.000Z""",VNINDEX,599.20,597.85,596.73,601.28,93438549.00
"""2014-11-07T00:00:00.000Z""",VNINDEX,598.41,602.59,597.73,603.32,125602912.00
"""2014-11-10T00:00:00.000Z""",VNINDEX,604.75,602.12,602.12,607.50,138816769.00
"""2014-11-11T00:00:00.000Z""",VNINDEX,603.48,604.23,601.85,608.68,136607077.00
"""2014-11-12T00:00:00.000Z""",VNINDEX,605.14,604.01,603.12,606.36,126581590.00
"""2014-11-13T00:00:00.000Z""",VNINDEX,605.25,603.16,602.62,607.29,157537646.00
"""2014-11-14T00:00:00.000Z""",VNINDEX,601.69,600.36,596.95,602.51,145108258.00
"""2014-11-17T00:00:00.000Z""",VNINDEX,602.40,600.93,600.93,604.63,114408771.00
"""2014-11-18T00:00:00.000Z""",VNINDEX,600.86,594.25,594.25,602.53,143921465.00
"""2014-11-19T00:00:00.000Z""",VNINDEX,594.88,588.35,588.35,597.29,162360597.00
"""2014-11-20T00:00:00.000Z""",VNINDEX,592.17,593.32,589.84,594.76,152658810.00
"""2014-11-21T00:00:00.000Z""",VNINDEX,594.71,588.03,588.03,596.02,160143220.00
"""2014-11-24T00:00:00.000Z""",VNINDEX,585.08,582.53,580.92,586.54,115957190.00
"""2014-11-25T00:00:00.000Z""",VNINDEX,583.53,585.91,583.53,588.42,114074387.00
"""2014-11-26T00:00:00.000Z""",VNINDEX,587.58,576.04,575.09,588.16,161478262.00
"""2014-11-27T00:00:00.000Z""",VNINDEX,575.63,572.89,567.36,575.82,117664958.00
"""2014-11-28T00:00:00.000Z""",VNINDEX,570.61,566.58,565.10,572.12,145679937.00
"""2014-12-01T00:00:00.000Z""",VNINDEX,566.22,568.01,565.09,571.69,123856042.00
"""2014-12-02T00:00:00.000Z""",VNINDEX,570.44,569.43,568.55,570.79,101634189.00
"""2014-12-03T00:00:00.000Z""",VNINDEX,570.48,574.88,570.44,575.95,119136054.00
"""2014-12-04T00:00:00.000Z""",VNINDEX,576.63,578.38,576.63,581.27,108387180.00
"""2014-12-05T00:00:00.000Z""",VNINDEX,578.52,578.76,578.18,582.42,106676540.00
"""2014-12-08T00:00:00.000Z""",VNINDEX,577.44,571.68,569.24,577.44,113549183.00
"""2014-12-09T00:00:00.000Z""",VNINDEX,567.55,555.31,554.51,567.55,191552910.00
"""2014-12-10T00:00:00.000Z""",VNINDEX,550.35,557.19,544.78,558.47,119404619.00
"""2014-12-11T00:00:00.000Z""",VNINDEX,549.78,550.11,547.55,557.96,95717629.00
"""2014-12-12T00:00:00.000Z""",VNINDEX,547.69,553.93,547.69,554.82,77358806.00
"""2014-12-15T00:00:00.000Z""",VNINDEX,550.80,547.93,547.93,554.35,84730943.00
"""2014-12-16T00:00:00.000Z""",VNINDEX,545.33,535.14,535.00,545.66,128015088.00
"""2014-12-17T00:00:00.000Z""",VNINDEX,535.27,518.22,513.06,536.64,171356990.00
"""2014-12-18T00:00:00.000Z""",VNINDEX,522.90,528.45,521.33,528.60,113296932.00
"""2014-12-19T00:00:00.000Z""",VNINDEX,527.61,523.09,522.10,533.30,180821470.00
"""2014-12-22T00:00:00.000Z""",VNINDEX,527.28,537.54,527.28,537.54,98812658.00
"""2014-12-23T00:00:00.000Z""",VNINDEX,535.61,537.88,532.78,543.22,110198639.00
"""2014-12-24T00:00:00.000Z""",VNINDEX,540.46,539.44,536.79,541.73,70678530.00
"""2014-12-25T00:00:00.000Z""",VNINDEX,536.21,532.01,531.52,537.47,89289563.00
"""2014-12-26T00:00:00.000Z""",VNINDEX,531.84,533.37,527.41,537.89,105294366.00
"""2014-12-29T00:00:00.000Z""",VNINDEX,534.56,532.68,528.63,538.83,104107819.00
"""2014-12-30T00:00:00.000Z""",VNINDEX,531.07,537.57,526.61,537.57,86681859.00
"""2014-12-31T00:00:00.000Z""",VNINDEX,538.68,545.63,537.91,546.62,122966043.00
"""2015-01-05T00:00:00.000Z""",VNINDEX,545.43,544.45,543.78,549.22,95949953.00
"""2015-01-06T00:00:00.000Z""",VNINDEX,539.08,549.66,538.82,550.11,112316461.00
"""2015-01-07T00:00:00.000Z""",VNINDEX,548.44,552.05,548.44,555.83,111705080.00
"""2015-01-08T00:00:00.000Z""",VNINDEX,553.49,553.47,552.15,556.80,77867146.00
"""2015-01-09T00:00:00.000Z""",VNINDEX,555.53,569.73,555.53,570.52,107474507.00
"""2015-01-12T00:00:00.000Z""",VNINDEX,575.86,574.32,574.07,579.73,134928562.00
"""2015-01-13T00:00:00.000Z""",VNINDEX,573.26,580.60,573.26,580.65,111664637.00
"""2015-01-14T00:00:00.000Z""",VNINDEX,579.77,577.01,571.67,582.21,108938080.00
"""2015-01-15T00:00:00.000Z""",VNINDEX,578.31,577.74,575.36,581.24,120095579.00
"""2015-01-16T00:00:00.000Z""",VNINDEX,576.88,574.81,574.08,578.51,106677703.00
"""2015-01-19T00:00:00.000Z""",VNINDEX,576.50,571.51,570.10,579.06,88382060.00
"""2015-01-20T00:00:00.000Z""",VNINDEX,570.78,572.22,570.14,574.96,79463190.00
"""2015-01-21T00:00:00.000Z""",VNINDEX,573.54,569.12,569.12,574.41,83040200.00
"""2015-01-22T00:00:00.000Z""",VNINDEX,569.74,574.54,567.82,576.48,83828883.00
"""2015-01-23T00:00:00.000Z""",VNINDEX,578.22,582.38,577.57,583.57,184122823.00
"""2015-01-26T00:00:00.000Z""",VNINDEX,584.89,580.64,580.64,586.76,139906999.00
"""2015-01-27T00:00:00.000Z""",VNINDEX,580.45,579.30,575.50,584.28,157540891.00
"""2015-01-28T00:00:00.000Z""",VNINDEX,579.56,583.76,578.59,584.35,113561440.00
"""2015-01-29T00:00:00.000Z""",VNINDEX,584.18,583.28,580.37,585.66,109682059.00
"""2015-01-30T00:00:00.000Z""",VNINDEX,584.08,576.07,574.46,584.08,102197700.00
"""2015-02-02T00:00:00.000Z""",VNINDEX,576.07,570.37,570.37,579.73,85071802.00
"""2015-02-03T00:00:00.000Z""",VNINDEX,572.56,557.47,557.47,574.83,96961011.00
"""2015-02-04T00:00:00.000Z""",VNINDEX,556.93,561.45,553.21,561.69,100096916.00
"""2015-02-05T00:00:00.000Z""",VNINDEX,562.17,567.17,562.05,568.22,78742544.00
"""2015-02-06T00:00:00.000Z""",VNINDEX,569.03,574.13,569.03,574.36,64274918.00
"""2015-02-09T00:00:00.000Z""",VNINDEX,574.06,573.55,572.79,577.04,71316820.00
"""2015-02-10T00:00:00.000Z""",VNINDEX,575.74,574.52,574.24,578.42,73830792.00
"""2015-02-11T00:00:00.000Z""",VNINDEX,574.88,581.76,574.88,581.76,77500496.00
"""2015-02-12T00:00:00.000Z""",VNINDEX,582.52,584.67,581.86,584.99,82989180.00
"""2015-02-13T00:00:00.000Z""",VNINDEX,586.26,587.24,585.60,589.02,73837820.00
"""2015-02-24T00:00:00.000Z""",VNINDEX,590.18,596.95,589.74,596.95,62893419.00
"""2015-02-25T00:00:00.000Z""",VNINDEX,596.90,592.66,592.66,601.55,99207866.00
"""2015-02-26T00:00:00.000Z""",VNINDEX,593.95,596.72,591.78,597.07,89935440.00
"""2015-02-27T00:00:00.000Z""",VNINDEX,598.00,592.57,590.58,598.40,78310062.00
"""2015-03-02T00:00:00.000Z""",VNINDEX,591.75,590.73,588.59,593.72,86655948.00
"""2015-03-03T00:00:00.000Z""",VNINDEX,590.42,596.72,590.42,597.45,112826690.00
"""2015-03-04T00:00:00.000Z""",VNINDEX,598.49,600.39,595.34,600.69,120522460.00
"""2015-03-05T00:00:00.000Z""",VNINDEX,601.08,596.91,596.75,602.40,134357502.00
"""2015-03-06T00:00:00.000Z""",VNINDEX,596.42,593.97,592.71,598.33,101676233.00
"""2015-03-09T00:00:00.000Z""",VNINDEX,594.08,588.44,587.27,596.32,98831480.00
"""2015-03-10T00:00:00.000Z""",VNINDEX,586.38,589.66,586.38,591.17,105173875.00
"""2015-03-11T00:00:00.000Z""",VNINDEX,589.04,586.54,586.49,590.56,86316492.00
"""2015-03-12T00:00:00.000Z""",VNINDEX,585.89,588.53,585.48,589.67,82739692.00
"""2015-03-13T00:00:00.000Z""",VNINDEX,589.04,586.10,586.10,591.75,97281740.00
"""2015-03-16T00:00:00.000Z""",VNINDEX,583.26,580.80,580.55,586.19,100538780.00
"""2015-03-17T00:00:00.000Z""",VNINDEX,580.60,581.76,580.60,583.59,105054970.00
"""2015-03-18T00:00:00.000Z""",VNINDEX,580.81,578.68,577.26,581.53,108040880.00
"""2015-03-19T00:00:00.000Z""",VNINDEX,579.39,573.74,573.52,580.32,84526970.00
"""2015-03-20T00:00:00.000Z""",VNINDEX,572.57,575.44,571.92,577.56,151536960.00
"""2015-03-23T00:00:00.000Z""",VNINDEX,576.64,570.89,570.44,579.39,99548172.00
"""2015-03-24T00:00:00.000Z""",VNINDEX,569.33,567.43,562.07,569.91,91921673.00
"""2015-03-25T00:00:00.000Z""",VNINDEX,567.62,560.93,559.87,568.40,87606340.00
"""2015-03-26T00:00:00.000Z""",VNINDEX,556.12,556.16,553.19,559.68,83825010.00
"""2015-03-27T00:00:00.000Z""",VNINDEX,558.93,551.42,549.65,561.13,91630502.00
"""2015-03-30T00:00:00.000Z""",VNINDEX,551.75,545.19,545.07,554.26,108626597.00
"""2015-03-31T00:00:00.000Z""",VNINDEX,544.87,551.13,544.87,552.31,83615827.00
"""2015-04-01T00:00:00.000Z""",VNINDEX,550.80,538.91,537.30,551.69,129132966.00
"""2015-04-02T00:00:00.000Z""",VNINDEX,540.54,546.85,536.87,546.85,89755500.00
"""2015-04-03T00:00:00.000Z""",VNINDEX,548.69,547.85,544.22,550.30,70213550.00
"""2015-04-06T00:00:00.000Z""",VNINDEX,548.11,542.97,542.97,549.28,71851972.00
"""2015-04-07T00:00:00.000Z""",VNINDEX,542.71,548.11,540.79,548.37,96779408.00
"""2015-04-08T00:00:00.000Z""",VNINDEX,549.69,547.72,546.29,551.23,80149309.00
"""2015-04-09T00:00:00.000Z""",VNINDEX,547.26,550.52,546.76,552.53,94464349.00
"""2015-04-10T00:00:00.000Z""",VNINDEX,550.96,554.03,550.96,557.65,104201065.00
"""2015-04-13T00:00:00.000Z""",VNINDEX,556.35,559.54,555.97,559.68,72141841.00
"""2015-04-14T00:00:00.000Z""",VNINDEX,559.81,558.67,558.49,562.95,69539197.00
"""2015-04-15T00:00:00.000Z""",VNINDEX,558.94,564.50,558.94,565.39,82310547.00
"""2015-04-16T00:00:00.000Z""",VNINDEX,568.38,568.28,566.25,570.68,100518330.00
"""2015-04-17T00:00:00.000Z""",VNINDEX,568.87,568.32,568.32,572.76,107308470.00
"""2015-04-20T00:00:00.000Z""",VNINDEX,568.52,565.04,562.66,568.83,98954159.00
"""2015-04-21T00:00:00.000Z""",VNINDEX,563.78,562.24,562.24,567.52,98592506.00
"""2015-04-22T00:00:00.000Z""",VNINDEX,562.58,562.51,561.53,565.04,91608120.00
"""2015-04-23T00:00:00.000Z""",VNINDEX,562.85,561.25,557.57,564.45,76336705.00
"""2015-04-24T00:00:00.000Z""",VNINDEX,563.17,565.77,561.56,567.36,61658945.00
"""2015-04-27T00:00:00.000Z""",VNINDEX,567.77,562.40,562.40,568.47,61882580.00
"""2015-05-04T00:00:00.000Z""",VNINDEX,560.62,545.08,545.08,563.36,112533038.00
"""2015-05-05T00:00:00.000Z""",VNINDEX,544.80,552.65,539.04,552.65,116972118.00
"""2015-05-06T00:00:00.000Z""",VNINDEX,553.30,549.30,548.17,555.51,89293918.00
"""2015-05-07T00:00:00.000Z""",VNINDEX,548.51,552.98,547.53,554.22,70107660.00
"""2015-05-08T00:00:00.000Z""",VNINDEX,551.57,554.51,550.93,556.39,72948230.00
"""2015-05-11T00:00:00.000Z""",VNINDEX,554.51,551.67,550.57,556.20,108342081.00
"""2015-05-12T00:00:00.000Z""",VNINDEX,551.98,544.41,542.70,552.56,79641182.00
"""2015-05-19T00:00:00.000Z""",VNINDEX,530.00,536.82,530.00,537.19,93794238.00
"""2015-05-13T00:00:00.000Z""",VNINDEX,545.50,542.82,538.76,546.99,79428780.00
"""2015-05-14T00:00:00.000Z""",VNINDEX,542.53,543.69,540.72,545.00,67995728.00
"""2015-05-15T00:00:00.000Z""",VNINDEX,543.61,537.44,537.44,545.48,74945168.00
"""2015-05-18T00:00:00.000Z""",VNINDEX,535.82,528.95,528.90,536.71,105370270.00
"""2015-05-20T00:00:00.000Z""",VNINDEX,536.35,550.10,536.07,550.33,128457950.00
"""2015-05-21T00:00:00.000Z""",VNINDEX,550.99,552.56,547.95,554.00,112191076.00
"""2015-05-22T00:00:00.000Z""",VNINDEX,553.41,561.82,550.81,561.82,119603570.00
"""2015-05-25T00:00:00.000Z""",VNINDEX,560.80,563.00,558.66,563.84,108202345.00
"""2015-05-26T00:00:00.000Z""",VNINDEX,563.31,567.20,562.58,570.29,143157231.00
"""2015-05-27T00:00:00.000Z""",VNINDEX,564.64,566.48,563.28,569.63,115039470.00
"""2015-05-28T00:00:00.000Z""",VNINDEX,566.13,572.97,564.73,576.92,151798276.00
"""2015-05-29T00:00:00.000Z""",VNINDEX,572.73,569.56,568.70,577.03,135981181.00
"""2015-06-01T00:00:00.000Z""",VNINDEX,571.15,574.98,570.14,579.58,118501583.00
"""2015-06-02T00:00:00.000Z""",VNINDEX,575.70,570.31,570.31,581.24,123887116.00
"""2015-06-03T00:00:00.000Z""",VNINDEX,570.55,567.90,567.81,573.91,125465980.00
"""2015-06-04T00:00:00.000Z""",VNINDEX,568.01,568.99,567.89,573.50,113850448.00
"""2015-06-05T00:00:00.000Z""",VNINDEX,568.99,578.07,568.37,579.01,147673160.00
"""2015-06-08T00:00:00.000Z""",VNINDEX,580.74,579.83,579.45,585.51,192901859.00
"""2015-06-09T00:00:00.000Z""",VNINDEX,578.68,574.47,573.73,582.13,162014406.00
"""2015-06-10T00:00:00.000Z""",VNINDEX,576.06,574.10,569.59,576.62,133530725.00
"""2015-06-11T00:00:00.000Z""",VNINDEX,577.32,581.05,575.25,582.68,166695844.00
"""2015-06-12T00:00:00.000Z""",VNINDEX,582.54,582.73,578.80,585.01,163046490.00
"""2015-06-15T00:00:00.000Z""",VNINDEX,583.51,586.48,581.35,586.67,154918630.00
"""2015-06-16T00:00:00.000Z""",VNINDEX,587.76,580.35,580.35,589.33,162621442.00
"""2015-06-17T00:00:00.000Z""",VNINDEX,578.53,578.87,575.88,584.04,131418857.00
"""2015-06-18T00:00:00.000Z""",VNINDEX,578.73,580.35,578.47,583.02,98182300.00
"""2015-06-19T00:00:00.000Z""",VNINDEX,584.08,585.15,582.47,588.48,201253300.00
"""2015-06-22T00:00:00.000Z""",VNINDEX,589.19,594.08,588.01,594.08,154756804.00
"""2015-06-23T00:00:00.000Z""",VNINDEX,592.44,593.07,590.76,595.11,130756238.00
"""2015-06-24T00:00:00.000Z""",VNINDEX,592.19,590.02,589.02,594.01,128936836.00
"""2015-06-25T00:00:00.000Z""",VNINDEX,589.29,587.99,585.34,590.37,114600820.00
"""2015-06-26T00:00:00.000Z""",VNINDEX,586.04,581.75,581.75,592.59,152466275.00
"""2015-06-29T00:00:00.000Z""",VNINDEX,580.16,591.75,579.61,591.75,121736895.00
"""2015-06-30T00:00:00.000Z""",VNINDEX,588.77,593.05,588.77,598.98,156142734.00
"""2015-07-01T00:00:00.000Z""",VNINDEX,594.52,591.50,587.33,594.52,133315191.00
"""2015-07-02T00:00:00.000Z""",VNINDEX,591.50,605.70,590.52,605.70,136673256.00
"""2015-07-03T00:00:00.000Z""",VNINDEX,608.82,616.43,605.70,617.96,164545634.00
"""2015-07-06T00:00:00.000Z""",VNINDEX,618.75,625.22,618.65,625.34,179746153.00
"""2015-07-07T00:00:00.000Z""",VNINDEX,623.89,630.27,620.59,633.73,175372826.00
"""2015-07-08T00:00:00.000Z""",VNINDEX,630.40,623.17,617.29,634.13,191226801.00
"""2015-07-09T00:00:00.000Z""",VNINDEX,616.20,622.10,613.34,626.38,148192176.00
"""2015-07-10T00:00:00.000Z""",VNINDEX,627.56,627.28,624.70,630.79,216869471.00
"""2015-07-13T00:00:00.000Z""",VNINDEX,631.56,634.06,627.69,637.07,140485030.00
"""2015-07-14T00:00:00.000Z""",VNINDEX,635.55,638.69,628.43,640.43,155025876.00
"""2015-07-15T00:00:00.000Z""",VNINDEX,640.43,630.89,630.89,641.06,141789461.00
"""2015-07-16T00:00:00.000Z""",VNINDEX,627.32,626.90,622.57,632.21,132735829.00
"""2015-07-17T00:00:00.000Z""",VNINDEX,628.45,628.63,626.21,631.67,106876812.00
"""2015-07-20T00:00:00.000Z""",VNINDEX,624.84,620.54,616.11,624.84,120577490.00
"""2015-07-21T00:00:00.000Z""",VNINDEX,619.90,616.61,613.83,624.47,100715190.00
"""2015-07-22T00:00:00.000Z""",VNINDEX,614.56,629.85,613.58,629.94,120809536.00
"""2015-07-23T00:00:00.000Z""",VNINDEX,632.07,632.01,631.43,637.91,120931816.00
"""2015-07-24T00:00:00.000Z""",VNINDEX,633.27,631.26,627.99,634.61,111646685.00
"""2015-07-27T00:00:00.000Z""",VNINDEX,629.68,635.46,629.42,636.84,123978732.00
"""2015-07-28T00:00:00.000Z""",VNINDEX,636.58,631.47,631.47,639.54,154307385.00
"""2015-07-29T00:00:00.000Z""",VNINDEX,632.00,624.70,624.70,634.64,114155520.00
"""2015-07-30T00:00:00.000Z""",VNINDEX,625.46,626.57,622.43,627.11,102580431.00
"""2015-07-31T00:00:00.000Z""",VNINDEX,628.31,621.06,621.06,629.97,112601314.00
"""2015-08-03T00:00:00.000Z""",VNINDEX,617.12,609.47,605.63,617.12,129802560.00
"""2015-08-04T00:00:00.000Z""",VNINDEX,607.95,600.76,600.76,609.91,83579840.00
"""2015-08-05T00:00:00.000Z""",VNINDEX,600.68,607.08,600.68,608.21,108568356.00
"""2015-08-06T00:00:00.000Z""",VNINDEX,607.84,601.04,600.85,609.31,110438300.00
"""2015-08-07T00:00:00.000Z""",VNINDEX,601.57,603.76,597.75,604.04,87763805.00
"""2015-08-10T00:00:00.000Z""",VNINDEX,603.82,614.53,603.82,614.53,90733790.00
"""2015-08-11T00:00:00.000Z""",VNINDEX,615.17,613.05,611.17,619.69,119704416.00
"""2015-08-12T00:00:00.000Z""",VNINDEX,609.33,604.24,602.01,611.46,112168470.00
"""2015-08-13T00:00:00.000Z""",VNINDEX,603.31,594.26,590.44,603.31,126466967.00
"""2015-08-14T00:00:00.000Z""",VNINDEX,592.80,589.03,585.97,598.55,90668550.00
"""2015-08-17T00:00:00.000Z""",VNINDEX,588.67,573.15,571.26,591.20,108220070.00
"""2015-08-18T00:00:00.000Z""",VNINDEX,571.31,580.22,571.22,580.22,93866701.00
"""2015-08-19T00:00:00.000Z""",VNINDEX,576.44,577.82,569.21,580.99,106329590.00
"""2015-08-20T00:00:00.000Z""",VNINDEX,575.13,566.69,565.09,577.43,113118145.00
"""2015-08-21T00:00:00.000Z""",VNINDEX,559.34,556.30,542.31,559.97,185890140.00
"""2015-08-24T00:00:00.000Z""",VNINDEX,550.48,526.93,523.55,550.48,174459919.00
"""2015-08-25T00:00:00.000Z""",VNINDEX,511.13,529.98,511.13,535.48,177692294.00
"""2015-08-26T00:00:00.000Z""",VNINDEX,530.05,545.89,530.05,545.89,124142260.00
"""2015-08-27T00:00:00.000Z""",VNINDEX,551.89,555.81,551.44,558.93,127733040.00
"""2015-08-28T00:00:00.000Z""",VNINDEX,561.36,570.87,559.35,570.87,165727370.00
"""2015-08-31T00:00:00.000Z""",VNINDEX,573.10,564.75,563.99,573.10,127965687.00
"""2015-09-01T00:00:00.000Z""",VNINDEX,565.75,562.31,561.28,569.18,98666090.00
"""2015-09-03T00:00:00.000Z""",VNINDEX,559.32,554.30,551.47,561.43,93471190.00
"""2015-09-04T00:00:00.000Z""",VNINDEX,554.85,556.81,554.77,558.90,66984681.00
"""2015-09-07T00:00:00.000Z""",VNINDEX,557.07,554.93,554.44,560.09,75024450.00
"""2015-09-08T00:00:00.000Z""",VNINDEX,554.48,566.72,554.34,566.72,107299931.00
"""2015-09-09T00:00:00.000Z""",VNINDEX,574.06,572.34,569.69,574.73,89599390.00
"""2015-09-10T00:00:00.000Z""",VNINDEX,567.51,572.07,567.09,576.13,70327858.00
"""2015-09-11T00:00:00.000Z""",VNINDEX,572.14,566.74,566.18,573.99,94986910.00
"""2015-09-14T00:00:00.000Z""",VNINDEX,569.21,562.17,561.46,572.25,84875711.00
"""2015-09-15T00:00:00.000Z""",VNINDEX,564.38,563.27,561.10,565.05,85238120.00
"""2015-09-16T00:00:00.000Z""",VNINDEX,561.86,564.13,561.69,564.82,74657307.00
"""2015-09-17T00:00:00.000Z""",VNINDEX,563.93,562.48,562.48,565.85,87373514.00
"""2015-09-18T00:00:00.000Z""",VNINDEX,564.69,566.25,564.69,569.50,153413503.00
"""2015-09-21T00:00:00.000Z""",VNINDEX,566.74,572.12,565.16,572.26,109331161.00
"""2015-09-22T00:00:00.000Z""",VNINDEX,573.09,573.20,570.26,575.17,120594064.00
"""2015-09-23T00:00:00.000Z""",VNINDEX,570.64,572.72,569.51,573.85,107830778.00
"""2015-09-24T00:00:00.000Z""",VNINDEX,573.50,570.25,570.12,575.36,107033234.00
"""2015-09-25T00:00:00.000Z""",VNINDEX,570.41,570.38,567.71,572.09,79089825.00
"""2015-09-28T00:00:00.000Z""",VNINDEX,571.29,564.88,564.88,572.15,86044001.00
"""2015-09-29T00:00:00.000Z""",VNINDEX,559.83,561.19,557.65,561.76,93139990.00
"""2015-09-30T00:00:00.000Z""",VNINDEX,562.50,562.64,562.50,565.65,83821689.00
"""2015-10-01T00:00:00.000Z""",VNINDEX,563.39,563.54,563.23,565.63,82587308.00
"""2015-10-02T00:00:00.000Z""",VNINDEX,563.33,562.31,561.73,565.01,81795149.00
"""2015-10-05T00:00:00.000Z""",VNINDEX,562.31,570.00,562.31,570.00,98664048.00
"""2015-10-06T00:00:00.000Z""",VNINDEX,577.45,581.29,574.63,581.38,179239993.00
"""2015-10-07T00:00:00.000Z""",VNINDEX,583.97,579.57,579.57,587.30,146233057.00
"""2015-10-08T00:00:00.000Z""",VNINDEX,580.04,586.78,579.82,588.35,193201012.00
"""2015-10-09T00:00:00.000Z""",VNINDEX,590.91,588.02,587.57,593.02,162687753.00
"""2015-10-12T00:00:00.000Z""",VNINDEX,587.72,592.10,587.25,594.74,152110985.00
"""2015-10-13T00:00:00.000Z""",VNINDEX,589.09,590.84,588.54,591.66,115293788.00
"""2015-10-14T00:00:00.000Z""",VNINDEX,592.45,589.98,589.62,593.73,113476812.00
"""2015-10-15T00:00:00.000Z""",VNINDEX,591.36,592.40,588.98,594.17,115345487.00
"""2015-10-16T00:00:00.000Z""",VNINDEX,593.70,593.02,593.02,599.74,132289470.00
"""2015-10-19T00:00:00.000Z""",VNINDEX,593.87,594.61,591.60,598.11,107689287.00
"""2015-10-20T00:00:00.000Z""",VNINDEX,594.97,590.45,588.26,596.37,127212950.00
"""2015-10-21T00:00:00.000Z""",VNINDEX,590.43,590.24,589.84,594.50,100314613.00
"""2015-10-22T00:00:00.000Z""",VNINDEX,590.22,595.08,589.74,595.81,94881079.00
"""2015-10-23T00:00:00.000Z""",VNINDEX,598.55,601.74,598.25,602.55,104409506.00
"""2015-10-26T00:00:00.000Z""",VNINDEX,604.41,598.61,598.61,606.79,102715719.00
"""2015-10-27T00:00:00.000Z""",VNINDEX,597.80,598.44,595.62,600.51,106258088.00
"""2015-10-28T00:00:00.000Z""",VNINDEX,599.09,596.24,596.24,601.09,119718630.00
"""2015-10-29T00:00:00.000Z""",VNINDEX,599.32,605.20,598.80,605.20,102964589.00
"""2015-10-30T00:00:00.000Z""",VNINDEX,605.49,607.37,603.93,608.01,91228743.00
"""2015-11-02T00:00:00.000Z""",VNINDEX,607.93,602.76,601.99,610.17,123804242.00
"""2015-11-03T00:00:00.000Z""",VNINDEX,605.32,611.71,600.46,611.71,116501092.00
"""2015-11-04T00:00:00.000Z""",VNINDEX,614.29,610.60,610.60,617.93,112568865.00
"""2015-11-05T00:00:00.000Z""",VNINDEX,609.49,615.18,608.53,616.46,99747811.00
"""2015-11-06T00:00:00.000Z""",VNINDEX,615.54,612.36,608.89,617.79,109916849.00
"""2015-11-09T00:00:00.000Z""",VNINDEX,612.29,610.66,610.35,613.79,122658556.00
"""2015-11-10T00:00:00.000Z""",VNINDEX,609.30,605.27,605.08,610.60,119828327.00
"""2015-11-11T00:00:00.000Z""",VNINDEX,604.13,603.53,603.34,609.02,95353677.00
"""2015-11-12T00:00:00.000Z""",VNINDEX,602.02,605.58,595.86,605.58,144360576.00
"""2015-11-13T00:00:00.000Z""",VNINDEX,604.41,611.27,603.72,611.27,159048896.00
"""2015-11-16T00:00:00.000Z""",VNINDEX,609.77,609.21,605.39,611.92,137771821.00
"""2015-11-17T00:00:00.000Z""",VNINDEX,609.21,605.05,605.05,611.18,171375598.00
"""2015-11-18T00:00:00.000Z""",VNINDEX,603.32,603.34,602.13,606.62,123130657.00
"""2015-11-19T00:00:00.000Z""",VNINDEX,604.38,601.90,600.84,605.56,122606073.00
"""2015-11-20T00:00:00.000Z""",VNINDEX,602.11,604.46,601.90,606.58,140684933.00
"""2015-11-23T00:00:00.000Z""",VNINDEX,605.89,599.99,599.99,607.69,153192570.00
"""2015-11-24T00:00:00.000Z""",VNINDEX,599.81,593.83,590.41,599.94,169697131.00
"""2015-11-25T00:00:00.000Z""",VNINDEX,593.24,595.70,588.10,596.92,143862187.00
"""2015-11-26T00:00:00.000Z""",VNINDEX,593.12,590.40,590.39,594.67,157756736.00
"""2015-11-27T00:00:00.000Z""",VNINDEX,589.09,582.86,582.86,591.84,142236204.00
"""2015-11-30T00:00:00.000Z""",VNINDEX,581.39,573.20,571.12,581.65,132937400.00
"""2015-12-01T00:00:00.000Z""",VNINDEX,573.39,570.41,570.41,577.58,116017846.00
"""2015-12-02T00:00:00.000Z""",VNINDEX,571.01,574.42,571.01,577.03,104139721.00
"""2015-12-03T00:00:00.000Z""",VNINDEX,574.04,574.38,573.20,576.84,128281235.00
"""2015-12-04T00:00:00.000Z""",VNINDEX,574.00,571.62,567.95,574.69,87330210.00
"""2015-12-07T00:00:00.000Z""",VNINDEX,570.12,563.62,563.41,571.20,78317859.00
"""2015-12-08T00:00:00.000Z""",VNINDEX,561.00,574.15,556.92,574.15,112932020.00
"""2015-12-09T00:00:00.000Z""",VNINDEX,575.08,565.20,565.20,576.63,107435090.00
"""2015-12-10T00:00:00.000Z""",VNINDEX,564.86,561.04,561.04,567.62,113098598.00
"""2015-12-11T00:00:00.000Z""",VNINDEX,560.99,563.43,559.73,567.13,99446395.00
"""2015-12-14T00:00:00.000Z""",VNINDEX,564.14,562.22,560.99,566.28,116299891.00
"""2015-12-15T00:00:00.000Z""",VNINDEX,563.30,568.00,563.30,568.74,119807349.00
"""2015-12-16T00:00:00.000Z""",VNINDEX,570.36,572.55,570.36,575.54,114450822.00
"""2015-12-17T00:00:00.000Z""",VNINDEX,576.23,577.11,574.81,579.18,90780725.00
"""2015-12-18T00:00:00.000Z""",VNINDEX,574.66,568.18,568.18,578.00,211301975.00
"""2015-12-21T00:00:00.000Z""",VNINDEX,570.45,566.90,565.35,571.28,125675462.00
"""2015-12-22T00:00:00.000Z""",VNINDEX,567.88,566.35,565.48,570.86,84511293.00
"""2015-12-23T00:00:00.000Z""",VNINDEX,564.93,564.27,562.30,568.16,90227233.00
"""2015-12-24T00:00:00.000Z""",VNINDEX,566.65,566.17,565.62,567.80,71904872.00
"""2015-12-25T00:00:00.000Z""",VNINDEX,566.60,567.67,566.60,570.49,109168356.00
"""2015-12-28T00:00:00.000Z""",VNINDEX,570.57,569.90,569.40,572.92,134224228.00
"""2015-12-29T00:00:00.000Z""",VNINDEX,569.40,576.29,566.49,576.29,114622775.00
"""2015-12-30T00:00:00.000Z""",VNINDEX,576.50,579.45,575.71,579.45,90049368.00
"""2015-12-31T00:00:00.000Z""",VNINDEX,579.12,579.03,575.73,580.82,134262863.00
"""2016-01-04T00:00:00.000Z""",VNINDEX,577.91,574.41,573.15,579.50,108481084.00
"""2016-01-05T00:00:00.000Z""",VNINDEX,571.66,569.94,569.26,575.40,104095708.00
"""2016-01-06T00:00:00.000Z""",VNINDEX,569.50,574.57,569.50,574.57,95936556.00
"""2016-01-07T00:00:00.000Z""",VNINDEX,570.62,565.36,561.09,570.94,147862540.00
"""2016-01-08T00:00:00.000Z""",VNINDEX,562.62,560.05,556.36,563.17,143161365.00
"""2016-01-11T00:00:00.000Z""",VNINDEX,559.05,557.87,557.51,563.04,106073034.00
"""2016-01-12T00:00:00.000Z""",VNINDEX,557.36,564.26,557.36,564.26,118608238.00
"""2016-01-13T00:00:00.000Z""",VNINDEX,565.21,560.37,560.37,566.02,134299615.00
"""2016-01-14T00:00:00.000Z""",VNINDEX,555.88,553.03,550.60,556.62,149357928.00
"""2016-01-15T00:00:00.000Z""",VNINDEX,554.35,543.04,543.04,556.55,130432563.00
"""2016-01-18T00:00:00.000Z""",VNINDEX,532.54,526.37,518.16,532.54,164097973.00
"""2016-01-19T00:00:00.000Z""",VNINDEX,525.65,535.77,525.65,535.77,125998178.00
"""2016-01-20T00:00:00.000Z""",VNINDEX,532.81,529.44,529.42,536.57,128321460.00
"""2016-01-21T00:00:00.000Z""",VNINDEX,526.37,521.88,520.74,531.21,152779535.00
"""2016-01-22T00:00:00.000Z""",VNINDEX,525.35,522.24,513.82,525.83,169036178.00
"""2016-01-25T00:00:00.000Z""",VNINDEX,522.24,542.35,522.24,542.36,164266326.00
"""2016-01-26T00:00:00.000Z""",VNINDEX,534.06,537.73,531.27,542.98,142005584.00
"""2016-01-27T00:00:00.000Z""",VNINDEX,541.18,542.69,540.03,543.88,124968204.00
"""2016-01-28T00:00:00.000Z""",VNINDEX,542.01,539.47,538.59,544.73,113207754.00
"""2016-01-29T00:00:00.000Z""",VNINDEX,539.96,545.25,537.51,545.71,122861408.00
"""2016-02-01T00:00:00.000Z""",VNINDEX,545.27,540.56,540.56,548.58,107294633.00
"""2016-02-02T00:00:00.000Z""",VNINDEX,540.56,536.45,535.38,542.24,93183702.00
"""2016-02-03T00:00:00.000Z""",VNINDEX,531.11,539.07,530.23,539.07,87346741.00
"""2016-02-04T00:00:00.000Z""",VNINDEX,542.91,542.15,541.66,545.17,67891131.00
"""2016-02-05T00:00:00.000Z""",VNINDEX,540.64,544.75,540.64,545.54,61850624.00
"""2016-02-15T00:00:00.000Z""",VNINDEX,540.13,543.79,537.81,544.59,68697819.00
"""2016-02-16T00:00:00.000Z""",VNINDEX,545.72,548.05,545.72,548.89,108042955.00
"""2016-02-17T00:00:00.000Z""",VNINDEX,551.38,547.05,547.05,552.38,131155927.00
"""2016-02-18T00:00:00.000Z""",VNINDEX,550.51,552.49,549.16,555.05,126034129.00
"""2016-02-19T00:00:00.000Z""",VNINDEX,552.37,554.03,551.38,555.16,185583566.00
"""2016-02-22T00:00:00.000Z""",VNINDEX,555.31,560.71,555.31,561.44,152960690.00
"""2016-02-23T00:00:00.000Z""",VNINDEX,564.75,561.28,561.09,567.58,159711325.00
"""2016-02-24T00:00:00.000Z""",VNINDEX,559.48,568.04,557.77,569.70,160236400.00
"""2016-02-25T00:00:00.000Z""",VNINDEX,571.15,562.82,562.82,573.63,151424152.00
"""2016-02-26T00:00:00.000Z""",VNINDEX,565.61,566.11,562.39,566.80,106608060.00
"""2016-02-29T00:00:00.000Z""",VNINDEX,565.61,559.37,559.40,566.30,129709130.00
"""2016-03-01T00:00:00.000Z""",VNINDEX,561.54,561.56,560.59,565.65,141418360.00
"""2016-03-02T00:00:00.000Z""",VNINDEX,564.85,570.18,562.97,570.18,144882879.00
"""2016-03-03T00:00:00.000Z""",VNINDEX,573.06,570.39,569.39,573.88,132208151.00
"""2016-03-04T00:00:00.000Z""",VNINDEX,570.20,573.65,568.80,576.00,132208151.00
"""2016-03-07T00:00:00.000Z""",VNINDEX,575.76,576.20,575.39,580.95,158921649.00
"""2016-03-08T00:00:00.000Z""",VNINDEX,576.75,574.71,574.53,579.87,149051130.00
"""2016-03-09T00:00:00.000Z""",VNINDEX,573.47,571.71,571.48,576.32,125151264.00
"""2016-03-10T00:00:00.000Z""",VNINDEX,574.07,575.91,571.52,575.91,146190997.00
"""2016-03-11T00:00:00.000Z""",VNINDEX,576.12,577.26,574.81,580.93,146761681.00
"""2016-03-14T00:00:00.000Z""",VNINDEX,578.08,577.98,576.26,579.66,175478402.00
"""2016-03-15T00:00:00.000Z""",VNINDEX,576.78,574.04,572.59,578.96,163934729.00
"""2016-03-16T00:00:00.000Z""",VNINDEX,573.88,577.07,573.37,577.96,148928132.00
"""2016-03-17T00:00:00.000Z""",VNINDEX,581.55,579.26,579.26,583.53,165826389.00
"""2016-03-18T00:00:00.000Z""",VNINDEX,579.95,575.82,575.44,580.81,226162585.00
"""2016-03-21T00:00:00.000Z""",VNINDEX,577.65,572.27,572.27,580.83,163803278.00
"""2016-03-22T00:00:00.000Z""",VNINDEX,572.70,570.91,567.80,573.80,132091826.00
"""2016-03-23T00:00:00.000Z""",VNINDEX,570.74,574.71,570.39,575.22,142817620.00
"""2016-03-24T00:00:00.000Z""",VNINDEX,573.93,570.66,570.66,577.21,166986913.00
"""2016-03-25T00:00:00.000Z""",VNINDEX,569.48,572.08,564.88,572.48,159135772.00
"""2016-03-28T00:00:00.000Z""",VNINDEX,573.69,575.72,571.58,576.00,127859664.00
"""2016-03-29T00:00:00.000Z""",VNINDEX,575.63,568.28,568.28,576.07,165096704.00
"""2016-03-30T00:00:00.000Z""",VNINDEX,566.08,569.91,565.55,571.43,135457967.00
"""2016-03-31T00:00:00.000Z""",VNINDEX,569.04,561.22,561.22,570.94,172525592.00
"""2016-04-01T00:00:00.000Z""",VNINDEX,560.64,558.43,557.96,562.73,131420385.00
"""2016-04-04T00:00:00.000Z""",VNINDEX,557.56,555.82,554.30,560.92,118847850.00
"""2016-04-05T00:00:00.000Z""",VNINDEX,555.98,560.32,555.15,560.32,140380762.00
"""2016-04-06T00:00:00.000Z""",VNINDEX,561.94,567.79,560.63,567.79,120888692.00
"""2016-04-07T00:00:00.000Z""",VNINDEX,570.72,571.60,567.01,572.56,123544105.00
"""2016-04-08T00:00:00.000Z""",VNINDEX,571.21,572.34,569.09,574.46,122410615.00
"""2016-04-11T00:00:00.000Z""",VNINDEX,575.11,579.27,575.01,581.88,143194089.00
"""2016-04-12T00:00:00.000Z""",VNINDEX,580.90,579.84,577.17,582.97,165747147.00
"""2016-04-13T00:00:00.000Z""",VNINDEX,580.77,578.02,575.65,582.81,140037692.00
"""2016-04-14T00:00:00.000Z""",VNINDEX,575.69,579.49,575.69,584.81,122500701.00
"""2016-04-15T00:00:00.000Z""",VNINDEX,581.54,579.86,579.86,586.36,124267616.00
"""2016-04-19T00:00:00.000Z""",VNINDEX,578.32,568.28,568.28,578.44,138459788.00
"""2016-04-20T00:00:00.000Z""",VNINDEX,569.80,568.03,565.30,571.71,116342685.00
"""2016-04-21T00:00:00.000Z""",VNINDEX,571.19,575.73,570.71,577.41,104751900.00
"""2016-04-22T00:00:00.000Z""",VNINDEX,574.57,592.48,574.57,592.48,140754879.00
"""2016-04-25T00:00:00.000Z""",VNINDEX,597.91,591.58,591.58,601.61,161640502.00
"""2016-04-26T00:00:00.000Z""",VNINDEX,590.99,598.48,590.19,598.48,176652609.00
"""2016-04-27T00:00:00.000Z""",VNINDEX,601.79,593.96,591.35,601.79,149048248.00
"""2016-04-28T00:00:00.000Z""",VNINDEX,594.98,591.67,589.97,597.28,101200825.00
"""2016-04-29T00:00:00.000Z""",VNINDEX,591.20,598.37,591.20,599.71,124902889.00
"""2016-05-04T00:00:00.000Z""",VNINDEX,595.95,599.07,592.43,603.08,143701125.00
"""2016-05-05T00:00:00.000Z""",VNINDEX,600.66,601.51,600.50,605.21,134807029.00
"""2016-05-06T00:00:00.000Z""",VNINDEX,602.40,606.52,602.17,608.94,120426242.00
"""2016-05-09T00:00:00.000Z""",VNINDEX,610.92,603.85,603.85,612.97,145393793.00
"""2016-05-10T00:00:00.000Z""",VNINDEX,600.35,605.05,597.74,605.46,143695060.00
"""2016-05-11T00:00:00.000Z""",VNINDEX,606.60,614.06,606.06,614.06,162836854.00
"""2016-05-12T00:00:00.000Z""",VNINDEX,615.55,612.12,612.12,617.56,93535957.00
"""2016-05-13T00:00:00.000Z""",VNINDEX,612.32,610.82,608.04,615.30,110628260.00
"""2016-05-16T00:00:00.000Z""",VNINDEX,610.13,615.78,608.49,616.17,109336428.00
"""2016-05-17T00:00:00.000Z""",VNINDEX,620.54,624.75,618.67,626.12,126844685.00
"""2016-05-18T00:00:00.000Z""",VNINDEX,625.53,622.45,621.79,627.81,135015092.00
"""2016-05-19T00:00:00.000Z""",VNINDEX,622.45,619.20,618.13,623.68,141468684.00
"""2016-05-20T00:00:00.000Z""",VNINDEX,620.72,614.81,614.41,622.48,138837461.00
"""2016-05-23T00:00:00.000Z""",VNINDEX,616.11,611.03,610.45,616.83,99916411.00
"""2016-05-24T00:00:00.000Z""",VNINDEX,612.23,611.62,608.15,613.14,115554356.00
"""2016-05-25T00:00:00.000Z""",VNINDEX,613.96,611.89,611.89,616.38,139392931.00
"""2016-05-26T00:00:00.000Z""",VNINDEX,611.88,604.34,604.34,613.37,116539650.00
"""2016-05-27T00:00:00.000Z""",VNINDEX,604.36,608.11,603.23,609.94,102555613.00
"""2016-05-30T00:00:00.000Z""",VNINDEX,609.98,614.50,608.46,615.52,111118746.00
"""2016-05-31T00:00:00.000Z""",VNINDEX,616.22,618.44,614.68,621.14,121509400.00
"""2016-06-01T00:00:00.000Z""",VNINDEX,618.18,619.86,616.33,620.24,113214434.00
"""2016-06-02T00:00:00.000Z""",VNINDEX,619.19,623.37,618.38,624.52,126582473.00
"""2016-06-03T00:00:00.000Z""",VNINDEX,623.21,621.88,621.62,625.19,124038886.00
"""2016-06-06T00:00:00.000Z""",VNINDEX,621.09,620.05,616.98,624.55,133233686.00
"""2016-06-07T00:00:00.000Z""",VNINDEX,622.40,624.65,620.05,624.69,115267692.00
"""2016-06-08T00:00:00.000Z""",VNINDEX,626.84,627.87,626.29,632.68,139311446.00
"""2016-06-09T00:00:00.000Z""",VNINDEX,628.40,631.26,626.27,631.26,119510866.00
"""2016-06-10T00:00:00.000Z""",VNINDEX,629.95,629.84,628.56,633.47,134279311.00
"""2016-06-13T00:00:00.000Z""",VNINDEX,626.26,623.58,621.40,627.36,127060195.00
"""2016-06-14T00:00:00.000Z""",VNINDEX,621.63,625.43,619.13,626.40,75852350.00
"""2016-06-15T00:00:00.000Z""",VNINDEX,624.63,627.02,621.76,628.75,130313982.00
"""2016-06-16T00:00:00.000Z""",VNINDEX,627.38,625.11,625.11,630.21,122403921.00
"""2016-06-17T00:00:00.000Z""",VNINDEX,622.92,619.25,618.16,624.59,148648035.00
"""2016-06-20T00:00:00.000Z""",VNINDEX,622.04,626.46,620.41,626.46,115099126.00
"""2016-06-21T00:00:00.000Z""",VNINDEX,629.03,628.00,628.00,631.96,127747245.00
"""2016-06-22T00:00:00.000Z""",VNINDEX,628.77,626.41,625.81,629.95,107956447.00
"""2016-06-23T00:00:00.000Z""",VNINDEX,626.47,632.27,626.47,632.60,117110964.00
"""2016-06-24T00:00:00.000Z""",VNINDEX,631.77,620.77,597.68,631.77,270167693.00
"""2016-06-27T00:00:00.000Z""",VNINDEX,616.19,621.27,608.26,621.27,107871271.00
"""2016-06-28T00:00:00.000Z""",VNINDEX,617.68,622.20,617.65,624.85,89276686.00
"""2016-06-29T00:00:00.000Z""",VNINDEX,623.56,630.12,623.56,631.25,122306893.00
"""2016-06-30T00:00:00.000Z""",VNINDEX,633.17,632.26,631.74,637.46,106172826.00
"""2016-07-01T00:00:00.000Z""",VNINDEX,634.54,640.30,634.28,643.55,126003431.00
"""2016-07-04T00:00:00.000Z""",VNINDEX,643.11,647.96,641.96,647.96,137074190.00
"""2016-07-05T00:00:00.000Z""",VNINDEX,650.47,650.88,647.52,658.45,149329425.00
"""2016-07-06T00:00:00.000Z""",VNINDEX,646.80,649.46,644.07,652.36,136952723.00
"""2016-07-07T00:00:00.000Z""",VNINDEX,652.49,661.12,652.13,661.12,137255422.00
"""2016-07-08T00:00:00.000Z""",VNINDEX,661.07,658.68,655.91,665.53,143999302.00
"""2016-07-11T00:00:00.000Z""",VNINDEX,658.92,652.26,648.77,664.89,162166721.00
"""2016-07-12T00:00:00.000Z""",VNINDEX,652.81,658.90,650.04,658.90,175613469.00
"""2016-07-13T00:00:00.000Z""",VNINDEX,662.04,675.12,662.04,676.06,159936454.00
"""2016-07-14T00:00:00.000Z""",VNINDEX,675.66,666.69,666.69,681.75,160109344.00
"""2016-07-15T00:00:00.000Z""",VNINDEX,668.29,664.56,661.47,670.18,131134987.00
"""2016-07-18T00:00:00.000Z""",VNINDEX,664.12,673.50,662.25,673.50,131475169.00
"""2016-07-19T00:00:00.000Z""",VNINDEX,675.89,667.76,660.09,677.35,139586806.00
"""2016-07-20T00:00:00.000Z""",VNINDEX,667.86,660.26,660.26,667.86,129409012.00
"""2016-07-21T00:00:00.000Z""",VNINDEX,662.72,659.57,656.03,665.90,112376924.00
"""2016-07-22T00:00:00.000Z""",VNINDEX,657.15,649.87,640.26,658.06,151762705.00
"""2016-07-25T00:00:00.000Z""",VNINDEX,651.33,649.30,646.04,654.17,97521070.00
"""2016-07-26T00:00:00.000Z""",VNINDEX,648.58,648.59,642.91,651.93,106200466.00
"""2016-07-27T00:00:00.000Z""",VNINDEX,647.98,656.11,647.74,656.11,127212901.00
"""2016-07-28T00:00:00.000Z""",VNINDEX,655.81,657.14,649.86,657.20,122995228.00
"""2016-07-29T00:00:00.000Z""",VNINDEX,654.19,652.23,650.98,657.88,119987853.00
"""2016-08-01T00:00:00.000Z""",VNINDEX,655.38,648.38,646.02,655.38,92786858.00
"""2016-08-02T00:00:00.000Z""",VNINDEX,643.20,636.05,633.33,643.20,176389415.00
"""2016-08-03T00:00:00.000Z""",VNINDEX,632.98,631.61,627.66,634.75,94952845.00
"""2016-08-04T00:00:00.000Z""",VNINDEX,633.74,631.94,631.94,641.02,112054475.00
"""2016-08-05T00:00:00.000Z""",VNINDEX,629.69,627.39,622.49,630.18,125577237.00
"""2016-08-08T00:00:00.000Z""",VNINDEX,627.23,629.46,622.14,629.91,90026903.00
"""2016-08-09T00:00:00.000Z""",VNINDEX,629.66,637.34,629.66,637.34,98867142.00
"""2016-08-10T00:00:00.000Z""",VNINDEX,637.21,648.33,637.21,648.48,120826260.00
"""2016-08-11T00:00:00.000Z""",VNINDEX,649.27,660.24,648.31,660.24,140932553.00
"""2016-08-12T00:00:00.000Z""",VNINDEX,665.14,655.71,652.67,668.52,125031135.00
"""2016-08-15T00:00:00.000Z""",VNINDEX,654.06,659.47,653.64,659.47,117957041.00
"""2016-08-16T00:00:00.000Z""",VNINDEX,659.97,658.11,656.83,662.13,160323174.00
"""2016-08-17T00:00:00.000Z""",VNINDEX,659.46,660.51,657.06,660.76,123972737.00
"""2016-08-18T00:00:00.000Z""",VNINDEX,663.56,660.65,656.35,665.94,131630610.00
"""2016-08-19T00:00:00.000Z""",VNINDEX,664.09,662.28,659.64,666.93,109696013.00
"""2016-08-22T00:00:00.000Z""",VNINDEX,662.87,657.68,657.68,664.95,116313401.00
"""2016-08-23T00:00:00.000Z""",VNINDEX,653.58,659.16,652.88,659.16,109076919.00
"""2016-08-24T00:00:00.000Z""",VNINDEX,660.95,660.77,659.16,665.43,103852017.00
"""2016-08-25T00:00:00.000Z""",VNINDEX,659.57,658.50,656.49,660.48,116130990.00
"""2016-08-26T00:00:00.000Z""",VNINDEX,662.90,667.75,662.90,668.84,116441362.00
"""2016-08-29T00:00:00.000Z""",VNINDEX,670.71,669.44,669.44,679.62,114887828.00
"""2016-08-30T00:00:00.000Z""",VNINDEX,667.96,672.67,666.33,672.67,96553445.00
"""2016-08-31T00:00:00.000Z""",VNINDEX,673.10,674.63,671.39,676.26,115731530.00
"""2016-09-01T00:00:00.000Z""",VNINDEX,674.19,669.19,664.77,674.72,102236975.00
"""2016-09-05T00:00:00.000Z""",VNINDEX,669.30,664.55,660.31,670.08,110452165.00
"""2016-09-06T00:00:00.000Z""",VNINDEX,666.38,663.90,663.90,668.40,108988687.00
"""2016-09-07T00:00:00.000Z""",VNINDEX,663.05,661.28,657.07,663.68,106478655.00
"""2016-09-08T00:00:00.000Z""",VNINDEX,661.89,666.07,660.54,668.20,124555726.00
"""2016-09-09T00:00:00.000Z""",VNINDEX,669.24,666.88,666.88,672.39,106069911.00
"""2016-09-12T00:00:00.000Z""",VNINDEX,665.77,659.76,655.55,666.04,101334675.00
"""2016-09-13T00:00:00.000Z""",VNINDEX,658.61,659.72,654.95,661.74,87742729.00
"""2016-09-14T00:00:00.000Z""",VNINDEX,658.16,656.64,656.64,661.82,96405371.00
"""2016-09-15T00:00:00.000Z""",VNINDEX,657.46,656.18,654.84,660.32,112721637.00
"""2016-09-16T00:00:00.000Z""",VNINDEX,654.68,651.31,651.31,657.53,206035244.00
"""2016-09-19T00:00:00.000Z""",VNINDEX,656.68,657.89,653.97,658.35,107313289.00
"""2016-09-20T00:00:00.000Z""",VNINDEX,656.20,663.37,653.28,663.37,118443376.00
"""2016-09-21T00:00:00.000Z""",VNINDEX,663.12,668.48,662.79,668.83,158801286.00
"""2016-09-22T00:00:00.000Z""",VNINDEX,671.41,671.38,671.14,675.36,144396670.00
"""2016-09-23T00:00:00.000Z""",VNINDEX,670.73,674.09,670.30,674.09,175739748.00
"""2016-09-26T00:00:00.000Z""",VNINDEX,674.09,677.04,671.51,677.04,162242504.00
"""2016-09-27T00:00:00.000Z""",VNINDEX,676.61,684.89,676.24,684.89,130570028.00
"""2016-09-28T00:00:00.000Z""",VNINDEX,684.99,686.72,682.98,687.77,128176296.00
"""2016-09-29T00:00:00.000Z""",VNINDEX,689.82,688.55,685.91,692.17,115920966.00
"""2016-09-30T00:00:00.000Z""",VNINDEX,688.05,685.73,684.62,689.12,115737606.00
"""2016-10-03T00:00:00.000Z""",VNINDEX,687.68,683.05,681.99,688.42,121373564.00
"""2016-10-04T00:00:00.000Z""",VNINDEX,682.82,684.20,680.24,689.17,123103077.00
"""2016-10-05T00:00:00.000Z""",VNINDEX,686.41,687.04,685.48,689.50,116965594.00
"""2016-10-06T00:00:00.000Z""",VNINDEX,689.10,687.32,687.32,690.93,150660971.00
"""2016-10-07T00:00:00.000Z""",VNINDEX,689.51,683.95,680.26,690.19,140056120.00
"""2016-10-10T00:00:00.000Z""",VNINDEX,684.05,674.19,674.19,684.46,139489963.00
"""2016-10-11T00:00:00.000Z""",VNINDEX,677.63,682.36,669.20,682.36,147971135.00
"""2016-10-12T00:00:00.000Z""",VNINDEX,683.88,682.45,681.12,686.18,120752695.00
"""2016-10-13T00:00:00.000Z""",VNINDEX,680.73,685.23,678.79,685.23,125235595.00
"""2016-10-14T00:00:00.000Z""",VNINDEX,685.06,687.00,684.78,690.62,164677030.00
"""2016-10-17T00:00:00.000Z""",VNINDEX,687.18,680.95,680.95,687.94,113706862.00
"""2016-10-18T00:00:00.000Z""",VNINDEX,680.44,682.02,678.13,682.99,132533946.00
"""2016-10-19T00:00:00.000Z""",VNINDEX,683.83,688.89,683.25,689.88,149347013.00
"""2016-10-20T00:00:00.000Z""",VNINDEX,690.45,686.39,685.63,690.86,121092926.00
"""2016-10-21T00:00:00.000Z""",VNINDEX,685.77,684.83,683.76,687.54,136021849.00
"""2016-10-24T00:00:00.000Z""",VNINDEX,683.14,678.02,677.89,684.51,125451285.00
"""2016-10-25T00:00:00.000Z""",VNINDEX,676.29,676.18,670.60,677.47,127870459.00
"""2016-10-26T00:00:00.000Z""",VNINDEX,674.51,673.61,670.80,675.94,102375848.00
"""2016-10-27T00:00:00.000Z""",VNINDEX,672.81,676.90,671.61,676.90,91029134.00
"""2016-10-28T00:00:00.000Z""",VNINDEX,676.74,682.25,675.85,682.25,116024952.00
"""2016-10-31T00:00:00.000Z""",VNINDEX,682.11,675.80,675.80,683.34,130146695.00
"""2016-11-01T00:00:00.000Z""",VNINDEX,675.13,676.60,672.33,676.60,118657708.00
"""2016-11-02T00:00:00.000Z""",VNINDEX,675.68,671.40,671.40,678.14,142390107.00
"""2016-11-03T00:00:00.000Z""",VNINDEX,668.66,667.63,661.86,668.66,128263281.00
"""2016-11-04T00:00:00.000Z""",VNINDEX,666.93,666.73,665.08,668.99,87224452.00
"""2016-11-07T00:00:00.000Z""",VNINDEX,667.12,674.14,666.61,674.36,102951746.00
"""2016-11-08T00:00:00.000Z""",VNINDEX,675.82,676.46,674.33,677.91,96711763.00
"""2016-11-09T00:00:00.000Z""",VNINDEX,675.57,670.26,656.68,675.57,147942755.00
"""2016-11-10T00:00:00.000Z""",VNINDEX,675.36,678.17,675.18,678.57,119982716.00
"""2016-11-11T00:00:00.000Z""",VNINDEX,678.38,679.20,676.73,679.56,115046795.00
"""2016-11-14T00:00:00.000Z""",VNINDEX,677.13,673.05,672.45,679.96,121618891.00
"""2016-11-15T00:00:00.000Z""",VNINDEX,673.75,674.26,671.55,675.73,117997072.00
"""2016-11-16T00:00:00.000Z""",VNINDEX,674.85,674.60,673.95,676.90,111235257.00
"""2016-11-17T00:00:00.000Z""",VNINDEX,674.50,674.57,673.13,676.48,128545515.00
"""2016-11-18T00:00:00.000Z""",VNINDEX,673.82,673.25,669.18,675.15,104889159.00
"""2016-11-21T00:00:00.000Z""",VNINDEX,673.20,674.29,671.65,675.04,103604608.00
"""2016-11-22T00:00:00.000Z""",VNINDEX,675.23,681.91,675.23,681.91,113014531.00
"""2016-11-23T00:00:00.000Z""",VNINDEX,681.17,683.16,679.81,684.12,116629346.00
"""2016-11-24T00:00:00.000Z""",VNINDEX,683.61,678.18,676.39,683.61,113388288.00
"""2016-11-25T00:00:00.000Z""",VNINDEX,678.47,675.87,671.48,678.87,115871882.00
"""2016-11-28T00:00:00.000Z""",VNINDEX,672.38,665.29,660.96,673.18,107425275.00
"""2016-11-29T00:00:00.000Z""",VNINDEX,665.11,658.26,658.26,667.79,117030471.00
"""2016-11-30T00:00:00.000Z""",VNINDEX,658.44,665.07,654.99,665.78,155535385.00
"""2016-12-01T00:00:00.000Z""",VNINDEX,670.75,666.54,666.54,670.81,127426088.00
"""2016-12-02T00:00:00.000Z""",VNINDEX,667.02,665.14,662.09,667.39,135983005.00
"""2016-12-05T00:00:00.000Z""",VNINDEX,663.06,660.21,658.11,663.87,156758278.00
"""2016-12-06T00:00:00.000Z""",VNINDEX,660.21,651.49,648.37,660.77,126596028.00
"""2016-12-07T00:00:00.000Z""",VNINDEX,651.49,653.53,647.33,654.13,130471689.00
"""2016-12-08T00:00:00.000Z""",VNINDEX,655.48,658.89,655.48,660.72,135115234.00
"""2016-12-09T00:00:00.000Z""",VNINDEX,659.46,663.07,659.46,664.46,119362123.00
"""2016-12-12T00:00:00.000Z""",VNINDEX,663.70,659.70,658.84,664.67,111503595.00
"""2016-12-13T00:00:00.000Z""",VNINDEX,662.27,654.66,654.34,663.54,135077811.00
"""2016-12-14T00:00:00.000Z""",VNINDEX,657.39,665.14,657.39,665.14,212095924.00
"""2016-12-15T00:00:00.000Z""",VNINDEX,668.07,665.92,664.08,668.07,126549739.00
"""2016-12-16T00:00:00.000Z""",VNINDEX,670.43,675.16,668.30,675.19,177173648.00
"""2016-12-19T00:00:00.000Z""",VNINDEX,673.98,674.33,673.88,679.90,124372729.00
"""2016-12-20T00:00:00.000Z""",VNINDEX,673.93,662.66,662.66,674.28,100035571.00
"""2016-12-21T00:00:00.000Z""",VNINDEX,662.36,666.94,657.40,667.06,130132517.00
"""2016-12-22T00:00:00.000Z""",VNINDEX,669.01,664.15,663.70,669.95,94912514.00
"""2016-12-23T00:00:00.000Z""",VNINDEX,663.75,664.37,659.18,664.37,114626886.00
"""2016-12-26T00:00:00.000Z""",VNINDEX,665.67,662.45,662.09,665.73,114879058.00
"""2016-12-27T00:00:00.000Z""",VNINDEX,662.66,663.86,661.41,665.50,160244177.00
"""2016-12-28T00:00:00.000Z""",VNINDEX,665.90,663.50,661.80,666.64,118796111.00
"""2016-12-29T00:00:00.000Z""",VNINDEX,666.43,664.72,663.95,666.43,116503543.00
"""2016-12-30T00:00:00.000Z""",VNINDEX,664.17,664.87,663.39,665.49,121549258.00
"""2017-01-03T00:00:00.000Z""",VNINDEX,665.92,672.01,665.43,672.34,84661275.00
"""2017-01-04T00:00:00.000Z""",VNINDEX,672.58,674.70,672.21,675.93,110033678.00
"""2017-01-05T00:00:00.000Z""",VNINDEX,674.82,675.81,673.31,675.92,102173838.00
"""2017-01-06T00:00:00.000Z""",VNINDEX,675.35,679.80,675.22,683.76,127413699.00
"""2017-01-09T00:00:00.000Z""",VNINDEX,681.74,682.57,681.74,684.88,101402229.00
"""2017-01-10T00:00:00.000Z""",VNINDEX,682.77,681.07,680.76,683.02,87802449.00
"""2017-01-11T00:00:00.000Z""",VNINDEX,680.85,687.16,680.85,687.16,108707601.00
"""2017-01-12T00:00:00.000Z""",VNINDEX,688.71,686.96,685.59,688.99,111444195.00
"""2017-01-13T00:00:00.000Z""",VNINDEX,686.58,685.06,685.06,688.62,94952830.00
"""2017-01-16T00:00:00.000Z""",VNINDEX,684.62,677.94,677.85,684.82,89571722.00
"""2017-01-17T00:00:00.000Z""",VNINDEX,678.83,684.71,678.83,684.73,108970890.00
"""2017-01-18T00:00:00.000Z""",VNINDEX,683.74,683.28,683.28,688.07,101056273.00
"""2017-01-19T00:00:00.000Z""",VNINDEX,683.02,682.31,680.80,684.19,89194329.00
"""2017-01-20T00:00:00.000Z""",VNINDEX,684.05,686.26,684.05,688.42,90685549.00
"""2017-01-23T00:00:00.000Z""",VNINDEX,687.83,687.15,686.46,689.47,87729563.00
"""2017-01-24T00:00:00.000Z""",VNINDEX,687.08,691.36,687.08,692.75,98368423.00
"""2017-01-25T00:00:00.000Z""",VNINDEX,693.07,697.28,691.19,697.28,98347975.00
"""2017-02-02T00:00:00.000Z""",VNINDEX,699.80,703.18,697.71,703.20,86423220.00
"""2017-02-03T00:00:00.000Z""",VNINDEX,704.69,700.35,700.09,708.10,124669417.00
"""2017-02-06T00:00:00.000Z""",VNINDEX,702.02,700.04,696.92,702.02,126959180.00
"""2017-02-07T00:00:00.000Z""",VNINDEX,699.99,701.91,698.99,703.30,158638764.00
"""2017-02-08T00:00:00.000Z""",VNINDEX,702.67,702.04,700.47,702.77,156108048.00
"""2017-02-09T00:00:00.000Z""",VNINDEX,700.93,700.65,700.21,702.64,147545410.00
"""2017-02-10T00:00:00.000Z""",VNINDEX,701.15,703.78,701.15,704.08,138324474.00
"""2017-02-13T00:00:00.000Z""",VNINDEX,704.61,705.90,703.58,706.47,161214769.00
"""2017-02-14T00:00:00.000Z""",VNINDEX,706.41,706.26,703.85,707.32,175123269.00
"""2017-02-15T00:00:00.000Z""",VNINDEX,706.84,711.57,706.84,711.73,169004218.00
"""2017-02-16T00:00:00.000Z""",VNINDEX,712.61,709.35,709.35,717.57,198421511.00
"""2017-02-17T00:00:00.000Z""",VNINDEX,709.52,707.83,705.84,710.21,166177008.00
"""2017-02-20T00:00:00.000Z""",VNINDEX,705.72,710.59,704.41,711.40,199902272.00
"""2017-02-21T00:00:00.000Z""",VNINDEX,711.49,716.55,711.49,718.06,210808072.00
"""2017-02-22T00:00:00.000Z""",VNINDEX,717.77,717.24,715.36,719.09,231528571.00
"""2017-02-23T00:00:00.000Z""",VNINDEX,717.49,716.87,712.36,719.58,228277823.00
"""2017-02-24T00:00:00.000Z""",VNINDEX,716.35,714.47,713.70,717.94,232798335.00
"""2017-02-27T00:00:00.000Z""",VNINDEX,711.70,717.44,711.70,718.37,182504281.00
"""2017-02-28T00:00:00.000Z""",VNINDEX,718.24,710.79,710.79,719.14,192324399.00
"""2017-03-01T00:00:00.000Z""",VNINDEX,710.70,709.52,705.79,712.49,222197276.00
"""2017-03-02T00:00:00.000Z""",VNINDEX,712.68,707.51,707.51,713.53,176447267.00
"""2017-03-03T00:00:00.000Z""",VNINDEX,707.51,712.62,705.83,712.62,170910813.00
"""2017-03-06T00:00:00.000Z""",VNINDEX,714.61,716.29,714.01,718.04,172198885.00
"""2017-03-07T00:00:00.000Z""",VNINDEX,716.46,716.54,715.37,716.95,195501718.00
"""2017-03-08T00:00:00.000Z""",VNINDEX,715.04,716.60,713.89,718.78,175657441.00
"""2017-03-09T00:00:00.000Z""",VNINDEX,715.86,715.80,714.96,718.23,195410177.00
"""2017-03-10T00:00:00.000Z""",VNINDEX,715.85,712.21,712.21,716.81,197426373.00
"""2017-03-13T00:00:00.000Z""",VNINDEX,711.93,710.17,707.63,712.63,146590883.00
"""2017-03-14T00:00:00.000Z""",VNINDEX,709.90,714.71,709.29,716.49,134823645.00
"""2017-03-15T00:00:00.000Z""",VNINDEX,715.63,713.14,713.14,716.49,139564828.00
"""2017-03-16T00:00:00.000Z""",VNINDEX,712.56,714.92,710.66,715.03,179085882.00
"""2017-03-17T00:00:00.000Z""",VNINDEX,715.82,710.54,710.54,717.10,253197089.00
"""2017-03-20T00:00:00.000Z""",VNINDEX,711.44,715.07,711.44,717.54,175284699.00
"""2017-03-21T00:00:00.000Z""",VNINDEX,717.03,716.18,714.78,718.80,231633536.00
"""2017-03-22T00:00:00.000Z""",VNINDEX,715.78,712.94,712.94,720.68,268703103.00
"""2017-03-23T00:00:00.000Z""",VNINDEX,712.61,719.56,712.61,719.56,192345235.00
"""2017-03-24T00:00:00.000Z""",VNINDEX,722.42,722.14,719.95,724.36,214780497.00
"""2017-03-27T00:00:00.000Z""",VNINDEX,723.23,723.52,721.41,725.57,233185649.00
"""2017-03-28T00:00:00.000Z""",VNINDEX,724.37,719.26,718.66,725.00,221918328.00
"""2017-03-29T00:00:00.000Z""",VNINDEX,719.08,720.47,718.37,721.92,193990672.00
"""2017-03-30T00:00:00.000Z""",VNINDEX,721.87,723.86,721.87,725.91,195789698.00
"""2017-03-31T00:00:00.000Z""",VNINDEX,723.86,722.31,722.31,726.67,213141818.00
"""2017-04-03T00:00:00.000Z""",VNINDEX,723.02,722.38,721.58,724.37,183073453.00
"""2017-04-04T00:00:00.000Z""",VNINDEX,723.70,724.14,722.80,724.36,214301802.00
"""2017-04-05T00:00:00.000Z""",VNINDEX,724.89,723.22,722.49,726.03,217976918.00
"""2017-04-07T00:00:00.000Z""",VNINDEX,721.85,727.95,720.28,727.95,229962530.00
"""2017-04-10T00:00:00.000Z""",VNINDEX,728.71,729.87,727.77,730.90,152414747.00
"""2017-04-11T00:00:00.000Z""",VNINDEX,730.15,731.33,730.15,732.24,210265624.00
"""2017-04-12T00:00:00.000Z""",VNINDEX,731.62,725.58,724.48,732.87,249510940.00
"""2017-04-13T00:00:00.000Z""",VNINDEX,725.54,724.35,723.88,727.34,190432888.00
"""2017-04-14T00:00:00.000Z""",VNINDEX,722.47,718.45,714.13,722.96,195032611.00
"""2017-04-17T00:00:00.000Z""",VNINDEX,718.93,710.83,710.83,721.78,169339819.00
"""2017-04-18T00:00:00.000Z""",VNINDEX,708.64,714.93,707.92,714.93,177832489.00
"""2017-04-19T00:00:00.000Z""",VNINDEX,714.87,716.77,714.02,716.77,151574009.00
"""2017-04-20T00:00:00.000Z""",VNINDEX,716.76,712.66,712.66,716.76,137639355.00
"""2017-04-21T00:00:00.000Z""",VNINDEX,712.77,712.41,711.08,715.08,202266897.00
"""2017-04-24T00:00:00.000Z""",VNINDEX,711.60,709.39,709.39,712.77,154884037.00
"""2017-04-25T00:00:00.000Z""",VNINDEX,709.00,707.58,706.04,709.81,137231867.00
"""2017-04-26T00:00:00.000Z""",VNINDEX,706.36,710.04,706.32,710.04,141889043.00
"""2017-04-27T00:00:00.000Z""",VNINDEX,711.74,716.53,711.38,716.53,187184765.00
"""2017-04-28T00:00:00.000Z""",VNINDEX,715.90,717.73,713.83,718.54,190640655.00
"""2017-05-03T00:00:00.000Z""",VNINDEX,718.70,719.54,716.89,719.54,229584311.00
"""2017-05-04T00:00:00.000Z""",VNINDEX,717.98,722.02,717.98,723.22,215831814.00
"""2017-05-05T00:00:00.000Z""",VNINDEX,720.39,720.00,719.86,721.65,194379481.00
"""2017-05-08T00:00:00.000Z""",VNINDEX,720.61,718.86,717.98,720.61,232356433.00
"""2017-05-09T00:00:00.000Z""",VNINDEX,717.55,722.11,716.95,722.11,224897438.00
"""2017-05-10T00:00:00.000Z""",VNINDEX,721.94,724.31,721.81,727.52,228173248.00
"""2017-05-11T00:00:00.000Z""",VNINDEX,724.84,724.99,723.39,726.82,223038643.00
"""2017-05-12T00:00:00.000Z""",VNINDEX,724.63,725.37,724.41,726.40,188849967.00
"""2017-05-15T00:00:00.000Z""",VNINDEX,725.25,725.35,723.18,726.19,240885477.00
"""2017-05-16T00:00:00.000Z""",VNINDEX,725.84,725.03,725.03,727.86,294207007.00
"""2017-05-17T00:00:00.000Z""",VNINDEX,724.01,727.20,722.81,728.01,206669886.00
"""2017-05-18T00:00:00.000Z""",VNINDEX,723.80,726.99,723.80,729.00,219680352.00
"""2017-05-19T00:00:00.000Z""",VNINDEX,727.61,733.82,726.79,733.82,211585050.00
"""2017-05-22T00:00:00.000Z""",VNINDEX,738.63,744.10,738.63,746.87,272755552.00
"""2017-05-23T00:00:00.000Z""",VNINDEX,744.32,740.93,740.28,746.18,266857107.00
"""2017-05-24T00:00:00.000Z""",VNINDEX,739.91,742.74,737.30,744.27,225258823.00
"""2017-05-25T00:00:00.000Z""",VNINDEX,744.24,741.91,740.89,746.48,205384929.00
"""2017-05-26T00:00:00.000Z""",VNINDEX,741.40,743.41,740.60,743.46,193181996.00
"""2017-05-29T00:00:00.000Z""",VNINDEX,746.08,746.25,745.31,748.06,252309473.00
"""2017-05-30T00:00:00.000Z""",VNINDEX,747.07,738.21,738.21,747.43,261217828.00
"""2017-05-31T00:00:00.000Z""",VNINDEX,738.91,737.82,735.39,741.93,214222199.00
"""2017-06-01T00:00:00.000Z""",VNINDEX,739.45,741.80,738.71,742.23,152238536.00
"""2017-06-02T00:00:00.000Z""",VNINDEX,741.48,738.81,736.09,742.11,184549265.00
"""2017-06-05T00:00:00.000Z""",VNINDEX,739.13,743.49,738.35,745.14,218608758.00
"""2017-06-06T00:00:00.000Z""",VNINDEX,743.99,751.31,743.99,751.31,185359690.00
"""2017-06-07T00:00:00.000Z""",VNINDEX,752.75,753.46,751.65,754.92,211213333.00
"""2017-06-08T00:00:00.000Z""",VNINDEX,751.70,750.13,748.91,751.96,262702460.00
"""2017-06-09T00:00:00.000Z""",VNINDEX,749.46,749.72,749.04,752.01,178487774.00
"""2017-06-12T00:00:00.000Z""",VNINDEX,751.33,751.09,749.00,753.41,184184765.00
"""2017-06-13T00:00:00.000Z""",VNINDEX,752.35,756.89,750.10,756.89,204137546.00
"""2017-06-14T00:00:00.000Z""",VNINDEX,758.26,760.77,756.82,761.70,206341445.00
"""2017-06-15T00:00:00.000Z""",VNINDEX,760.38,760.57,758.17,762.98,193284263.00
"""2017-06-16T00:00:00.000Z""",VNINDEX,761.75,761.24,759.98,762.43,221694151.00
"""2017-06-19T00:00:00.000Z""",VNINDEX,763.75,766.83,762.33,766.83,199976892.00
"""2017-06-20T00:00:00.000Z""",VNINDEX,767.59,767.99,764.42,768.29,229086939.00
"""2017-06-21T00:00:00.000Z""",VNINDEX,765.71,767.41,758.90,767.83,248538146.00
"""2017-06-22T00:00:00.000Z""",VNINDEX,768.41,766.30,766.30,769.99,224839322.00
"""2017-06-23T00:00:00.000Z""",VNINDEX,765.66,769.01,763.64,769.01,254931839.00
"""2017-06-26T00:00:00.000Z""",VNINDEX,770.50,772.52,769.73,773.14,235108539.00
"""2017-06-27T00:00:00.000Z""",VNINDEX,773.15,767.51,767.19,773.40,235645231.00
"""2017-06-28T00:00:00.000Z""",VNINDEX,766.82,769.04,762.78,769.04,202181047.00
"""2017-06-29T00:00:00.000Z""",VNINDEX,771.26,771.75,769.89,773.08,211872108.00
"""2017-06-30T00:00:00.000Z""",VNINDEX,773.46,776.47,773.46,776.50,194379930.00
"""2017-07-03T00:00:00.000Z""",VNINDEX,776.84,778.88,775.53,780.01,195521050.00
"""2017-07-04T00:00:00.000Z""",VNINDEX,779.15,775.54,772.90,779.15,232642763.00
"""2017-07-05T00:00:00.000Z""",VNINDEX,775.85,778.32,773.81,778.32,216490110.00
"""2017-07-06T00:00:00.000Z""",VNINDEX,780.50,782.65,779.99,782.77,238453731.00
"""2017-07-07T00:00:00.000Z""",VNINDEX,782.65,775.73,775.73,783.81,261561831.00
"""2017-07-10T00:00:00.000Z""",VNINDEX,775.85,766.56,764.43,775.85,217174759.00
"""2017-07-11T00:00:00.000Z""",VNINDEX,766.44,769.36,761.57,769.36,225538046.00
"""2017-07-12T00:00:00.000Z""",VNINDEX,772.60,774.17,769.83,775.08,176533243.00
"""2017-07-13T00:00:00.000Z""",VNINDEX,777.12,778.30,773.85,778.30,200640252.00
"""2017-07-14T00:00:00.000Z""",VNINDEX,779.72,777.60,776.88,780.65,209252511.00
"""2017-07-17T00:00:00.000Z""",VNINDEX,777.70,768.91,766.47,778.30,254751305.00
"""2017-07-18T00:00:00.000Z""",VNINDEX,766.88,767.49,762.68,770.37,237790122.00
"""2017-07-19T00:00:00.000Z""",VNINDEX,771.33,771.30,770.18,774.12,236848923.00
"""2017-07-20T00:00:00.000Z""",VNINDEX,768.56,768.41,763.55,768.56,183490975.00
"""2017-07-21T00:00:00.000Z""",VNINDEX,768.90,761.86,761.86,770.43,179984194.00
"""2017-07-24T00:00:00.000Z""",VNINDEX,759.97,759.74,753.82,761.64,158865297.00
"""2017-07-25T00:00:00.000Z""",VNINDEX,757.43,767.27,757.35,767.27,180740853.00
"""2017-07-26T00:00:00.000Z""",VNINDEX,769.35,773.88,764.92,773.88,208321073.00
"""2017-07-27T00:00:00.000Z""",VNINDEX,773.21,771.50,770.30,774.97,202368741.00
"""2017-07-28T00:00:00.000Z""",VNINDEX,771.21,777.09,770.82,777.09,199878958.00
"""2017-07-31T00:00:00.000Z""",VNINDEX,777.54,783.55,776.72,783.58,267105707.00
"""2017-08-01T00:00:00.000Z""",VNINDEX,784.44,786.81,784.15,787.68,206360883.00
"""2017-08-02T00:00:00.000Z""",VNINDEX,783.45,786.23,779.81,788.97,218993125.00
"""2017-08-03T00:00:00.000Z""",VNINDEX,786.19,788.49,786.19,790.82,208568962.00
"""2017-08-04T00:00:00.000Z""",VNINDEX,789.46,788.68,786.09,790.12,202950213.00
"""2017-08-07T00:00:00.000Z""",VNINDEX,789.41,792.98,788.66,796.09,222641458.00
"""2017-08-08T00:00:00.000Z""",VNINDEX,795.80,791.57,789.84,796.62,228903823.00
"""2017-08-09T00:00:00.000Z""",VNINDEX,789.15,773.66,773.66,789.15,307857302.00
"""2017-08-10T00:00:00.000Z""",VNINDEX,769.58,773.43,769.58,776.77,190125850.00
"""2017-08-11T00:00:00.000Z""",VNINDEX,771.86,772.08,769.14,774.31,169866377.00
"""2017-08-14T00:00:00.000Z""",VNINDEX,770.65,776.17,770.65,776.42,185315403.00
"""2017-08-15T00:00:00.000Z""",VNINDEX,776.64,771.06,770.09,776.83,152482263.00
"""2017-08-16T00:00:00.000Z""",VNINDEX,771.10,773.57,766.80,773.57,169788083.00
"""2017-08-17T00:00:00.000Z""",VNINDEX,773.48,767.59,767.59,774.47,238329221.00
"""2017-08-18T00:00:00.000Z""",VNINDEX,762.82,768.97,762.46,770.79,196320715.00
"""2017-08-21T00:00:00.000Z""",VNINDEX,767.42,768.79,765.95,769.71,169697954.00
"""2017-08-22T00:00:00.000Z""",VNINDEX,768.20,761.26,760.30,768.44,154105690.00
"""2017-08-23T00:00:00.000Z""",VNINDEX,762.42,765.98,759.01,765.98,158564485.00
"""2017-08-24T00:00:00.000Z""",VNINDEX,766.48,769.77,764.64,771.65,219613054.00
"""2017-08-25T00:00:00.000Z""",VNINDEX,769.07,771.63,768.57,771.63,225178732.00
"""2017-08-28T00:00:00.000Z""",VNINDEX,771.81,777.26,770.51,777.26,258564573.00
"""2017-08-29T00:00:00.000Z""",VNINDEX,773.91,774.03,773.87,777.11,264845233.00
"""2017-08-30T00:00:00.000Z""",VNINDEX,774.31,778.65,773.85,778.65,203145417.00
"""2017-08-31T00:00:00.000Z""",VNINDEX,779.19,782.76,778.19,785.78,211651341.00
"""2017-09-01T00:00:00.000Z""",VNINDEX,784.42,788.73,784.18,789.19,146626188.00
"""2017-09-05T00:00:00.000Z""",VNINDEX,790.26,792.31,787.80,794.46,165409052.00
"""2017-09-06T00:00:00.000Z""",VNINDEX,792.16,793.55,788.89,793.82,155708926.00
"""2017-09-07T00:00:00.000Z""",VNINDEX,793.61,796.72,792.77,798.58,154505895.00
"""2017-09-08T00:00:00.000Z""",VNINDEX,797.98,801.20,797.82,802.90,132500179.00
"""2017-09-11T00:00:00.000Z""",VNINDEX,801.21,797.47,797.47,805.44,155943660.00
"""2017-09-12T00:00:00.000Z""",VNINDEX,795.53,799.94,794.88,801.01,153195978.00
"""2017-09-13T00:00:00.000Z""",VNINDEX,802.85,802.78,799.94,804.38,150276710.00
"""2017-09-14T00:00:00.000Z""",VNINDEX,803.34,806.32,803.23,807.29,162902332.00
"""2017-09-15T00:00:00.000Z""",VNINDEX,803.35,805.82,802.08,805.82,163567114.00
"""2017-09-18T00:00:00.000Z""",VNINDEX,808.51,807.87,805.37,809.39,173959943.00
"""2017-09-19T00:00:00.000Z""",VNINDEX,807.41,805.93,805.87,810.13,172848996.00
"""2017-09-20T00:00:00.000Z""",VNINDEX,806.88,805.86,803.33,807.51,150763708.00
"""2017-09-21T00:00:00.000Z""",VNINDEX,805.29,803.93,802.60,806.52,138747827.00
"""2017-09-22T00:00:00.000Z""",VNINDEX,805.15,807.13,803.94,808.16,176702056.00
"""2017-09-25T00:00:00.000Z""",VNINDEX,806.90,805.58,802.23,807.64,149148844.00
"""2017-09-26T00:00:00.000Z""",VNINDEX,806.40,805.35,801.66,806.84,171208475.00
"""2017-09-27T00:00:00.000Z""",VNINDEX,803.32,803.77,801.74,805.04,157399967.00
"""2017-09-28T00:00:00.000Z""",VNINDEX,803.10,804.82,803.10,810.35,192668321.00
"""2017-09-29T00:00:00.000Z""",VNINDEX,805.07,804.42,804.42,808.77,139478332.00
"""2017-10-02T00:00:00.000Z""",VNINDEX,805.29,802.23,801.70,808.09,119496788.00
"""2017-10-03T00:00:00.000Z""",VNINDEX,803.98,798.00,795.05,804.39,162274344.00
"""2017-10-04T00:00:00.000Z""",VNINDEX,797.39,805.66,797.00,805.66,118415347.00
"""2017-10-05T00:00:00.000Z""",VNINDEX,806.56,805.23,805.22,810.54,148454725.00
"""2017-10-06T00:00:00.000Z""",VNINDEX,805.70,807.80,803.81,808.13,132949625.00
"""2017-10-09T00:00:00.000Z""",VNINDEX,809.61,808.96,806.78,810.75,167582209.00
"""2017-10-10T00:00:00.000Z""",VNINDEX,808.43,810.65,806.30,810.65,144207773.00
"""2017-10-11T00:00:00.000Z""",VNINDEX,811.20,813.95,811.20,815.11,180697030.00
"""2017-10-12T00:00:00.000Z""",VNINDEX,814.43,815.87,813.72,818.44,149202176.00
"""2017-10-13T00:00:00.000Z""",VNINDEX,814.60,820.95,814.20,820.95,154124550.00
"""2017-10-16T00:00:00.000Z""",VNINDEX,821.54,819.43,819.43,823.85,168971513.00
"""2017-10-17T00:00:00.000Z""",VNINDEX,819.51,828.29,819.43,828.29,177221112.00
"""2017-10-18T00:00:00.000Z""",VNINDEX,829.43,827.72,826.72,831.15,198939166.00
"""2017-10-19T00:00:00.000Z""",VNINDEX,828.89,828.93,825.50,831.61,169347738.00
"""2017-10-20T00:00:00.000Z""",VNINDEX,827.93,826.84,826.84,833.57,196370319.00
"""2017-10-23T00:00:00.000Z""",VNINDEX,826.25,820.04,818.81,827.24,210654201.00
"""2017-10-24T00:00:00.000Z""",VNINDEX,818.08,825.24,814.92,825.24,180443389.00
"""2017-10-25T00:00:00.000Z""",VNINDEX,826.08,830.69,822.83,830.69,160167014.00
"""2017-10-26T00:00:00.000Z""",VNINDEX,829.94,830.11,823.92,834.67,187406978.00
"""2017-10-27T00:00:00.000Z""",VNINDEX,829.15,840.37,828.45,840.37,143365607.00
"""2017-10-30T00:00:00.000Z""",VNINDEX,842.92,845.20,842.92,849.30,197245339.00
"""2017-10-31T00:00:00.000Z""",VNINDEX,844.27,837.28,837.28,845.93,192054614.00
"""2017-11-01T00:00:00.000Z""",VNINDEX,838.75,842.71,838.01,842.88,172222142.00
"""2017-11-02T00:00:00.000Z""",VNINDEX,842.19,833.09,833.09,849.53,192772745.00
"""2017-11-03T00:00:00.000Z""",VNINDEX,833.16,843.73,831.58,843.73,203251641.00
"""2017-11-06T00:00:00.000Z""",VNINDEX,846.12,849.09,843.76,849.09,172205535.00
"""2017-11-07T00:00:00.000Z""",VNINDEX,850.20,850.33,847.88,854.60,584720782.00
"""2017-11-08T00:00:00.000Z""",VNINDEX,853.15,859.70,852.32,863.07,171679868.00
"""2017-11-09T00:00:00.000Z""",VNINDEX,862.38,860.40,858.16,864.20,164441874.00
"""2017-11-10T00:00:00.000Z""",VNINDEX,859.91,868.21,859.24,869.37,189390347.00
"""2017-11-13T00:00:00.000Z""",VNINDEX,871.70,879.34,871.70,879.34,283758606.00
"""2017-11-14T00:00:00.000Z""",VNINDEX,881.15,880.90,874.74,884.14,221727496.00
"""2017-11-15T00:00:00.000Z""",VNINDEX,877.65,882.59,876.60,884.83,200007759.00
"""2017-11-16T00:00:00.000Z""",VNINDEX,880.17,892.80,880.17,892.80,206497313.00
"""2017-11-17T00:00:00.000Z""",VNINDEX,893.99,890.69,886.86,898.11,188537818.00
"""2017-11-20T00:00:00.000Z""",VNINDEX,890.34,903.55,889.55,903.55,175971780.00
"""2017-11-21T00:00:00.000Z""",VNINDEX,907.51,918.30,907.51,929.89,230286758.00
"""2017-11-22T00:00:00.000Z""",VNINDEX,921.13,932.66,918.30,932.66,210142843.00
"""2017-11-23T00:00:00.000Z""",VNINDEX,938.31,933.70,927.00,943.15,221694826.00
"""2017-11-24T00:00:00.000Z""",VNINDEX,930.52,935.57,924.65,937.54,225727519.00
"""2017-11-27T00:00:00.000Z""",VNINDEX,933.38,938.61,931.29,947.06,252356742.00
"""2017-11-28T00:00:00.000Z""",VNINDEX,939.10,941.21,933.59,943.45,359519829.00
"""2017-11-29T00:00:00.000Z""",VNINDEX,943.46,952.14,940.40,952.14,229831667.00
"""2017-11-30T00:00:00.000Z""",VNINDEX,956.17,949.93,949.93,960.11,249604720.00
"""2017-12-01T00:00:00.000Z""",VNINDEX,952.76,960.33,952.76,960.33,227730582.00
"""2017-12-04T00:00:00.000Z""",VNINDEX,962.47,970.02,962.47,972.53,270002013.00
"""2017-12-05T00:00:00.000Z""",VNINDEX,972.28,953.30,953.30,974.80,264957567.00
"""2017-12-06T00:00:00.000Z""",VNINDEX,950.21,947.64,932.64,950.72,243461033.00
"""2017-12-07T00:00:00.000Z""",VNINDEX,950.23,938.65,932.68,954.24,196889263.00
"""2017-12-08T00:00:00.000Z""",VNINDEX,938.41,940.16,930.29,944.75,197622748.00
"""2017-12-11T00:00:00.000Z""",VNINDEX,930.17,917.45,917.45,936.93,193977856.00
"""2017-12-12T00:00:00.000Z""",VNINDEX,927.67,927.25,895.85,931.12,243244642.00
"""2017-12-13T00:00:00.000Z""",VNINDEX,927.25,924.40,922.97,932.48,157394803.00
"""2017-12-14T00:00:00.000Z""",VNINDEX,925.51,935.85,923.99,936.29,172032478.00
"""2017-12-15T00:00:00.000Z""",VNINDEX,933.63,935.16,932.96,939.57,239898247.00
"""2017-12-18T00:00:00.000Z""",VNINDEX,945.90,958.06,945.90,958.06,241411325.00
"""2017-12-19T00:00:00.000Z""",VNINDEX,961.03,951.42,951.25,963.01,228762452.00
"""2017-12-20T00:00:00.000Z""",VNINDEX,945.12,953.51,945.12,958.82,220568085.00
"""2017-12-21T00:00:00.000Z""",VNINDEX,949.45,946.06,946.06,957.56,213618225.00
"""2017-12-22T00:00:00.000Z""",VNINDEX,947.54,952.32,945.18,952.70,197504277.00
"""2017-12-25T00:00:00.000Z""",VNINDEX,954.28,958.31,952.41,958.57,168438210.00
"""2017-12-26T00:00:00.000Z""",VNINDEX,960.32,965.93,957.24,965.93,186036686.00
"""2017-12-27T00:00:00.000Z""",VNINDEX,969.72,968.46,965.18,972.60,235825004.00
"""2017-12-28T00:00:00.000Z""",VNINDEX,970.63,976.72,967.73,978.65,160228618.00
"""2017-12-29T00:00:00.000Z""",VNINDEX,978.39,984.24,976.33,990.10,211107217.00
"""2018-01-02T00:00:00.000Z""",VNINDEX,986.05,995.77,984.34,996.18,186020388.00
"""2018-01-03T00:00:00.000Z""",VNINDEX,999.86,1005.67,998.41,1010.21,237295772.00
"""2018-01-04T00:00:00.000Z""",VNINDEX,1009.37,1019.75,1009.00,1019.75,252908620.00
"""2018-01-05T00:00:00.000Z""",VNINDEX,1020.34,1012.65,1010.65,1020.60,284030772.00
"""2018-01-08T00:00:00.000Z""",VNINDEX,1011.36,1022.90,1004.89,1022.90,268788910.00
"""2018-01-09T00:00:00.000Z""",VNINDEX,1027.14,1033.56,1017.86,1033.56,320377482.00
"""2018-01-10T00:00:00.000Z""",VNINDEX,1034.64,1038.11,1033.01,1045.63,375086613.00
"""2018-01-11T00:00:00.000Z""",VNINDEX,1037.03,1048.17,1031.13,1049.73,314652435.00
"""2018-01-12T00:00:00.000Z""",VNINDEX,1050.17,1050.11,1046.38,1057.88,351971363.00
"""2018-01-15T00:00:00.000Z""",VNINDEX,1049.91,1063.47,1043.15,1063.47,292708474.00
"""2018-01-16T00:00:00.000Z""",VNINDEX,1059.36,1062.96,1052.43,1065.39,340273365.00
"""2018-01-17T00:00:00.000Z""",VNINDEX,1061.98,1034.69,1034.69,1064.77,332610432.00
"""2018-01-18T00:00:00.000Z""",VNINDEX,1028.76,1050.25,1020.01,1050.25,281597889.00
"""2018-01-19T00:00:00.000Z""",VNINDEX,1054.33,1062.07,1053.37,1067.21,342466534.00
"""2018-01-22T00:00:00.000Z""",VNINDEX,1066.86,1087.42,1066.61,1088.05,266108654.00
"""2018-01-24T00:00:00.000Z""",VNINDEX,1066.86,1087.42,1066.61,1088.05,266108654.00
"""2018-01-25T00:00:00.000Z""",VNINDEX,1098.44,1104.57,1098.44,1117.08,510920685.00
"""2018-01-26T00:00:00.000Z""",VNINDEX,1119.78,1115.64,1103.06,1123.83,289969503.00
"""2018-01-29T00:00:00.000Z""",VNINDEX,1121.78,1109.80,1109.80,1130.10,276731860.00
"""2018-01-30T00:00:00.000Z""",VNINDEX,1099.98,1110.56,1092.44,1110.56,335404926.00
"""2018-01-31T00:00:00.000Z""",VNINDEX,1112.23,1110.36,1104.98,1128.10,351193683.00
"""2018-02-01T00:00:00.000Z""",VNINDEX,1111.74,1099.67,1090.25,1111.74,269172880.00
"""2018-02-02T00:00:00.000Z""",VNINDEX,1098.66,1105.04,1091.06,1105.04,200290830.00
"""2018-02-05T00:00:00.000Z""",VNINDEX,1089.62,1048.71,1048.71,1090.88,282041443.00
"""2018-02-06T00:00:00.000Z""",VNINDEX,1026.08,1011.60,983.06,1026.08,480707022.00
"""2018-02-07T00:00:00.000Z""",VNINDEX,1040.53,1040.55,1034.13,1048.54,241129530.00
"""2018-02-08T00:00:00.000Z""",VNINDEX,1031.46,1023.25,1023.25,1039.61,181500401.00
"""2018-02-09T00:00:00.000Z""",VNINDEX,991.09,1003.94,973.78,1003.94,243226769.00
"""2018-02-12T00:00:00.000Z""",VNINDEX,1011.64,1041.79,1011.64,1041.79,171101897.00
"""2018-02-13T00:00:00.000Z""",VNINDEX,1053.31,1059.73,1052.86,1060.48,174286147.00
"""2018-02-21T00:00:00.000Z""",VNINDEX,1073.33,1087.15,1070.43,1092.65,177566756.00
"""2018-02-22T00:00:00.000Z""",VNINDEX,1080.77,1076.03,1074.27,1091.62,200360634.00
"""2018-02-23T00:00:00.000Z""",VNINDEX,1086.81,1102.85,1081.31,1102.85,189076046.00
"""2018-02-26T00:00:00.000Z""",VNINDEX,1115.90,1114.53,1114.06,1127.57,234030327.00
"""2018-02-27T00:00:00.000Z""",VNINDEX,1124.03,1119.61,1106.77,1124.03,196671471.00
"""2018-02-28T00:00:00.000Z""",VNINDEX,1110.30,1121.54,1109.89,1129.89,232585557.00
"""2018-03-01T00:00:00.000Z""",VNINDEX,1118.13,1115.79,1110.92,1129.30,227400150.00
"""2018-03-02T00:00:00.000Z""",VNINDEX,1103.16,1121.21,1103.16,1121.91,210069356.00
"""2018-03-05T00:00:00.000Z""",VNINDEX,1129.92,1093.48,1093.48,1132.69,275901399.00
"""2018-03-06T00:00:00.000Z""",VNINDEX,1106.28,1120.29,1091.67,1120.29,236332798.00
"""2018-03-07T00:00:00.000Z""",VNINDEX,1121.99,1112.26,1103.29,1126.67,279076144.00
"""2018-03-08T00:00:00.000Z""",VNINDEX,1112.24,1124.15,1111.76,1126.35,200917865.00
"""2018-03-09T00:00:00.000Z""",VNINDEX,1128.73,1123.41,1119.18,1135.02,216905718.00
"""2018-03-12T00:00:00.000Z""",VNINDEX,1130.93,1126.29,1123.98,1134.52,244680977.00
"""2018-03-13T00:00:00.000Z""",VNINDEX,1126.53,1133.31,1118.49,1133.31,233199290.00
"""2018-03-14T00:00:00.000Z""",VNINDEX,1135.99,1138.09,1134.55,1142.88,250542384.00
"""2018-03-15T00:00:00.000Z""",VNINDEX,1134.51,1138.76,1129.66,1140.74,232401726.00
"""2018-03-16T00:00:00.000Z""",VNINDEX,1144.54,1150.19,1140.56,1152.52,308616186.00
"""2018-03-19T00:00:00.000Z""",VNINDEX,1158.16,1159.22,1155.82,1165.63,272048094.00
"""2018-03-20T00:00:00.000Z""",VNINDEX,1154.48,1159.39,1154.48,1166.33,214037518.00
"""2018-03-21T00:00:00.000Z""",VNINDEX,1166.51,1169.36,1163.91,1172.31,237674937.00
"""2018-03-22T00:00:00.000Z""",VNINDEX,1175.22,1172.36,1169.48,1180.44,233321598.00
"""2018-03-23T00:00:00.000Z""",VNINDEX,1154.25,1153.59,1138.53,1157.20,261957626.00
"""2018-03-26T00:00:00.000Z""",VNINDEX,1150.51,1171.22,1150.51,1176.95,211695248.00
"""2018-03-27T00:00:00.000Z""",VNINDEX,1187.42,1171.73,1169.58,1187.42,237762326.00
"""2018-03-28T00:00:00.000Z""",VNINDEX,1168.87,1172.24,1165.71,1179.18,208549520.00
"""2018-03-29T00:00:00.000Z""",VNINDEX,1174.73,1167.03,1164.12,1176.45,185250625.00
"""2018-03-30T00:00:00.000Z""",VNINDEX,1169.29,1174.46,1158.49,1175.36,204895133.00
"""2018-04-02T00:00:00.000Z""",VNINDEX,1180.26,1196.61,1179.73,1196.61,245761399.00
"""2018-04-03T00:00:00.000Z""",VNINDEX,1197.00,1188.29,1185.83,1199.93,255243305.00
"""2018-04-04T00:00:00.000Z""",VNINDEX,1194.26,1191.54,1189.46,1200.71,238685333.00
"""2018-04-05T00:00:00.000Z""",VNINDEX,1197.76,1193.17,1186.75,1199.15,241192333.00
"""2018-04-06T00:00:00.000Z""",VNINDEX,1194.15,1199.96,1194.15,1202.59,252058302.00
"""2018-04-09T00:00:00.000Z""",VNINDEX,1202.44,1204.33,1197.44,1207.45,251450568.00
"""2018-04-10T00:00:00.000Z""",VNINDEX,1207.62,1198.12,1192.22,1211.34,286724942.00
"""2018-04-11T00:00:00.000Z""",VNINDEX,1201.51,1167.11,1167.11,1202.46,286075860.00
"""2018-04-12T00:00:00.000Z""",VNINDEX,1162.48,1173.02,1153.64,1173.02,179985791.00
"""2018-04-13T00:00:00.000Z""",VNINDEX,1178.57,1157.14,1153.93,1181.52,196127118.00
"""2018-04-16T00:00:00.000Z""",VNINDEX,1156.54,1148.49,1141.81,1159.45,196991115.00
"""2018-04-17T00:00:00.000Z""",VNINDEX,1149.02,1153.28,1139.33,1156.70,175758220.00
"""2018-04-18T00:00:00.000Z""",VNINDEX,1153.28,1138.53,1138.42,1160.32,172104954.00
"""2018-04-19T00:00:00.000Z""",VNINDEX,1137.99,1094.63,1094.63,1137.99,204014038.00
"""2018-04-20T00:00:00.000Z""",VNINDEX,1095.84,1119.86,1078.01,1119.86,214649004.00
"""2018-04-23T00:00:00.000Z""",VNINDEX,1124.33,1076.78,1076.78,1127.24,217926299.00
"""2018-04-24T00:00:00.000Z""",VNINDEX,1064.86,1080.74,1048.68,1084.89,186605894.00
"""2018-04-26T00:00:00.000Z""",VNINDEX,1082.52,1044.86,1039.35,1082.52,208475892.00
"""2018-04-27T00:00:00.000Z""",VNINDEX,1037.36,1050.26,1031.89,1054.94,191597755.00
"""2018-05-02T00:00:00.000Z""",VNINDEX,1053.26,1029.08,1024.75,1053.52,182941221.00
"""2018-05-03T00:00:00.000Z""",VNINDEX,1018.47,1026.46,1003.79,1027.38,203423527.00
"""2018-05-04T00:00:00.000Z""",VNINDEX,1032.12,1026.80,1022.10,1037.02,163073396.00
"""2018-05-07T00:00:00.000Z""",VNINDEX,1034.64,1062.26,1028.79,1062.26,155126464.00
"""2018-05-08T00:00:00.000Z""",VNINDEX,1061.12,1060.45,1057.24,1072.28,170039099.00
"""2018-05-09T00:00:00.000Z""",VNINDEX,1058.33,1056.97,1051.79,1069.80,161331147.00
"""2018-05-10T00:00:00.000Z""",VNINDEX,1058.22,1028.87,1025.75,1059.34,204943891.00
"""2018-05-11T00:00:00.000Z""",VNINDEX,1026.34,1044.85,1014.30,1044.85,134822176.00
"""2018-05-14T00:00:00.000Z""",VNINDEX,1051.69,1066.98,1042.31,1066.98,137941040.00
"""2018-05-15T00:00:00.000Z""",VNINDEX,1072.25,1073.50,1071.02,1084.20,158346706.00
"""2018-05-16T00:00:00.000Z""",VNINDEX,1070.34,1054.62,1052.18,1072.46,150045681.00
"""2018-05-17T00:00:00.000Z""",VNINDEX,1055.21,1030.64,1030.64,1057.84,129623675.00
"""2018-05-18T00:00:00.000Z""",VNINDEX,1033.33,1040.54,1013.57,1040.84,408221419.00
"""2018-05-21T00:00:00.000Z""",VNINDEX,1043.82,1014.98,1014.98,1043.82,123092311.00
"""2018-05-22T00:00:00.000Z""",VNINDEX,1006.18,985.91,976.73,1015.97,180486321.00
"""2018-05-23T00:00:00.000Z""",VNINDEX,974.80,988.94,965.92,995.25,182157073.00
"""2018-05-24T00:00:00.000Z""",VNINDEX,992.24,985.92,974.14,995.82,129286940.00
"""2018-05-25T00:00:00.000Z""",VNINDEX,981.47,963.90,963.90,987.56,150253905.00
"""2018-05-28T00:00:00.000Z""",VNINDEX,938.86,931.75,927.47,951.34,219282495.00
"""2018-05-29T00:00:00.000Z""",VNINDEX,925.89,952.18,916.00,958.96,183986992.00
"""2018-05-30T00:00:00.000Z""",VNINDEX,953.41,948.50,932.26,953.41,146253087.00
"""2018-05-31T00:00:00.000Z""",VNINDEX,947.96,971.25,945.29,975.51,182043639.00
"""2018-06-01T00:00:00.000Z""",VNINDEX,973.67,992.87,973.56,995.06,204094226.00
"""2018-06-04T00:00:00.000Z""",VNINDEX,994.48,1013.78,992.01,1013.78,166088548.00
"""2018-06-05T00:00:00.000Z""",VNINDEX,1013.59,1022.74,1011.59,1025.26,212463110.00
"""2018-06-06T00:00:00.000Z""",VNINDEX,1020.97,1034.50,1012.98,1034.50,162082726.00
"""2018-06-07T00:00:00.000Z""",VNINDEX,1038.93,1036.69,1030.79,1043.71,173150315.00
"""2018-06-08T00:00:00.000Z""",VNINDEX,1032.59,1039.01,1026.94,1039.07,148083481.00
"""2018-06-11T00:00:00.000Z""",VNINDEX,1033.55,1039.02,1029.19,1045.60,185544642.00
"""2018-06-12T00:00:00.000Z""",VNINDEX,1033.55,1020.76,1005.10,1033.55,212484046.00
"""2018-06-13T00:00:00.000Z""",VNINDEX,1017.93,1030.53,1017.93,1030.53,116055807.00
"""2018-06-14T00:00:00.000Z""",VNINDEX,1030.53,1015.72,1015.72,1033.46,166569362.00
"""2018-06-15T00:00:00.000Z""",VNINDEX,1012.71,1016.51,1006.78,1018.95,165408131.00
"""2018-06-18T00:00:00.000Z""",VNINDEX,1015.56,987.34,986.88,1018.98,181390161.00
"""2018-06-19T00:00:00.000Z""",VNINDEX,972.38,962.16,941.57,972.62,250987249.00
"""2018-06-20T00:00:00.000Z""",VNINDEX,957.37,980.95,955.61,980.95,153633059.00
"""2018-06-21T00:00:00.000Z""",VNINDEX,979.57,969.40,966.28,979.57,117050156.00
"""2018-06-22T00:00:00.000Z""",VNINDEX,963.89,983.17,959.91,983.57,132357403.00
"""2018-06-25T00:00:00.000Z""",VNINDEX,997.34,990.52,988.98,997.34,142086995.00
"""2018-06-26T00:00:00.000Z""",VNINDEX,977.78,983.02,970.75,983.78,165360268.00
"""2018-06-27T00:00:00.000Z""",VNINDEX,981.44,968.91,968.91,984.46,179449433.00
"""2018-06-28T00:00:00.000Z""",VNINDEX,964.76,957.35,954.46,976.12,159068192.00
"""2018-06-29T00:00:00.000Z""",VNINDEX,955.64,960.78,950.48,962.93,146404382.00
"""2018-07-02T00:00:00.000Z""",VNINDEX,955.18,947.15,932.66,960.78,168193337.00
"""2018-07-03T00:00:00.000Z""",VNINDEX,945.87,906.01,906.01,946.16,180699556.00
"""2018-07-04T00:00:00.000Z""",VNINDEX,904.34,914.99,890.83,914.99,128079017.00
"""2018-07-05T00:00:00.000Z""",VNINDEX,914.48,899.40,892.67,921.85,142997397.00
"""2018-07-06T00:00:00.000Z""",VNINDEX,891.16,917.51,884.99,921.75,159155754.00
"""2018-07-09T00:00:00.000Z""",VNINDEX,922.72,915.12,915.12,929.50,119885476.00
"""2018-07-10T00:00:00.000Z""",VNINDEX,919.44,911.12,911.12,921.96,118443781.00
"""2018-07-11T00:00:00.000Z""",VNINDEX,898.08,893.16,885.09,900.16,158653973.00
"""2018-07-12T00:00:00.000Z""",VNINDEX,891.21,898.51,884.75,905.72,113779527.00
"""2018-07-13T00:00:00.000Z""",VNINDEX,904.80,909.72,899.94,912.53,140415005.00
"""2018-07-16T00:00:00.000Z""",VNINDEX,914.22,911.11,905.27,917.63,136241742.00
"""2018-07-17T00:00:00.000Z""",VNINDEX,905.32,921.27,902.02,921.27,155854801.00
"""2018-07-18T00:00:00.000Z""",VNINDEX,926.14,942.39,926.14,942.39,223941028.00
"""2018-07-19T00:00:00.000Z""",VNINDEX,943.91,943.97,939.58,947.07,199206168.00
"""2018-07-20T00:00:00.000Z""",VNINDEX,938.83,933.39,930.26,941.94,204001387.00
"""2018-07-23T00:00:00.000Z""",VNINDEX,931.52,936.74,930.25,949.14,208549512.00
"""2018-07-24T00:00:00.000Z""",VNINDEX,933.22,934.08,926.30,939.07,203903372.00
"""2018-07-25T00:00:00.000Z""",VNINDEX,936.57,927.58,927.58,938.33,232715087.00
"""2018-07-26T00:00:00.000Z""",VNINDEX,928.96,930.16,920.99,930.32,195482365.00
"""2018-07-27T00:00:00.000Z""",VNINDEX,931.90,935.52,928.82,937.23,179258485.00
"""2018-07-30T00:00:00.000Z""",VNINDEX,940.76,949.73,937.69,949.73,193224222.00
"""2018-07-31T00:00:00.000Z""",VNINDEX,948.56,956.39,947.32,959.07,242402537.00
"""2018-08-01T00:00:00.000Z""",VNINDEX,957.35,952.77,949.89,960.05,202122008.00
"""2018-08-02T00:00:00.000Z""",VNINDEX,952.75,953.55,942.39,953.55,212461313.00
"""2018-08-03T00:00:00.000Z""",VNINDEX,953.55,959.60,953.55,966.10,197527447.00
"""2018-08-06T00:00:00.000Z""",VNINDEX,960.12,960.23,955.42,962.99,229661927.00
"""2018-08-07T00:00:00.000Z""",VNINDEX,960.23,956.79,953.71,962.02,162135792.00
"""2018-08-08T00:00:00.000Z""",VNINDEX,958.31,966.27,958.31,966.27,155165106.00
"""2018-08-09T00:00:00.000Z""",VNINDEX,968.57,963.50,963.50,972.52,167641038.00
"""2018-08-10T00:00:00.000Z""",VNINDEX,962.03,968.47,955.04,968.47,185247020.00
"""2018-08-13T00:00:00.000Z""",VNINDEX,966.46,978.04,963.41,978.04,213219091.00
"""2018-08-14T00:00:00.000Z""",VNINDEX,979.66,978.27,974.47,981.42,177299762.00
"""2018-08-15T00:00:00.000Z""",VNINDEX,980.45,961.37,961.37,982.00,188943225.00
"""2018-08-16T00:00:00.000Z""",VNINDEX,955.88,964.28,955.88,964.28,174033240.00
"""2018-08-17T00:00:00.000Z""",VNINDEX,971.40,968.88,968.88,975.52,151066487.00
"""2018-08-20T00:00:00.000Z""",VNINDEX,970.81,969.62,966.46,973.57,180831844.00
"""2018-08-21T00:00:00.000Z""",VNINDEX,968.46,979.21,968.45,979.21,200574629.00
"""2018-08-22T00:00:00.000Z""",VNINDEX,979.21,982.15,979.21,986.36,204108481.00
"""2018-08-23T00:00:00.000Z""",VNINDEX,984.12,987.36,982.48,989.45,146850837.00
"""2018-08-24T00:00:00.000Z""",VNINDEX,985.49,987.05,982.88,989.21,180073708.00
"""2018-08-27T00:00:00.000Z""",VNINDEX,990.19,991.92,990.03,994.54,189504641.00
"""2018-08-28T00:00:00.000Z""",VNINDEX,993.95,995.19,989.81,995.29,176274381.00
"""2018-08-29T00:00:00.000Z""",VNINDEX,995.05,988.17,987.47,995.05,176892116.00
"""2018-08-30T00:00:00.000Z""",VNINDEX,987.62,998.07,983.43,998.07,186694516.00
"""2018-08-31T00:00:00.000Z""",VNINDEX,998.55,989.54,989.54,1003.06,186546921.00
"""2018-09-04T00:00:00.000Z""",VNINDEX,990.79,975.94,975.94,992.18,185941049.00
"""2018-09-05T00:00:00.000Z""",VNINDEX,975.05,968.44,964.80,978.78,181148689.00
"""2018-09-06T00:00:00.000Z""",VNINDEX,968.37,958.19,957.99,970.84,160383162.00
"""2018-09-07T00:00:00.000Z""",VNINDEX,955.50,968.90,955.50,969.34,169771133.00
"""2018-09-10T00:00:00.000Z""",VNINDEX,969.74,970.34,968.19,974.59,190671939.00
"""2018-09-11T00:00:00.000Z""",VNINDEX,968.41,985.06,967.92,985.06,192817318.00
"""2018-09-12T00:00:00.000Z""",VNINDEX,990.00,987.01,987.01,994.83,184141710.00
"""2018-09-13T00:00:00.000Z""",VNINDEX,987.48,987.95,984.92,992.96,172902357.00
"""2018-09-14T00:00:00.000Z""",VNINDEX,990.00,991.34,989.56,995.55,178483588.00
"""2018-09-17T00:00:00.000Z""",VNINDEX,990.65,987.61,987.02,993.83,164608814.00
"""2018-09-18T00:00:00.000Z""",VNINDEX,983.43,993.49,981.89,993.49,197260063.00
"""2018-09-19T00:00:00.000Z""",VNINDEX,998.65,995.54,994.50,1001.83,243695646.00
"""2018-09-20T00:00:00.000Z""",VNINDEX,996.48,1004.74,996.48,1004.74,203756657.00
"""2018-09-21T00:00:00.000Z""",VNINDEX,1006.25,1002.97,1000.39,1009.10,300013745.00
"""2018-09-24T00:00:00.000Z""",VNINDEX,1007.52,1011.29,1007.45,1011.29,186722637.00
"""2018-09-25T00:00:00.000Z""",VNINDEX,1011.94,1010.74,1008.67,1014.53,231984541.00
"""2018-09-26T00:00:00.000Z""",VNINDEX,1008.93,1009.61,1007.44,1014.86,261505904.00
"""2018-09-27T00:00:00.000Z""",VNINDEX,1012.57,1015.37,1010.49,1017.78,207780774.00
"""2018-09-28T00:00:00.000Z""",VNINDEX,1019.34,1017.13,1015.40,1020.84,247221780.00
"""2018-10-01T00:00:00.000Z""",VNINDEX,1019.49,1012.88,1012.88,1023.87,247860461.00
"""2018-10-02T00:00:00.000Z""",VNINDEX,1014.26,1018.79,1012.88,1021.51,358391102.00
"""2018-10-03T00:00:00.000Z""",VNINDEX,1021.08,1020.40,1016.47,1024.59,174390388.00
"""2018-10-04T00:00:00.000Z""",VNINDEX,1024.68,1023.62,1020.40,1024.68,196617595.00
"""2018-10-05T00:00:00.000Z""",VNINDEX,1020.21,1008.39,1008.39,1020.77,294150794.00
"""2018-10-08T00:00:00.000Z""",VNINDEX,1003.31,996.12,996.12,1006.13,205515915.00
"""2018-10-09T00:00:00.000Z""",VNINDEX,998.70,996.19,996.19,1001.87,202594067.00
"""2018-10-10T00:00:00.000Z""",VNINDEX,998.66,993.96,991.22,999.62,191361210.00
"""2018-10-11T00:00:00.000Z""",VNINDEX,972.21,945.89,938.83,972.21,353532430.00
"""2018-10-12T00:00:00.000Z""",VNINDEX,939.20,970.08,933.35,970.08,228720366.00
"""2018-10-15T00:00:00.000Z""",VNINDEX,968.80,951.64,951.64,970.08,144306008.00
"""2018-10-16T00:00:00.000Z""",VNINDEX,950.36,963.37,950.36,963.69,149132700.00
"""2018-10-17T00:00:00.000Z""",VNINDEX,973.14,971.60,969.06,975.27,152274133.00
"""2018-10-18T00:00:00.000Z""",VNINDEX,968.93,963.47,962.68,970.75,145459407.00
"""2018-10-19T00:00:00.000Z""",VNINDEX,949.94,958.36,945.83,959.63,153569789.00
"""2018-10-22T00:00:00.000Z""",VNINDEX,960.63,953.51,953.51,963.79,147531449.00
"""2018-10-23T00:00:00.000Z""",VNINDEX,950.12,939.68,925.29,950.42,202937215.00
"""2018-10-24T00:00:00.000Z""",VNINDEX,935.25,922.73,922.73,939.06,149346123.00
"""2018-10-25T00:00:00.000Z""",VNINDEX,902.59,910.17,885.34,912.07,177771440.00
"""2018-10-26T00:00:00.000Z""",VNINDEX,918.11,900.82,900.82,918.16,1573430793.00
"""2018-10-29T00:00:00.000Z""",VNINDEX,895.05,888.82,884.92,897.84,139992988.00
"""2018-10-30T00:00:00.000Z""",VNINDEX,881.32,888.69,880.85,894.80,133316348.00
"""2018-10-31T00:00:00.000Z""",VNINDEX,894.23,914.76,894.23,914.76,215403639.00
"""2018-11-01T00:00:00.000Z""",VNINDEX,915.52,907.96,905.73,918.84,182192551.00
"""2018-11-02T00:00:00.000Z""",VNINDEX,911.35,924.86,910.40,927.62,222362292.00
"""2018-11-05T00:00:00.000Z""",VNINDEX,920.87,925.53,915.77,925.53,136548016.00
"""2018-11-06T00:00:00.000Z""",VNINDEX,931.00,922.05,921.93,931.27,139120594.00
"""2018-11-07T00:00:00.000Z""",VNINDEX,922.03,922.16,915.41,924.60,143105471.00
"""2018-11-08T00:00:00.000Z""",VNINDEX,928.69,926.28,925.54,932.86,145778413.00
"""2018-11-09T00:00:00.000Z""",VNINDEX,921.11,914.29,914.29,925.31,149082209.00
"""2018-11-12T00:00:00.000Z""",VNINDEX,909.36,918.12,903.95,918.99,125015804.00
"""2018-11-13T00:00:00.000Z""",VNINDEX,904.35,905.38,903.48,910.20,170033982.00
"""2018-11-14T00:00:00.000Z""",VNINDEX,904.16,900.93,898.83,910.58,142266472.00
"""2018-11-15T00:00:00.000Z""",VNINDEX,901.13,897.15,892.50,903.83,166086037.00
"""2018-11-16T00:00:00.000Z""",VNINDEX,901.44,898.19,894.14,903.21,160633421.00
"""2018-11-19T00:00:00.000Z""",VNINDEX,902.65,916.06,900.61,916.06,149907993.00
"""2018-11-20T00:00:00.000Z""",VNINDEX,909.76,919.02,909.76,919.02,159138294.00
"""2018-11-21T00:00:00.000Z""",VNINDEX,909.83,922.56,907.47,922.56,152749731.00
"""2018-11-22T00:00:00.000Z""",VNINDEX,924.93,924.42,922.02,926.15,155620677.00
"""2018-11-23T00:00:00.000Z""",VNINDEX,923.91,917.97,916.87,925.84,137962519.00
"""2018-11-26T00:00:00.000Z""",VNINDEX,915.67,921.03,914.43,921.96,118731800.00
"""2018-11-27T00:00:00.000Z""",VNINDEX,925.12,923.12,921.26,930.37,152638543.00
"""2018-11-28T00:00:00.000Z""",VNINDEX,922.29,930.20,922.03,930.20,136359851.00
"""2018-11-29T00:00:00.000Z""",VNINDEX,934.88,926.79,926.79,937.75,131218344.00
"""2018-11-30T00:00:00.000Z""",VNINDEX,924.49,926.54,921.08,928.92,158586729.00
"""2018-12-03T00:00:00.000Z""",VNINDEX,937.70,951.59,937.10,951.59,209832073.00
"""2018-12-04T00:00:00.000Z""",VNINDEX,952.97,958.84,950.89,960.44,227418617.00
"""2018-12-05T00:00:00.000Z""",VNINDEX,950.34,957.14,946.97,960.87,212455408.00
"""2018-12-06T00:00:00.000Z""",VNINDEX,954.61,954.82,948.44,959.59,179144300.00
"""2018-12-07T00:00:00.000Z""",VNINDEX,956.49,958.59,955.96,962.39,190366199.00
"""2018-12-10T00:00:00.000Z""",VNINDEX,955.06,955.89,951.50,958.25,213517557.00
"""2018-12-11T00:00:00.000Z""",VNINDEX,955.93,954.58,949.34,957.97,180822462.00
"""2018-12-12T00:00:00.000Z""",VNINDEX,956.32,961.28,956.00,961.28,222072730.00
"""2018-12-13T00:00:00.000Z""",VNINDEX,963.65,960.25,960.10,966.83,171855702.00
"""2018-12-14T00:00:00.000Z""",VNINDEX,958.78,952.04,951.04,960.09,200320722.00
"""2018-12-17T00:00:00.000Z""",VNINDEX,948.09,933.65,933.65,948.09,255174193.00
"""2018-12-18T00:00:00.000Z""",VNINDEX,921.48,927.25,917.03,928.20,175722290.00
"""2018-12-19T00:00:00.000Z""",VNINDEX,926.35,919.24,914.55,927.03,186090326.00
"""2018-12-20T00:00:00.000Z""",VNINDEX,915.50,918.24,914.18,921.79,146893742.00
"""2018-12-21T00:00:00.000Z""",VNINDEX,911.57,912.26,907.88,915.02,199105902.00
"""2018-12-24T00:00:00.000Z""",VNINDEX,910.86,908.56,908.56,916.41,158974130.00
"""2018-12-25T00:00:00.000Z""",VNINDEX,893.71,897.94,882.17,897.94,250432023.00
"""2018-12-26T00:00:00.000Z""",VNINDEX,896.63,891.75,890.86,899.49,139066122.00
"""2018-12-27T00:00:00.000Z""",VNINDEX,904.80,900.81,900.81,906.63,151685339.00
"""2018-12-28T00:00:00.000Z""",VNINDEX,903.79,892.54,892.54,903.79,175699025.00
"""2019-01-02T00:00:00.000Z""",VNINDEX,900.10,891.75,891.10,900.10,111518574.00
"""2019-01-03T00:00:00.000Z""",VNINDEX,889.78,878.22,872.12,892.21,156575331.00
"""2019-01-04T00:00:00.000Z""",VNINDEX,872.69,880.90,861.85,881.48,136566941.00
"""2019-01-07T00:00:00.000Z""",VNINDEX,890.47,889.64,885.30,896.63,127549277.00
"""2019-01-08T00:00:00.000Z""",VNINDEX,891.37,887.44,883.67,891.87,112829182.00
"""2019-01-09T00:00:00.000Z""",VNINDEX,890.26,896.99,888.61,897.25,160507514.00
"""2019-01-10T00:00:00.000Z""",VNINDEX,897.85,898.30,895.17,899.47,130489063.00
"""2019-01-11T00:00:00.000Z""",VNINDEX,899.10,902.71,899.10,904.37,131413383.00
"""2019-01-14T00:00:00.000Z""",VNINDEX,903.83,901.80,897.18,903.83,143845246.00
"""2019-01-15T00:00:00.000Z""",VNINDEX,901.21,909.68,898.92,909.68,127190636.00
"""2019-01-16T00:00:00.000Z""",VNINDEX,911.32,908.70,906.39,912.48,163793484.00
"""2019-01-17T00:00:00.000Z""",VNINDEX,908.48,901.89,901.89,909.06,133889431.00
"""2019-01-18T00:00:00.000Z""",VNINDEX,902.70,902.30,900.64,906.35,140748451.00
"""2019-01-21T00:00:00.000Z""",VNINDEX,905.25,911.05,903.09,911.74,165626811.00
"""2019-01-22T00:00:00.000Z""",VNINDEX,912.73,906.55,906.55,913.37,152163629.00
"""2019-01-23T00:00:00.000Z""",VNINDEX,905.73,908.18,905.12,910.12,129143298.00
"""2019-01-24T00:00:00.000Z""",VNINDEX,908.56,908.79,906.59,910.59,110294392.00
"""2019-01-25T00:00:00.000Z""",VNINDEX,908.86,908.88,907.96,911.59,117585191.00
"""2019-01-28T00:00:00.000Z""",VNINDEX,912.53,912.18,908.90,913.43,133321405.00
"""2019-01-29T00:00:00.000Z""",VNINDEX,913.67,915.93,907.09,915.93,121444328.00
"""2019-01-30T00:00:00.000Z""",VNINDEX,914.08,915.84,913.48,917.80,139392072.00
"""2019-01-31T00:00:00.000Z""",VNINDEX,919.12,910.65,910.38,920.36,138049636.00
"""2019-02-01T00:00:00.000Z""",VNINDEX,911.98,908.67,907.52,912.81,140795374.00
"""2019-02-11T00:00:00.000Z""",VNINDEX,916.98,926.10,915.86,926.10,124642694.00
"""2019-02-12T00:00:00.000Z""",VNINDEX,930.37,937.54,926.98,938.64,188420444.00
"""2019-02-13T00:00:00.000Z""",VNINDEX,937.61,945.25,937.34,945.25,215274633.00
"""2019-02-14T00:00:00.000Z""",VNINDEX,946.54,952.34,945.99,953.66,181055902.00
"""2019-02-15T00:00:00.000Z""",VNINDEX,951.90,950.89,948.26,955.40,160688831.00
"""2019-02-18T00:00:00.000Z""",VNINDEX,954.85,961.30,953.32,961.30,194653249.00
"""2019-02-19T00:00:00.000Z""",VNINDEX,962.84,964.35,962.81,971.92,231962870.00
"""2019-02-20T00:00:00.000Z""",VNINDEX,963.29,970.58,963.29,972.75,170875213.00
"""2019-02-21T00:00:00.000Z""",VNINDEX,972.82,987.57,970.31,987.57,178583705.00
"""2019-02-22T00:00:00.000Z""",VNINDEX,983.99,988.91,982.86,993.16,215630492.00
"""2019-02-25T00:00:00.000Z""",VNINDEX,996.06,994.43,992.72,999.90,227742907.00
"""2019-02-26T00:00:00.000Z""",VNINDEX,991.63,987.06,979.24,996.44,251652413.00
"""2019-02-27T00:00:00.000Z""",VNINDEX,989.61,990.27,988.09,994.46,258926565.00
"""2019-02-28T00:00:00.000Z""",VNINDEX,989.84,965.47,965.47,990.25,224812348.00
"""2019-03-01T00:00:00.000Z""",VNINDEX,971.05,979.63,970.54,980.82,169981804.00
"""2019-03-04T00:00:00.000Z""",VNINDEX,983.50,993.99,983.33,994.46,235644077.00
"""2019-03-05T00:00:00.000Z""",VNINDEX,990.08,992.45,987.92,1000.25,297444471.00
"""2019-03-06T00:00:00.000Z""",VNINDEX,993.01,994.49,985.51,994.49,250924541.00
"""2019-03-07T00:00:00.000Z""",VNINDEX,995.65,994.03,994.03,1004.55,210694974.00
"""2019-03-08T00:00:00.000Z""",VNINDEX,987.89,985.25,984.48,991.98,202508653.00
"""2019-03-11T00:00:00.000Z""",VNINDEX,982.94,984.60,981.34,987.11,178656512.00
"""2019-03-12T00:00:00.000Z""",VNINDEX,991.14,1001.32,990.46,1001.32,208193816.00
"""2019-03-13T00:00:00.000Z""",VNINDEX,1003.75,1005.41,1003.01,1009.77,229381210.00
"""2019-03-14T00:00:00.000Z""",VNINDEX,1006.37,1008.44,1002.09,1011.39,224543056.00
"""2019-03-15T00:00:00.000Z""",VNINDEX,1008.22,1004.12,1001.10,1008.22,250137088.00
"""2019-03-18T00:00:00.000Z""",VNINDEX,1007.92,1011.86,1007.92,1013.29,230552506.00
"""2019-03-19T00:00:00.000Z""",VNINDEX,1013.75,1006.59,1004.22,1014.51,235785464.00
"""2019-03-20T00:00:00.000Z""",VNINDEX,1002.86,1002.30,992.02,1003.25,300086542.00
"""2019-03-21T00:00:00.000Z""",VNINDEX,1005.12,981.78,981.78,1006.37,200032149.00
"""2019-03-22T00:00:00.000Z""",VNINDEX,984.90,988.71,981.30,990.07,206928848.00
"""2019-03-25T00:00:00.000Z""",VNINDEX,976.53,970.07,964.76,976.53,245780643.00
"""2019-03-26T00:00:00.000Z""",VNINDEX,975.44,969.79,966.90,978.99,175223583.00
"""2019-03-27T00:00:00.000Z""",VNINDEX,976.67,975.91,972.25,979.32,159937977.00
"""2019-03-28T00:00:00.000Z""",VNINDEX,973.44,982.98,972.60,983.18,217066587.00
"""2019-03-29T00:00:00.000Z""",VNINDEX,985.35,980.76,980.76,988.24,173857362.00
"""2019-04-01T00:00:00.000Z""",VNINDEX,984.89,988.53,982.80,988.53,188597709.00
"""2019-04-02T00:00:00.000Z""",VNINDEX,994.87,985.81,985.48,996.41,236019331.00
"""2019-04-03T00:00:00.000Z""",VNINDEX,984.74,984.46,980.30,985.26,216942376.00
"""2019-04-04T00:00:00.000Z""",VNINDEX,987.47,986.91,982.94,989.08,165304651.00
"""2019-04-05T00:00:00.000Z""",VNINDEX,988.09,989.26,986.39,990.38,189284916.00
"""2019-04-08T00:00:00.000Z""",VNINDEX,991.65,997.56,989.33,997.56,163686969.00
"""2019-04-09T00:00:00.000Z""",VNINDEX,999.89,988.48,987.82,1000.02,165183690.00
"""2019-04-10T00:00:00.000Z""",VNINDEX,984.79,981.91,976.83,987.27,159912943.00
"""2019-04-11T00:00:00.000Z""",VNINDEX,984.46,985.95,981.06,985.95,129478607.00
"""2019-04-12T00:00:00.000Z""",VNINDEX,984.66,982.90,980.26,984.69,153833982.00
"""2019-04-16T00:00:00.000Z""",VNINDEX,970.87,977.17,963.06,978.53,150006693.00
"""2019-04-17T00:00:00.000Z""",VNINDEX,978.21,972.10,972.10,980.71,186723702.00
"""2019-04-18T00:00:00.000Z""",VNINDEX,969.50,962.30,962.05,973.73,160385083.00
"""2019-04-19T00:00:00.000Z""",VNINDEX,968.27,966.21,965.46,971.73,106976093.00
"""2019-04-22T00:00:00.000Z""",VNINDEX,963.78,965.86,959.33,966.69,216344286.00
"""2019-04-23T00:00:00.000Z""",VNINDEX,964.84,968.00,964.35,970.98,154887616.00
"""2019-04-24T00:00:00.000Z""",VNINDEX,969.66,976.92,969.66,978.71,134071764.00
"""2019-04-25T00:00:00.000Z""",VNINDEX,976.46,974.13,971.92,976.46,149114784.00
"""2019-04-26T00:00:00.000Z""",VNINDEX,972.86,979.64,970.73,979.64,118539754.00
"""2019-05-02T00:00:00.000Z""",VNINDEX,978.81,978.50,975.51,979.93,149996692.00
"""2019-05-03T00:00:00.000Z""",VNINDEX,976.77,974.14,971.75,977.13,148565859.00
"""2019-05-06T00:00:00.000Z""",VNINDEX,964.37,957.97,955.41,964.89,155652352.00
"""2019-05-07T00:00:00.000Z""",VNINDEX,961.31,957.56,955.42,965.61,145340252.00
"""2019-05-08T00:00:00.000Z""",VNINDEX,950.10,951.22,947.86,953.88,143297841.00
"""2019-05-09T00:00:00.000Z""",VNINDEX,950.66,947.01,944.91,953.66,181217532.00
"""2019-05-10T00:00:00.000Z""",VNINDEX,950.37,952.55,948.21,953.92,131033332.00
"""2019-05-13T00:00:00.000Z""",VNINDEX,952.11,958.54,951.76,958.54,232040196.00
"""2019-05-14T00:00:00.000Z""",VNINDEX,958.54,965.34,952.28,965.34,158178130.00
"""2019-05-15T00:00:00.000Z""",VNINDEX,967.95,975.64,967.95,977.65,188852552.00
"""2019-05-16T00:00:00.000Z""",VNINDEX,976.96,975.69,975.69,981.22,170217007.00
"""2019-05-17T00:00:00.000Z""",VNINDEX,977.85,976.48,974.91,980.04,135086288.00
"""2019-05-20T00:00:00.000Z""",VNINDEX,975.95,987.13,974.47,987.13,153160381.00
"""2019-05-21T00:00:00.000Z""",VNINDEX,989.67,986.29,986.07,992.84,206555753.00
"""2019-05-22T00:00:00.000Z""",VNINDEX,986.66,983.78,982.68,992.26,174957249.00
"""2019-05-23T00:00:00.000Z""",VNINDEX,982.00,982.71,977.17,984.57,159038537.00
"""2019-05-24T00:00:00.000Z""",VNINDEX,976.59,970.03,970.03,983.14,168342667.00
"""2019-05-27T00:00:00.000Z""",VNINDEX,970.73,975.14,970.41,975.40,138466161.00
"""2019-05-28T00:00:00.000Z""",VNINDEX,977.02,972.00,969.51,978.80,148990818.00
"""2019-05-29T00:00:00.000Z""",VNINDEX,973.31,971.54,969.55,974.96,145310081.00
"""2019-05-30T00:00:00.000Z""",VNINDEX,971.01,969.34,967.21,974.56,159992984.00
"""2019-05-31T00:00:00.000Z""",VNINDEX,968.53,959.88,959.88,969.94,136533300.00
"""2019-06-03T00:00:00.000Z""",VNINDEX,953.58,946.47,940.28,955.78,184311555.00
"""2019-06-04T00:00:00.000Z""",VNINDEX,945.62,951.16,943.21,951.42,162399806.00
"""2019-06-05T00:00:00.000Z""",VNINDEX,955.80,951.41,951.39,958.39,131580929.00
"""2019-06-06T00:00:00.000Z""",VNINDEX,950.57,948.21,939.35,951.35,125898646.00
"""2019-06-07T00:00:00.000Z""",VNINDEX,951.64,958.28,950.94,958.28,148035457.00
"""2019-06-10T00:00:00.000Z""",VNINDEX,963.78,962.90,958.60,966.90,154897649.00
"""2019-06-11T00:00:00.000Z""",VNINDEX,962.43,962.07,959.98,964.81,136379184.00
"""2019-06-12T00:00:00.000Z""",VNINDEX,960.60,954.17,953.83,960.60,138109792.00
"""2019-06-13T00:00:00.000Z""",VNINDEX,951.26,950.08,946.29,954.17,142809278.00
"""2019-06-14T00:00:00.000Z""",VNINDEX,948.65,953.61,948.65,954.70,155879414.00
"""2019-06-17T00:00:00.000Z""",VNINDEX,953.97,946.95,944.47,955.18,174370028.00
"""2019-06-18T00:00:00.000Z""",VNINDEX,945.73,944.01,938.95,947.30,166941576.00
"""2019-06-19T00:00:00.000Z""",VNINDEX,948.92,949.69,946.83,950.04,147358054.00
"""2019-06-20T00:00:00.000Z""",VNINDEX,949.48,959.18,948.97,962.33,185490163.00
"""2019-06-21T00:00:00.000Z""",VNINDEX,962.69,959.20,959.12,964.52,206137401.00
"""2019-06-24T00:00:00.000Z""",VNINDEX,960.29,962.85,959.80,967.11,150298672.00
"""2019-06-25T00:00:00.000Z""",VNINDEX,961.19,960.13,960.06,963.23,164347956.00
"""2019-06-26T00:00:00.000Z""",VNINDEX,958.60,959.13,958.38,962.70,252117209.00
"""2019-06-27T00:00:00.000Z""",VNINDEX,959.48,943.11,943.11,959.48,159030321.00
"""2019-06-28T00:00:00.000Z""",VNINDEX,944.53,949.94,939.12,949.94,182621355.00
"""2019-07-01T00:00:00.000Z""",VNINDEX,958.92,965.61,957.66,965.61,166445420.00
"""2019-07-02T00:00:00.000Z""",VNINDEX,964.77,961.98,959.80,966.76,138217098.00
"""2019-07-03T00:00:00.000Z""",VNINDEX,960.44,960.39,956.91,961.67,136594431.00
"""2019-07-04T00:00:00.000Z""",VNINDEX,961.78,973.04,961.65,973.04,189897829.00
"""2019-07-05T00:00:00.000Z""",VNINDEX,972.74,975.34,970.16,975.34,134936766.00
"""2019-07-08T00:00:00.000Z""",VNINDEX,972.83,966.35,963.84,972.83,165879438.00
"""2019-07-09T00:00:00.000Z""",VNINDEX,965.24,969.05,963.05,969.05,169482118.00
"""2019-07-10T00:00:00.000Z""",VNINDEX,971.19,973.65,971.19,974.96,154564111.00
"""2019-07-11T00:00:00.000Z""",VNINDEX,976.95,978.63,975.03,980.02,161663227.00
"""2019-07-12T00:00:00.000Z""",VNINDEX,980.11,975.40,974.32,982.10,157305753.00
"""2019-07-15T00:00:00.000Z""",VNINDEX,975.57,972.53,970.93,975.66,150551123.00
"""2019-07-16T00:00:00.000Z""",VNINDEX,975.05,982.11,975.05,982.11,174668213.00
"""2019-07-17T00:00:00.000Z""",VNINDEX,981.49,982.57,979.05,985.59,170018762.00
"""2019-07-18T00:00:00.000Z""",VNINDEX,979.16,976.05,975.01,979.49,139737186.00
"""2019-07-19T00:00:00.000Z""",VNINDEX,978.12,982.34,978.12,986.12,170265297.00
"""2019-07-22T00:00:00.000Z""",VNINDEX,981.17,982.04,980.08,985.13,164371830.00
"""2019-07-23T00:00:00.000Z""",VNINDEX,982.04,989.46,980.68,990.45,184831147.00
"""2019-07-24T00:00:00.000Z""",VNINDEX,993.01,988.41,986.34,994.85,169642412.00
"""2019-07-25T00:00:00.000Z""",VNINDEX,986.85,994.95,986.85,997.49,171789317.00
"""2019-07-26T00:00:00.000Z""",VNINDEX,994.80,993.35,992.97,998.52,152405215.00
"""2019-07-29T00:00:00.000Z""",VNINDEX,994.23,997.94,988.29,997.94,147824940.00
"""2019-07-30T00:00:00.000Z""",VNINDEX,1001.46,986.02,986.02,1002.77,154322082.00
"""2019-07-31T00:00:00.000Z""",VNINDEX,986.00,991.66,982.64,993.40,172875572.00
"""2019-08-01T00:00:00.000Z""",VNINDEX,993.25,997.39,990.88,997.39,222655794.00
"""2019-08-02T00:00:00.000Z""",VNINDEX,987.55,991.10,985.69,991.39,186782129.00
"""2019-08-05T00:00:00.000Z""",VNINDEX,988.60,973.15,973.15,988.99,195934349.00
"""2019-08-06T00:00:00.000Z""",VNINDEX,960.29,964.61,958.39,966.15,210927032.00
"""2019-08-07T00:00:00.000Z""",VNINDEX,967.18,965.93,961.64,971.96,219152689.00
"""2019-08-08T00:00:00.000Z""",VNINDEX,965.62,975.24,964.21,975.83,219237176.00
"""2019-08-09T00:00:00.000Z""",VNINDEX,976.41,974.34,974.33,978.69,192308389.00
"""2019-08-12T00:00:00.000Z""",VNINDEX,975.38,975.31,973.22,977.63,174552398.00
"""2019-08-13T00:00:00.000Z""",VNINDEX,972.70,966.83,964.03,973.09,181502531.00
"""2019-08-14T00:00:00.000Z""",VNINDEX,975.88,968.91,968.91,975.99,151487620.00
"""2019-08-15T00:00:00.000Z""",VNINDEX,958.05,979.38,955.76,979.38,182910290.00
"""2019-08-16T00:00:00.000Z""",VNINDEX,974.88,980.00,974.88,985.61,198006180.00
"""2019-08-19T00:00:00.000Z""",VNINDEX,984.04,981.03,979.17,985.48,158090188.00
"""2019-08-20T00:00:00.000Z""",VNINDEX,983.94,984.67,981.75,985.35,177939733.00
"""2019-08-21T00:00:00.000Z""",VNINDEX,984.36,994.38,983.30,995.44,201557493.00
"""2019-08-22T00:00:00.000Z""",VNINDEX,996.41,997.26,993.23,998.67,152998950.00
"""2019-08-23T00:00:00.000Z""",VNINDEX,998.21,992.45,990.83,998.21,162568195.00
"""2019-08-26T00:00:00.000Z""",VNINDEX,983.80,982.88,977.00,984.61,189790404.00
"""2019-08-27T00:00:00.000Z""",VNINDEX,986.33,976.79,976.79,988.49,199812049.00
"""2019-08-28T00:00:00.000Z""",VNINDEX,977.10,977.26,977.10,981.35,147213987.00
"""2019-08-29T00:00:00.000Z""",VNINDEX,978.17,978.59,973.34,978.78,138392454.00
"""2019-08-30T00:00:00.000Z""",VNINDEX,980.25,984.06,980.25,984.87,143163513.00
"""2019-09-03T00:00:00.000Z""",VNINDEX,984.79,979.36,978.62,985.21,186387303.00
"""2019-09-04T00:00:00.000Z""",VNINDEX,977.97,977.63,973.37,979.91,157392889.00
"""2019-09-05T00:00:00.000Z""",VNINDEX,979.83,976.79,976.79,981.67,159540011.00
"""2019-09-06T00:00:00.000Z""",VNINDEX,977.83,974.08,973.87,978.73,161159116.00
"""2019-09-09T00:00:00.000Z""",VNINDEX,974.53,974.12,972.47,975.03,155279471.00
"""2019-09-10T00:00:00.000Z""",VNINDEX,974.62,970.26,968.36,977.44,161444710.00
"""2019-09-11T00:00:00.000Z""",VNINDEX,969.59,969.31,967.14,973.13,154513898.00
"""2019-09-12T00:00:00.000Z""",VNINDEX,972.39,976.07,972.31,976.07,141321199.00
"""2019-09-13T00:00:00.000Z""",VNINDEX,977.71,987.22,975.95,987.22,189231330.00
"""2019-09-16T00:00:00.000Z""",VNINDEX,987.07,989.86,986.72,992.60,187151712.00
"""2019-09-17T00:00:00.000Z""",VNINDEX,990.06,996.74,986.96,996.74,231266058.00
"""2019-09-18T00:00:00.000Z""",VNINDEX,995.75,995.15,993.94,998.40,191036390.00
"""2019-09-19T00:00:00.000Z""",VNINDEX,995.49,997.10,990.55,997.20,186921508.00
"""2019-09-20T00:00:00.000Z""",VNINDEX,997.60,990.36,990.36,998.56,203600240.00
"""2019-09-23T00:00:00.000Z""",VNINDEX,991.75,985.75,985.75,993.98,207504798.00
"""2019-09-24T00:00:00.000Z""",VNINDEX,986.33,988.13,984.94,991.36,165040016.00
"""2019-09-25T00:00:00.000Z""",VNINDEX,985.96,987.30,983.06,989.18,171566161.00
"""2019-09-26T00:00:00.000Z""",VNINDEX,988.70,990.75,986.35,991.66,152560016.00
"""2019-09-27T00:00:00.000Z""",VNINDEX,992.26,997.84,991.50,998.34,180737057.00
"""2019-09-30T00:00:00.000Z""",VNINDEX,999.92,996.56,996.51,1004.17,176215055.00
"""2019-10-01T00:00:00.000Z""",VNINDEX,997.87,999.59,996.20,999.72,210254423.00
"""2019-10-02T00:00:00.000Z""",VNINDEX,999.18,991.19,989.63,1000.93,178783975.00
"""2019-10-03T00:00:00.000Z""",VNINDEX,985.65,992.45,983.35,992.45,193597117.00
"""2019-10-04T00:00:00.000Z""",VNINDEX,993.69,987.59,987.59,994.81,205009000.00
"""2019-10-07T00:00:00.000Z""",VNINDEX,989.45,983.09,983.09,990.34,181618007.00
"""2019-10-08T00:00:00.000Z""",VNINDEX,983.62,988.22,981.89,988.51,178375371.00
"""2019-10-09T00:00:00.000Z""",VNINDEX,987.82,987.83,986.74,992.00,182539423.00
"""2019-10-10T00:00:00.000Z""",VNINDEX,988.81,987.38,986.93,990.89,182977754.00
"""2019-10-11T00:00:00.000Z""",VNINDEX,988.57,991.84,987.62,991.84,168611835.00
"""2019-10-14T00:00:00.000Z""",VNINDEX,994.61,993.57,992.50,997.25,193975692.00
"""2019-10-15T00:00:00.000Z""",VNINDEX,993.55,993.05,990.74,994.75,179970114.00
"""2019-10-16T00:00:00.000Z""",VNINDEX,995.75,994.46,993.42,997.41,188131369.00
"""2019-10-17T00:00:00.000Z""",VNINDEX,995.04,989.82,989.82,995.81,191550366.00
"""2019-10-18T00:00:00.000Z""",VNINDEX,992.00,989.20,988.41,993.03,174371395.00
"""2019-10-21T00:00:00.000Z""",VNINDEX,988.18,983.56,983.56,988.82,200325507.00
"""2019-10-22T00:00:00.000Z""",VNINDEX,983.52,987.19,983.52,987.59,231647637.00
"""2019-10-23T00:00:00.000Z""",VNINDEX,987.04,987.79,985.52,989.61,179021348.00
"""2019-10-24T00:00:00.000Z""",VNINDEX,988.85,993.60,987.65,993.60,160032080.00
"""2019-10-25T00:00:00.000Z""",VNINDEX,993.91,996.57,992.91,996.67,173486528.00
"""2019-10-28T00:00:00.000Z""",VNINDEX,998.27,996.48,996.48,999.94,183756571.00
"""2019-10-29T00:00:00.000Z""",VNINDEX,997.77,995.87,995.87,999.88,249477530.00
"""2019-10-30T00:00:00.000Z""",VNINDEX,996.83,1000.89,994.86,1003.40,181192547.00
"""2019-10-31T00:00:00.000Z""",VNINDEX,1002.67,998.82,998.58,1004.40,218981651.00
"""2019-11-01T00:00:00.000Z""",VNINDEX,999.92,1015.59,999.92,1015.88,241335507.00
"""2019-11-04T00:00:00.000Z""",VNINDEX,1019.00,1022.43,1015.86,1023.92,232788487.00
"""2019-11-05T00:00:00.000Z""",VNINDEX,1022.77,1024.34,1021.63,1026.53,199371766.00
"""2019-11-06T00:00:00.000Z""",VNINDEX,1023.43,1024.91,1023.42,1028.97,225000552.00
"""2019-11-07T00:00:00.000Z""",VNINDEX,1023.49,1024.03,1022.61,1028.45,193391863.00
"""2019-11-08T00:00:00.000Z""",VNINDEX,1026.98,1022.49,1021.11,1027.39,181366818.00
"""2019-11-11T00:00:00.000Z""",VNINDEX,1023.32,1016.75,1016.35,1024.77,210330901.00
"""2019-11-12T00:00:00.000Z""",VNINDEX,1016.97,1018.33,1015.97,1021.84,223157118.00
"""2019-11-13T00:00:00.000Z""",VNINDEX,1019.07,1012.77,1010.80,1020.09,286967681.00
"""2019-11-14T00:00:00.000Z""",VNINDEX,1013.85,1012.30,1010.60,1016.71,209404256.00
"""2019-11-15T00:00:00.000Z""",VNINDEX,1012.93,1010.03,1005.10,1015.16,212311387.00
"""2019-11-18T00:00:00.000Z""",VNINDEX,1010.83,1002.91,1002.63,1012.09,184310829.00
"""2019-11-19T00:00:00.000Z""",VNINDEX,1002.89,1008.35,1001.35,1008.35,232356619.00
"""2019-11-20T00:00:00.000Z""",VNINDEX,1009.21,1000.56,1000.56,1009.21,210309868.00
"""2019-11-21T00:00:00.000Z""",VNINDEX,999.37,987.89,987.89,999.63,215011817.00
"""2019-11-22T00:00:00.000Z""",VNINDEX,992.73,977.78,971.03,993.70,230361034.00
"""2019-11-25T00:00:00.000Z""",VNINDEX,977.85,976.35,971.24,979.60,189036673.00
"""2019-11-26T00:00:00.000Z""",VNINDEX,980.57,976.79,976.79,981.96,192498156.00
"""2019-11-27T00:00:00.000Z""",VNINDEX,978.98,978.17,978.17,982.76,197964033.00
"""2019-11-28T00:00:00.000Z""",VNINDEX,977.66,970.39,967.68,979.17,191263808.00
"""2019-11-29T00:00:00.000Z""",VNINDEX,971.10,970.75,968.03,972.89,167266555.00
"""2019-12-02T00:00:00.000Z""",VNINDEX,971.42,959.31,958.30,972.91,210999350.00
"""2019-12-03T00:00:00.000Z""",VNINDEX,957.40,953.43,950.96,960.82,264937828.00
"""2019-12-04T00:00:00.000Z""",VNINDEX,952.51,965.90,950.44,965.90,210095558.00
"""2019-12-05T00:00:00.000Z""",VNINDEX,965.90,963.27,962.16,967.92,194538257.00
"""2019-12-06T00:00:00.000Z""",VNINDEX,962.38,963.56,960.99,965.41,171288421.00
"""2019-12-09T00:00:00.000Z""",VNINDEX,963.91,966.06,962.59,967.57,273262818.00
"""2019-12-10T00:00:00.000Z""",VNINDEX,965.92,960.30,955.14,966.58,242725192.00
"""2019-12-11T00:00:00.000Z""",VNINDEX,960.59,961.78,954.56,961.78,216475104.00
"""2019-12-12T00:00:00.000Z""",VNINDEX,963.39,968.17,962.72,968.39,218749302.00
"""2019-12-13T00:00:00.000Z""",VNINDEX,969.43,966.18,965.93,971.84,219156032.00
"""2019-12-16T00:00:00.000Z""",VNINDEX,966.00,961.47,960.39,966.00,277814340.00
"""2019-12-17T00:00:00.000Z""",VNINDEX,962.49,954.03,954.03,962.79,280703503.00
"""2019-12-18T00:00:00.000Z""",VNINDEX,951.52,951.13,949.86,954.18,323187180.00
"""2019-12-19T00:00:00.000Z""",VNINDEX,950.61,952.26,946.74,955.85,222467240.00
"""2019-12-20T00:00:00.000Z""",VNINDEX,953.55,956.41,952.71,957.52,243332885.00
"""2019-12-23T00:00:00.000Z""",VNINDEX,959.55,959.43,958.07,960.71,241524335.00
"""2019-12-24T00:00:00.000Z""",VNINDEX,958.73,958.88,953.29,959.09,229674422.00
"""2019-12-25T00:00:00.000Z""",VNINDEX,958.18,960.92,957.50,962.83,238316843.00
"""2019-12-26T00:00:00.000Z""",VNINDEX,960.67,958.59,957.43,962.11,265937347.00
"""2019-12-27T00:00:00.000Z""",VNINDEX,957.70,963.51,954.19,963.51,180524101.00
"""2024-08-15T00:00:00.000Z""",VNINDEX,1230.58,1223.56,1221.94,1231.69,432238080.00
"""2019-12-30T00:00:00.000Z""",VNINDEX,962.89,965.03,962.47,967.52,177740545.00
"""2024-08-16T00:00:00.000Z""",VNINDEX,1228.27,1252.23,1227.94,1253.58,917105152.00
"""2021-12-29T00:00:00.000Z""",VNINDEX,1497.79,1485.82,1485.82,1498.91,793769800.00
"""2023-03-06T00:00:00.000Z""",VNINDEX,1032.68,1027.18,1026.73,1042.43,390065700.00
"""2023-03-03T00:00:00.000Z""",VNINDEX,1038.10,1024.77,1022.78,1041.82,384969000.00
"""2023-03-02T00:00:00.000Z""",VNINDEX,1039.00,1037.61,1033.07,1043.80,323479600.00
"""2023-03-01T00:00:00.000Z""",VNINDEX,1023.29,1040.55,1013.37,1040.55,469461710.00
"""2023-02-28T00:00:00.000Z""",VNINDEX,1027.74,1024.68,1018.72,1034.36,361724100.00
"""2023-02-27T00:00:00.000Z""",VNINDEX,1029.55,1021.25,1017.55,1031.59,515419000.00
"""2023-02-24T00:00:00.000Z""",VNINDEX,1051.58,1039.56,1034.66,1052.49,404517790.00
"""2023-02-23T00:00:00.000Z""",VNINDEX,1053.95,1053.66,1030.58,1054.48,636876600.00
"""2023-02-22T00:00:00.000Z""",VNINDEX,1073.62,1054.28,1054.28,1073.93,766700800.00
"""2023-02-21T00:00:00.000Z""",VNINDEX,1089.74,1082.23,1081.80,1095.10,654784700.00
"""2023-03-07T00:00:00.000Z""",VNINDEX,1033.96,1037.84,1033.32,1043.92,424796600.00
"""2021-02-18T00:00:00.000Z""",VNINDEX,1157.10,1174.38,1148.66,1174.38,614819219.00
"""2021-02-17T00:00:00.000Z""",VNINDEX,1127.46,1155.78,1127.46,1151.54,507695043.00
"""2019-12-31T00:00:00.000Z""",VNINDEX,965.71,960.99,958.22,965.71,185242663.00
"""2023-02-16T00:00:00.000Z""",VNINDEX,1051.16,1058.29,1047.45,1058.29,410294000.00
"""2023-02-15T00:00:00.000Z""",VNINDEX,1037.17,1048.20,1034.39,1051.89,494079200.00
"""2023-02-14T00:00:00.000Z""",VNINDEX,1045.14,1038.64,1032.76,1046.64,338496800.00
"""2023-02-13T00:00:00.000Z""",VNINDEX,1050.99,1043.70,1031.70,1054.05,603924900.00
"""2023-02-10T00:00:00.000Z""",VNINDEX,1066.16,1055.30,1054.08,1066.28,405865100.00
"""2023-02-09T00:00:00.000Z""",VNINDEX,1070.07,1064.03,1064.03,1075.20,383379200.00
"""2023-02-08T00:00:00.000Z""",VNINDEX,1067.58,1072.22,1063.50,1079.51,480468400.00
"""2023-02-07T00:00:00.000Z""",VNINDEX,1088.07,1065.84,1065.18,1092.12,594950572.00
"""2023-02-06T00:00:00.000Z""",VNINDEX,1072.53,1089.29,1067.24,1089.29,415388100.00
"""2023-02-03T00:00:00.000Z""",VNINDEX,1078.80,1077.15,1070.46,1081.89,506090100.00
"""2023-02-02T00:00:00.000Z""",VNINDEX,1079.69,1077.59,1070.81,1083.36,631301280.00
"""2023-02-01T00:00:00.000Z""",VNINDEX,1114.68,1075.97,1075.97,1116.96,974095334.00
"""2023-01-31T00:00:00.000Z""",VNINDEX,1100.40,1111.18,1088.25,1111.18,653586100.00
"""2023-01-30T00:00:00.000Z""",VNINDEX,1117.66,1102.57,1102.57,1118.46,751461500.00
"""2023-01-27T00:00:00.000Z""",VNINDEX,1114.15,1117.10,1111.41,1124.30,571638800.00
"""2023-01-19T00:00:00.000Z""",VNINDEX,1095.53,1108.08,1094.46,1111.72,578271400.00
"""2023-01-18T00:00:00.000Z""",VNINDEX,1092.50,1098.28,1089.56,1100.39,553782600.00
"""2023-01-17T00:00:00.000Z""",VNINDEX,1071.37,1088.29,1069.86,1088.29,592759400.00
"""2023-01-16T00:00:00.000Z""",VNINDEX,1062.27,1066.68,1057.87,1067.74,408256100.00
"""2023-01-13T00:00:00.000Z""",VNINDEX,1060.71,1060.17,1055.23,1066.39,475699600.00
"""2023-01-12T00:00:00.000Z""",VNINDEX,1058.51,1056.39,1050.27,1060.97,384586029.00
"""2023-01-11T00:00:00.000Z""",VNINDEX,1058.25,1055.76,1054.53,1065.69,508219700.00
"""2023-01-10T00:00:00.000Z""",VNINDEX,1054.84,1053.35,1045.75,1057.44,423409835.00
"""2023-01-09T00:00:00.000Z""",VNINDEX,1058.28,1054.21,1050.95,1062.12,386690500.00
"""2023-01-06T00:00:00.000Z""",VNINDEX,1055.51,1051.44,1047.26,1065.58,614549000.00
"""2023-01-05T00:00:00.000Z""",VNINDEX,1048.17,1055.82,1046.64,1058.14,496500700.00
"""2023-01-04T00:00:00.000Z""",VNINDEX,1048.31,1046.35,1041.56,1052.60,566957000.00
"""2023-01-03T00:00:00.000Z""",VNINDEX,1011.39,1043.90,1011.38,1043.90,551325561.00
"""2022-12-30T00:00:00.000Z""",VNINDEX,1017.45,1007.09,1007.09,1017.99,344378600.00
"""2022-12-29T00:00:00.000Z""",VNINDEX,1016.06,1009.29,1009.29,1021.96,371300498.00
"""2022-12-28T00:00:00.000Z""",VNINDEX,1008.41,1015.66,998.97,1020.52,392271900.00
"""2022-12-27T00:00:00.000Z""",VNINDEX,986.07,1004.57,983.67,1007.88,507189700.00
"""2022-12-26T00:00:00.000Z""",VNINDEX,1019.66,985.21,985.21,1021.89,566850100.00
"""2022-12-23T00:00:00.000Z""",VNINDEX,1023.69,1020.34,1013.20,1027.34,423823400.00
"""2022-12-22T00:00:00.000Z""",VNINDEX,1026.49,1022.61,1016.54,1033.18,531815600.00
"""2022-12-21T00:00:00.000Z""",VNINDEX,1033.34,1018.88,1005.43,1033.84,703570400.00
"""2022-12-20T00:00:00.000Z""",VNINDEX,1035.82,1023.13,1010.08,1038.74,954038800.00
"""2022-12-19T00:00:00.000Z""",VNINDEX,1053.91,1038.40,1038.40,1065.59,852324700.00
"""2022-12-16T00:00:00.000Z""",VNINDEX,1048.62,1052.48,1047.16,1064.79,790237300.00
"""2020-01-06T00:00:00.000Z""",VNINDEX,962.79,955.79,955.59,963.20,184506339.00
"""2020-01-03T00:00:00.000Z""",VNINDEX,968.72,965.14,965.14,970.88,174128840.00
"""2020-01-02T00:00:00.000Z""",VNINDEX,960.26,966.67,959.67,966.67,200601631.00
"""2022-09-05T00:00:00.000Z""",VNINDEX,1280.26,1277.35,1275.35,1285.70,466166300.00
"""2022-08-31T00:00:00.000Z""",VNINDEX,1276.49,1280.51,1274.99,1285.29,462420100.00
"""2022-08-30T00:00:00.000Z""",VNINDEX,1274.97,1279.39,1274.00,1287.65,473770000.00
"""2021-09-09T00:00:00.000Z""",VNINDEX,1333.62,1343.98,1332.67,1345.59,593520900.00
"""2021-09-08T00:00:00.000Z""",VNINDEX,1343.92,1333.61,1328.75,1344.49,596039700.00
"""2020-02-21T00:00:00.000Z""",VNINDEX,937.13,933.09,932.32,940.53,206753001.00
"""2020-02-20T00:00:00.000Z""",VNINDEX,933.69,938.13,930.41,938.13,198339933.00
"""2020-02-19T00:00:00.000Z""",VNINDEX,926.41,928.76,925.86,931.66,192170084.00
"""2020-02-18T00:00:00.000Z""",VNINDEX,934.47,927.93,926.01,934.98,187757536.00
"""2020-02-17T00:00:00.000Z""",VNINDEX,938.52,934.77,931.66,938.52,183245052.00
"""2020-02-14T00:00:00.000Z""",VNINDEX,939.28,937.45,936.47,940.65,204351144.00
"""2020-02-13T00:00:00.000Z""",VNINDEX,937.19,938.24,934.47,939.10,177733077.00
"""2020-02-12T00:00:00.000Z""",VNINDEX,940.72,937.68,937.34,943.11,228035142.00
"""2020-02-11T00:00:00.000Z""",VNINDEX,931.55,934.67,931.55,936.04,179303088.00
"""2020-02-10T00:00:00.000Z""",VNINDEX,934.38,930.73,926.61,935.87,153967122.00
"""2021-09-28T00:00:00.000Z""",VNINDEX,1319.53,1339.31,1316.41,1341.81,623510017.00
"""2020-02-07T00:00:00.000Z""",VNINDEX,938.61,940.75,935.94,943.48,194165341.00
"""2020-02-06T00:00:00.000Z""",VNINDEX,926.66,938.54,925.21,938.54,223668081.00
"""2020-02-05T00:00:00.000Z""",VNINDEX,934.75,925.91,921.89,936.33,197383745.00
"""2020-02-04T00:00:00.000Z""",VNINDEX,929.42,929.09,919.33,934.91,197685137.00
"""2020-02-03T00:00:00.000Z""",VNINDEX,916.60,928.14,891.85,930.37,275497985.00
"""2020-01-31T00:00:00.000Z""",VNINDEX,955.56,936.62,936.62,960.96,253944680.00
"""2020-01-30T00:00:00.000Z""",VNINDEX,975.15,959.58,954.00,977.72,198514398.00
"""2020-01-22T00:00:00.000Z""",VNINDEX,986.52,991.46,983.92,991.46,152345085.00
"""2020-01-21T00:00:00.000Z""",VNINDEX,978.82,986.37,978.82,986.37,157666151.00
"""2020-01-20T00:00:00.000Z""",VNINDEX,978.23,978.63,975.93,979.85,148803681.00
"""2020-01-17T00:00:00.000Z""",VNINDEX,976.28,978.96,973.79,980.02,164086095.00
"""2020-01-16T00:00:00.000Z""",VNINDEX,967.20,974.31,967.17,974.70,201250786.00
"""2020-01-15T00:00:00.000Z""",VNINDEX,967.69,967.56,964.84,967.69,150020543.00
"""2020-01-14T00:00:00.000Z""",VNINDEX,966.26,967.00,965.76,968.85,190348503.00
"""2020-01-13T00:00:00.000Z""",VNINDEX,966.89,965.84,964.79,968.63,147147791.00
"""2020-01-10T00:00:00.000Z""",VNINDEX,961.17,968.54,961.17,969.71,222154568.00
"""2020-01-09T00:00:00.000Z""",VNINDEX,953.86,960.15,952.16,960.73,166147392.00
"""2020-01-08T00:00:00.000Z""",VNINDEX,954.13,948.98,945.28,955.84,319165887.00
"""2020-01-07T00:00:00.000Z""",VNINDEX,955.39,958.88,953.19,959.46,181625538.00
"""2020-04-09T00:00:00.000Z""",VNINDEX,751.08,760.33,748.02,765.87,298466917.00
"""2020-04-08T00:00:00.000Z""",VNINDEX,740.03,748.02,730.12,748.36,252294484.00
"""2020-04-07T00:00:00.000Z""",VNINDEX,744.97,746.69,730.28,749.13,292968513.00
"""2020-04-06T00:00:00.000Z""",VNINDEX,716.22,736.75,715.39,736.75,334903626.00
"""2020-04-03T00:00:00.000Z""",VNINDEX,687.92,701.80,687.92,701.80,232591019.00
"""2020-04-01T00:00:00.000Z""",VNINDEX,658.80,680.23,657.41,684.96,267021451.00
"""2020-03-31T00:00:00.000Z""",VNINDEX,669.74,662.53,649.10,678.64,262791623.00
"""2020-03-30T00:00:00.000Z""",VNINDEX,663.91,662.26,657.36,665.56,233066381.00
"""2020-03-27T00:00:00.000Z""",VNINDEX,692.54,696.06,682.52,703.22,327993584.00
"""2020-03-26T00:00:00.000Z""",VNINDEX,689.00,694.21,680.10,700.76,221850923.00
"""2020-03-25T00:00:00.000Z""",VNINDEX,669.76,690.25,667.58,690.25,270182844.00
"""2020-03-24T00:00:00.000Z""",VNINDEX,655.49,659.21,652.27,666.28,245148982.00
"""2020-03-23T00:00:00.000Z""",VNINDEX,694.77,666.59,664.23,694.77,280248298.00
"""2020-03-20T00:00:00.000Z""",VNINDEX,728.55,709.73,709.73,729.35,230589297.00
"""2020-03-19T00:00:00.000Z""",VNINDEX,732.35,725.94,714.02,733.43,353389671.00
"""2021-09-27T00:00:00.000Z""",VNINDEX,1353.53,1324.99,1324.99,1354.38,721942807.00
"""2020-03-18T00:00:00.000Z""",VNINDEX,747.40,747.66,742.12,752.65,259017964.00
"""2020-03-17T00:00:00.000Z""",VNINDEX,724.07,745.78,721.84,750.03,287277094.00
"""2020-03-16T00:00:00.000Z""",VNINDEX,758.28,747.86,737.58,758.59,292252741.00
"""2020-03-13T00:00:00.000Z""",VNINDEX,750.56,761.78,723.42,764.69,354402442.00
"""2020-03-12T00:00:00.000Z""",VNINDEX,778.06,769.25,762.12,778.06,339232260.00
"""2020-03-11T00:00:00.000Z""",VNINDEX,843.52,811.35,794.54,844.94,318568905.00
"""2020-03-10T00:00:00.000Z""",VNINDEX,813.83,837.50,806.63,843.28,298017446.00
"""2020-03-09T00:00:00.000Z""",VNINDEX,875.80,835.49,834.67,875.80,309100873.00
"""2020-03-06T00:00:00.000Z""",VNINDEX,888.96,891.44,882.71,891.44,214338753.00
"""2020-03-05T00:00:00.000Z""",VNINDEX,892.71,893.31,891.20,898.43,231336664.00
"""2020-03-04T00:00:00.000Z""",VNINDEX,887.85,889.37,882.83,889.85,238450919.00
"""2020-03-03T00:00:00.000Z""",VNINDEX,895.39,890.61,890.06,896.39,212740313.00
"""2020-03-02T00:00:00.000Z""",VNINDEX,878.43,884.43,877.31,886.45,206634751.00
"""2020-02-28T00:00:00.000Z""",VNINDEX,885.47,882.19,872.46,887.07,241893421.00
"""2020-02-27T00:00:00.000Z""",VNINDEX,892.15,898.44,889.14,899.34,163286587.00
"""2020-02-26T00:00:00.000Z""",VNINDEX,901.51,895.97,894.25,903.27,142582255.00
"""2020-02-25T00:00:00.000Z""",VNINDEX,893.95,909.67,893.95,909.67,221123293.00
"""2020-02-24T00:00:00.000Z""",VNINDEX,917.49,903.34,903.34,917.49,291882482.00
"""2020-05-29T00:00:00.000Z""",VNINDEX,861.59,864.47,859.26,866.95,318190600.00
"""2020-05-28T00:00:00.000Z""",VNINDEX,858.97,861.39,856.48,866.17,322186941.00
"""2020-05-27T00:00:00.000Z""",VNINDEX,873.42,857.48,857.48,875.35,388896509.00
"""2020-05-26T00:00:00.000Z""",VNINDEX,861.47,869.13,860.22,869.65,328348697.00
"""2020-05-25T00:00:00.000Z""",VNINDEX,852.90,859.04,849.12,860.45,307226679.00
"""2020-05-22T00:00:00.000Z""",VNINDEX,859.29,852.74,852.08,860.65,303976346.00
"""2020-05-21T00:00:00.000Z""",VNINDEX,854.93,862.73,854.04,862.73,331906150.00
"""2020-05-20T00:00:00.000Z""",VNINDEX,843.26,852.91,842.21,852.91,265771467.00
"""2020-05-19T00:00:00.000Z""",VNINDEX,852.14,845.92,844.15,854.25,385271832.00
"""2020-05-18T00:00:00.000Z""",VNINDEX,827.49,837.01,823.08,837.61,254048734.00
"""2020-05-15T00:00:00.000Z""",VNINDEX,835.42,827.03,824.59,838.47,301891111.00
"""2020-05-14T00:00:00.000Z""",VNINDEX,830.97,832.40,826.17,836.19,341117383.00
"""2020-05-13T00:00:00.000Z""",VNINDEX,829.83,834.21,815.13,839.59,374582789.00
"""2020-05-12T00:00:00.000Z""",VNINDEX,827.29,835.32,819.66,835.95,322205455.00
"""2020-05-11T00:00:00.000Z""",VNINDEX,818.26,828.33,812.48,828.33,353415980.00
"""2020-05-08T00:00:00.000Z""",VNINDEX,800.32,813.73,800.20,825.72,371337502.00
"""2021-09-24T00:00:00.000Z""",VNINDEX,1354.84,1351.17,1348.07,1356.97,627564000.00
"""2020-05-07T00:00:00.000Z""",VNINDEX,785.08,796.54,782.59,796.54,240802974.00
"""2020-05-06T00:00:00.000Z""",VNINDEX,767.30,782.59,765.37,782.59,272445795.00
"""2020-05-05T00:00:00.000Z""",VNINDEX,763.22,764.16,760.04,767.03,212376498.00
"""2020-05-04T00:00:00.000Z""",VNINDEX,766.14,762.47,761.64,769.73,285569959.00
"""2020-04-29T00:00:00.000Z""",VNINDEX,768.59,769.11,768.19,772.62,249921151.00
"""2020-04-28T00:00:00.000Z""",VNINDEX,773.31,767.21,763.66,776.13,218149280.00
"""2020-04-27T00:00:00.000Z""",VNINDEX,780.65,770.77,770.77,785.74,307355579.00
"""2020-04-24T00:00:00.000Z""",VNINDEX,777.28,776.66,767.31,778.30,262269637.00
"""2020-04-23T00:00:00.000Z""",VNINDEX,784.14,773.91,771.88,785.60,205794543.00
"""2020-04-22T00:00:00.000Z""",VNINDEX,752.80,768.92,749.97,774.94,253435487.00
"""2020-04-21T00:00:00.000Z""",VNINDEX,784.40,766.84,761.96,789.37,397342287.00
"""2020-04-20T00:00:00.000Z""",VNINDEX,796.17,794.97,786.73,797.49,336053146.00
"""2020-04-17T00:00:00.000Z""",VNINDEX,786.96,789.60,783.74,790.95,309808469.00
"""2020-04-16T00:00:00.000Z""",VNINDEX,773.11,780.70,770.91,781.06,250935655.00
"""2020-04-15T00:00:00.000Z""",VNINDEX,768.05,777.22,768.01,777.22,302573284.00
"""2020-04-13T00:00:00.000Z""",VNINDEX,757.94,765.79,757.94,774.62,235281711.00
"""2020-07-16T00:00:00.000Z""",VNINDEX,871.81,876.83,869.25,876.83,243472026.00
"""2020-07-15T00:00:00.000Z""",VNINDEX,872.80,869.91,869.91,876.69,258293626.00
"""2020-07-14T00:00:00.000Z""",VNINDEX,865.01,868.11,860.28,868.11,239137660.00
"""2020-07-13T00:00:00.000Z""",VNINDEX,874.85,868.72,866.99,876.83,246073500.00
"""2020-07-10T00:00:00.000Z""",VNINDEX,873.70,871.21,867.59,878.53,291113796.00
"""2020-07-09T00:00:00.000Z""",VNINDEX,867.66,876.46,867.45,878.36,306075738.00
"""2020-07-08T00:00:00.000Z""",VNINDEX,861.75,864.50,859.98,865.58,237540566.00
"""2020-07-07T00:00:00.000Z""",VNINDEX,865.46,863.42,863.42,870.63,330902376.00
"""2020-07-06T00:00:00.000Z""",VNINDEX,851.47,861.16,850.04,861.85,215091679.00
"""2020-07-03T00:00:00.000Z""",VNINDEX,845.26,847.61,843.25,848.16,203001178.00
"""2020-07-02T00:00:00.000Z""",VNINDEX,845.66,842.38,838.48,845.66,223794868.00
"""2020-07-01T00:00:00.000Z""",VNINDEX,827.67,843.49,826.38,844.26,303545946.00
"""2020-06-30T00:00:00.000Z""",VNINDEX,836.72,825.11,821.92,840.31,358393775.00
"""2020-06-29T00:00:00.000Z""",VNINDEX,846.26,829.36,826.00,846.53,389638233.00
"""2020-06-26T00:00:00.000Z""",VNINDEX,859.07,851.98,850.66,862.59,300386260.00
"""2020-06-25T00:00:00.000Z""",VNINDEX,851.09,854.59,849.65,856.23,312296946.00
"""2020-06-24T00:00:00.000Z""",VNINDEX,868.56,859.71,857.58,873.13,370920927.00
"""2020-06-23T00:00:00.000Z""",VNINDEX,871.12,868.20,864.02,873.20,455359622.00
"""2021-09-22T00:00:00.000Z""",VNINDEX,1343.89,1350.68,1336.63,1350.68,727734800.00
"""2020-06-22T00:00:00.000Z""",VNINDEX,871.56,871.28,867.37,872.94,350370945.00
"""2020-06-19T00:00:00.000Z""",VNINDEX,857.77,868.56,857.77,868.56,440092219.00
"""2020-06-18T00:00:00.000Z""",VNINDEX,850.92,855.27,847.49,858.03,280060648.00
"""2020-06-17T00:00:00.000Z""",VNINDEX,861.05,854.44,852.27,861.05,354839753.00
"""2020-06-16T00:00:00.000Z""",VNINDEX,848.86,856.13,844.67,858.70,412445091.00
"""2020-06-15T00:00:00.000Z""",VNINDEX,867.52,832.47,832.47,868.16,708243570.00
"""2020-06-12T00:00:00.000Z""",VNINDEX,841.85,863.52,841.44,863.52,620770592.00
"""2020-06-11T00:00:00.000Z""",VNINDEX,900.48,867.37,867.37,903.70,707457705.00
"""2020-06-10T00:00:00.000Z""",VNINDEX,898.78,900.00,890.30,902.69,542865391.00
"""2020-06-09T00:00:00.000Z""",VNINDEX,902.26,899.43,898.87,904.89,501725105.00
"""2020-06-08T00:00:00.000Z""",VNINDEX,888.70,899.92,888.70,905.65,572018924.00
"""2020-06-05T00:00:00.000Z""",VNINDEX,883.40,886.22,878.50,886.59,499608204.00
"""2020-06-04T00:00:00.000Z""",VNINDEX,883.22,883.90,883.22,888.32,431121741.00
"""2020-06-03T00:00:00.000Z""",VNINDEX,876.73,881.17,874.01,881.17,351958204.00
"""2020-06-02T00:00:00.000Z""",VNINDEX,879.23,874.80,874.53,882.73,484708142.00
"""2020-09-03T00:00:00.000Z""",VNINDEX,898.25,903.97,896.26,904.32,369589521.00
"""2020-09-01T00:00:00.000Z""",VNINDEX,882.40,891.73,880.79,892.51,316999969.00
"""2020-08-31T00:00:00.000Z""",VNINDEX,882.13,881.65,879.26,888.44,352651008.00
"""2020-08-28T00:00:00.000Z""",VNINDEX,878.79,878.98,877.70,885.86,398321424.00
"""2020-08-27T00:00:00.000Z""",VNINDEX,872.38,874.71,871.93,875.71,325718147.00
"""2020-08-26T00:00:00.000Z""",VNINDEX,873.62,873.47,871.78,876.97,352376560.00
"""2020-08-25T00:00:00.000Z""",VNINDEX,870.92,874.12,870.92,877.57,399065173.00
"""2020-08-24T00:00:00.000Z""",VNINDEX,860.35,868.68,860.35,868.68,381517543.00
"""2020-08-21T00:00:00.000Z""",VNINDEX,848.21,854.78,848.21,856.45,286817402.00
"""2020-08-20T00:00:00.000Z""",VNINDEX,851.21,848.21,847.44,856.99,285685594.00
"""2020-08-19T00:00:00.000Z""",VNINDEX,847.19,851.21,846.22,853.15,240147222.00
"""2020-08-18T00:00:00.000Z""",VNINDEX,850.27,846.43,845.00,851.06,227510848.00
"""2020-08-17T00:00:00.000Z""",VNINDEX,848.08,850.15,841.62,852.05,237510681.00
"""2020-08-14T00:00:00.000Z""",VNINDEX,854.29,850.74,848.38,860.32,304624001.00
"""2020-08-13T00:00:00.000Z""",VNINDEX,849.96,855.05,849.86,855.19,256244523.00
"""2020-08-12T00:00:00.000Z""",VNINDEX,844.19,846.92,842.88,848.54,272493250.00
"""2020-08-11T00:00:00.000Z""",VNINDEX,847.61,843.08,840.35,847.61,249000304.00
"""2020-08-10T00:00:00.000Z""",VNINDEX,845.11,843.20,843.20,849.52,309297390.00
"""2020-08-07T00:00:00.000Z""",VNINDEX,840.65,841.46,836.84,844.33,259884838.00
"""2021-09-21T00:00:00.000Z""",VNINDEX,1336.55,1339.84,1324.82,1346.32,816979400.00
"""2020-08-06T00:00:00.000Z""",VNINDEX,838.01,840.04,833.56,844.16,257016920.00
"""2020-08-05T00:00:00.000Z""",VNINDEX,827.54,837.80,820.74,839.52,306639158.00
"""2020-08-04T00:00:00.000Z""",VNINDEX,822.86,827.57,820.20,827.57,277448893.00
"""2020-08-03T00:00:00.000Z""",VNINDEX,796.86,814.65,796.47,814.84,298136184.00
"""2020-07-31T00:00:00.000Z""",VNINDEX,787.78,798.39,786.98,803.55,249630878.00
"""2020-07-30T00:00:00.000Z""",VNINDEX,796.22,801.13,794.88,802.97,188944703.00
"""2020-07-29T00:00:00.000Z""",VNINDEX,800.39,790.84,779.82,800.39,362091753.00
"""2020-07-28T00:00:00.000Z""",VNINDEX,786.72,813.36,786.67,814.40,328490834.00
"""2020-07-27T00:00:00.000Z""",VNINDEX,794.14,785.17,780.64,808.74,422707490.00
"""2020-07-24T00:00:00.000Z""",VNINDEX,854.23,829.16,816.65,854.57,505098514.00
"""2020-07-23T00:00:00.000Z""",VNINDEX,854.92,856.75,851.97,857.22,240494702.00
"""2020-07-22T00:00:00.000Z""",VNINDEX,862.80,855.08,854.97,864.00,278602354.00
"""2020-07-21T00:00:00.000Z""",VNINDEX,863.94,861.69,856.94,864.70,245405073.00
"""2020-07-20T00:00:00.000Z""",VNINDEX,870.66,861.40,861.40,871.64,285075775.00
"""2020-10-21T00:00:00.000Z""",VNINDEX,947.16,939.03,939.00,948.20,412650340.00
"""2020-10-20T00:00:00.000Z""",VNINDEX,941.00,944.42,937.32,944.54,444327632.00
"""2020-10-19T00:00:00.000Z""",VNINDEX,945.01,943.69,941.92,946.29,389468232.00
"""2020-10-16T00:00:00.000Z""",VNINDEX,944.03,943.30,935.98,946.23,443329721.00
"""2020-10-15T00:00:00.000Z""",VNINDEX,945.28,942.76,938.70,945.93,470505206.00
"""2020-10-14T00:00:00.000Z""",VNINDEX,931.89,940.18,929.86,940.18,474920831.00
"""2020-10-13T00:00:00.000Z""",VNINDEX,926.76,929.86,923.78,930.96,359010145.00
"""2020-10-12T00:00:00.000Z""",VNINDEX,930.78,925.83,923.28,933.13,457229293.00
"""2020-10-09T00:00:00.000Z""",VNINDEX,919.48,924.00,917.70,924.00,388133119.00
"""2020-10-08T00:00:00.000Z""",VNINDEX,922.08,918.84,913.89,922.08,470304445.00
"""2020-10-07T00:00:00.000Z""",VNINDEX,913.62,919.72,912.69,923.57,523961365.00
"""2020-10-06T00:00:00.000Z""",VNINDEX,918.11,915.67,912.77,918.93,496132393.00
"""2020-10-05T00:00:00.000Z""",VNINDEX,913.77,914.68,909.91,915.55,456101119.00
"""2020-10-02T00:00:00.000Z""",VNINDEX,915.62,909.91,897.72,916.67,527158154.00
"""2020-10-01T00:00:00.000Z""",VNINDEX,910.13,914.09,909.13,914.09,352448619.00
"""2020-09-30T00:00:00.000Z""",VNINDEX,904.34,905.21,900.74,907.00,340685594.00
"""2020-09-29T00:00:00.000Z""",VNINDEX,916.63,903.98,903.98,917.49,465359349.00
"""2020-09-28T00:00:00.000Z""",VNINDEX,911.20,912.50,910.04,913.60,418690133.00
"""2020-09-25T00:00:00.000Z""",VNINDEX,910.78,908.27,905.56,911.30,361232130.00
"""2020-09-24T00:00:00.000Z""",VNINDEX,910.53,908.58,907.32,914.51,398464411.00
"""2022-05-17T00:00:00.000Z""",VNINDEX,1164.32,1228.37,1156.54,1228.37,542868100.00
"""2020-09-23T00:00:00.000Z""",VNINDEX,908.97,912.50,908.97,913.52,392506597.00
"""2020-09-22T00:00:00.000Z""",VNINDEX,905.90,906.19,902.47,909.69,401407999.00
"""2020-09-21T00:00:00.000Z""",VNINDEX,904.50,907.94,904.50,909.78,403435014.00
"""2020-09-18T00:00:00.000Z""",VNINDEX,896.08,900.95,895.82,902.11,361844377.00
"""2020-09-17T00:00:00.000Z""",VNINDEX,897.47,894.04,890.93,899.41,395454931.00
"""2020-09-16T00:00:00.000Z""",VNINDEX,897.43,897.47,894.63,897.58,290433568.00
"""2020-09-15T00:00:00.000Z""",VNINDEX,896.61,896.26,894.66,898.74,381798801.00
"""2020-09-14T00:00:00.000Z""",VNINDEX,891.89,894.57,891.89,895.31,364431541.00
"""2020-09-11T00:00:00.000Z""",VNINDEX,886.21,888.97,884.67,890.98,309908605.00
"""2020-09-10T00:00:00.000Z""",VNINDEX,895.29,888.82,888.82,896.78,387236519.00
"""2020-09-09T00:00:00.000Z""",VNINDEX,883.68,889.32,881.57,892.40,318443237.00
"""2020-09-08T00:00:00.000Z""",VNINDEX,891.61,890.14,884.88,894.58,294020747.00
"""2020-09-07T00:00:00.000Z""",VNINDEX,903.85,888.25,888.25,905.80,434060863.00
"""2020-11-30T00:00:00.000Z""",VNINDEX,1011.82,1003.08,1002.61,1012.50,532734170.00
"""2020-11-27T00:00:00.000Z""",VNINDEX,1006.68,1010.22,1004.00,1010.22,446435493.00
"""2020-11-26T00:00:00.000Z""",VNINDEX,999.24,1005.97,994.91,1005.97,493557788.00
"""2020-11-25T00:00:00.000Z""",VNINDEX,1000.39,999.94,996.80,1002.31,475736585.00
"""2020-11-24T00:00:00.000Z""",VNINDEX,996.55,995.76,984.92,997.99,550067967.00
"""2020-11-23T00:00:00.000Z""",VNINDEX,991.87,994.19,985.38,995.90,488258289.00
"""2020-11-20T00:00:00.000Z""",VNINDEX,984.71,990.00,980.72,990.00,501052016.00
"""2020-11-19T00:00:00.000Z""",VNINDEX,975.32,983.26,974.33,983.26,500118822.00
"""2020-11-18T00:00:00.000Z""",VNINDEX,969.48,973.53,966.32,974.30,478682286.00
"""2020-11-17T00:00:00.000Z""",VNINDEX,955.52,968.90,953.22,968.90,400955086.00
"""2020-11-16T00:00:00.000Z""",VNINDEX,970.11,950.79,950.50,972.98,518930355.00
"""2020-11-13T00:00:00.000Z""",VNINDEX,959.56,966.29,959.13,966.29,457828978.00
"""2020-11-12T00:00:00.000Z""",VNINDEX,953.97,959.28,953.62,959.28,343912246.00
"""2020-11-11T00:00:00.000Z""",VNINDEX,954.46,952.22,947.61,956.65,376513728.00
"""2020-11-10T00:00:00.000Z""",VNINDEX,962.68,951.90,951.90,963.47,456747250.00
"""2020-11-09T00:00:00.000Z""",VNINDEX,942.15,951.99,942.15,951.99,393195035.00
"""2020-11-06T00:00:00.000Z""",VNINDEX,939.73,938.29,934.63,941.20,268232099.00
"""2020-11-05T00:00:00.000Z""",VNINDEX,940.32,937.75,937.75,945.51,304332571.00
"""2020-11-04T00:00:00.000Z""",VNINDEX,937.62,939.76,933.86,943.56,350871986.00
"""2020-11-03T00:00:00.000Z""",VNINDEX,936.73,935.41,932.18,937.57,318702179.00
"""2020-11-02T00:00:00.000Z""",VNINDEX,926.09,933.68,924.14,933.68,297601123.00
"""2020-10-30T00:00:00.000Z""",VNINDEX,925.41,925.47,911.20,926.32,312753239.00
"""2020-10-29T00:00:00.000Z""",VNINDEX,916.49,919.08,914.33,925.84,436132930.00
"""2020-10-28T00:00:00.000Z""",VNINDEX,942.82,921.05,921.05,946.91,456058310.00
"""2020-10-27T00:00:00.000Z""",VNINDEX,952.61,946.47,946.28,954.72,455852375.00
"""2020-10-26T00:00:00.000Z""",VNINDEX,967.52,950.80,950.80,970.15,428221098.00
"""2020-10-23T00:00:00.000Z""",VNINDEX,953.45,961.26,953.14,961.26,452492266.00
"""2021-01-13T00:00:00.000Z""",VNINDEX,1197.32,1186.05,1183.18,1200.82,819239016.00
"""2021-01-12T00:00:00.000Z""",VNINDEX,1190.38,1192.28,1179.24,1192.28,719934730.00
"""2021-01-11T00:00:00.000Z""",VNINDEX,1176.47,1184.89,1175.00,1186.45,845851690.00
"""2021-01-08T00:00:00.000Z""",VNINDEX,1164.10,1167.69,1160.48,1176.33,808314023.00
"""2021-01-07T00:00:00.000Z""",VNINDEX,1147.26,1156.49,1143.44,1156.49,763739596.00
"""2021-01-06T00:00:00.000Z""",VNINDEX,1139.12,1143.21,1133.70,1152.85,790451912.00
"""2021-01-05T00:00:00.000Z""",VNINDEX,1116.96,1132.55,1116.49,1133.16,763427860.00
"""2021-01-04T00:00:00.000Z""",VNINDEX,1113.77,1120.47,1113.59,1126.43,764035996.00
"""2020-12-31T00:00:00.000Z""",VNINDEX,1098.25,1103.87,1096.27,1105.33,527818627.00
"""2021-03-24T00:00:00.000Z""",VNINDEX,1169.42,1161.81,1154.22,1174.20,750476625.00
"""2021-03-23T00:00:00.000Z""",VNINDEX,1190.28,1183.45,1177.10,1191.47,683720105.00
"""2021-03-22T00:00:00.000Z""",VNINDEX,1200.05,1194.43,1189.31,1200.21,700869077.00
"""2021-03-19T00:00:00.000Z""",VNINDEX,1195.47,1194.05,1191.96,1199.67,680901133.00
"""2021-03-18T00:00:00.000Z""",VNINDEX,1196.60,1200.94,1191.94,1200.94,628635256.00
"""2021-03-17T00:00:00.000Z""",VNINDEX,1178.64,1186.09,1176.26,1186.09,700667098.00
"""2021-03-16T00:00:00.000Z""",VNINDEX,1184.91,1179.90,1171.76,1184.91,683853839.00
"""2021-03-15T00:00:00.000Z""",VNINDEX,1183.89,1184.56,1178.80,1186.06,676964326.00
"""2021-03-12T00:00:00.000Z""",VNINDEX,1185.21,1181.56,1178.14,1186.52,624704911.00
"""2021-03-11T00:00:00.000Z""",VNINDEX,1180.31,1181.73,1176.49,1183.73,629100607.00
"""2021-03-10T00:00:00.000Z""",VNINDEX,1163.86,1170.08,1154.89,1170.59,723921771.00
"""2021-03-09T00:00:00.000Z""",VNINDEX,1160.96,1161.97,1150.94,1166.42,641433823.00
"""2021-03-08T00:00:00.000Z""",VNINDEX,1180.33,1168.27,1164.02,1181.25,652703157.00
"""2021-03-05T00:00:00.000Z""",VNINDEX,1164.19,1168.69,1155.60,1169.56,594835364.00
"""2021-03-04T00:00:00.000Z""",VNINDEX,1191.78,1168.52,1159.48,1191.90,673449921.00
"""2021-03-03T00:00:00.000Z""",VNINDEX,1184.73,1186.95,1180.25,1189.18,631671749.00
"""2021-03-02T00:00:00.000Z""",VNINDEX,1196.16,1186.61,1181.99,1196.16,577004910.00
"""2021-03-01T00:00:00.000Z""",VNINDEX,1176.93,1186.17,1174.45,1186.82,643381191.00
"""2021-02-26T00:00:00.000Z""",VNINDEX,1148.88,1168.47,1148.88,1169.28,554462692.00
"""2022-05-16T00:00:00.000Z""",VNINDEX,1208.05,1171.95,1170.59,1215.96,551553400.00
"""2021-02-25T00:00:00.000Z""",VNINDEX,1169.97,1165.43,1155.74,1169.97,510432491.00
"""2021-02-24T00:00:00.000Z""",VNINDEX,1184.32,1162.01,1154.36,1185.58,602976255.00
"""2021-02-23T00:00:00.000Z""",VNINDEX,1174.57,1177.64,1168.32,1184.32,598266663.00
"""2021-02-22T00:00:00.000Z""",VNINDEX,1173.57,1175.04,1169.12,1182.67,630036515.00
"""2021-02-19T00:00:00.000Z""",VNINDEX,1160.65,1173.50,1157.60,1178.18,578282998.00
"""2021-02-09T00:00:00.000Z""",VNINDEX,1090.88,1114.93,1078.98,1114.93,519814193.00
"""2021-02-08T00:00:00.000Z""",VNINDEX,1127.06,1083.18,1075.10,1127.06,696599614.00
"""2021-02-05T00:00:00.000Z""",VNINDEX,1114.79,1126.91,1112.19,1126.91,529870404.00
"""2021-02-04T00:00:00.000Z""",VNINDEX,1112.97,1112.19,1098.85,1117.88,523406058.00
"""2021-02-03T00:00:00.000Z""",VNINDEX,1084.87,1111.29,1082.95,1113.24,703174514.00
"""2021-05-14T00:00:00.000Z""",VNINDEX,1266.43,1266.36,1259.97,1271.45,730985934.00
"""2021-05-13T00:00:00.000Z""",VNINDEX,1262.98,1261.99,1261.99,1273.49,711521202.00
"""2021-05-12T00:00:00.000Z""",VNINDEX,1251.97,1269.09,1249.18,1269.09,700671791.00
"""2021-05-11T00:00:00.000Z""",VNINDEX,1265.11,1256.04,1256.04,1272.55,770093786.00
"""2021-05-10T00:00:00.000Z""",VNINDEX,1239.96,1259.58,1236.85,1259.58,773055922.00
"""2021-05-07T00:00:00.000Z""",VNINDEX,1245.48,1241.81,1231.92,1250.50,783018147.00
"""2021-05-06T00:00:00.000Z""",VNINDEX,1255.42,1250.57,1246.64,1261.49,730433864.00
"""2021-05-05T00:00:00.000Z""",VNINDEX,1244.69,1256.43,1242.20,1265.93,744427580.00
"""2021-05-04T00:00:00.000Z""",VNINDEX,1222.08,1242.20,1212.56,1242.80,796643706.00
"""2021-04-29T00:00:00.000Z""",VNINDEX,1234.91,1239.39,1231.25,1239.39,647060174.00
"""2021-04-28T00:00:00.000Z""",VNINDEX,1220.26,1229.55,1217.49,1230.91,612697189.00
"""2021-04-27T00:00:00.000Z""",VNINDEX,1213.84,1219.75,1204.14,1220.96,618169880.00
"""2021-04-26T00:00:00.000Z""",VNINDEX,1251.25,1215.77,1214.14,1251.25,744944731.00
"""2021-04-23T00:00:00.000Z""",VNINDEX,1227.18,1248.53,1216.15,1248.53,716518668.00
"""2021-04-22T00:00:00.000Z""",VNINDEX,1264.31,1227.82,1227.82,1271.98,770372883.00
"""2021-04-20T00:00:00.000Z""",VNINDEX,1267.74,1268.28,1261.28,1286.32,843601928.00
"""2021-04-19T00:00:00.000Z""",VNINDEX,1243.58,1260.58,1233.77,1260.58,816979717.00
"""2021-04-16T00:00:00.000Z""",VNINDEX,1245.06,1238.71,1227.14,1254.61,986877840.00
"""2021-04-15T00:00:00.000Z""",VNINDEX,1262.25,1247.25,1247.25,1265.87,806491436.00
"""2021-04-14T00:00:00.000Z""",VNINDEX,1240.90,1255.87,1233.01,1255.87,861954502.00
"""2021-04-13T00:00:00.000Z""",VNINDEX,1262.44,1248.33,1247.66,1268.02,1027085343.00
"""2021-04-12T00:00:00.000Z""",VNINDEX,1236.79,1252.45,1232.35,1252.45,890313325.00
"""2021-04-09T00:00:00.000Z""",VNINDEX,1231.51,1231.66,1227.60,1234.98,732817578.00
"""2021-04-08T00:00:00.000Z""",VNINDEX,1246.40,1234.89,1232.26,1246.40,664507710.00
"""2021-04-07T00:00:00.000Z""",VNINDEX,1237.39,1242.38,1232.52,1242.38,727784148.00
"""2021-04-06T00:00:00.000Z""",VNINDEX,1233.37,1239.96,1231.14,1244.63,694064462.00
"""2021-04-02T00:00:00.000Z""",VNINDEX,1225.76,1224.45,1221.07,1228.29,661888603.00
"""2021-04-01T00:00:00.000Z""",VNINDEX,1194.59,1216.10,1192.83,1217.26,672834667.00
"""2021-03-31T00:00:00.000Z""",VNINDEX,1187.44,1191.44,1186.40,1196.45,703083006.00
"""2021-03-30T00:00:00.000Z""",VNINDEX,1179.64,1186.36,1172.85,1187.29,780730653.00
"""2021-03-29T00:00:00.000Z""",VNINDEX,1169.65,1175.68,1165.78,1175.77,660949737.00
"""2021-03-26T00:00:00.000Z""",VNINDEX,1162.71,1162.21,1137.90,1165.76,670464469.00
"""2021-07-01T00:00:00.000Z""",VNINDEX,1412.15,1417.08,1402.18,1417.27,753563531.00
"""2021-06-30T00:00:00.000Z""",VNINDEX,1410.83,1408.55,1408.18,1419.61,594935664.00
"""2021-06-29T00:00:00.000Z""",VNINDEX,1408.34,1410.04,1406.87,1416.34,647389173.00
"""2021-06-28T00:00:00.000Z""",VNINDEX,1397.96,1405.81,1390.56,1406.02,699272167.00
"""2021-06-25T00:00:00.000Z""",VNINDEX,1382.11,1390.12,1372.80,1390.12,598105590.00
"""2021-06-24T00:00:00.000Z""",VNINDEX,1376.87,1379.72,1372.99,1384.71,591749340.00
"""2021-06-23T00:00:00.000Z""",VNINDEX,1383.15,1376.87,1372.06,1388.33,710270695.00
"""2021-06-22T00:00:00.000Z""",VNINDEX,1380.84,1379.97,1375.00,1385.98,746947557.00
"""2021-06-21T00:00:00.000Z""",VNINDEX,1373.59,1372.63,1367.85,1381.74,768183176.00
"""2021-06-18T00:00:00.000Z""",VNINDEX,1366.19,1377.77,1363.52,1377.77,809465947.00
"""2021-06-17T00:00:00.000Z""",VNINDEX,1341.06,1359.92,1337.49,1365.55,768729797.00
"""2021-06-16T00:00:00.000Z""",VNINDEX,1363.85,1356.52,1350.73,1370.14,769633642.00
"""2021-06-15T00:00:00.000Z""",VNINDEX,1361.58,1367.36,1356.59,1372.72,730887289.00
"""2021-06-14T00:00:00.000Z""",VNINDEX,1352.73,1361.72,1352.73,1368.53,775724500.00
"""2021-06-11T00:00:00.000Z""",VNINDEX,1326.79,1351.74,1322.08,1352.47,731261767.00
"""2021-06-10T00:00:00.000Z""",VNINDEX,1332.90,1323.58,1317.49,1336.71,723488009.00
"""2021-06-09T00:00:00.000Z""",VNINDEX,1323.52,1332.90,1312.08,1339.14,821792698.00
"""2021-06-08T00:00:00.000Z""",VNINDEX,1355.36,1319.88,1318.11,1364.48,924485793.00
"""2021-06-07T00:00:00.000Z""",VNINDEX,1374.59,1358.78,1347.21,1375.74,876593825.00
"""2021-06-04T00:00:00.000Z""",VNINDEX,1367.06,1374.05,1360.42,1374.05,943329047.00
"""2021-06-03T00:00:00.000Z""",VNINDEX,1345.21,1364.28,1345.21,1366.00,898882094.00
"""2021-06-02T00:00:00.000Z""",VNINDEX,1330.99,1340.78,1330.82,1344.98,805241535.00
"""2021-06-01T00:00:00.000Z""",VNINDEX,1329.47,1337.78,1328.84,1346.34,629421189.00
"""2021-05-31T00:00:00.000Z""",VNINDEX,1326.65,1328.05,1307.56,1328.05,737074593.00
"""2021-05-28T00:00:00.000Z""",VNINDEX,1307.79,1320.46,1300.06,1323.09,768849713.00
"""2021-05-27T00:00:00.000Z""",VNINDEX,1318.42,1303.57,1299.99,1319.67,732998065.00
"""2022-05-13T00:00:00.000Z""",VNINDEX,1235.03,1182.77,1180.60,1237.80,736096200.00
"""2021-05-26T00:00:00.000Z""",VNINDEX,1308.04,1316.70,1304.68,1317.30,713049002.00
"""2021-05-25T00:00:00.000Z""",VNINDEX,1299.19,1308.58,1297.23,1308.58,679062580.00
"""2021-05-21T00:00:00.000Z""",VNINDEX,1272.84,1283.93,1268.46,1289.03,698929948.00
"""2021-05-20T00:00:00.000Z""",VNINDEX,1264.62,1278.22,1255.78,1278.22,745212440.00
"""2021-05-19T00:00:00.000Z""",VNINDEX,1254.78,1262.49,1250.58,1262.71,694351795.00
"""2021-05-18T00:00:00.000Z""",VNINDEX,1259.57,1252.68,1249.02,1262.22,692480943.00
"""2021-09-06T00:00:00.000Z""",VNINDEX,1340.71,1346.39,1339.80,1348.34,889375400.00
"""2021-09-01T00:00:00.000Z""",VNINDEX,1328.78,1334.65,1328.13,1338.02,679730000.00
"""2021-08-31T00:00:00.000Z""",VNINDEX,1332.61,1331.47,1325.69,1336.14,712344100.00
"""2021-08-30T00:00:00.000Z""",VNINDEX,1323.39,1328.14,1318.76,1329.62,641161300.00
"""2021-08-26T00:00:00.000Z""",VNINDEX,1313.36,1301.12,1295.77,1316.26,497853400.00
"""2021-08-25T00:00:00.000Z""",VNINDEX,1300.74,1309.55,1291.70,1310.16,481772400.00
"""2021-08-24T00:00:00.000Z""",VNINDEX,1302.90,1298.74,1289.31,1307.56,666807115.00
"""2021-08-23T00:00:00.000Z""",VNINDEX,1329.43,1298.86,1298.86,1329.43,768105500.00
"""2021-08-20T00:00:00.000Z""",VNINDEX,1367.86,1329.43,1317.52,1369.39,1171621900.00
"""2021-08-19T00:00:00.000Z""",VNINDEX,1360.61,1374.85,1352.94,1374.85,653254900.00
"""2021-08-18T00:00:00.000Z""",VNINDEX,1361.24,1360.94,1355.83,1370.50,641678400.00
"""2021-08-17T00:00:00.000Z""",VNINDEX,1377.70,1363.09,1359.11,1379.70,732378200.00
"""2021-08-13T00:00:00.000Z""",VNINDEX,1352.56,1357.05,1336.74,1357.41,718718300.00
"""2021-08-12T00:00:00.000Z""",VNINDEX,1356.27,1353.05,1353.05,1365.01,716513500.00
"""2021-08-11T00:00:00.000Z""",VNINDEX,1365.05,1357.79,1357.79,1374.03,770571200.00
"""2021-08-10T00:00:00.000Z""",VNINDEX,1367.99,1362.43,1358.12,1370.35,677981600.00
"""2021-08-09T00:00:00.000Z""",VNINDEX,1337.78,1359.86,1334.69,1361.12,636278900.00
"""2021-08-06T00:00:00.000Z""",VNINDEX,1348.24,1341.45,1341.45,1351.85,686889838.00
"""2021-08-05T00:00:00.000Z""",VNINDEX,1331.14,1345.55,1326.80,1346.62,590429600.00
"""2021-08-03T00:00:00.000Z""",VNINDEX,1316.15,1332.44,1315.57,1332.44,647012746.00
"""2021-08-02T00:00:00.000Z""",VNINDEX,1308.69,1314.22,1304.49,1322.35,614533756.00
"""2021-07-30T00:00:00.000Z""",VNINDEX,1298.01,1310.05,1296.95,1311.97,644437796.00
"""2021-07-29T00:00:00.000Z""",VNINDEX,1286.33,1293.60,1282.88,1293.60,491061034.00
"""2021-07-28T00:00:00.000Z""",VNINDEX,1273.48,1277.07,1271.78,1281.17,406887068.00
"""2021-07-27T00:00:00.000Z""",VNINDEX,1283.67,1276.93,1276.53,1288.35,566456020.00
"""2021-07-26T00:00:00.000Z""",VNINDEX,1268.83,1272.71,1254.57,1277.33,508547170.00
"""2021-07-23T00:00:00.000Z""",VNINDEX,1288.83,1268.83,1268.83,1295.63,582254124.00
"""2021-07-22T00:00:00.000Z""",VNINDEX,1270.79,1293.67,1266.54,1294.16,536411753.00
"""2021-07-21T00:00:00.000Z""",VNINDEX,1277.27,1270.79,1266.71,1284.33,451951637.00
"""2021-07-20T00:00:00.000Z""",VNINDEX,1243.51,1273.29,1225.52,1273.29,568601882.00
"""2021-07-19T00:00:00.000Z""",VNINDEX,1270.18,1243.51,1237.79,1276.55,731023345.00
"""2021-07-16T00:00:00.000Z""",VNINDEX,1298.38,1299.31,1296.06,1304.37,465415299.00
"""2021-07-15T00:00:00.000Z""",VNINDEX,1270.77,1293.92,1270.77,1299.18,439929193.00
"""2021-07-14T00:00:00.000Z""",VNINDEX,1297.54,1279.91,1264.68,1305.37,592758094.00
"""2021-07-13T00:00:00.000Z""",VNINDEX,1305.36,1297.54,1278.30,1307.73,539601346.00
"""2021-07-12T00:00:00.000Z""",VNINDEX,1338.11,1296.30,1270.06,1340.65,961739463.00
"""2021-07-09T00:00:00.000Z""",VNINDEX,1365.28,1347.14,1335.90,1373.51,760341110.00
"""2021-07-08T00:00:00.000Z""",VNINDEX,1381.11,1374.68,1363.92,1385.75,552300939.00
"""2021-07-07T00:00:00.000Z""",VNINDEX,1361.76,1388.55,1334.58,1388.55,785186460.00
"""2021-07-06T00:00:00.000Z""",VNINDEX,1412.93,1354.79,1354.79,1418.99,803157293.00
"""2021-07-05T00:00:00.000Z""",VNINDEX,1420.27,1411.13,1394.12,1421.52,817327351.00
"""2022-01-12T00:00:00.000Z""",VNINDEX,1489.11,1510.51,1464.60,1510.51,1104610300.00
"""2022-01-11T00:00:00.000Z""",VNINDEX,1505.64,1492.31,1488.40,1512.05,1219558100.00
"""2022-01-10T00:00:00.000Z""",VNINDEX,1530.30,1503.71,1503.71,1536.45,1326487608.00
"""2022-01-07T00:00:00.000Z""",VNINDEX,1534.10,1528.48,1524.96,1534.52,951525400.00
"""2022-01-06T00:00:00.000Z""",VNINDEX,1519.74,1528.57,1518.18,1536.24,1087239800.00
"""2022-01-04T00:00:00.000Z""",VNINDEX,1508.55,1525.58,1507.19,1526.69,839676500.00
"""2021-12-31T00:00:00.000Z""",VNINDEX,1490.17,1498.28,1489.71,1499.07,846534300.00
"""2021-12-30T00:00:00.000Z""",VNINDEX,1490.96,1485.97,1484.82,1493.38,724365200.00
"""2021-12-28T00:00:00.000Z""",VNINDEX,1494.90,1494.39,1483.97,1499.77,933584700.00
"""2021-12-27T00:00:00.000Z""",VNINDEX,1483.76,1488.88,1469.93,1490.12,715824500.00
"""2021-12-24T00:00:00.000Z""",VNINDEX,1463.22,1477.03,1456.35,1478.80,855008900.00
"""2021-12-23T00:00:00.000Z""",VNINDEX,1480.65,1456.96,1447.72,1481.21,1266412300.00
"""2021-12-22T00:00:00.000Z""",VNINDEX,1484.90,1477.67,1471.96,1489.05,1032336900.00
"""2021-12-20T00:00:00.000Z""",VNINDEX,1483.85,1477.33,1468.88,1483.85,906869900.00
"""2021-12-17T00:00:00.000Z""",VNINDEX,1481.76,1479.79,1479.79,1487.73,1065320100.00
"""2021-12-16T00:00:00.000Z""",VNINDEX,1481.85,1476.61,1469.01,1482.19,889612700.00
"""2021-12-15T00:00:00.000Z""",VNINDEX,1476.50,1475.50,1468.21,1481.67,861484300.00
"""2021-12-14T00:00:00.000Z""",VNINDEX,1476.76,1476.02,1469.21,1485.14,914795700.00
"""2021-12-13T00:00:00.000Z""",VNINDEX,1471.95,1476.21,1470.08,1481.70,815155200.00
"""2021-12-10T00:00:00.000Z""",VNINDEX,1469.83,1463.54,1461.78,1475.85,780120100.00
"""2021-12-09T00:00:00.000Z""",VNINDEX,1447.67,1467.98,1446.95,1467.98,631261500.00
"""2021-12-07T00:00:00.000Z""",VNINDEX,1425.99,1446.77,1421.60,1446.77,691695900.00
"""2021-12-06T00:00:00.000Z""",VNINDEX,1446.28,1413.58,1400.87,1452.55,1013743700.00
"""2021-12-03T00:00:00.000Z""",VNINDEX,1489.57,1443.32,1443.32,1491.20,1034480600.00
"""2021-12-02T00:00:00.000Z""",VNINDEX,1489.12,1482.05,1482.05,1493.84,745629400.00
"""2021-12-01T00:00:00.000Z""",VNINDEX,1477.68,1485.19,1471.30,1487.68,837551800.00
"""2021-11-30T00:00:00.000Z""",VNINDEX,1496.98,1478.44,1471.57,1503.09,1049366600.00
"""2021-11-29T00:00:00.000Z""",VNINDEX,1467.48,1484.84,1467.48,1488.93,983072000.00
"""2021-11-26T00:00:00.000Z""",VNINDEX,1506.01,1493.03,1488.83,1511.68,1006637100.00
"""2021-11-24T00:00:00.000Z""",VNINDEX,1470.78,1488.87,1467.29,1491.05,1073325500.00
"""2021-11-23T00:00:00.000Z""",VNINDEX,1442.80,1463.63,1438.41,1463.63,839875300.00
"""2021-11-22T00:00:00.000Z""",VNINDEX,1453.14,1447.25,1442.88,1466.46,1209721942.00
"""2021-11-19T00:00:00.000Z""",VNINDEX,1474.11,1452.35,1434.78,1481.53,1490882800.00
"""2021-11-18T00:00:00.000Z""",VNINDEX,1479.51,1469.83,1469.83,1482.87,1052200900.00
"""2021-11-17T00:00:00.000Z""",VNINDEX,1466.93,1475.85,1464.78,1477.04,828629100.00
"""2021-11-16T00:00:00.000Z""",VNINDEX,1472.83,1466.45,1459.08,1476.97,1157502400.00
"""2021-11-15T00:00:00.000Z""",VNINDEX,1481.51,1476.57,1466.01,1481.96,1146225600.00
"""2021-11-11T00:00:00.000Z""",VNINDEX,1469.22,1462.35,1449.18,1472.89,1206887000.00
"""2021-11-10T00:00:00.000Z""",VNINDEX,1465.10,1465.02,1457.98,1470.19,955160600.00
"""2021-11-09T00:00:00.000Z""",VNINDEX,1469.94,1461.50,1457.57,1474.20,1003822300.00
"""2021-11-08T00:00:00.000Z""",VNINDEX,1462.58,1467.57,1457.34,1470.49,1006323900.00
"""2021-11-05T00:00:00.000Z""",VNINDEX,1450.53,1456.51,1444.51,1459.93,845237200.00
"""2021-11-04T00:00:00.000Z""",VNINDEX,1442.89,1448.34,1435.84,1451.98,890357900.00
"""2021-11-03T00:00:00.000Z""",VNINDEX,1458.85,1444.30,1440.67,1463.63,1455441700.00
"""2021-11-02T00:00:00.000Z""",VNINDEX,1439.61,1452.46,1438.83,1452.46,972155400.00
"""2021-10-29T00:00:00.000Z""",VNINDEX,1439.27,1444.27,1432.19,1447.54,946256015.00
"""2021-10-28T00:00:00.000Z""",VNINDEX,1427.89,1438.01,1420.42,1440.64,826726500.00
"""2021-10-27T00:00:00.000Z""",VNINDEX,1391.63,1423.02,1395.83,1423.02,857717390.00
"""2021-10-26T00:00:00.000Z""",VNINDEX,1384.12,1391.63,1377.56,1393.03,703571700.00
"""2021-10-25T00:00:00.000Z""",VNINDEX,1395.56,1385.40,1385.40,1395.72,868073700.00
"""2021-10-22T00:00:00.000Z""",VNINDEX,1388.66,1389.24,1385.53,1393.67,746799700.00
"""2021-10-21T00:00:00.000Z""",VNINDEX,1397.60,1384.77,1384.77,1398.45,681418712.00
"""2021-10-20T00:00:00.000Z""",VNINDEX,1398.45,1393.80,1376.15,1401.76,804215000.00
"""2021-10-18T00:00:00.000Z""",VNINDEX,1395.57,1395.53,1390.88,1402.63,764032400.00
"""2021-10-15T00:00:00.000Z""",VNINDEX,1395.81,1392.70,1388.00,1399.03,743866800.00
"""2021-10-14T00:00:00.000Z""",VNINDEX,1392.88,1391.85,1389.03,1398.67,690243000.00
"""2021-10-13T00:00:00.000Z""",VNINDEX,1397.93,1391.91,1389.75,1400.67,608348500.00
"""2021-10-12T00:00:00.000Z""",VNINDEX,1398.03,1394.80,1389.43,1400.78,707770000.00
"""2021-10-11T00:00:00.000Z""",VNINDEX,1377.53,1394.09,1377.30,1394.43,721458300.00
"""2021-10-08T00:00:00.000Z""",VNINDEX,1369.14,1372.73,1365.93,1373.13,603842600.00
"""2021-10-07T00:00:00.000Z""",VNINDEX,1365.34,1365.99,1360.57,1367.64,658670400.00
"""2021-10-05T00:00:00.000Z""",VNINDEX,1345.43,1354.63,1343.67,1354.63,576701100.00
"""2021-10-04T00:00:00.000Z""",VNINDEX,1337.74,1339.54,1333.53,1347.49,700605800.00
"""2021-10-01T00:00:00.000Z""",VNINDEX,1339.89,1334.89,1332.97,1344.06,601963900.00
"""2021-09-30T00:00:00.000Z""",VNINDEX,1341.83,1342.06,1341.19,1348.89,438294600.00
"""2021-09-29T00:00:00.000Z""",VNINDEX,1338.72,1339.21,1328.17,1340.90,559164300.00
"""2022-05-12T00:00:00.000Z""",VNINDEX,1290.40,1238.84,1238.05,1291.65,516642600.00
"""2022-05-11T00:00:00.000Z""",VNINDEX,1295.39,1301.53,1277.91,1305.17,380880400.00
"""2022-05-09T00:00:00.000Z""",VNINDEX,1313.49,1269.62,1265.54,1314.52,627609200.00
"""2022-05-06T00:00:00.000Z""",VNINDEX,1333.55,1329.26,1328.13,1350.09,510678900.00
"""2022-05-05T00:00:00.000Z""",VNINDEX,1361.62,1360.68,1331.41,1362.18,510234300.00
"""2022-05-04T00:00:00.000Z""",VNINDEX,1366.11,1348.68,1348.68,1366.39,498884800.00
"""2022-04-29T00:00:00.000Z""",VNINDEX,1347.08,1366.80,1343.24,1369.31,532838100.00
"""2022-04-28T00:00:00.000Z""",VNINDEX,1353.48,1350.99,1344.10,1358.07,485123186.00
"""2022-04-27T00:00:00.000Z""",VNINDEX,1331.73,1353.77,1314.81,1355.92,485562200.00
"""2022-04-26T00:00:00.000Z""",VNINDEX,1285.40,1341.34,1261.40,1341.34,673169600.00
"""2022-04-22T00:00:00.000Z""",VNINDEX,1378.28,1379.23,1352.43,1392.89,799750600.00
"""2022-04-21T00:00:00.000Z""",VNINDEX,1369.80,1370.21,1356.58,1392.33,810673733.00
"""2022-04-20T00:00:00.000Z""",VNINDEX,1401.63,1384.72,1384.72,1410.64,652803300.00
"""2022-04-19T00:00:00.000Z""",VNINDEX,1435.82,1406.45,1406.45,1442.04,666337000.00
"""2022-04-18T00:00:00.000Z""",VNINDEX,1455.04,1432.60,1425.07,1456.07,790646000.00
"""2022-04-15T00:00:00.000Z""",VNINDEX,1470.32,1458.56,1456.39,1478.95,639722900.00
"""2022-04-14T00:00:00.000Z""",VNINDEX,1483.08,1472.12,1471.75,1484.34,498914000.00
"""2022-04-13T00:00:00.000Z""",VNINDEX,1459.48,1477.20,1448.52,1477.20,636344500.00
"""2022-04-08T00:00:00.000Z""",VNINDEX,1504.31,1482.00,1482.00,1507.73,741103600.00
"""2022-04-07T00:00:00.000Z""",VNINDEX,1524.12,1502.35,1502.35,1524.92,763684700.00
"""2022-04-06T00:00:00.000Z""",VNINDEX,1510.69,1522.90,1507.62,1523.75,944039697.00
"""2022-04-05T00:00:00.000Z""",VNINDEX,1521.40,1520.03,1519.28,1527.57,663110500.00
"""2022-04-04T00:00:00.000Z""",VNINDEX,1528.87,1524.70,1522.82,1530.95,734587100.00
"""2022-04-01T00:00:00.000Z""",VNINDEX,1489.48,1516.44,1484.13,1516.87,881661100.00
"""2022-03-31T00:00:00.000Z""",VNINDEX,1492.50,1492.15,1488.27,1498.34,633286300.00
"""2022-03-30T00:00:00.000Z""",VNINDEX,1491.92,1490.51,1483.90,1503.89,880911900.00
"""2022-03-28T00:00:00.000Z""",VNINDEX,1490.44,1483.18,1473.80,1496.79,988984900.00
"""2022-03-25T00:00:00.000Z""",VNINDEX,1500.17,1498.50,1494.55,1503.29,724086800.00
"""2022-03-24T00:00:00.000Z""",VNINDEX,1503.91,1498.26,1495.18,1505.39,753772900.00
"""2022-03-23T00:00:00.000Z""",VNINDEX,1505.76,1502.34,1501.67,1513.90,788727300.00
"""2022-03-22T00:00:00.000Z""",VNINDEX,1500.08,1503.78,1498.48,1507.71,905057500.00
"""2022-03-21T00:00:00.000Z""",VNINDEX,1474.78,1494.95,1474.38,1494.95,727377200.00
"""2022-03-18T00:00:00.000Z""",VNINDEX,1467.67,1469.10,1465.57,1474.86,745610800.00
"""2022-03-17T00:00:00.000Z""",VNINDEX,1466.56,1461.34,1459.14,1467.74,683175800.00
"""2022-03-15T00:00:00.000Z""",VNINDEX,1444.92,1452.74,1437.27,1453.07,641644500.00
"""2022-03-14T00:00:00.000Z""",VNINDEX,1459.28,1446.25,1439.19,1461.06,815892100.00
"""2022-03-11T00:00:00.000Z""",VNINDEX,1478.44,1466.54,1458.88,1480.29,855643700.00
"""2022-03-10T00:00:00.000Z""",VNINDEX,1485.11,1479.08,1479.08,1488.59,629092200.00
"""2022-03-09T00:00:00.000Z""",VNINDEX,1478.43,1473.74,1462.96,1482.86,888352600.00
"""2022-03-08T00:00:00.000Z""",VNINDEX,1487.37,1473.71,1473.71,1495.97,982168800.00
"""2022-03-07T00:00:00.000Z""",VNINDEX,1500.65,1499.05,1493.87,1505.32,941752700.00
"""2022-03-04T00:00:00.000Z""",VNINDEX,1506.79,1505.33,1501.39,1509.19,873323700.00
"""2022-03-02T00:00:00.000Z""",VNINDEX,1499.37,1485.52,1479.55,1500.41,914957200.00
"""2022-03-01T00:00:00.000Z""",VNINDEX,1493.93,1498.78,1491.48,1501.73,796368600.00
"""2022-02-28T00:00:00.000Z""",VNINDEX,1499.43,1490.13,1487.57,1502.36,693212400.00
"""2022-02-25T00:00:00.000Z""",VNINDEX,1504.55,1498.89,1498.89,1512.05,736050400.00
"""2022-02-24T00:00:00.000Z""",VNINDEX,1511.84,1494.85,1473.76,1513.25,1133051100.00
"""2022-02-23T00:00:00.000Z""",VNINDEX,1509.55,1512.30,1507.37,1520.78,660165300.00
"""2022-02-22T00:00:00.000Z""",VNINDEX,1499.18,1503.47,1484.81,1506.38,875383700.00
"""2022-02-21T00:00:00.000Z""",VNINDEX,1504.96,1510.84,1500.97,1516.63,737693400.00
"""2022-02-17T00:00:00.000Z""",VNINDEX,1494.02,1507.99,1492.49,1507.99,588111300.00
"""2022-02-16T00:00:00.000Z""",VNINDEX,1499.07,1492.10,1486.68,1499.50,617187300.00
"""2022-02-15T00:00:00.000Z""",VNINDEX,1473.92,1492.75,1470.06,1495.56,572156100.00
"""2022-02-14T00:00:00.000Z""",VNINDEX,1486.96,1471.96,1471.96,1495.99,751563900.00
"""2022-02-11T00:00:00.000Z""",VNINDEX,1502.83,1501.71,1499.06,1508.54,577407200.00
"""2022-02-10T00:00:00.000Z""",VNINDEX,1510.66,1506.79,1495.70,1512.88,628938000.00
"""2022-02-09T00:00:00.000Z""",VNINDEX,1501.67,1505.38,1499.53,1511.72,754188100.00
"""2022-02-08T00:00:00.000Z""",VNINDEX,1496.26,1500.99,1491.78,1503.33,697228100.00
"""2022-01-28T00:00:00.000Z""",VNINDEX,1468.23,1478.96,1465.22,1484.48,663924300.00
"""2022-01-27T00:00:00.000Z""",VNINDEX,1477.15,1470.76,1464.06,1486.39,522667600.00
"""2022-01-26T00:00:00.000Z""",VNINDEX,1485.73,1481.58,1478.41,1490.45,812663532.00
"""2022-01-25T00:00:00.000Z""",VNINDEX,1431.51,1479.58,1424.36,1479.58,706092300.00
"""2022-01-24T00:00:00.000Z""",VNINDEX,1465.59,1439.71,1432.18,1467.99,796675500.00
"""2022-01-21T00:00:00.000Z""",VNINDEX,1472.02,1472.89,1463.06,1477.23,784569900.00
"""2022-01-20T00:00:00.000Z""",VNINDEX,1438.99,1465.30,1432.58,1469.08,762449400.00
"""2022-01-19T00:00:00.000Z""",VNINDEX,1438.68,1442.79,1434.46,1449.11,557995700.00
"""2022-01-17T00:00:00.000Z""",VNINDEX,1499.28,1452.84,1452.84,1503.86,926487900.00
"""2022-01-14T00:00:00.000Z""",VNINDEX,1477.63,1496.02,1476.68,1503.25,734088500.00
"""2022-09-14T00:00:00.000Z""",VNINDEX,1229.76,1240.77,1228.51,1242.17,574337899.00
"""2022-09-13T00:00:00.000Z""",VNINDEX,1251.10,1248.40,1243.87,1252.35,410772381.00
"""2022-09-12T00:00:00.000Z""",VNINDEX,1255.00,1249.62,1248.97,1257.80,390724336.00
"""2022-09-09T00:00:00.000Z""",VNINDEX,1241.26,1248.78,1228.54,1248.78,542039800.00
"""2022-09-08T00:00:00.000Z""",VNINDEX,1251.06,1234.60,1234.60,1251.36,557779800.00
"""2022-09-06T00:00:00.000Z""",VNINDEX,1279.58,1277.40,1277.40,1286.92,537987600.00
"""2022-08-29T00:00:00.000Z""",VNINDEX,1263.43,1270.80,1249.17,1270.80,793997300.00
"""2022-08-26T00:00:00.000Z""",VNINDEX,1291.29,1282.57,1280.05,1295.12,614354500.00
"""2022-08-25T00:00:00.000Z""",VNINDEX,1280.39,1288.88,1280.28,1289.18,562124700.00
"""2022-08-24T00:00:00.000Z""",VNINDEX,1275.57,1277.16,1272.33,1280.36,519810800.00
"""2022-08-23T00:00:00.000Z""",VNINDEX,1253.45,1270.81,1253.45,1270.81,520796300.00
"""2022-08-22T00:00:00.000Z""",VNINDEX,1264.64,1260.43,1255.83,1270.57,566785900.00
"""2022-08-19T00:00:00.000Z""",VNINDEX,1272.23,1269.18,1263.45,1280.00,568209800.00
"""2022-08-17T00:00:00.000Z""",VNINDEX,1276.78,1275.28,1271.97,1280.61,644581600.00
"""2022-08-16T00:00:00.000Z""",VNINDEX,1274.08,1274.69,1271.11,1275.93,569526100.00
"""2022-08-15T00:00:00.000Z""",VNINDEX,1268.56,1274.20,1267.14,1274.24,585580500.00
"""2022-08-12T00:00:00.000Z""",VNINDEX,1250.66,1262.33,1248.67,1262.33,508817800.00
"""2022-08-11T00:00:00.000Z""",VNINDEX,1267.37,1252.07,1245.85,1268.03,767836500.00
"""2022-08-10T00:00:00.000Z""",VNINDEX,1255.69,1256.50,1253.89,1260.36,584474800.00
"""2022-08-09T00:00:00.000Z""",VNINDEX,1260.36,1258.85,1252.84,1263.14,655262300.00
"""2022-08-08T00:00:00.000Z""",VNINDEX,1252.36,1256.75,1252.04,1258.84,634015600.00
"""2022-08-04T00:00:00.000Z""",VNINDEX,1252.49,1254.15,1247.38,1257.38,655935800.00
"""2022-08-03T00:00:00.000Z""",VNINDEX,1233.84,1249.76,1232.41,1250.20,702358600.00
"""2022-08-02T00:00:00.000Z""",VNINDEX,1230.31,1241.62,1224.11,1241.91,734388200.00
"""2022-08-01T00:00:00.000Z""",VNINDEX,1209.05,1231.35,1209.04,1231.35,682047300.00
"""2022-07-29T00:00:00.000Z""",VNINDEX,1214.32,1206.33,1206.33,1217.84,537058300.00
"""2022-07-28T00:00:00.000Z""",VNINDEX,1201.77,1208.12,1198.68,1214.03,620546700.00
"""2022-07-27T00:00:00.000Z""",VNINDEX,1180.83,1191.04,1178.58,1191.04,387799200.00
"""2022-07-26T00:00:00.000Z""",VNINDEX,1189.20,1185.07,1184.44,1194.15,388328300.00
"""2022-07-22T00:00:00.000Z""",VNINDEX,1199.16,1194.76,1194.76,1202.69,448428100.00
"""2022-07-21T00:00:00.000Z""",VNINDEX,1195.03,1198.47,1194.97,1201.91,500624000.00
"""2022-07-20T00:00:00.000Z""",VNINDEX,1188.12,1194.14,1185.82,1198.63,601098600.00
"""2022-07-19T00:00:00.000Z""",VNINDEX,1176.10,1178.33,1168.99,1180.46,479006800.00
"""2022-07-18T00:00:00.000Z""",VNINDEX,1184.74,1176.49,1174.70,1184.93,480514500.00
"""2022-07-15T00:00:00.000Z""",VNINDEX,1183.15,1179.25,1178.12,1189.66,543854200.00
"""2022-07-14T00:00:00.000Z""",VNINDEX,1170.70,1182.17,1170.04,1182.17,490512400.00
"""2022-07-13T00:00:00.000Z""",VNINDEX,1173.46,1173.92,1170.92,1182.21,522379700.00
"""2022-07-11T00:00:00.000Z""",VNINDEX,1161.30,1155.29,1144.55,1165.23,488752000.00
"""2022-07-08T00:00:00.000Z""",VNINDEX,1174.53,1171.31,1164.27,1177.18,437189300.00
"""2022-07-07T00:00:00.000Z""",VNINDEX,1148.97,1166.48,1142.80,1166.48,363365033.00
"""2022-07-06T00:00:00.000Z""",VNINDEX,1167.25,1149.61,1147.63,1175.26,511773800.00
"""2022-07-05T00:00:00.000Z""",VNINDEX,1198.42,1181.29,1181.29,1200.99,559493000.00
"""2022-07-04T00:00:00.000Z""",VNINDEX,1206.47,1195.53,1192.63,1208.96,403514600.00
"""2022-07-01T00:00:00.000Z""",VNINDEX,1193.04,1198.90,1170.95,1202.41,498479000.00
"""2022-06-30T00:00:00.000Z""",VNINDEX,1218.22,1197.60,1197.60,1220.51,471576000.00
"""2022-06-28T00:00:00.000Z""",VNINDEX,1202.41,1218.10,1198.99,1221.74,534186600.00
"""2022-06-27T00:00:00.000Z""",VNINDEX,1188.65,1202.82,1187.43,1203.51,432864700.00
"""2022-06-24T00:00:00.000Z""",VNINDEX,1190.82,1185.48,1185.48,1196.85,410876800.00
"""2022-06-23T00:00:00.000Z""",VNINDEX,1162.06,1188.88,1162.06,1188.88,380442900.00
"""2022-06-22T00:00:00.000Z""",VNINDEX,1180.11,1169.27,1162.98,1185.86,529235300.00
"""2022-06-21T00:00:00.000Z""",VNINDEX,1172.98,1172.47,1162.94,1189.97,607711900.00
"""2022-06-20T00:00:00.000Z""",VNINDEX,1218.37,1180.40,1180.40,1221.60,620002900.00
"""2022-06-17T00:00:00.000Z""",VNINDEX,1210.50,1217.30,1191.92,1220.41,683884000.00
"""2022-06-15T00:00:00.000Z""",VNINDEX,1231.23,1213.93,1195.19,1235.56,626914600.00
"""2022-06-14T00:00:00.000Z""",VNINDEX,1213.44,1230.31,1211.13,1239.36,519177100.00
"""2022-06-13T00:00:00.000Z""",VNINDEX,1251.08,1227.04,1226.01,1261.54,709415500.00
"""2022-06-10T00:00:00.000Z""",VNINDEX,1298.78,1284.08,1284.08,1309.59,561901400.00
"""2022-06-09T00:00:00.000Z""",VNINDEX,1310.35,1307.80,1300.85,1312.44,436340700.00
"""2022-06-08T00:00:00.000Z""",VNINDEX,1297.56,1307.91,1294.27,1316.78,543325900.00
"""2022-06-07T00:00:00.000Z""",VNINDEX,1285.07,1291.35,1260.92,1291.35,625987600.00
"""2022-06-06T00:00:00.000Z""",VNINDEX,1290.04,1290.01,1282.01,1302.14,541562900.00
"""2022-06-02T00:00:00.000Z""",VNINDEX,1300.58,1288.62,1283.32,1302.66,527625000.00
"""2022-06-01T00:00:00.000Z""",VNINDEX,1289.56,1299.52,1286.01,1302.25,505619500.00
"""2022-05-31T00:00:00.000Z""",VNINDEX,1288.63,1292.68,1280.44,1297.64,543596100.00
"""2022-05-30T00:00:00.000Z""",VNINDEX,1290.11,1293.92,1281.27,1296.22,499452600.00
"""2022-05-27T00:00:00.000Z""",VNINDEX,1270.56,1285.45,1269.29,1286.99,578174500.00
"""2022-05-26T00:00:00.000Z""",VNINDEX,1273.80,1268.57,1261.55,1278.11,514352700.00
"""2022-05-25T00:00:00.000Z""",VNINDEX,1238.52,1268.43,1234.17,1268.43,616951500.00
"""2022-05-24T00:00:00.000Z""",VNINDEX,1218.87,1233.38,1203.28,1233.38,479498700.00
"""2022-05-20T00:00:00.000Z""",VNINDEX,1240.72,1240.71,1232.33,1252.96,465793600.00
"""2022-05-19T00:00:00.000Z""",VNINDEX,1211.31,1241.64,1211.07,1246.61,459858400.00
"""2023-03-08T00:00:00.000Z""",VNINDEX,1028.77,1049.18,1027.80,1049.18,480632600.00
"""2023-02-20T00:00:00.000Z""",VNINDEX,1059.74,1086.69,1059.56,1088.01,632141800.00
"""2023-02-17T00:00:00.000Z""",VNINDEX,1058.99,1059.31,1053.26,1062.25,429701700.00
"""2022-12-15T00:00:00.000Z""",VNINDEX,1049.06,1055.32,1049.06,1062.61,665769400.00
"""2022-12-14T00:00:00.000Z""",VNINDEX,1062.18,1050.43,1046.43,1062.18,667860400.00
"""2022-12-13T00:00:00.000Z""",VNINDEX,1035.76,1047.45,1026.30,1047.45,735828900.00
"""2022-12-12T00:00:00.000Z""",VNINDEX,1059.55,1032.07,1032.07,1065.16,808782100.00
"""2022-12-09T00:00:00.000Z""",VNINDEX,1056.85,1051.81,1041.39,1061.21,725620200.00
"""2022-12-07T00:00:00.000Z""",VNINDEX,1046.72,1041.02,1034.92,1059.79,827930300.00
"""2022-12-06T00:00:00.000Z""",VNINDEX,1088.86,1048.69,1048.69,1089.63,1356936200.00
"""2022-12-05T00:00:00.000Z""",VNINDEX,1090.53,1093.67,1082.59,1099.45,1112166795.00
"""2022-12-02T00:00:00.000Z""",VNINDEX,1032.67,1080.01,1030.81,1080.01,1014240600.00
"""2022-12-01T00:00:00.000Z""",VNINDEX,1057.97,1036.28,1035.62,1066.28,1263319699.00
"""2022-11-30T00:00:00.000Z""",VNINDEX,1037.44,1048.42,1021.54,1048.42,956511200.00
"""2022-11-29T00:00:00.000Z""",VNINDEX,1008.85,1032.16,998.56,1032.16,1184149764.00
"""2022-11-28T00:00:00.000Z""",VNINDEX,979.68,1005.69,979.48,1006.22,872397100.00
"""2022-11-24T00:00:00.000Z""",VNINDEX,942.86,947.71,934.31,950.03,482211800.00
"""2022-11-23T00:00:00.000Z""",VNINDEX,947.81,946.00,942.02,958.61,488928200.00
"""2022-11-22T00:00:00.000Z""",VNINDEX,953.78,952.12,948.52,985.28,978777600.00
"""2022-11-21T00:00:00.000Z""",VNINDEX,971.58,960.65,956.77,973.19,522703800.00
"""2022-11-18T00:00:00.000Z""",VNINDEX,967.18,969.33,939.73,971.77,833780900.00
"""2022-11-17T00:00:00.000Z""",VNINDEX,952.91,969.26,950.90,972.88,589534338.00
"""2022-11-16T00:00:00.000Z""",VNINDEX,876.00,942.90,873.78,945.42,934066100.00
"""2022-11-15T00:00:00.000Z""",VNINDEX,926.08,911.90,900.17,929.06,589035500.00
"""2022-11-11T00:00:00.000Z""",VNINDEX,954.95,954.53,949.49,966.70,646268900.00
"""2022-11-10T00:00:00.000Z""",VNINDEX,974.76,947.24,935.78,976.31,637622500.00
"""2022-11-09T00:00:00.000Z""",VNINDEX,983.62,985.59,978.02,994.79,466326374.00
"""2022-11-08T00:00:00.000Z""",VNINDEX,960.93,981.65,956.97,981.81,542470500.00
"""2022-11-07T00:00:00.000Z""",VNINDEX,989.74,975.19,969.61,996.18,534028098.00
"""2022-11-04T00:00:00.000Z""",VNINDEX,1008.23,997.15,974.61,1009.96,694725300.00
"""2022-11-03T00:00:00.000Z""",VNINDEX,1011.41,1019.81,1010.65,1023.95,404807900.00
"""2022-11-02T00:00:00.000Z""",VNINDEX,1033.51,1023.19,1018.64,1034.73,488346900.00
"""2022-10-31T00:00:00.000Z""",VNINDEX,1028.24,1027.94,1005.00,1030.32,581502900.00
"""2022-10-28T00:00:00.000Z""",VNINDEX,1036.27,1027.36,1026.53,1044.57,515678504.00
"""2022-10-27T00:00:00.000Z""",VNINDEX,994.82,1028.01,990.48,1028.01,572328800.00
"""2022-10-26T00:00:00.000Z""",VNINDEX,1000.71,993.36,984.71,1004.55,352376800.00
"""2022-10-25T00:00:00.000Z""",VNINDEX,980.47,997.70,962.45,1011.39,670274300.00
"""2022-10-24T00:00:00.000Z""",VNINDEX,1021.25,986.15,977.41,1023.51,547149700.00
"""2022-10-21T00:00:00.000Z""",VNINDEX,1059.03,1019.82,1013.69,1059.03,642204890.00
"""2022-10-20T00:00:00.000Z""",VNINDEX,1056.14,1058.45,1048.21,1065.28,353310133.00
"""2022-10-18T00:00:00.000Z""",VNINDEX,1065.60,1063.66,1057.71,1071.74,466453900.00
"""2022-10-17T00:00:00.000Z""",VNINDEX,1053.46,1051.58,1033.59,1054.05,435723100.00
"""2022-10-14T00:00:00.000Z""",VNINDEX,1063.07,1061.85,1055.29,1068.12,506303900.00
"""2022-10-13T00:00:00.000Z""",VNINDEX,1035.33,1050.99,1025.04,1050.99,402643700.00
"""2022-10-12T00:00:00.000Z""",VNINDEX,1006.10,1034.81,1002.89,1039.44,532924500.00
"""2022-10-11T00:00:00.000Z""",VNINDEX,1036.39,1006.20,998.64,1036.42,580908400.00
"""2022-10-10T00:00:00.000Z""",VNINDEX,1019.67,1042.48,1012.94,1051.02,541876100.00
"""2022-10-07T00:00:00.000Z""",VNINDEX,1061.93,1035.91,1022.38,1062.23,788995100.00
"""2022-10-05T00:00:00.000Z""",VNINDEX,1092.08,1104.26,1092.08,1110.21,396842100.00
"""2022-10-04T00:00:00.000Z""",VNINDEX,1095.73,1078.14,1069.74,1100.42,513962500.00
"""2022-10-03T00:00:00.000Z""",VNINDEX,1124.46,1086.44,1079.86,1126.46,501911900.00
"""2022-09-30T00:00:00.000Z""",VNINDEX,1115.20,1132.11,1099.44,1135.47,612447100.00
"""2022-09-29T00:00:00.000Z""",VNINDEX,1157.09,1126.07,1126.07,1159.49,416473300.00
"""2022-09-28T00:00:00.000Z""",VNINDEX,1158.53,1143.62,1142.79,1162.60,496730000.00
"""2022-09-27T00:00:00.000Z""",VNINDEX,1177.51,1166.54,1166.44,1180.75,415135800.00
"""2022-09-26T00:00:00.000Z""",VNINDEX,1186.41,1174.35,1159.12,1190.27,701894100.00
"""2022-09-22T00:00:00.000Z""",VNINDEX,1200.34,1214.70,1196.64,1214.70,435982100.00
"""2022-09-21T00:00:00.000Z""",VNINDEX,1213.47,1210.55,1204.68,1217.28,325527500.00
"""2022-09-20T00:00:00.000Z""",VNINDEX,1212.08,1218.93,1199.71,1218.93,412723400.00
"""2022-09-19T00:00:00.000Z""",VNINDEX,1231.45,1205.43,1202.07,1233.46,641803999.00
"""2022-09-16T00:00:00.000Z""",VNINDEX,1243.38,1234.03,1230.37,1246.17,594453000.00
"""2023-03-09T00:00:00.000Z""",VNINDEX,1050.61,1055.95,1049.45,1060.56,557648200.00
"""2023-03-13T00:00:00.000Z""",VNINDEX,1046.95,1052.80,1045.46,1055.58,524575300.00
"""2023-03-14T00:00:00.000Z""",VNINDEX,1049.30,1040.13,1034.72,1051.56,559130000.00
"""2023-03-15T00:00:00.000Z""",VNINDEX,1052.06,1062.19,1049.26,1062.55,549456800.00
"""2023-03-16T00:00:00.000Z""",VNINDEX,1056.15,1047.40,1043.65,1058.73,464177288.00
"""2023-03-17T00:00:00.000Z""",VNINDEX,1053.37,1045.14,1043.54,1055.42,491829800.00
"""2023-03-20T00:00:00.000Z""",VNINDEX,1041.91,1023.10,1022.71,1042.60,476089300.00
"""2023-03-21T00:00:00.000Z""",VNINDEX,1028.83,1032.43,1017.05,1036.15,382102000.00
"""2023-03-22T00:00:00.000Z""",VNINDEX,1035.84,1040.54,1034.06,1042.84,382808900.00
"""2023-03-23T00:00:00.000Z""",VNINDEX,1035.33,1045.10,1030.93,1045.10,369605000.00
"""2023-03-24T00:00:00.000Z""",VNINDEX,1047.10,1046.79,1044.02,1052.29,506946000.00
"""2023-03-28T00:00:00.000Z""",VNINDEX,1055.57,1054.29,1051.75,1059.83,583320300.00
"""2023-03-29T00:00:00.000Z""",VNINDEX,1055.18,1056.33,1048.26,1056.33,415123604.00
"""2023-03-30T00:00:00.000Z""",VNINDEX,1061.32,1059.44,1058.89,1066.23,556990667.00
"""2023-03-31T00:00:00.000Z""",VNINDEX,1060.00,1064.64,1059.85,1067.55,574393800.00
"""2023-04-03T00:00:00.000Z""",VNINDEX,1074.69,1079.28,1071.62,1079.28,779360800.00
"""2023-04-04T00:00:00.000Z""",VNINDEX,1081.36,1078.45,1075.10,1082.17,746158000.00
"""2023-04-06T00:00:00.000Z""",VNINDEX,1083.27,1070.91,1070.91,1084.52,955478562.00
"""2023-04-07T00:00:00.000Z""",VNINDEX,1071.09,1069.71,1063.70,1072.94,600671088.00
"""2023-04-10T00:00:00.000Z""",VNINDEX,1073.86,1065.35,1063.45,1075.54,789367128.00
"""2023-04-11T00:00:00.000Z""",VNINDEX,1063.64,1069.46,1056.90,1070.56,642968084.00
"""2023-04-12T00:00:00.000Z""",VNINDEX,1071.61,1069.45,1066.43,1072.70,661010665.00
"""2023-04-13T00:00:00.000Z""",VNINDEX,1070.96,1064.30,1062.26,1070.96,595982688.00
"""2023-04-14T00:00:00.000Z""",VNINDEX,1067.21,1052.89,1052.89,1068.79,724480200.00
"""2023-04-17T00:00:00.000Z""",VNINDEX,1052.99,1053.81,1049.11,1054.72,407281400.00
"""2023-04-18T00:00:00.000Z""",VNINDEX,1055.85,1055.02,1050.89,1057.15,494431200.00
"""2023-04-19T00:00:00.000Z""",VNINDEX,1057.88,1048.98,1047.47,1058.14,497900999.00
"""2023-04-20T00:00:00.000Z""",VNINDEX,1050.02,1049.25,1045.85,1051.86,332580000.00
"""2023-04-21T00:00:00.000Z""",VNINDEX,1050.10,1042.91,1041.26,1050.40,512579096.00
"""2023-04-24T00:00:00.000Z""",VNINDEX,1045.28,1041.36,1038.41,1047.18,451137200.00
"""2023-04-25T00:00:00.000Z""",VNINDEX,1045.87,1034.85,1032.49,1045.87,485690830.00
"""2023-04-26T00:00:00.000Z""",VNINDEX,1034.02,1040.80,1029.19,1040.80,431573300.00
"""2023-05-15T00:00:00.000Z""",VNINDEX,1074.82,1065.71,1065.71,1076.32,783695292.00
"""2023-04-27T00:00:00.000Z""",VNINDEX,1041.39,1039.63,1037.62,1044.25,466451198.00
"""2023-04-28T00:00:00.000Z""",VNINDEX,1043.17,1049.12,1042.04,1049.12,571764698.00
"""2023-05-04T00:00:00.000Z""",VNINDEX,1046.05,1040.61,1038.18,1048.16,571625992.00
"""2023-05-05T00:00:00.000Z""",VNINDEX,1040.12,1040.31,1036.69,1043.22,439888399.00
"""2023-05-08T00:00:00.000Z""",VNINDEX,1043.44,1053.44,1043.44,1053.44,591247596.00
"""2023-05-09T00:00:00.000Z""",VNINDEX,1055.42,1053.77,1052.68,1058.71,502515296.00
"""2023-05-10T00:00:00.000Z""",VNINDEX,1055.62,1058.26,1053.34,1058.67,650680589.00
"""2023-05-11T00:00:00.000Z""",VNINDEX,1060.75,1057.12,1056.72,1063.69,681482895.00
"""2023-05-12T00:00:00.000Z""",VNINDEX,1057.70,1066.90,1053.97,1066.90,688543798.00
"""2023-05-16T00:00:00.000Z""",VNINDEX,1068.51,1065.91,1063.65,1069.27,592356499.00
"""2023-05-18T00:00:00.000Z""",VNINDEX,1063.66,1068.31,1060.94,1073.41,590882500.00
"""2023-05-19T00:00:00.000Z""",VNINDEX,1070.13,1067.07,1058.56,1070.15,661637199.00
"""2023-05-22T00:00:00.000Z""",VNINDEX,1067.32,1070.64,1065.88,1070.64,634063394.00
"""2023-05-23T00:00:00.000Z""",VNINDEX,1073.12,1065.85,1062.15,1073.96,668600299.00
"""2023-05-24T00:00:00.000Z""",VNINDEX,1069.13,1061.79,1060.60,1069.61,682646396.00
"""2023-06-15T00:00:00.000Z""",VNINDEX,1117.06,1116.97,1112.11,1120.13,675615198.00
"""2023-05-26T00:00:00.000Z""",VNINDEX,1067.24,1063.76,1063.76,1067.28,595846899.00
"""2023-05-29T00:00:00.000Z""",VNINDEX,1067.34,1074.98,1067.27,1077.18,738474496.00
"""2023-05-30T00:00:00.000Z""",VNINDEX,1078.82,1078.05,1071.01,1079.31,816002498.00
"""2023-05-31T00:00:00.000Z""",VNINDEX,1078.39,1075.17,1071.38,1079.11,861773099.00
"""2023-06-01T00:00:00.000Z""",VNINDEX,1076.27,1078.39,1071.61,1078.39,820193400.00
"""2023-06-02T00:00:00.000Z""",VNINDEX,1084.19,1090.84,1083.36,1092.24,973372400.00
"""2023-06-05T00:00:00.000Z""",VNINDEX,1100.20,1097.82,1096.76,1103.81,893972894.00
"""2023-06-06T00:00:00.000Z""",VNINDEX,1099.99,1108.31,1098.28,1108.31,782674898.00
"""2023-06-07T00:00:00.000Z""",VNINDEX,1111.67,1109.54,1104.26,1112.28,930395400.00
"""2023-06-08T00:00:00.000Z""",VNINDEX,1111.86,1101.32,1101.32,1115.14,1211637498.00
"""2023-06-09T00:00:00.000Z""",VNINDEX,1103.11,1107.53,1097.23,1107.53,839731399.00
"""2023-06-12T00:00:00.000Z""",VNINDEX,1110.26,1116.02,1100.08,1116.02,726269396.00
"""2023-06-13T00:00:00.000Z""",VNINDEX,1117.43,1122.46,1116.10,1122.46,870411556.00
"""2023-06-14T00:00:00.000Z""",VNINDEX,1124.56,1117.42,1117.42,1129.49,845985495.00
"""2023-06-23T00:00:00.000Z""",VNINDEX,1126.23,1129.38,1122.62,1130.61,857067499.00
"""2023-06-22T00:00:00.000Z""",VNINDEX,1126.23,1125.30,1122.27,1128.06,828954298.00
"""2023-06-21T00:00:00.000Z""",VNINDEX,1112.73,1118.46,1110.65,1118.46,800466000.00
"""2023-06-20T00:00:00.000Z""",VNINDEX,1105.75,1111.72,1102.58,1112.05,593009197.00
"""2023-06-19T00:00:00.000Z""",VNINDEX,1115.68,1105.40,1102.91,1117.23,723615794.00
"""2023-06-16T00:00:00.000Z""",VNINDEX,1121.92,1115.22,1112.51,1128.92,1075388694.00
"""2023-05-25T00:00:00.000Z""",VNINDEX,1062.03,1064.63,1057.91,1065.50,614115098.00
"""2023-05-17T00:00:00.000Z""",VNINDEX,1066.27,1060.44,1060.44,1069.95,762187700.00
"""2023-04-05T00:00:00.000Z""",VNINDEX,1079.06,1080.86,1074.10,1080.86,707497680.00
"""2023-03-27T00:00:00.000Z""",VNINDEX,1048.98,1052.25,1041.99,1053.78,510473100.00
"""2023-03-10T00:00:00.000Z""",VNINDEX,1050.53,1053.00,1046.31,1053.86,456782100.00
"""2022-12-08T00:00:00.000Z""",VNINDEX,1055.21,1050.53,1045.98,1078.09,873712400.00
"""2022-11-25T00:00:00.000Z""",VNINDEX,956.62,971.46,955.53,971.46,554365940.00
"""2022-11-14T00:00:00.000Z""",VNINDEX,939.94,941.04,923.53,945.29,599293000.00
"""2022-11-01T00:00:00.000Z""",VNINDEX,1034.77,1033.75,1027.39,1043.53,575844000.00
"""2022-10-19T00:00:00.000Z""",VNINDEX,1065.08,1060.07,1052.29,1065.99,343358600.00
"""2022-10-06T00:00:00.000Z""",VNINDEX,1105.31,1074.52,1072.57,1106.97,499954800.00
"""2022-09-23T00:00:00.000Z""",VNINDEX,1212.61,1203.28,1201.45,1216.59,443618000.00
"""2022-09-15T00:00:00.000Z""",VNINDEX,1247.34,1245.66,1243.45,1250.93,385727500.00
"""2022-09-07T00:00:00.000Z""",VNINDEX,1274.60,1243.17,1243.17,1275.07,796593600.00
"""2022-08-18T00:00:00.000Z""",VNINDEX,1273.45,1273.66,1268.64,1283.15,558424300.00
"""2022-08-05T00:00:00.000Z""",VNINDEX,1250.25,1252.74,1245.05,1253.75,604391400.00
"""2022-07-25T00:00:00.000Z""",VNINDEX,1191.43,1188.50,1184.32,1198.16,410066000.00
"""2022-07-12T00:00:00.000Z""",VNINDEX,1154.31,1174.82,1153.55,1174.82,475429100.00
"""2022-06-29T00:00:00.000Z""",VNINDEX,1208.22,1218.09,1207.38,1219.32,519299900.00
"""2022-06-16T00:00:00.000Z""",VNINDEX,1227.24,1236.63,1223.00,1246.32,522295400.00
"""2022-06-03T00:00:00.000Z""",VNINDEX,1284.62,1287.98,1276.37,1292.78,430851700.00
"""2022-05-23T00:00:00.000Z""",VNINDEX,1246.56,1218.81,1207.99,1246.58,488979100.00
"""2022-05-18T00:00:00.000Z""",VNINDEX,1240.06,1240.76,1222.92,1249.84,514538800.00
"""2022-05-10T00:00:00.000Z""",VNINDEX,1240.93,1293.56,1232.57,1293.56,600766800.00
"""2022-04-25T00:00:00.000Z""",VNINDEX,1377.75,1310.92,1298.38,1382.13,696873600.00
"""2022-04-12T00:00:00.000Z""",VNINDEX,1487.94,1455.25,1455.25,1490.58,656188800.00
"""2022-03-29T00:00:00.000Z""",VNINDEX,1487.57,1497.76,1487.57,1498.45,692698570.00
"""2022-03-16T00:00:00.000Z""",VNINDEX,1459.68,1459.33,1453.91,1462.98,544662700.00
"""2022-03-03T00:00:00.000Z""",VNINDEX,1492.48,1505.00,1487.69,1505.00,902883400.00
"""2022-02-18T00:00:00.000Z""",VNINDEX,1494.30,1504.84,1492.38,1507.29,672537800.00
"""2022-02-07T00:00:00.000Z""",VNINDEX,1498.80,1497.66,1493.89,1505.69,551698200.00
"""2022-01-18T00:00:00.000Z""",VNINDEX,1440.18,1438.94,1424.65,1452.14,691087800.00
"""2022-01-13T00:00:00.000Z""",VNINDEX,1518.60,1496.05,1495.13,1522.60,977115800.00
"""2022-01-05T00:00:00.000Z""",VNINDEX,1531.50,1522.50,1522.50,1535.82,987083800.00
"""2021-12-21T00:00:00.000Z""",VNINDEX,1474.68,1478.74,1472.43,1486.09,866421100.00
"""2021-12-08T00:00:00.000Z""",VNINDEX,1451.94,1452.87,1447.90,1460.23,732009400.00
"""2021-11-25T00:00:00.000Z""",VNINDEX,1496.41,1500.81,1490.32,1505.36,953098400.00
"""2021-11-12T00:00:00.000Z""",VNINDEX,1464.15,1473.37,1453.22,1474.98,908646000.00
"""2021-11-01T00:00:00.000Z""",VNINDEX,1449.36,1438.97,1435.65,1451.81,1092936400.00
"""2021-10-19T00:00:00.000Z""",VNINDEX,1395.84,1395.33,1388.95,1399.66,605953600.00
"""2021-10-06T00:00:00.000Z""",VNINDEX,1359.63,1362.82,1355.01,1362.82,594012900.00
"""2021-09-23T00:00:00.000Z""",VNINDEX,1357.76,1352.76,1350.60,1361.09,961252500.00
"""2021-09-20T00:00:00.000Z""",VNINDEX,1361.12,1350.48,1349.18,1365.92,852479800.00
"""2021-09-17T00:00:00.000Z""",VNINDEX,1347.49,1352.64,1347.13,1356.38,813151300.00
"""2021-09-16T00:00:00.000Z""",VNINDEX,1351.59,1345.87,1341.24,1353.12,570520600.00
"""2021-09-15T00:00:00.000Z""",VNINDEX,1338.11,1345.83,1334.97,1347.70,645625800.00
"""2021-09-14T00:00:00.000Z""",VNINDEX,1343.38,1339.70,1336.84,1349.13,692214900.00
"""2021-09-13T00:00:00.000Z""",VNINDEX,1348.09,1341.43,1340.50,1350.69,744228400.00
"""2021-09-10T00:00:00.000Z""",VNINDEX,1349.07,1345.31,1345.07,1350.43,559050700.00
"""2021-09-07T00:00:00.000Z""",VNINDEX,1349.13,1341.90,1340.32,1353.66,849578800.00
"""2021-08-27T00:00:00.000Z""",VNINDEX,1293.98,1313.20,1285.16,1313.20,658578200.00
"""2021-08-16T00:00:00.000Z""",VNINDEX,1364.10,1370.96,1361.75,1372.33,798944800.00
"""2021-08-04T00:00:00.000Z""",VNINDEX,1337.72,1334.74,1328.40,1340.76,661800172.00
"""2021-07-02T00:00:00.000Z""",VNINDEX,1422.89,1420.27,1415.82,1424.28,706826827.00
"""2021-05-24T00:00:00.000Z""",VNINDEX,1287.50,1297.98,1287.36,1299.83,715509375.00
"""2021-05-17T00:00:00.000Z""",VNINDEX,1272.55,1258.70,1258.50,1277.83,758271697.00
"""2021-04-05T00:00:00.000Z""",VNINDEX,1245.28,1236.05,1228.18,1245.28,693036071.00
"""2021-03-25T00:00:00.000Z""",VNINDEX,1164.41,1163.10,1154.44,1170.76,690729969.00
"""2021-02-02T00:00:00.000Z""",VNINDEX,1036.95,1075.53,1029.36,1075.53,602465811.00
"""2021-02-01T00:00:00.000Z""",VNINDEX,1062.13,1035.51,1035.51,1074.52,634333751.00
"""2021-01-29T00:00:00.000Z""",VNINDEX,998.33,1056.61,998.33,1076.11,797385652.00
"""2021-01-28T00:00:00.000Z""",VNINDEX,1041.71,1023.94,1022.77,1052.16,767874041.00
"""2021-01-27T00:00:00.000Z""",VNINDEX,1122.41,1097.17,1088.86,1132.99,785702985.00
"""2021-01-26T00:00:00.000Z""",VNINDEX,1164.97,1136.12,1121.03,1166.05,782270801.00
"""2021-01-25T00:00:00.000Z""",VNINDEX,1164.20,1166.05,1162.80,1172.18,707236185.00
"""2021-01-22T00:00:00.000Z""",VNINDEX,1166.77,1166.78,1161.43,1175.72,758315840.00
"""2021-01-21T00:00:00.000Z""",VNINDEX,1146.86,1164.21,1132.66,1164.21,721919685.00
"""2021-01-20T00:00:00.000Z""",VNINDEX,1136.50,1134.68,1098.05,1142.48,839300719.00
"""2021-01-19T00:00:00.000Z""",VNINDEX,1189.91,1131.00,1117.17,1191.94,986187155.00
"""2021-01-18T00:00:00.000Z""",VNINDEX,1198.79,1191.94,1190.33,1200.85,747345059.00
"""2021-01-15T00:00:00.000Z""",VNINDEX,1188.84,1194.20,1188.84,1197.74,783113133.00
"""2021-01-14T00:00:00.000Z""",VNINDEX,1189.48,1187.40,1178.84,1190.50,779343266.00
"""2020-12-30T00:00:00.000Z""",VNINDEX,1099.78,1097.54,1094.91,1108.83,676978950.00
"""2020-12-29T00:00:00.000Z""",VNINDEX,1090.49,1099.49,1087.93,1102.79,678818432.00
"""2020-12-28T00:00:00.000Z""",VNINDEX,1094.37,1091.33,1083.90,1096.11,723543511.00
"""2020-12-25T00:00:00.000Z""",VNINDEX,1068.83,1084.42,1061.83,1084.42,652808639.00
"""2020-12-24T00:00:00.000Z""",VNINDEX,1083.83,1067.52,1046.89,1084.76,757318877.00
"""2020-12-23T00:00:00.000Z""",VNINDEX,1087.89,1078.90,1077.92,1094.09,813169564.00
"""2020-12-22T00:00:00.000Z""",VNINDEX,1081.85,1083.45,1077.06,1084.23,756114347.00
"""2020-12-21T00:00:00.000Z""",VNINDEX,1071.62,1081.08,1070.86,1081.60,713363816.00
"""2020-12-18T00:00:00.000Z""",VNINDEX,1055.75,1067.46,1055.75,1068.56,623638382.00
"""2020-12-17T00:00:00.000Z""",VNINDEX,1065.85,1051.77,1051.42,1066.99,667888063.00
"""2020-12-16T00:00:00.000Z""",VNINDEX,1058.34,1066.99,1057.21,1066.99,591566382.00
"""2020-12-15T00:00:00.000Z""",VNINDEX,1062.02,1055.27,1052.01,1067.45,675180208.00
"""2020-12-14T00:00:00.000Z""",VNINDEX,1048.97,1064.09,1048.97,1064.09,583588995.00
"""2020-12-11T00:00:00.000Z""",VNINDEX,1033.19,1045.96,1030.06,1045.96,463771359.00
"""2020-12-10T00:00:00.000Z""",VNINDEX,1041.65,1030.91,1030.91,1044.10,626451597.00
"""2020-12-09T00:00:00.000Z""",VNINDEX,1031.19,1039.13,1030.24,1039.55,586051690.00
"""2020-12-08T00:00:00.000Z""",VNINDEX,1030.88,1029.26,1025.63,1032.58,527667121.00
"""2020-12-07T00:00:00.000Z""",VNINDEX,1024.34,1029.98,1022.14,1030.41,520278686.00
"""2020-12-04T00:00:00.000Z""",VNINDEX,1020.49,1021.49,1018.67,1025.17,553590343.00
"""2020-12-03T00:00:00.000Z""",VNINDEX,1016.73,1019.80,1014.06,1020.35,518905499.00
"""2020-12-02T00:00:00.000Z""",VNINDEX,1008.77,1014.32,1007.91,1015.86,684524912.00
"""2020-12-01T00:00:00.000Z""",VNINDEX,988.71,1008.87,988.71,1008.87,583307874.00
"""2020-10-22T00:00:00.000Z""",VNINDEX,938.06,949.90,933.78,949.90,365115464.00
"""2020-09-04T00:00:00.000Z""",VNINDEX,896.02,901.54,893.86,903.11,346438791.00
"""2020-07-17T00:00:00.000Z""",VNINDEX,873.48,872.02,871.89,875.07,270682017.00
"""2020-06-01T00:00:00.000Z""",VNINDEX,868.97,878.67,868.97,878.67,476491181.00
"""2020-04-14T00:00:00.000Z""",VNINDEX,769.01,767.41,753.85,769.53,266774993.00
"""2020-04-10T00:00:00.000Z""",VNINDEX,759.08,757.94,751.59,764.36,338401710.00
"""2023-06-26T00:00:00.000Z""",VNINDEX,1130.08,1132.03,1119.95,1134.00,955006794.00
"""2023-06-27T00:00:00.000Z""",VNINDEX,1134.55,1134.33,1128.82,1136.49,641633695.00
"""2023-06-28T00:00:00.000Z""",VNINDEX,1137.18,1138.35,1131.86,1140.56,772865147.00
"""2023-06-29T00:00:00.000Z""",VNINDEX,1139.42,1125.39,1124.76,1140.43,839095975.00
"""2023-07-14T00:00:00.000Z""",VNINDEX,1169.20,1168.40,1156.28,1169.84,973749099.00
"""2023-07-13T00:00:00.000Z""",VNINDEX,1159.88,1165.42,1158.15,1165.57,760650797.00
"""2023-07-12T00:00:00.000Z""",VNINDEX,1154.37,1154.20,1149.28,1157.43,696752095.00
"""2023-07-11T00:00:00.000Z""",VNINDEX,1151.13,1151.77,1149.69,1157.01,851005596.00
"""2023-07-10T00:00:00.000Z""",VNINDEX,1142.61,1149.02,1140.03,1149.07,814696484.00
"""2023-07-07T00:00:00.000Z""",VNINDEX,1124.98,1138.07,1122.94,1138.07,713870698.00
"""2023-07-06T00:00:00.000Z""",VNINDEX,1133.70,1126.22,1122.35,1135.81,870574399.00
"""2023-07-05T00:00:00.000Z""",VNINDEX,1136.64,1134.62,1133.45,1138.67,744832500.00
"""2023-07-04T00:00:00.000Z""",VNINDEX,1127.11,1132.00,1123.49,1132.80,638567697.00
"""2023-07-03T00:00:00.000Z""",VNINDEX,1125.55,1125.50,1121.17,1128.35,502324145.00
"""2023-06-30T00:00:00.000Z""",VNINDEX,1124.30,1120.18,1117.13,1126.33,543454697.00
"""2023-07-20T00:00:00.000Z""",VNINDEX,1171.83,1172.81,1166.62,1176.33,739529609.00
"""2023-07-19T00:00:00.000Z""",VNINDEX,1177.50,1172.98,1171.35,1178.55,798154192.00
"""2023-07-18T00:00:00.000Z""",VNINDEX,1173.23,1174.09,1170.04,1175.70,755412590.00
"""2023-07-17T00:00:00.000Z""",VNINDEX,1171.75,1173.13,1168.77,1174.89,851144583.00
"""2023-07-21T00:00:00.000Z""",VNINDEX,1173.18,1185.90,1172.07,1185.92,896243350.00
"""2023-07-24T00:00:00.000Z""",VNINDEX,1190.74,1190.72,1183.39,1193.22,988719242.00
"""2023-07-25T00:00:00.000Z""",VNINDEX,1194.63,1195.90,1193.34,1199.27,918185103.00
"""2023-07-26T00:00:00.000Z""",VNINDEX,1195.50,1200.84,1195.44,1201.39,848116406.00
"""2023-07-27T00:00:00.000Z""",VNINDEX,1201.69,1197.33,1191.08,1203.69,1079641088.00
"""2023-07-28T00:00:00.000Z""",VNINDEX,1197.32,1207.67,1195.86,1207.68,1045382889.00
"""2023-07-31T00:00:00.000Z""",VNINDEX,1219.66,1222.90,1212.81,1224.81,1123051945.00
"""2023-08-01T00:00:00.000Z""",VNINDEX,1230.19,1217.56,1217.56,1234.50,1206704182.00
"""2023-08-08T00:00:00.000Z""",VNINDEX,1244.35,1242.23,1239.01,1246.22,1115526160.00
"""2023-08-02T00:00:00.000Z""",VNINDEX,1217.17,1220.43,1213.18,1223.04,849432857.00
"""2023-08-03T00:00:00.000Z""",VNINDEX,1219.73,1210.95,1209.06,1222.35,978922034.00
"""2023-08-04T00:00:00.000Z""",VNINDEX,1216.27,1225.98,1214.17,1228.12,1086881576.00
"""2023-08-07T00:00:00.000Z""",VNINDEX,1233.10,1241.42,1230.38,1241.50,1114530607.00
"""2023-08-09T00:00:00.000Z""",VNINDEX,1240.68,1233.99,1231.28,1241.96,1011539367.00
"""2023-08-11T00:00:00.000Z""",VNINDEX,1228.92,1232.21,1213.37,1234.97,983633482.00
"""2023-08-10T00:00:00.000Z""",VNINDEX,1236.31,1220.61,1219.81,1238.19,983409654.00
"""2023-08-14T00:00:00.000Z""",VNINDEX,1237.14,1236.84,1229.04,1239.61,1032951024.00
"""2023-08-15T00:00:00.000Z""",VNINDEX,1239.42,1234.05,1230.58,1239.42,850304943.00
"""2023-08-16T00:00:00.000Z""",VNINDEX,1239.95,1243.26,1235.27,1243.48,865529968.00
"""2023-08-17T00:00:00.000Z""",VNINDEX,1242.58,1233.48,1232.32,1243.98,1052237247.00
"""2023-08-18T00:00:00.000Z""",VNINDEX,1227.02,1177.99,1174.30,1228.98,1645912385.00
"""2023-08-21T00:00:00.000Z""",VNINDEX,1177.01,1179.76,1164.63,1188.16,1000967430.00
"""2023-08-30T00:00:00.000Z""",VNINDEX,1206.10,1213.16,1203.51,1213.52,864553394.00
"""2023-08-22T00:00:00.000Z""",VNINDEX,1183.92,1180.49,1149.13,1184.43,979998015.00
"""2023-08-23T00:00:00.000Z""",VNINDEX,1192.96,1172.56,1168.89,1193.79,653729364.00
"""2023-08-24T00:00:00.000Z""",VNINDEX,1175.20,1189.39,1171.33,1189.99,790037659.00
"""2023-08-25T00:00:00.000Z""",VNINDEX,1188.99,1183.37,1181.42,1192.59,812317338.00
"""2023-08-28T00:00:00.000Z""",VNINDEX,1189.43,1201.72,1189.43,1202.02,763533796.00
"""2023-08-29T00:00:00.000Z""",VNINDEX,1204.75,1204.43,1197.57,1208.78,904317444.00
"""2023-09-07T00:00:00.000Z""",VNINDEX,1248.91,1243.14,1237.05,1255.11,1099760050.00
"""2023-09-06T00:00:00.000Z""",VNINDEX,1237.07,1245.50,1229.89,1245.50,1067479291.00
"""2023-08-31T00:00:00.000Z""",VNINDEX,1216.00,1224.05,1214.39,1224.84,887111303.00
"""2023-09-05T00:00:00.000Z""",VNINDEX,1231.43,1234.98,1228.70,1236.21,983229313.00
"""2023-09-08T00:00:00.000Z""",VNINDEX,1242.28,1241.48,1239.86,1248.10,973557774.00
"""2023-09-11T00:00:00.000Z""",VNINDEX,1250.58,1223.63,1220.24,1251.37,1307560902.00
"""2023-09-12T00:00:00.000Z""",VNINDEX,1227.16,1245.44,1220.85,1245.44,880807003.00
"""2023-09-25T00:00:00.000Z""",VNINDEX,1190.33,1153.20,1147.39,1195.62,994302927.00
"""2023-09-13T00:00:00.000Z""",VNINDEX,1248.94,1238.39,1232.84,1250.61,1191421122.00
"""2023-09-14T00:00:00.000Z""",VNINDEX,1238.19,1223.81,1222.33,1244.21,1159891037.00
"""2023-09-15T00:00:00.000Z""",VNINDEX,1228.87,1227.36,1220.27,1233.87,868066530.00
"""2023-09-18T00:00:00.000Z""",VNINDEX,1225.60,1211.81,1203.88,1226.56,762106882.00
"""2023-09-19T00:00:00.000Z""",VNINDEX,1216.01,1211.50,1199.85,1219.57,881125350.00
"""2023-09-20T00:00:00.000Z""",VNINDEX,1212.70,1226.11,1209.46,1227.81,763033570.00
"""2023-09-21T00:00:00.000Z""",VNINDEX,1226.79,1212.74,1211.65,1227.88,923868903.00
"""2023-09-22T00:00:00.000Z""",VNINDEX,1197.49,1193.05,1174.78,1199.13,1317426114.00
"""2023-09-26T00:00:00.000Z""",VNINDEX,1151.82,1137.96,1136.74,1163.52,957913520.00
"""2023-09-27T00:00:00.000Z""",VNINDEX,1140.43,1153.85,1126.36,1153.85,777264196.00
"""2023-09-28T00:00:00.000Z""",VNINDEX,1153.87,1152.43,1136.99,1155.39,649062289.00
"""2023-09-29T00:00:00.000Z""",VNINDEX,1157.76,1154.15,1149.77,1163.88,535930186.00
"""2023-10-02T00:00:00.000Z""",VNINDEX,1155.59,1155.25,1149.63,1161.48,465544840.00
"""2023-10-03T00:00:00.000Z""",VNINDEX,1145.85,1118.10,1115.15,1146.59,940147219.00
"""2023-10-04T00:00:00.000Z""",VNINDEX,1106.61,1128.67,1106.40,1133.79,646114090.00
"""2023-10-05T00:00:00.000Z""",VNINDEX,1131.35,1113.89,1112.75,1133.12,556515540.00
"""2023-10-17T00:00:00.000Z""",VNINDEX,1145.34,1121.65,1120.00,1147.89,566554902.00
"""2023-10-06T00:00:00.000Z""",VNINDEX,1115.23,1128.54,1107.85,1128.54,586082252.00
"""2023-10-10T00:00:00.000Z""",VNINDEX,1143.60,1143.69,1141.82,1150.34,627949941.00
"""2023-10-09T00:00:00.000Z""",VNINDEX,1130.25,1137.36,1127.03,1137.36,545011858.00
"""2023-10-11T00:00:00.000Z""",VNINDEX,1146.20,1150.81,1138.24,1150.81,496702242.00
"""2023-10-12T00:00:00.000Z""",VNINDEX,1155.12,1151.61,1148.11,1156.73,619606940.00
"""2023-10-13T00:00:00.000Z""",VNINDEX,1145.03,1154.73,1138.99,1155.10,593801349.00
"""2023-10-18T00:00:00.000Z""",VNINDEX,1123.73,1103.40,1088.87,1125.27,930860935.00
"""2023-10-16T00:00:00.000Z""",VNINDEX,1152.69,1141.42,1140.64,1157.46,622999673.00
"""2023-10-19T00:00:00.000Z""",VNINDEX,1102.93,1087.85,1085.50,1103.65,615746621.00
"""2023-10-20T00:00:00.000Z""",VNINDEX,1085.83,1108.03,1073.87,1108.09,592521786.00
"""2023-10-23T00:00:00.000Z""",VNINDEX,1106.56,1093.53,1086.54,1106.80,500481939.00
"""2023-10-24T00:00:00.000Z""",VNINDEX,1095.50,1105.90,1088.17,1107.11,443101606.00
"""2023-10-25T00:00:00.000Z""",VNINDEX,1106.41,1101.66,1100.07,1111.39,482996997.00
"""2023-10-26T00:00:00.000Z""",VNINDEX,1082.81,1055.45,1049.77,1083.12,1129481333.00
"""2023-10-27T00:00:00.000Z""",VNINDEX,1059.41,1060.62,1037.49,1061.59,638920128.00
"""2023-10-30T00:00:00.000Z""",VNINDEX,1054.03,1042.40,1042.01,1060.39,465836938.00
"""2023-11-09T00:00:00.000Z""",VNINDEX,1116.42,1113.89,1111.99,1124.78,996859999.00
"""2023-10-31T00:00:00.000Z""",VNINDEX,1045.60,1028.19,1021.17,1046.17,705937261.00
"""2023-11-01T00:00:00.000Z""",VNINDEX,1029.00,1039.66,1020.01,1041.02,603502197.00
"""2023-11-02T00:00:00.000Z""",VNINDEX,1048.62,1075.47,1045.14,1076.58,735677498.00
"""2023-11-03T00:00:00.000Z""",VNINDEX,1081.35,1076.78,1071.23,1082.23,703784293.00
"""2023-11-06T00:00:00.000Z""",VNINDEX,1082.21,1089.66,1081.01,1089.86,571437296.00
"""2023-11-07T00:00:00.000Z""",VNINDEX,1086.68,1080.29,1075.19,1089.89,535907498.00
"""2023-11-14T00:00:00.000Z""",VNINDEX,1109.08,1109.73,1101.67,1115.60,766022093.00
"""2023-11-08T00:00:00.000Z""",VNINDEX,1079.14,1113.43,1075.80,1113.43,886220198.00
"""2023-11-10T00:00:00.000Z""",VNINDEX,1105.75,1101.68,1100.61,1116.02,945389299.00
"""2023-11-13T00:00:00.000Z""",VNINDEX,1103.66,1100.07,1093.34,1107.91,730190169.00
"""2023-11-15T00:00:00.000Z""",VNINDEX,1124.56,1122.50,1115.77,1132.75,882281198.00
"""2023-11-16T00:00:00.000Z""",VNINDEX,1119.98,1125.53,1114.97,1125.83,605124798.00
"""2023-11-17T00:00:00.000Z""",VNINDEX,1128.14,1101.19,1096.16,1129.84,1175535597.00
"""2023-11-20T00:00:00.000Z""",VNINDEX,1085.74,1103.66,1085.32,1111.26,750883197.00
"""2023-11-21T00:00:00.000Z""",VNINDEX,1112.61,1110.46,1103.79,1112.77,601828500.00
"""2023-11-22T00:00:00.000Z""",VNINDEX,1111.35,1113.82,1103.26,1115.47,812231497.00
"""2023-11-23T00:00:00.000Z""",VNINDEX,1117.71,1088.49,1088.24,1118.54,952327292.00
"""2023-11-24T00:00:00.000Z""",VNINDEX,1090.97,1095.61,1073.31,1095.61,900833627.00
"""2023-11-27T00:00:00.000Z""",VNINDEX,1095.59,1088.06,1085.70,1096.84,507177396.00
"""2023-12-04T00:00:00.000Z""",VNINDEX,1107.74,1120.49,1106.62,1123.96,1038038191.00
"""2023-11-28T00:00:00.000Z""",VNINDEX,1088.60,1095.43,1076.45,1095.54,593255200.00
"""2023-11-29T00:00:00.000Z""",VNINDEX,1097.28,1102.80,1096.33,1105.28,562913100.00
"""2023-11-30T00:00:00.000Z""",VNINDEX,1101.75,1094.13,1089.06,1107.45,659979598.00
"""2023-12-01T00:00:00.000Z""",VNINDEX,1099.18,1102.16,1090.08,1102.20,569333260.00
"""2023-12-05T00:00:00.000Z""",VNINDEX,1122.28,1115.97,1112.92,1124.11,753445896.00
"""2023-12-07T00:00:00.000Z""",VNINDEX,1128.67,1121.49,1109.51,1129.83,1298388733.00
"""2023-12-06T00:00:00.000Z""",VNINDEX,1117.93,1126.43,1116.03,1126.43,776768797.00
"""2023-12-08T00:00:00.000Z""",VNINDEX,1122.09,1124.44,1119.43,1127.46,737605026.00
"""2023-12-11T00:00:00.000Z""",VNINDEX,1127.92,1125.50,1120.32,1129.15,618307398.00
"""2023-12-12T00:00:00.000Z""",VNINDEX,1127.55,1127.63,1123.35,1129.77,539181135.00
"""2023-12-13T00:00:00.000Z""",VNINDEX,1129.94,1114.20,1111.90,1131.21,763976999.00
"""2023-12-25T00:00:00.000Z""",VNINDEX,1104.27,1117.66,1104.27,1118.31,550839599.00
"""2023-12-14T00:00:00.000Z""",VNINDEX,1119.62,1110.13,1107.86,1120.30,603906899.00
"""2023-12-15T00:00:00.000Z""",VNINDEX,1109.55,1102.30,1098.95,1112.79,684449897.00
"""2023-12-18T00:00:00.000Z""",VNINDEX,1103.43,1091.88,1091.45,1103.74,544288558.00
"""2023-12-19T00:00:00.000Z""",VNINDEX,1091.26,1096.30,1082.29,1096.30,561157577.00
"""2023-12-20T00:00:00.000Z""",VNINDEX,1098.10,1100.76,1093.74,1101.89,470477400.00
"""2023-12-21T00:00:00.000Z""",VNINDEX,1095.22,1102.43,1094.47,1102.48,451416808.00
"""2023-12-26T00:00:00.000Z""",VNINDEX,1120.11,1122.25,1117.93,1123.11,575288899.00
"""2023-12-22T00:00:00.000Z""",VNINDEX,1103.08,1103.06,1098.87,1104.65,496287599.00
"""2024-01-02T00:00:00.000Z""",VNINDEX,1136.39,1131.72,1128.69,1139.71,777337193.00
"""2023-12-27T00:00:00.000Z""",VNINDEX,1123.28,1121.99,1121.33,1126.47,570737700.00
"""2023-12-29T00:00:00.000Z""",VNINDEX,1131.75,1129.93,1128.98,1135.05,616484896.00
"""2023-12-28T00:00:00.000Z""",VNINDEX,1122.77,1128.93,1120.50,1130.58,608465999.00
"""2024-01-03T00:00:00.000Z""",VNINDEX,1131.97,1144.17,1128.32,1144.17,657568096.00
"""2024-01-04T00:00:00.000Z""",VNINDEX,1145.49,1150.72,1144.32,1160.08,1141608899.00
"""2024-01-05T00:00:00.000Z""",VNINDEX,1152.32,1154.68,1149.08,1155.84,760268299.00
"""2024-01-18T00:00:00.000Z""",VNINDEX,1164.32,1169.06,1162.62,1169.73,569563599.00
"""2024-01-08T00:00:00.000Z""",VNINDEX,1159.42,1160.19,1155.48,1162.56,814410599.00
"""2024-01-09T00:00:00.000Z""",VNINDEX,1161.71,1158.59,1155.46,1162.83,799457699.00
"""2024-01-10T00:00:00.000Z""",VNINDEX,1158.79,1161.54,1155.94,1166.10,935719400.00
"""2024-01-11T00:00:00.000Z""",VNINDEX,1162.49,1162.22,1157.43,1169.10,782237200.00
"""2024-01-12T00:00:00.000Z""",VNINDEX,1159.25,1154.70,1146.75,1161.91,1037940399.00
"""2024-01-15T00:00:00.000Z""",VNINDEX,1159.37,1154.12,1153.36,1163.75,559640596.00
"""2024-01-16T00:00:00.000Z""",VNINDEX,1150.31,1163.12,1147.71,1163.14,570974548.00
"""2024-01-17T00:00:00.000Z""",VNINDEX,1161.95,1162.53,1160.45,1168.46,694094315.00
"""2024-01-19T00:00:00.000Z""",VNINDEX,1171.50,1181.50,1171.47,1181.90,630781700.00
"""2024-01-23T00:00:00.000Z""",VNINDEX,1183.96,1177.50,1173.78,1184.74,600595696.00
"""2024-01-22T00:00:00.000Z""",VNINDEX,1186.29,1182.86,1175.54,1186.96,770795968.00
"""2024-01-24T00:00:00.000Z""",VNINDEX,1175.58,1172.97,1171.84,1180.30,644055899.00
"""2024-01-25T00:00:00.000Z""",VNINDEX,1173.58,1170.37,1167.87,1173.83,480699499.00
"""2024-01-26T00:00:00.000Z""",VNINDEX,1173.43,1175.67,1173.43,1176.76,498217000.00
"""2024-01-29T00:00:00.000Z""",VNINDEX,1177.23,1175.69,1174.54,1180.46,552811296.00
"""2024-01-30T00:00:00.000Z""",VNINDEX,1176.02,1179.65,1174.13,1179.92,564656361.00
"""2024-02-15T00:00:00.000Z""",VNINDEX,1203.08,1202.50,1198.63,1207.56,843733099.00
"""2024-01-31T00:00:00.000Z""",VNINDEX,1181.62,1164.31,1158.08,1182.53,1022547799.00
"""2024-02-01T00:00:00.000Z""",VNINDEX,1162.78,1173.02,1162.45,1174.50,578639354.00
"""2024-02-02T00:00:00.000Z""",VNINDEX,1173.93,1172.55,1169.47,1178.27,790755931.00
"""2024-02-05T00:00:00.000Z""",VNINDEX,1174.22,1186.06,1173.54,1191.81,769953098.00
"""2024-02-06T00:00:00.000Z""",VNINDEX,1189.13,1188.48,1185.68,1190.92,566198900.00
"""2024-02-21T00:00:00.000Z""",VNINDEX,1231.78,1230.04,1222.92,1234.22,886110399.00
"""2024-02-16T00:00:00.000Z""",VNINDEX,1204.90,1209.70,1204.29,1210.25,783875499.00
"""2024-02-07T00:00:00.000Z""",VNINDEX,1190.51,1198.53,1190.50,1199.52,664714299.00
"""2024-02-19T00:00:00.000Z""",VNINDEX,1213.24,1224.97,1212.58,1225.89,975154797.00
"""2024-02-20T00:00:00.000Z""",VNINDEX,1227.75,1230.06,1222.66,1230.47,843777899.00
"""2024-02-22T00:00:00.000Z""",VNINDEX,1229.85,1227.31,1223.88,1232.09,795021654.00
"""2024-02-23T00:00:00.000Z""",VNINDEX,1230.30,1212.00,1211.55,1240.81,1327429358.00
"""2024-02-26T00:00:00.000Z""",VNINDEX,1212.93,1224.17,1210.52,1225.21,834749896.00
"""2024-02-27T00:00:00.000Z""",VNINDEX,1228.93,1237.46,1226.49,1237.62,916784879.00
"""2024-02-28T00:00:00.000Z""",VNINDEX,1241.67,1254.55,1236.32,1254.55,899521191.00
"""2024-02-29T00:00:00.000Z""",VNINDEX,1259.59,1252.73,1241.99,1264.39,1012951595.00
"""2024-03-12T00:00:00.000Z""",VNINDEX,1235.40,1245.00,1233.14,1248.33,816600017.00
"""2024-03-01T00:00:00.000Z""",VNINDEX,1256.72,1258.28,1247.87,1260.02,890607771.00
"""2024-03-04T00:00:00.000Z""",VNINDEX,1264.07,1261.41,1256.54,1268.25,1060728964.00
"""2024-03-05T00:00:00.000Z""",VNINDEX,1262.89,1269.98,1257.81,1270.08,927988078.00
"""2024-03-06T00:00:00.000Z""",VNINDEX,1269.80,1262.73,1256.30,1277.51,1001224394.00
"""2024-03-07T00:00:00.000Z""",VNINDEX,1263.23,1268.46,1260.24,1269.88,948073679.00
"""2024-03-08T00:00:00.000Z""",VNINDEX,1272.62,1247.35,1244.98,1274.30,1308498300.00
"""2024-03-15T00:00:00.000Z""",VNINDEX,1263.76,1263.78,1252.36,1271.63,1008834596.00
"""2024-03-11T00:00:00.000Z""",VNINDEX,1248.32,1235.49,1233.49,1254.01,922753297.00
"""2024-03-13T00:00:00.000Z""",VNINDEX,1245.25,1270.51,1245.25,1270.62,891469796.00
"""2024-03-14T00:00:00.000Z""",VNINDEX,1276.00,1264.26,1258.67,1276.41,1021280996.00
"""2024-03-18T00:00:00.000Z""",VNINDEX,1266.11,1243.56,1221.67,1269.90,1616423591.00
"""2024-03-19T00:00:00.000Z""",VNINDEX,1246.54,1242.46,1238.92,1249.75,782479595.00
"""2024-03-20T00:00:00.000Z""",VNINDEX,1243.79,1260.08,1235.48,1261.55,858761599.00
"""2024-03-21T00:00:00.000Z""",VNINDEX,1269.96,1276.42,1264.20,1276.72,1135242297.00
"""2024-04-03T00:00:00.000Z""",VNINDEX,1285.30,1271.47,1271.25,1288.95,995560394.00
"""2024-03-22T00:00:00.000Z""",VNINDEX,1281.56,1281.80,1276.38,1291.27,1180760297.00
"""2024-03-25T00:00:00.000Z""",VNINDEX,1278.86,1267.86,1264.51,1286.84,1165944799.00
"""2024-03-26T00:00:00.000Z""",VNINDEX,1267.95,1282.21,1264.42,1282.50,858410797.00
"""2024-03-27T00:00:00.000Z""",VNINDEX,1286.34,1283.09,1276.95,1286.72,803249597.00
"""2024-03-28T00:00:00.000Z""",VNINDEX,1293.03,1290.18,1285.52,1293.90,888387914.00
"""2024-03-29T00:00:00.000Z""",VNINDEX,1292.70,1284.09,1282.38,1292.75,790542597.00
"""2024-04-01T00:00:00.000Z""",VNINDEX,1282.37,1281.52,1274.09,1286.80,899388445.00
"""2024-04-02T00:00:00.000Z""",VNINDEX,1276.38,1287.04,1268.48,1287.04,1031022100.00
"""2024-04-04T00:00:00.000Z""",VNINDEX,1271.87,1268.25,1265.12,1277.62,921606498.00
"""2024-04-08T00:00:00.000Z""",VNINDEX,1255.37,1250.35,1246.87,1258.40,790344900.00
"""2024-04-05T00:00:00.000Z""",VNINDEX,1258.58,1255.11,1253.56,1265.14,1034844955.00
"""2024-04-09T00:00:00.000Z""",VNINDEX,1252.40,1262.82,1247.70,1262.82,648177200.00
"""2024-04-10T00:00:00.000Z""",VNINDEX,1266.48,1258.56,1257.35,1268.72,633149400.00
"""2024-04-11T00:00:00.000Z""",VNINDEX,1249.88,1258.20,1248.11,1261.95,642864295.00
"""2024-04-12T00:00:00.000Z""",VNINDEX,1262.96,1276.60,1259.50,1278.39,696705294.00
"""2024-04-15T00:00:00.000Z""",VNINDEX,1274.02,1216.61,1214.88,1281.81,1317882799.00
"""2024-04-16T00:00:00.000Z""",VNINDEX,1218.64,1215.68,1191.73,1222.45,1214696265.00
"""2024-04-17T00:00:00.000Z""",VNINDEX,1221.47,1193.01,1193.01,1221.47,766171793.00
"""2024-04-19T00:00:00.000Z""",VNINDEX,1180.87,1174.85,1165.99,1190.96,1024630225.00
"""2024-05-03T00:00:00.000Z""",VNINDEX,1222.54,1221.03,1218.33,1225.75,567242736.00
"""2024-04-22T00:00:00.000Z""",VNINDEX,1186.66,1190.22,1181.13,1193.88,615914281.00
"""2024-04-23T00:00:00.000Z""",VNINDEX,1190.56,1177.40,1169.61,1192.80,672941708.00
"""2024-04-24T00:00:00.000Z""",VNINDEX,1186.47,1205.61,1185.13,1207.61,691468850.00
"""2024-04-25T00:00:00.000Z""",VNINDEX,1206.25,1204.97,1200.21,1208.41,489117744.00
"""2024-04-26T00:00:00.000Z""",VNINDEX,1199.83,1209.52,1198.73,1216.59,574398127.00
"""2024-05-02T00:00:00.000Z""",VNINDEX,1212.13,1216.36,1206.28,1216.66,513749523.00
"""2024-05-06T00:00:00.000Z""",VNINDEX,1226.89,1241.58,1224.22,1242.07,666191121.00
"""2024-05-07T00:00:00.000Z""",VNINDEX,1245.50,1248.63,1240.09,1250.72,592468763.00
"""2024-05-08T00:00:00.000Z""",VNINDEX,1243.61,1250.46,1234.76,1251.60,819582331.00
"""2024-05-09T00:00:00.000Z""",VNINDEX,1252.81,1248.64,1243.29,1256.80,638825574.00
"""2024-05-10T00:00:00.000Z""",VNINDEX,1251.78,1244.70,1237.46,1252.29,593428274.00
"""2024-05-13T00:00:00.000Z""",VNINDEX,1248.19,1240.18,1233.56,1249.20,636188640.00
"""2024-05-14T00:00:00.000Z""",VNINDEX,1246.23,1243.28,1240.88,1252.52,529128121.00
"""2024-05-15T00:00:00.000Z""",VNINDEX,1248.61,1254.39,1248.02,1257.92,759157900.00
"""2024-05-16T00:00:00.000Z""",VNINDEX,1264.51,1268.78,1261.19,1271.66,808757789.00
"""2024-05-17T00:00:00.000Z""",VNINDEX,1270.34,1273.11,1266.32,1274.27,830835383.00
"""2024-05-20T00:00:00.000Z""",VNINDEX,1281.50,1277.58,1276.54,1285.19,957648129.00
"""2024-05-23T00:00:00.000Z""",VNINDEX,1265.60,1281.03,1262.29,1281.51,833706141.00
"""2024-05-21T00:00:00.000Z""",VNINDEX,1277.85,1277.14,1267.29,1281.29,840127935.00
"""2024-05-22T00:00:00.000Z""",VNINDEX,1280.26,1266.91,1263.87,1283.06,987225260.00
"""2024-05-28T00:00:00.000Z""",VNINDEX,1272.23,1281.73,1269.37,1281.86,744093359.00
"""2024-05-24T00:00:00.000Z""",VNINDEX,1276.68,1261.93,1250.28,1285.07,1244819730.00
"""2024-05-27T00:00:00.000Z""",VNINDEX,1263.46,1267.68,1257.27,1267.68,598633423.00
"""2024-05-29T00:00:00.000Z""",VNINDEX,1284.74,1272.64,1270.21,1285.63,967107344.00
"""2024-05-30T00:00:00.000Z""",VNINDEX,1264.45,1266.32,1251.80,1269.07,958527286.00
"""2024-05-31T00:00:00.000Z""",VNINDEX,1268.37,1261.72,1260.14,1271.07,617744426.00
"""2024-06-03T00:00:00.000Z""",VNINDEX,1271.65,1280.00,1271.65,1284.48,930986400.00
"""2024-06-04T00:00:00.000Z""",VNINDEX,1285.51,1283.52,1281.38,1289.31,785852881.00
"""2024-06-05T00:00:00.000Z""",VNINDEX,1287.12,1284.35,1283.11,1293.93,810151817.00
"""2024-06-06T00:00:00.000Z""",VNINDEX,1288.79,1283.56,1278.40,1292.02,797930139.00
"""2024-06-07T00:00:00.000Z""",VNINDEX,1289.05,1287.58,1283.13,1293.03,604684619.00
"""2024-06-10T00:00:00.000Z""",VNINDEX,1292.60,1290.67,1287.44,1297.39,778969124.00
"""2024-06-11T00:00:00.000Z""",VNINDEX,1295.03,1284.41,1279.47,1296.41,859300069.00
"""2024-06-14T00:00:00.000Z""",VNINDEX,1303.37,1279.91,1279.50,1305.02,1009516769.00
"""2024-06-12T00:00:00.000Z""",VNINDEX,1285.01,1300.19,1281.71,1301.35,769899483.00
"""2024-06-13T00:00:00.000Z""",VNINDEX,1305.69,1301.51,1297.60,1305.83,829277993.00
"""2024-06-19T00:00:00.000Z""",VNINDEX,1283.00,1279.79,1270.66,1284.14,767813021.00
"""2024-06-17T00:00:00.000Z""",VNINDEX,1282.08,1274.77,1271.97,1283.10,779670600.00
"""2024-06-18T00:00:00.000Z""",VNINDEX,1279.39,1279.50,1278.38,1286.52,633180730.00
"""2024-06-20T00:00:00.000Z""",VNINDEX,1281.82,1282.30,1273.54,1286.54,818093366.00
"""2024-06-21T00:00:00.000Z""",VNINDEX,1285.07,1282.02,1279.44,1288.06,702730242.00
"""2024-06-24T00:00:00.000Z""",VNINDEX,1281.19,1254.12,1250.80,1284.84,1098139814.00
"""2024-06-25T00:00:00.000Z""",VNINDEX,1255.77,1256.56,1250.25,1260.07,547148512.00
"""2024-06-26T00:00:00.000Z""",VNINDEX,1258.95,1261.24,1247.55,1262.67,589076757.00
"""2024-06-27T00:00:00.000Z""",VNINDEX,1260.71,1259.09,1255.12,1262.49,469662451.00
"""2024-06-28T00:00:00.000Z""",VNINDEX,1260.27,1245.32,1240.15,1262.61,671570986.00
"""2024-07-08T00:00:00.000Z""",VNINDEX,1285.34,1283.56,1277.68,1287.14,663998272.00
"""2024-07-01T00:00:00.000Z""",VNINDEX,1246.33,1254.56,1240.07,1254.57,432926586.00
"""2024-07-02T00:00:00.000Z""",VNINDEX,1258.87,1269.79,1257.96,1270.72,470398369.00
"""2024-07-03T00:00:00.000Z""",VNINDEX,1273.26,1276.85,1268.23,1278.14,501940896.00
"""2024-07-04T00:00:00.000Z""",VNINDEX,1278.87,1279.89,1274.58,1283.13,475715968.00
"""2024-07-05T00:00:00.000Z""",VNINDEX,1281.21,1283.04,1276.93,1284.98,589214784.00
"""2024-07-11T00:00:00.000Z""",VNINDEX,1291.14,1283.80,1282.47,1293.32,636609408.00
"""2024-07-09T00:00:00.000Z""",VNINDEX,1286.33,1293.71,1283.62,1294.15,757405952.00
"""2024-07-10T00:00:00.000Z""",VNINDEX,1295.57,1285.94,1282.98,1297.96,678089664.00
"""2024-07-12T00:00:00.000Z""",VNINDEX,1284.57,1280.75,1277.16,1288.67,546826176.00
"""2024-07-15T00:00:00.000Z""",VNINDEX,1284.14,1279.82,1276.34,1286.37,474354976.00
"""2024-07-16T00:00:00.000Z""",VNINDEX,1282.83,1281.18,1279.25,1291.47,637193920.00
"""2024-07-17T00:00:00.000Z""",VNINDEX,1286.22,1268.66,1256.42,1290.76,1174012416.00
"""2024-07-18T00:00:00.000Z""",VNINDEX,1270.95,1274.44,1256.21,1274.86,652387200.00
"""2024-07-19T00:00:00.000Z""",VNINDEX,1275.28,1264.78,1260.68,1279.94,726064320.00
"""2024-07-22T00:00:00.000Z""",VNINDEX,1261.42,1254.64,1245.02,1267.43,834239168.00
"""2024-07-30T00:00:00.000Z""",VNINDEX,1247.23,1245.06,1236.97,1248.73,602295232.00
"""2024-07-23T00:00:00.000Z""",VNINDEX,1256.72,1231.81,1230.51,1258.74,662804160.00
"""2024-07-24T00:00:00.000Z""",VNINDEX,1225.50,1238.47,1218.65,1242.40,658298880.00
"""2024-07-25T00:00:00.000Z""",VNINDEX,1232.92,1233.19,1226.20,1235.67,421018944.00
"""2024-07-26T00:00:00.000Z""",VNINDEX,1235.21,1242.11,1234.05,1242.11,417284768.00
"""2024-07-29T00:00:00.000Z""",VNINDEX,1247.71,1246.60,1243.08,1249.68,464635936.00
"""2024-08-02T00:00:00.000Z""",VNINDEX,1215.67,1236.60,1209.77,1237.28,657668480.00
"""2024-07-31T00:00:00.000Z""",VNINDEX,1247.45,1251.51,1246.30,1255.77,685424896.00
"""2024-08-01T00:00:00.000Z""",VNINDEX,1254.56,1226.96,1222.51,1257.85,852236544.00
"""2024-08-05T00:00:00.000Z""",VNINDEX,1219.05,1188.07,1182.30,1220.99,942539392.00
"""2024-08-06T00:00:00.000Z""",VNINDEX,1197.52,1210.28,1186.74,1213.35,612786944.00
"""2024-08-07T00:00:00.000Z""",VNINDEX,1216.96,1215.88,1205.11,1217.79,510188224.00
"""2024-08-08T00:00:00.000Z""",VNINDEX,1211.83,1208.32,1202.58,1219.97,639430912.00
"""2024-08-19T00:00:00.000Z""",VNINDEX,1259.36,1261.62,1256.45,1263.84,609838080.00
"""2024-08-20T00:00:00.000Z""",VNINDEX,1263.65,1272.55,1263.65,1275.95,772109952.00
"""2024-08-30T00:00:00.000Z""",VNINDEX,1283.61,1283.87,1280.39,1286.84,510780512.00
"""2024-08-21T00:00:00.000Z""",VNINDEX,1272.34,1284.05,1268.91,1284.31,715820928.00
"""2024-08-22T00:00:00.000Z""",VNINDEX,1287.34,1282.78,1280.42,1288.42,612375808.00
"""2024-08-23T00:00:00.000Z""",VNINDEX,1283.22,1285.32,1276.53,1287.43,635702592.00
"""2024-08-26T00:00:00.000Z""",VNINDEX,1289.65,1280.02,1278.87,1290.45,692145152.00
"""2024-08-27T00:00:00.000Z""",VNINDEX,1279.55,1280.56,1274.70,1282.92,589958784.00
"""2024-08-28T00:00:00.000Z""",VNINDEX,1283.41,1281.44,1276.90,1285.72,658163200.00
"""2024-08-29T00:00:00.000Z""",VNINDEX,1281.05,1281.47,1278.80,1288.12,581214528.00
"""2024-09-04T00:00:00.000Z""",VNINDEX,1271.39,1275.80,1268.43,1277.27,588157760.00
"""2024-09-09T00:00:00.000Z""",VNINDEX,1269.83,1267.73,1262.97,1269.92,433845952.00
"""2024-09-05T00:00:00.000Z""",VNINDEX,1276.35,1268.21,1266.05,1282.21,594426368.00
"""2024-09-06T00:00:00.000Z""",VNINDEX,1268.22,1273.96,1262.94,1274.44,514936960.00
"""2024-09-10T00:00:00.000Z""",VNINDEX,1269.83,1255.23,1251.42,1271.83,601503616.00
"""2024-09-11T00:00:00.000Z""",VNINDEX,1254.25,1253.27,1244.79,1256.86,517736128.00
"""2024-09-12T00:00:00.000Z""",VNINDEX,1258.42,1256.35,1253.74,1260.93,381112480.00
"""2024-09-13T00:00:00.000Z""",VNINDEX,1253.48,1251.71,1248.78,1255.23,383574176.00
"""2024-09-16T00:00:00.000Z""",VNINDEX,1251.00,1239.26,1238.29,1255.42,551604096.00
"""2024-09-17T00:00:00.000Z""",VNINDEX,1240.00,1258.95,1238.69,1259.17,460744704.00
"""2024-09-18T00:00:00.000Z""",VNINDEX,1261.23,1264.90,1257.93,1271.77,598424640.00
"""2024-09-19T00:00:00.000Z""",VNINDEX,1268.08,1271.27,1264.82,1271.36,477857088.00
"""2024-09-20T00:00:00.000Z""",VNINDEX,1277.73,1272.04,1272.04,1283.30,840427392.00
"""2024-09-23T00:00:00.000Z""",VNINDEX,1275.15,1268.48,1267.35,1276.99,455722784.00
"""2024-09-26T00:00:00.000Z""",VNINDEX,1290.03,1291.49,1289.15,1298.71,889834240.00
"""2024-09-24T00:00:00.000Z""",VNINDEX,1268.25,1276.99,1266.68,1278.24,493764672.00
"""2024-09-25T00:00:00.000Z""",VNINDEX,1282.48,1287.48,1280.48,1288.44,904057856.00
"""2024-10-01T00:00:00.000Z""",VNINDEX,1290.68,1292.20,1290.68,1302.22,922549888.00
"""2024-09-27T00:00:00.000Z""",VNINDEX,1295.03,1290.92,1287.21,1300.31,874903616.00
"""2024-09-30T00:00:00.000Z""",VNINDEX,1290.17,1287.94,1283.92,1292.03,693267008.00
"""2024-10-02T00:00:00.000Z""",VNINDEX,1289.65,1287.84,1285.14,1293.69,771123968.00
"""2024-10-03T00:00:00.000Z""",VNINDEX,1288.45,1278.10,1276.51,1299.36,1043697920.00
"""2024-10-04T00:00:00.000Z""",VNINDEX,1278.90,1270.60,1269.72,1279.33,610071040.00
"""2024-10-07T00:00:00.000Z""",VNINDEX,1275.59,1269.93,1264.65,1278.61,542585280.00
"""2024-10-08T00:00:00.000Z""",VNINDEX,1271.98,1271.98,1266.94,1275.82,650356224.00
"""2024-10-09T00:00:00.000Z""",VNINDEX,1273.96,1281.85,1273.04,1283.01,643343744.00
"""2024-10-10T00:00:00.000Z""",VNINDEX,1289.61,1286.36,1284.23,1294.33,665299904.00
"""2024-10-18T00:00:00.000Z""",VNINDEX,1291.16,1285.46,1284.52,1294.10,607856960.00
"""2024-10-11T00:00:00.000Z""",VNINDEX,1287.66,1288.39,1283.56,1289.37,479872800.00
"""2024-10-14T00:00:00.000Z""",VNINDEX,1296.54,1286.34,1285.26,1297.67,670466112.00
"""2024-10-15T00:00:00.000Z""",VNINDEX,1287.81,1281.08,1279.40,1294.05,675124544.00
"""2024-10-16T00:00:00.000Z""",VNINDEX,1279.86,1279.48,1276.40,1283.33,482243072.00
"""2024-10-17T00:00:00.000Z""",VNINDEX,1282.65,1286.52,1271.82,1286.52,617838656.00
"""2024-10-23T00:00:00.000Z""",VNINDEX,1270.58,1270.90,1263.26,1273.21,535847392.00
"""2024-10-21T00:00:00.000Z""",VNINDEX,1284.17,1279.77,1278.25,1287.71,580256640.00
"""2024-10-22T00:00:00.000Z""",VNINDEX,1280.21,1269.89,1265.44,1280.21,728502976.00
"""2024-10-24T00:00:00.000Z""",VNINDEX,1271.17,1257.41,1254.82,1274.11,592565312.00
"""2024-10-25T00:00:00.000Z""",VNINDEX,1260.94,1252.72,1250.48,1261.72,525129696.00
"""2024-10-28T00:00:00.000Z""",VNINDEX,1252.76,1254.77,1250.94,1255.18,400508448.00
"""2024-10-29T00:00:00.000Z""",VNINDEX,1258.03,1261.78,1257.43,1262.38,490886528.00
"""2024-10-30T00:00:00.000Z""",VNINDEX,1263.57,1258.63,1255.07,1264.84,475263328.00
"""2024-10-31T00:00:00.000Z""",VNINDEX,1260.23,1264.48,1255.55,1267.88,469095008.00
"""2024-11-01T00:00:00.000Z""",VNINDEX,1262.39,1254.89,1254.33,1264.67,537480704.00
"""2024-11-11T00:00:00.000Z""",VNINDEX,1253.81,1250.32,1241.29,1253.87,712083648.00
"""2024-11-04T00:00:00.000Z""",VNINDEX,1255.92,1244.71,1242.36,1256.96,588217728.00
"""2024-11-05T00:00:00.000Z""",VNINDEX,1244.85,1245.76,1243.55,1248.97,332607136.00
"""2024-11-06T00:00:00.000Z""",VNINDEX,1251.22,1261.28,1250.57,1262.44,502638880.00
"""2024-11-07T00:00:00.000Z""",VNINDEX,1266.61,1259.75,1259.75,1267.09,470366656.00
"""2024-11-08T00:00:00.000Z""",VNINDEX,1262.84,1252.56,1250.77,1264.09,503244960.00
"""2024-11-12T00:00:00.000Z""",VNINDEX,1251.79,1244.82,1242.91,1257.02,516346112.00
"""2024-11-13T00:00:00.000Z""",VNINDEX,1242.94,1246.04,1234.62,1247.04,587703552.00
"""2024-11-15T00:00:00.000Z""",VNINDEX,1229.36,1218.57,1217.03,1229.59,668031232.00
"""2024-11-14T00:00:00.000Z""",VNINDEX,1243.85,1231.89,1231.69,1247.07,555483264.00
"""2024-11-18T00:00:00.000Z""",VNINDEX,1218.30,1217.12,1204.60,1225.38,555956992.00
"""2024-11-19T00:00:00.000Z""",VNINDEX,1220.68,1205.15,1205.15,1221.40,437479200.00
"""2024-11-20T00:00:00.000Z""",VNINDEX,1203.71,1216.54,1197.99,1222.73,649274176.00
"""2024-11-21T00:00:00.000Z""",VNINDEX,1217.30,1228.33,1214.06,1228.55,427350368.00
"""2024-11-22T00:00:00.000Z""",VNINDEX,1228.95,1228.10,1226.33,1233.42,453742400.00
"""2024-11-25T00:00:00.000Z""",VNINDEX,1229.39,1234.70,1229.02,1236.57,409493312.00
"""2024-12-03T00:00:00.000Z""",VNINDEX,1251.43,1249.83,1244.91,1253.83,477509696.00
"""2024-11-26T00:00:00.000Z""",VNINDEX,1235.63,1242.13,1235.22,1246.83,503889888.00
"""2024-11-27T00:00:00.000Z""",VNINDEX,1241.36,1241.97,1239.23,1245.34,366063072.00
"""2024-11-28T00:00:00.000Z""",VNINDEX,1246.37,1242.11,1240.91,1250.46,414791392.00
"""2024-11-29T00:00:00.000Z""",VNINDEX,1242.51,1250.46,1241.00,1250.92,427946688.00
"""2024-12-02T00:00:00.000Z""",VNINDEX,1255.73,1251.21,1247.74,1258.05,388759584.00
"""2024-12-06T00:00:00.000Z""",VNINDEX,1270.96,1270.14,1268.58,1276.10,599525376.00
"""2024-12-04T00:00:00.000Z""",VNINDEX,1247.34,1240.41,1238.83,1247.78,505237504.00
"""2024-12-05T00:00:00.000Z""",VNINDEX,1241.81,1267.53,1238.49,1269.18,839974272.00
"""2024-12-09T00:00:00.000Z""",VNINDEX,1271.46,1273.84,1268.69,1277.69,584652288.00
"""2024-12-10T00:00:00.000Z""",VNINDEX,1274.29,1272.07,1270.32,1277.32,499629216.00
"""2024-12-11T00:00:00.000Z""",VNINDEX,1273.23,1268.86,1264.15,1276.67,501800448.00
"""2024-12-12T00:00:00.000Z""",VNINDEX,1270.86,1267.35,1265.99,1275.64,487930464.00
"""2024-12-13T00:00:00.000Z""",VNINDEX,1264.98,1262.57,1260.48,1266.55,395226304.00
"""2024-12-16T00:00:00.000Z""",VNINDEX,1264.03,1263.79,1258.65,1267.10,385861312.00
"""2024-12-17T00:00:00.000Z""",VNINDEX,1264.91,1261.72,1260.60,1265.45,358215584.00
"""2024-12-18T00:00:00.000Z""",VNINDEX,1262.57,1266.00,1261.49,1266.53,391882496.00
"""2024-12-19T00:00:00.000Z""",VNINDEX,1256.90,1254.67,1249.39,1259.76,662711040.00
"""2024-12-20T00:00:00.000Z""",VNINDEX,1255.60,1257.50,1253.90,1259.00,447064864.00
"""2024-12-25T00:00:00.000Z""",VNINDEX,1260.81,1274.04,1260.81,1283.09,724345664.00
"""2024-12-23T00:00:00.000Z""",VNINDEX,1262.45,1262.76,1261.62,1265.20,384648128.00
"""2024-12-24T00:00:00.000Z""",VNINDEX,1263.03,1260.36,1253.78,1263.05,520744512.00
"""2024-12-30T00:00:00.000Z""",VNINDEX,1273.75,1272.02,1267.28,1274.15,452946944.00
"""2024-12-26T00:00:00.000Z""",VNINDEX,1275.68,1272.87,1271.72,1277.17,502071776.00
"""2024-12-27T00:00:00.000Z""",VNINDEX,1275.56,1275.14,1272.23,1277.89,590029760.00
"""2024-12-31T00:00:00.000Z""",VNINDEX,1272.25,1266.78,1262.81,1272.46,407171776.00
"""2025-01-02T00:00:00.000Z""",VNINDEX,1268.96,1269.71,1263.25,1271.13,371654592.00
"""2025-01-03T00:00:00.000Z""",VNINDEX,1268.74,1254.59,1254.59,1269.01,504666624.00
"""2025-01-06T00:00:00.000Z""",VNINDEX,1254.79,1246.35,1244.87,1260.37,515112768.00
"""2025-01-07T00:00:00.000Z""",VNINDEX,1249.19,1246.95,1243.06,1254.09,506059104.00
"""2025-01-08T00:00:00.000Z""",VNINDEX,1246.16,1251.02,1239.67,1251.02,367525440.00
"""2025-01-09T00:00:00.000Z""",VNINDEX,1250.56,1245.77,1242.90,1253.26,290493056.00
"""2025-01-17T00:00:00.000Z""",VNINDEX,1242.38,1249.11,1239.63,1249.11,356902720.00
"""2025-01-10T00:00:00.000Z""",VNINDEX,1245.68,1230.48,1230.48,1247.80,474210880.00
"""2025-01-13T00:00:00.000Z""",VNINDEX,1226.66,1235.65,1220.87,1235.65,434026592.00
"""2025-01-14T00:00:00.000Z""",VNINDEX,1234.77,1229.07,1226.70,1235.54,322277952.00
"""2025-01-15T00:00:00.000Z""",VNINDEX,1233.29,1236.18,1231.13,1237.46,392612608.00
"""2025-01-16T00:00:00.000Z""",VNINDEX,1241.74,1242.36,1235.56,1245.40,401866528.00
"""2025-01-22T00:00:00.000Z""",VNINDEX,1248.26,1242.53,1242.53,1249.14,400258912.00
"""2025-01-20T00:00:00.000Z""",VNINDEX,1250.03,1249.55,1247.50,1253.02,356668096.00
"""2025-01-21T00:00:00.000Z""",VNINDEX,1252.75,1246.09,1243.08,1254.17,379222528.00
"""2025-01-23T00:00:00.000Z""",VNINDEX,1245.59,1259.63,1244.77,1263.59,495614624.00
"""2025-01-24T00:00:00.000Z""",VNINDEX,1259.26,1265.05,1258.46,1265.38,517823840.00
"""2025-02-03T00:00:00.000Z""",VNINDEX,1259.09,1253.03,1249.78,1259.09,505535296.00
"""2025-02-04T00:00:00.000Z""",VNINDEX,1256.91,1264.68,1255.44,1264.68,584526208.00
"""2025-02-05T00:00:00.000Z""",VNINDEX,1268.43,1269.61,1266.18,1271.80,533621760.00
"""2025-02-06T00:00:00.000Z""",VNINDEX,1273.58,1271.48,1268.28,1275.47,537101440.00
"""2025-02-07T00:00:00.000Z""",VNINDEX,1271.98,1275.20,1269.11,1279.35,549313152.00
"""2025-02-10T00:00:00.000Z""",VNINDEX,1272.27,1263.26,1263.26,1274.47,722097216.00
"""2025-02-11T00:00:00.000Z""",VNINDEX,1265.44,1268.45,1263.11,1268.45,571766976.00
"""2025-02-12T00:00:00.000Z""",VNINDEX,1270.83,1266.91,1266.59,1272.86,461572864.00
"""2025-02-13T00:00:00.000Z""",VNINDEX,1267.25,1270.35,1263.85,1270.67,471455488.00
"""2025-02-14T00:00:00.000Z""",VNINDEX,1277.52,1276.08,1274.00,1280.60,612730560.00
"""2025-02-17T00:00:00.000Z""",VNINDEX,1277.12,1272.72,1272.72,1278.49,739384000.00
"""2025-02-18T00:00:00.000Z""",VNINDEX,1274.05,1278.14,1272.19,1283.34,630727808.00
"""2025-02-26T00:00:00.000Z""",VNINDEX,1305.16,1302.96,1301.04,1306.49,710467328.00
"""2025-02-19T00:00:00.000Z""",VNINDEX,1280.60,1288.56,1278.92,1288.56,736572672.00
"""2025-02-20T00:00:00.000Z""",VNINDEX,1292.94,1292.98,1290.84,1295.82,713812160.00
"""2025-02-21T00:00:00.000Z""",VNINDEX,1295.78,1296.75,1290.98,1297.07,667595072.00
"""2025-02-24T00:00:00.000Z""",VNINDEX,1298.39,1304.56,1294.69,1304.56,807662784.00
"""2025-02-25T00:00:00.000Z""",VNINDEX,1306.86,1303.16,1298.54,1309.97,827866432.00
"""2025-02-27T00:00:00.000Z""",VNINDEX,1307.31,1307.80,1296.43,1307.87,846430144.00
"""2025-03-03T00:00:00.000Z""",VNINDEX,1306.97,1309.37,1304.30,1309.77,801877824.00
"""2025-02-28T00:00:00.000Z""",VNINDEX,1307.14,1305.36,1300.66,1308.77,752261248.00
"""2025-03-04T00:00:00.000Z""",VNINDEX,1306.82,1311.91,1298.28,1313.21,1006327936.00
"""2025-03-05T00:00:00.000Z""",VNINDEX,1312.84,1304.71,1303.18,1319.52,979928960.00
"""2025-03-06T00:00:00.000Z""",VNINDEX,1308.02,1318.22,1307.91,1318.22,983977920.00
"""2025-03-07T00:00:00.000Z""",VNINDEX,1320.08,1326.05,1318.71,1327.07,892233472.00
"""2025-03-10T00:00:00.000Z""",VNINDEX,1331.60,1330.28,1326.51,1335.87,856953536.00
"""2025-03-11T00:00:00.000Z""",VNINDEX,1319.17,1332.54,1315.92,1332.54,847436224.00
"""2025-03-12T00:00:00.000Z""",VNINDEX,1337.63,1334.41,1331.75,1342.91,851268992.00
"""2025-03-13T00:00:00.000Z""",VNINDEX,1335.66,1326.27,1323.61,1340.91,997593152.00
"""2025-03-14T00:00:00.000Z""",VNINDEX,1325.84,1326.15,1324.26,1333.30,940130112.00
"""2025-03-17T00:00:00.000Z""",VNINDEX,1330.62,1336.26,1329.05,1336.29,837533184.00
"""2025-03-18T00:00:00.000Z""",VNINDEX,1340.16,1330.97,1329.11,1341.65,810146560.00
"""2025-03-19T00:00:00.000Z""",VNINDEX,1330.40,1324.63,1320.85,1330.70,835603392.00
"""2025-03-20T00:00:00.000Z""",VNINDEX,1326.80,1323.93,1316.11,1332.41,821245248.00
"""2025-03-21T00:00:00.000Z""",VNINDEX,1324.00,1321.88,1314.51,1325.22,714329792.00
"""2025-03-24T00:00:00.000Z""",VNINDEX,1322.90,1330.32,1316.73,1330.38,794981632.00
"""2025-03-25T00:00:00.000Z""",VNINDEX,1335.29,1331.92,1329.31,1337.60,825911360.00
"""2025-03-26T00:00:00.000Z""",VNINDEX,1333.33,1326.09,1323.69,1338.55,734831104.00
"""2025-03-27T00:00:00.000Z""",VNINDEX,1325.98,1323.81,1321.01,1328.82,564278784.00
"""2025-03-28T00:00:00.000Z""",VNINDEX,1324.42,1317.46,1315.72,1325.34,636613248.00
"""2025-03-31T00:00:00.000Z""",VNINDEX,1313.51,1306.86,1303.50,1314.09,753141504.00
"""2025-04-01T00:00:00.000Z""",VNINDEX,1313.03,1317.33,1308.06,1317.46,550211840.00
"""2025-04-11T00:00:00.000Z""",VNINDEX,1185.86,1222.46,1180.59,1222.54,1697947904.00
"""2025-04-02T00:00:00.000Z""",VNINDEX,1321.53,1317.83,1316.20,1324.46,709130112.00
"""2025-04-03T00:00:00.000Z""",VNINDEX,1272.87,1229.84,1229.41,1277.90,1716843392.00
"""2025-04-04T00:00:00.000Z""",VNINDEX,1159.33,1210.67,1158.17,1210.78,1873633920.00
"""2025-04-08T00:00:00.000Z""",VNINDEX,1173.14,1132.79,1130.98,1174.40,1055789504.00
"""2025-04-09T00:00:00.000Z""",VNINDEX,1073.61,1094.30,1073.61,1141.35,1518648960.00
"""2025-04-10T00:00:00.000Z""",VNINDEX,1166.09,1168.34,1165.86,1168.40,280341216.00
"""2025-04-14T00:00:00.000Z""",VNINDEX,1235.01,1241.44,1226.06,1242.94,983147328.00
"""2025-04-15T00:00:00.000Z""",VNINDEX,1232.64,1227.79,1221.75,1246.21,1004326400.00
"""2025-04-16T00:00:00.000Z""",VNINDEX,1225.29,1210.30,1204.25,1233.84,762316480.00
"""2025-04-17T00:00:00.000Z""",VNINDEX,1201.63,1217.25,1197.50,1217.73,697587584.00
"""2025-04-18T00:00:00.000Z""",VNINDEX,1228.37,1219.12,1217.01,1234.67,1039406272.00
"""2025-04-21T00:00:00.000Z""",VNINDEX,1220.38,1207.07,1201.63,1222.77,819132992.00
"""2025-04-22T00:00:00.000Z""",VNINDEX,1201.38,1197.13,1136.98,1203.82,1615665408.00
"""2025-04-23T00:00:00.000Z""",VNINDEX,1215.65,1211.00,1202.27,1216.28,786534080.00
"""2025-04-24T00:00:00.000Z""",VNINDEX,1214.78,1223.35,1210.37,1224.50,741425984.00
"""2025-05-06T00:00:00.000Z""",VNINDEX,1244.30,1241.95,1240.75,1251.02,714913024.00
"""2025-04-25T00:00:00.000Z""",VNINDEX,1227.16,1229.23,1215.36,1230.72,787289920.00
"""2025-04-28T00:00:00.000Z""",VNINDEX,1234.30,1226.80,1222.56,1234.30,576313024.00
"""2025-04-29T00:00:00.000Z""",VNINDEX,1227.25,1226.30,1222.30,1229.10,561660992.00
"""2025-05-07T00:00:00.000Z""",VNINDEX,1241.10,1250.37,1240.67,1250.79,694017024.00
"""2025-05-05T00:00:00.000Z""",VNINDEX,1233.97,1240.05,1228.50,1241.51,547494400.00
"""2025-05-08T00:00:00.000Z""",VNINDEX,1255.34,1269.80,1253.31,1271.44,775669504.00
"""2025-05-13T00:00:00.000Z""",VNINDEX,1292.75,1293.43,1285.53,1294.06,874219904.00
"""2025-05-09T00:00:00.000Z""",VNINDEX,1274.50,1267.30,1264.87,1275.47,684251840.00
"""2025-05-12T00:00:00.000Z""",VNINDEX,1272.66,1283.26,1267.70,1283.86,824775424.00
"""2025-05-14T00:00:00.000Z""",VNINDEX,1295.30,1309.73,1294.66,1312.10,886462656.00
"""2025-05-15T00:00:00.000Z""",VNINDEX,1314.19,1313.20,1301.61,1316.54,1039926016.00
"""2025-05-16T00:00:00.000Z""",VNINDEX,1314.25,1301.39,1299.10,1316.53,838342976.00
"""2025-05-19T00:00:00.000Z""",VNINDEX,1293.61,1296.29,1291.66,1306.20,810582080.00
"""2025-05-20T00:00:00.000Z""",VNINDEX,1298.62,1315.15,1298.62,1316.67,850424000.00
"""2025-05-21T00:00:00.000Z""",VNINDEX,1329.83,1323.05,1313.13,1331.60,983525568.00
"""2025-05-22T00:00:00.000Z""",VNINDEX,1319.97,1313.84,1312.82,1331.93,1109475712.00
"""2025-05-23T00:00:00.000Z""",VNINDEX,1313.93,1314.46,1308.62,1320.07,633547648.00
"""2025-05-26T00:00:00.000Z""",VNINDEX,1317.01,1332.51,1288.86,1332.60,955740160.00
"""2025-05-27T00:00:00.000Z""",VNINDEX,1338.09,1339.81,1329.60,1339.84,1047280768.00
"""2025-05-28T00:00:00.000Z""",VNINDEX,1344.08,1341.87,1337.18,1348.05,893944768.00
"""2025-06-02T00:00:00.000Z""",VNINDEX,1330.71,1336.30,1322.95,1336.77,857310912.00
"""2025-05-29T00:00:00.000Z""",VNINDEX,1346.54,1341.86,1335.62,1348.31,892927104.00
"""2025-05-30T00:00:00.000Z""",VNINDEX,1343.32,1332.60,1328.74,1344.32,899737216.00
"""2025-06-03T00:00:00.000Z""",VNINDEX,1341.31,1347.25,1339.56,1350.89,1031157120.00
"""2025-06-04T00:00:00.000Z""",VNINDEX,1350.52,1345.74,1341.53,1351.14,945590848.00
"""2025-06-05T00:00:00.000Z""",VNINDEX,1346.33,1342.09,1336.11,1347.14,749053056.00
"""2025-06-06T00:00:00.000Z""",VNINDEX,1339.13,1329.89,1325.25,1341.78,874537600.00
"""2025-06-09T00:00:00.000Z""",VNINDEX,1329.66,1310.57,1309.33,1331.56,715724608.00
"""2025-06-10T00:00:00.000Z""",VNINDEX,1307.74,1316.23,1307.74,1323.61,696281856.00
"""2025-06-11T00:00:00.000Z""",VNINDEX,1322.07,1315.20,1306.18,1322.07,528103712.00
"""2025-06-12T00:00:00.000Z""",VNINDEX,1321.25,1322.99,1316.80,1326.03,809162112.00
"""2025-06-13T00:00:00.000Z""",VNINDEX,1313.08,1315.49,1304.12,1321.00,1158762496.00
"""2025-06-16T00:00:00.000Z""",VNINDEX,1314.05,1338.11,1313.40,1338.72,769102720.00
"""2025-06-17T00:00:00.000Z""",VNINDEX,1343.70,1347.69,1339.39,1353.01,755776768.00
"""2025-06-18T00:00:00.000Z""",VNINDEX,1350.17,1346.83,1341.64,1353.99,756645888.00
"""2025-06-24T00:00:00.000Z""",VNINDEX,1365.69,1366.77,1362.05,1371.24,879661376.00
"""2025-06-19T00:00:00.000Z""",VNINDEX,1346.33,1352.04,1342.08,1353.96,648120640.00
"""2025-06-20T00:00:00.000Z""",VNINDEX,1354.69,1349.35,1341.58,1356.78,772669888.00
"""2025-06-23T00:00:00.000Z""",VNINDEX,1345.24,1358.18,1338.49,1358.43,714948480.00
"""2025-06-25T00:00:00.000Z""",VNINDEX,1369.05,1366.75,1364.09,1371.57,731853120.00
"""2025-06-26T00:00:00.000Z""",VNINDEX,1368.73,1365.67,1360.78,1370.61,593038528.00
"""2025-06-27T00:00:00.000Z""",VNINDEX,1369.13,1371.44,1362.09,1373.28,671149440.00
"""2025-06-30T00:00:00.000Z""",VNINDEX,1375.76,1376.07,1372.03,1377.30,635270336.00
"""2025-07-01T00:00:00.000Z""",VNINDEX,1378.14,1377.84,1369.74,1382.16,724080064.00
"""2025-10-27T00:00:00.000Z""",VNINDEX,1696.45,1652.54,1652.54,1697.16,893873280.00
"""2025-07-02T00:00:00.000Z""",VNINDEX,1377.26,1384.59,1375.26,1384.82,838019584.00
"""2025-07-03T00:00:00.000Z""",VNINDEX,1381.64,1381.96,1377.06,1392.39,1303870720.00
"""2025-07-04T00:00:00.000Z""",VNINDEX,1385.19,1386.97,1379.40,1388.04,813994944.00
"""2025-07-07T00:00:00.000Z""",VNINDEX,1393.34,1402.06,1393.24,1402.45,1219005184.00
"""2025-07-08T00:00:00.000Z""",VNINDEX,1406.80,1415.46,1403.36,1415.76,1165602816.00
"""2025-07-09T00:00:00.000Z""",VNINDEX,1421.12,1431.32,1420.26,1432.29,1414945280.00
"""2025-07-10T00:00:00.000Z""",VNINDEX,1437.18,1445.64,1434.06,1446.16,1064460224.00
"""2025-07-16T00:00:00.000Z""",VNINDEX,1459.87,1475.47,1457.31,1475.55,1210060416.00
"""2025-07-11T00:00:00.000Z""",VNINDEX,1451.12,1457.76,1448.29,1463.91,1225544704.00
"""2025-07-14T00:00:00.000Z""",VNINDEX,1471.40,1470.42,1447.72,1473.93,1253519616.00
"""2025-07-15T00:00:00.000Z""",VNINDEX,1473.80,1460.65,1460.49,1476.32,1321890560.00
"""2025-07-17T00:00:00.000Z""",VNINDEX,1481.79,1490.01,1481.44,1494.36,1402993152.00
"""2025-07-18T00:00:00.000Z""",VNINDEX,1497.53,1497.28,1484.29,1501.20,1452916608.00
"""2025-07-21T00:00:00.000Z""",VNINDEX,1508.60,1485.05,1480.57,1511.96,1369910400.00
"""2025-07-22T00:00:00.000Z""",VNINDEX,1484.15,1509.54,1476.61,1509.67,1218834560.00
"""2025-07-23T00:00:00.000Z""",VNINDEX,1519.58,1512.31,1507.14,1523.37,1433733376.00
"""2025-07-24T00:00:00.000Z""",VNINDEX,1520.25,1521.02,1502.82,1525.32,1380759424.00
"""2025-10-28T00:00:00.000Z""",VNINDEX,1647.73,1680.50,1621.52,1680.50,874339392.00
"""2025-07-25T00:00:00.000Z""",VNINDEX,1521.56,1531.13,1521.52,1534.51,1400537600.00
"""2025-07-28T00:00:00.000Z""",VNINDEX,1541.87,1557.42,1538.72,1558.12,1781675904.00
"""2025-07-29T00:00:00.000Z""",VNINDEX,1562.60,1493.41,1489.93,1564.92,2627237120.00
"""2025-07-30T00:00:00.000Z""",VNINDEX,1502.26,1507.63,1482.45,1512.15,1620021248.00
"""2025-07-31T00:00:00.000Z""",VNINDEX,1521.96,1502.52,1488.30,1522.39,1646585984.00
"""2025-08-01T00:00:00.000Z""",VNINDEX,1506.65,1495.21,1486.59,1509.03,1372238208.00
"""2025-08-07T00:00:00.000Z""",VNINDEX,1587.84,1581.81,1567.72,1587.84,1585652224.00
"""2025-08-04T00:00:00.000Z""",VNINDEX,1493.37,1528.19,1491.11,1528.37,1134334336.00
"""2025-08-05T00:00:00.000Z""",VNINDEX,1547.19,1547.15,1519.08,1584.98,2661398528.00
"""2025-08-06T00:00:00.000Z""",VNINDEX,1558.56,1573.71,1551.60,1574.35,1309870720.00
"""2025-08-08T00:00:00.000Z""",VNINDEX,1589.58,1584.95,1565.45,1589.58,1813387776.00
"""2025-08-12T00:00:00.000Z""",VNINDEX,1603.50,1608.22,1591.18,1608.51,1579431424.00
"""2025-08-11T00:00:00.000Z""",VNINDEX,1590.98,1596.86,1586.21,1601.79,1585505792.00
"""2025-08-13T00:00:00.000Z""",VNINDEX,1615.57,1611.60,1585.54,1616.99,1854263808.00
"""2025-08-14T00:00:00.000Z""",VNINDEX,1628.50,1640.69,1619.76,1641.28,1742824832.00
"""2025-08-15T00:00:00.000Z""",VNINDEX,1658.24,1630.00,1621.27,1665.97,1995265664.00
"""2025-08-18T00:00:00.000Z""",VNINDEX,1640.95,1636.37,1625.61,1642.71,1503457408.00
"""2025-08-19T00:00:00.000Z""",VNINDEX,1646.73,1654.20,1643.04,1665.48,1782297600.00
"""2025-08-20T00:00:00.000Z""",VNINDEX,1662.11,1664.36,1614.60,1665.54,2273623552.00
"""2025-08-21T00:00:00.000Z""",VNINDEX,1675.75,1688.00,1672.26,1693.68,1620819200.00
"""2025-08-22T00:00:00.000Z""",VNINDEX,1680.42,1645.47,1629.49,1689.30,2228012032.00
"""2025-08-25T00:00:00.000Z""",VNINDEX,1659.70,1614.03,1608.53,1660.49,1425722880.00
"""2025-08-26T00:00:00.000Z""",VNINDEX,1611.61,1667.63,1603.73,1667.96,1191716864.00
"""2025-08-27T00:00:00.000Z""",VNINDEX,1678.54,1672.78,1667.48,1696.60,1468003840.00
"""2025-08-28T00:00:00.000Z""",VNINDEX,1679.33,1680.86,1659.68,1684.16,1092184576.00
"""2025-08-29T00:00:00.000Z""",VNINDEX,1689.98,1682.21,1677.83,1694.42,1457692416.00
"""2025-09-03T00:00:00.000Z""",VNINDEX,1682.11,1681.30,1670.39,1685.73,1235931776.00
"""2025-09-04T00:00:00.000Z""",VNINDEX,1687.59,1696.29,1675.95,1696.34,1285664256.00
"""2025-09-05T00:00:00.000Z""",VNINDEX,1705.13,1666.97,1666.97,1711.49,1642948480.00
"""2025-09-08T00:00:00.000Z""",VNINDEX,1660.91,1624.53,1623.43,1667.36,1737612672.00
"""2025-09-09T00:00:00.000Z""",VNINDEX,1629.58,1637.32,1613.01,1637.39,1005102848.00
"""2025-09-10T00:00:00.000Z""",VNINDEX,1646.41,1643.26,1629.29,1646.49,812122688.00
"""2025-09-11T00:00:00.000Z""",VNINDEX,1638.75,1657.75,1605.76,1659.19,1190471552.00
"""2025-09-12T00:00:00.000Z""",VNINDEX,1662.02,1667.26,1653.79,1670.62,996816192.00
"""2025-09-15T00:00:00.000Z""",VNINDEX,1672.59,1684.90,1668.09,1684.90,1115151488.00
"""2025-09-16T00:00:00.000Z""",VNINDEX,1696.87,1680.90,1677.03,1696.87,1219862528.00
"""2025-09-17T00:00:00.000Z""",VNINDEX,1678.26,1670.97,1662.61,1684.62,956832832.00
"""2025-09-18T00:00:00.000Z""",VNINDEX,1675.85,1665.18,1645.64,1679.63,859678528.00
"""2025-09-24T00:00:00.000Z""",VNINDEX,1635.36,1657.46,1619.09,1657.46,933976768.00
"""2025-09-19T00:00:00.000Z""",VNINDEX,1671.24,1658.62,1641.19,1671.77,856244672.00
"""2025-09-22T00:00:00.000Z""",VNINDEX,1656.66,1634.45,1616.02,1659.13,1127907968.00
"""2025-09-23T00:00:00.000Z""",VNINDEX,1635.12,1635.26,1627.58,1643.59,641293504.00
"""2025-09-25T00:00:00.000Z""",VNINDEX,1661.08,1666.09,1654.47,1668.21,900825280.00
"""2025-09-26T00:00:00.000Z""",VNINDEX,1666.68,1660.70,1657.94,1671.43,894236672.00
"""2025-09-30T00:00:00.000Z""",VNINDEX,1667.86,1661.70,1645.97,1676.80,1043243264.00
"""2025-09-29T00:00:00.000Z""",VNINDEX,1659.33,1666.48,1655.03,1674.84,782593152.00
"""2025-10-01T00:00:00.000Z""",VNINDEX,1664.95,1665.05,1658.81,1671.07,661710848.00
"""2025-10-02T00:00:00.000Z""",VNINDEX,1668.04,1652.71,1646.82,1679.73,723959680.00
"""2025-10-29T00:00:00.000Z""",VNINDEX,1685.90,1685.83,1672.00,1695.99,784531136.00
"""2025-10-03T00:00:00.000Z""",VNINDEX,1652.39,1645.82,1637.98,1654.60,811352704.00
"""2025-10-06T00:00:00.000Z""",VNINDEX,1673.16,1695.50,1664.17,1695.50,997796160.00
"""2025-10-07T00:00:00.000Z""",VNINDEX,1703.90,1685.30,1685.30,1703.90,785625088.00
"""2025-10-08T00:00:00.000Z""",VNINDEX,1701.06,1697.83,1680.87,1704.42,1008264832.00
"""2025-10-09T00:00:00.000Z""",VNINDEX,1702.76,1716.47,1699.17,1717.65,1031135552.00
"""2025-10-10T00:00:00.000Z""",VNINDEX,1725.27,1747.55,1721.76,1747.61,981525056.00
"""2025-10-16T00:00:00.000Z""",VNINDEX,1764.51,1766.85,1753.50,1768.51,1075648128.00
"""2025-10-13T00:00:00.000Z""",VNINDEX,1738.23,1765.12,1736.03,1766.77,1205546624.00
"""2025-10-14T00:00:00.000Z""",VNINDEX,1782.97,1761.06,1753.25,1794.58,1471429760.00
"""2025-10-15T00:00:00.000Z""",VNINDEX,1766.12,1757.95,1746.91,1773.73,1099751296.00
"""2025-10-17T00:00:00.000Z""",VNINDEX,1773.17,1731.19,1725.10,1773.17,1219419520.00
"""2025-10-20T00:00:00.000Z""",VNINDEX,1723.59,1636.43,1634.99,1727.11,1629520384.00
"""2025-10-21T00:00:00.000Z""",VNINDEX,1640.80,1663.43,1622.37,1677.11,1510962176.00
"""2025-10-22T00:00:00.000Z""",VNINDEX,1678.82,1678.50,1628.37,1678.82,887273536.00
"""2025-10-23T00:00:00.000Z""",VNINDEX,1680.73,1687.06,1669.78,1698.01,694556352.00
"""2025-10-24T00:00:00.000Z""",VNINDEX,1684.88,1683.18,1660.32,1691.69,903761472.00
"""2025-10-30T00:00:00.000Z""",VNINDEX,1688.83,1669.57,1661.48,1690.69,752924032.00
"""2025-10-31T00:00:00.000Z""",VNINDEX,1669.61,1639.65,1626.86,1669.61,769262272.00
"""2025-11-03T00:00:00.000Z""",VNINDEX,1644.56,1617.00,1617.00,1652.48,959501824.00
"""2025-11-04T00:00:00.000Z""",VNINDEX,1618.02,1651.98,1600.56,1658.93,1126558848.00
"""2025-11-05T00:00:00.000Z""",VNINDEX,1647.46,1654.89,1640.51,1659.58,606833280.00
"""2025-11-06T00:00:00.000Z""",VNINDEX,1656.67,1642.64,1638.12,1658.69,548544576.00
"""2025-11-07T00:00:00.000Z""",VNINDEX,1636.24,1599.10,1595.34,1638.59,810189184.00
"""2025-11-10T00:00:00.000Z""",VNINDEX,1598.02,1580.54,1580.54,1609.49,651877888.00
"""2025-11-11T00:00:00.000Z""",VNINDEX,1585.32,1593.61,1578.42,1597.08,585090624.00
"""2025-11-12T00:00:00.000Z""",VNINDEX,1597.73,1631.86,1596.43,1632.07,672492224.00
"""2025-11-13T00:00:00.000Z""",VNINDEX,1632.64,1631.44,1625.94,1638.98,603559168.00
"""2025-11-14T00:00:00.000Z""",VNINDEX,1627.45,1635.46,1623.03,1638.35,645030720.00
"""2025-11-17T00:00:00.000Z""",VNINDEX,1640.47,1654.42,1640.47,1654.68,645483264.00
"""2025-11-18T00:00:00.000Z""",VNINDEX,1657.43,1659.92,1647.64,1660.41,700820416.00
"""2025-11-19T00:00:00.000Z""",VNINDEX,1659.25,1649.00,1643.04,1661.51,733942336.00
"""2025-11-20T00:00:00.000Z""",VNINDEX,1652.05,1655.99,1647.79,1660.55,584544128.00
"""2025-11-21T00:00:00.000Z""",VNINDEX,1646.36,1654.93,1635.10,1656.84,658732096.00
"""2025-11-24T00:00:00.000Z""",VNINDEX,1656.19,1667.98,1656.01,1674.29,517822656.00
"""2025-11-25T00:00:00.000Z""",VNINDEX,1670.08,1660.36,1655.73,1660.36,769068864.00
"""2025-11-26T00:00:00.000Z""",VNINDEX,1667.31,1680.36,1663.99,1682.17,670415168.00
"""2025-11-27T00:00:00.000Z""",VNINDEX,1686.03,1684.32,1681.08,1695.34,585915136.00
"""2025-11-28T00:00:00.000Z""",VNINDEX,1683.77,1690.99,1679.12,1696.14,616996352.00
"""2025-12-01T00:00:00.000Z""",VNINDEX,1698.98,1701.67,1697.38,1713.77,499244832.00
"""2025-12-02T00:00:00.000Z""",VNINDEX,1704.84,1717.06,1690.36,1719.03,654144000.00
"""2025-12-03T00:00:00.000Z""",VNINDEX,1725.90,1731.77,1714.90,1741.65,680465088.00
"""2025-12-04T00:00:00.000Z""",VNINDEX,1735.41,1737.24,1725.23,1741.71,754948672.00
"""2025-12-05T00:00:00.000Z""",VNINDEX,1748.17,1741.32,1728.14,1758.44,627337856.00
"""2025-12-08T00:00:00.000Z""",VNINDEX,1757.42,1753.74,1746.03,1758.41,583484928.00
"""2025-12-09T00:00:00.000Z""",VNINDEX,1772.03,1747.17,1724.66,1772.03,873723392.00
"""2025-12-10T00:00:00.000Z""",VNINDEX,1749.20,1718.98,1712.93,1749.20,494592576.00
"""2025-12-11T00:00:00.000Z""",VNINDEX,1710.28,1698.90,1693.72,1718.84,481169408.00
"""2025-12-12T00:00:00.000Z""",VNINDEX,1703.33,1646.89,1635.80,1703.33,817240832.00
"""2025-12-15T00:00:00.000Z""",VNINDEX,1645.87,1646.01,1635.86,1665.65,591240064.00
"""2025-12-16T00:00:00.000Z""",VNINDEX,1647.42,1679.18,1629.37,1689.07,736715008.00
"""2025-12-17T00:00:00.000Z""",VNINDEX,1680.18,1673.66,1671.07,1683.95,489816928.00
"""2025-12-18T00:00:00.000Z""",VNINDEX,1675.54,1676.98,1665.21,1676.98,475494400.00
"""2025-12-19T00:00:00.000Z""",VNINDEX,1678.72,1704.31,1677.67,1705.76,650959360.00
"""2025-12-22T00:00:00.000Z""",VNINDEX,1719.86,1751.03,1712.48,1751.16,724631872.00
"""2025-12-29T00:00:00.000Z""",VNINDEX,1733.39,1754.84,1731.63,1754.84,496811104.00
"""2025-12-23T00:00:00.000Z""",VNINDEX,1765.00,1772.15,1763.52,1778.18,708838976.00
"""2025-12-24T00:00:00.000Z""",VNINDEX,1782.71,1782.82,1753.65,1784.98,666179904.00
"""2025-12-25T00:00:00.000Z""",VNINDEX,1779.19,1742.85,1742.69,1805.93,604756800.00
"""2025-12-26T00:00:00.000Z""",VNINDEX,1705.89,1729.80,1687.14,1730.99,916974976.00
"""2025-12-30T00:00:00.000Z""",VNINDEX,1758.45,1766.90,1740.07,1766.90,551550784.00
"""2025-12-31T00:00:00.000Z""",VNINDEX,1760.81,1784.49,1760.14,1787.75,585827840.00
"""2026-01-05T00:00:00.000Z""",VNINDEX,1787.13,1788.40,1775.19,1797.40,798596864.00
"""2026-01-06T00:00:00.000Z""",VNINDEX,1795.57,1816.27,1790.44,1817.06,814944576.00
"""2026-01-07T00:00:00.000Z""",VNINDEX,1832.23,1861.58,1819.17,1861.67,921082880.00
"""2026-01-08T00:00:00.000Z""",VNINDEX,1881.99,1855.56,1850.11,1888.33,1158239872.00
"""2026-01-09T00:00:00.000Z""",VNINDEX,1863.21,1867.90,1853.16,1880.16,1207600768.00
"""2026-01-12T00:00:00.000Z""",VNINDEX,1880.95,1877.33,1868.89,1887.92,1307947392.00
"""2026-01-13T00:00:00.000Z""",VNINDEX,1873.93,1902.93,1871.79,1910.69,1280942592.00
"""2026-01-14T00:00:00.000Z""",VNINDEX,1910.32,1894.44,1870.87,1918.46,1329239424.00
"""2026-01-15T00:00:00.000Z""",VNINDEX,1883.70,1864.80,1845.95,1884.19,1196278016.00
"""2026-01-16T00:00:00.000Z""",VNINDEX,1875.14,1879.13,1873.31,1901.22,970461184.00