signal_date,fill_date,ticker,detector,fill_price,window_id,days_since_buy
2015-01-23,2015-01-26,ACB,A,2567.3136997648203,3,11
2017-03-21,2017-03-22,ACB,A,4340.1024407174245,6,1
2017-06-07,2017-06-08,ACB,A,4583.148177397601,7,13
2017-09-22,2017-09-25,ACB,A,5069.239650757952,8,15
2020-12-09,2020-12-10,ACB,A,10810.374079365332,13,15
2021-03-15,2021-03-16,ACB,A,12537.031050375072,14,10
2021-05-31,2021-06-01,ACB,A,15952.808971285645,16,9
2024-05-24,2024-05-27,ACB,A,20709.92917715031,23,7
2024-09-25,2024-09-26,ACB,A,21976.712328767113,25,1
2025-03-07,2025-03-10,ACB,A,22310.95890410958,26,1
2014-03-24,2014-03-25,ACB,C,2545.4114314477797,1,4
2014-07-03,2014-07-04,ACB,C,2342.247717195812,2,14
2015-01-09,2015-01-12,ACB,C,2402.155206885628,3,1
2015-10-08,2015-10-09,ACB,C,3270.3258391135687,4,1
2016-09-28,2016-09-29,ACB,C,2919.3640417452834,5,2
2017-03-21,2017-03-22,ACB,C,4340.1024407174245,6,1
2017-05-22,2017-05-23,ACB,C,4374.823260243164,7,1
2017-09-22,2017-09-25,ACB,C,5069.239650757952,8,15
2019-07-09,2019-07-10,ACB,C,6571.618895641965,10,4
2020-08-25,2020-08-26,ACB,C,7920.100453979462,12,2
2020-11-26,2020-11-27,ACB,C,10322.405804949536,13,6
2021-03-15,2021-03-16,ACB,C,12537.031050375072,14,10
2021-04-01,2021-04-02,ACB,C,12837.319219246332,15,11
2021-05-20,2021-05-21,ACB,C,14038.471894731369,16,2
2022-12-05,2022-12-06,ACB,C,13841.4077839096,19,1
2023-11-15,2023-11-16,ACB,C,16322.232317584567,21,1
2024-05-16,2024-05-17,ACB,C,19832.389805237162,23,1
2024-06-13,2024-06-14,ACB,C,20639.72602739725,24,2
2024-09-25,2024-09-26,ACB,C,21976.712328767113,25,1
2025-03-07,2025-03-10,ACB,C,22310.95890410958,26,1
2025-06-13,2025-06-16,ACB,C,21000.0,27,19
2017-03-27,2017-03-28,ANV,A,1374.3616363340782,6,5
2017-06-02,2017-06-05,ANV,A,2073.887020096926,7,10
2018-04-06,2018-04-09,ANV,A,9277.915616223065,9,15
2021-06-04,2021-06-07,ANV,A,12127.994269572664,16,13
2014-03-24,2014-03-25,ANV,C,1728.239183414101,1,4
2014-06-25,2014-06-26,ANV,C,1500.839290859614,2,8
2015-10-12,2015-10-13,ANV,C,1431.9696091145486,4,3
2016-09-28,2016-09-29,ANV,C,1119.2406140205667,5,2
2017-03-21,2017-03-22,ANV,C,1364.4859838574262,6,1
2017-05-22,2017-05-23,ANV,C,1891.967106053336,7,1
2017-09-15,2017-09-18,ANV,C,2910.718624697436,8,10
2018-03-28,2018-03-29,ANV,C,8004.476217917939,9,8
2020-04-17,2020-04-20,ANV,C,6985.724699273846,11,1
2020-08-25,2020-08-26,ANV,C,7048.097241231649,12,2
2020-11-23,2020-11-24,ANV,C,9854.861629332747,13,3
2021-03-03,2021-03-04,ANV,C,10352.109394385237,14,2
2021-04-06,2021-04-07,ANV,C,10308.795129136764,15,14
2021-05-20,2021-05-21,ANV,C,10525.366455379133,16,2
2021-10-04,2021-10-05,ANV,C,13622.33642064501,17,13
2021-12-17,2021-12-20,ANV,C,15913.793034814926,18,17
2023-03-28,2023-03-29,ANV,C,14577.906154473965,20,10
2024-05-29,2024-05-30,ANV,C,15354.38230581811,23,10
2024-07-09,2024-07-10,ANV,C,16927.968070078972,24,20
2024-09-26,2024-09-27,ANV,C,15640.488808410993,25,2
2025-05-26,2025-05-27,ANV,C,15827.63578274761,27,5
2019-07-15,2019-07-16,BCM,A,24058.36105317003,10,8
2021-12-15,2021-12-16,BCM,A,60745.014785996944,18,15
2025-03-10,2025-03-11,BCM,A,79227.55417956655,26,2
2019-07-17,2019-07-18,BCM,C,25164.492595844513,10,10
2020-04-17,2020-04-20,BCM,C,21200.85456792761,11,1
2020-11-26,2020-11-27,BCM,C,39947.714922557825,13,6
2021-03-03,2021-03-04,BCM,C,56802.11212764633,14,2
2021-06-15,2021-06-16,BCM,C,51215.0191314844,16,20
2021-10-13,2021-10-14,BCM,C,43549.22655257538,17,20
2021-12-14,2021-12-15,BCM,C,56101.480114368474,18,14
2022-12-21,2022-12-22,BCM,C,75936.23216101712,19,13
2023-12-05,2023-12-06,BCM,C,65549.50427263149,21,15
2024-03-06,2024-03-07,BCM,C,64387.62236528795,22,2
2024-05-20,2024-05-21,BCM,C,61870.21156604361,23,3
2024-06-20,2024-06-21,BCM,C,62547.97601199401,24,7
2025-03-10,2025-03-11,BCM,C,79227.55417956655,26,2
2017-05-22,2017-05-23,BID,A,9718.503168941968,7,1
2014-06-26,2014-06-27,BID,C,6458.716957147771,2,9
2015-01-09,2015-01-12,BID,C,6803.181861528959,3,1
2015-10-12,2015-10-13,BID,C,12237.11572814262,4,3
2016-09-27,2016-09-28,BID,C,8391.165070726367,5,1
2017-03-21,2017-03-22,BID,C,9190.323648890775,6,1
2017-05-22,2017-05-23,BID,C,9718.503168941968,7,1
2017-09-01,2017-09-05,BID,C,11453.458070675355,8,1
2018-03-22,2018-03-23,BID,C,23725.020289256092,9,4
2019-07-04,2019-07-05,BID,C,17807.400286073826,10,1
2020-08-28,2020-08-31,BID,C,22842.61602586623,12,5
2020-11-20,2020-11-23,BID,C,23348.979435306617,13,2
2021-03-18,2021-03-19,BID,C,25834.86782859105,14,13
2021-04-02,2021-04-05,BID,C,26236.74355036913,15,12
2021-05-21,2021-05-24,BID,C,26121.921915575393,16,3
2022-12-28,2022-12-29,BID,C,30466.09644527165,19,18
2023-04-06,2023-04-07,BID,C,33186.28362788519,20,17
2023-11-15,2023-11-16,BID,C,32098.208754839772,21,1
2024-03-20,2024-03-21,BID,C,43484.97693184299,22,12
2024-09-25,2024-09-26,BID,C,41114.55525698689,25,1
2025-03-07,2025-03-10,BID,C,40845.59902200489,26,1
2015-10-16,2015-10-19,BMP,A,30710.12762347412,4,7
2016-09-28,2016-09-29,BMP,A,48181.646520565046,5,2
2020-09-15,2020-09-16,BMP,A,35771.0718651339,12,16
2020-11-27,2020-11-30,BMP,A,38481.72419980284,13,7
2021-03-02,2021-03-03,BMP,A,42131.69838456004,14,1
2024-10-17,2024-10-18,BMP,A,116218.61421788177,25,17
2014-07-04,2014-07-07,BMP,C,16812.403776612864,2,15
2015-01-09,2015-01-12,BMP,C,18600.95736986955,3,1
2015-10-16,2015-10-19,BMP,C,30710.12762347412,4,7
2016-09-28,2016-09-29,BMP,C,48181.646520565046,5,2
2017-03-21,2017-03-22,BMP,C,50093.41158357942,6,1
2017-06-13,2017-06-14,BMP,C,50794.922048489854,7,17
2019-07-04,2019-07-05,BMP,C,23877.190469976853,10,1
2020-04-17,2020-04-20,BMP,C,25788.293105734447,11,1
2020-09-14,2020-09-15,BMP,C,34578.70280296277,12,15
2020-11-20,2020-11-23,BMP,C,36987.28830854836,13,2
2021-03-02,2021-03-03,BMP,C,42131.69838456004,14,1
2021-04-07,2021-04-08,BMP,C,40249.08012084319,15,15
2021-06-15,2021-06-16,BMP,C,40076.84903408515,16,20
2021-11-25,2021-11-26,BMP,C,40076.84903408515,18,1
2022-12-28,2022-12-29,BMP,C,43847.01444033888,19,18
2023-04-07,2023-04-10,BMP,C,47135.540523364296,20,18
2023-11-17,2023-11-20,BMP,C,74820.50142893456,21,3
2024-06-05,2024-06-06,BMP,C,99565.60581213525,23,15
2024-06-20,2024-06-21,BMP,C,96481.71536662664,24,7
2024-09-26,2024-09-27,BMP,C,111813.05643858375,25,2
2025-03-28,2025-03-31,BMP,C,113652.68613192222,26,16
2025-05-20,2025-05-21,BMP,C,140447.0450555881,27,1
2016-10-17,2016-10-18,BSI,A,5990.775231213033,5,15
2017-05-24,2017-05-25,BSI,A,6796.257615241677,7,3
2020-12-07,2020-12-08,BSI,A,7445.039641106026,13,13
2021-05-28,2021-05-31,BSI,A,13117.450796234425,16,8
2024-03-05,2024-03-06,BSI,A,48925.00050098072,22,1
2025-03-28,2025-03-31,BSI,A,53177.08565072306,26,16
2014-03-24,2014-03-25,BSI,C,4676.9029974019495,1,4
2014-07-03,2014-07-04,BSI,C,3857.239585486144,2,14
2015-01-23,2015-01-26,BSI,C,5544.781904136332,3,11
2015-10-20,2015-10-21,BSI,C,4917.980471494833,4,9
2016-09-30,2016-10-03,BSI,C,6041.117880214823,5,4
2017-03-28,2017-03-29,BSI,C,6091.460529216613,6,6
2017-05-22,2017-05-23,BSI,C,6494.201721230936,7,1
2018-04-06,2018-04-09,BSI,C,8244.849613974631,9,15
2020-09-04,2020-09-07,BSI,C,5870.945545557895,12,9
2020-12-02,2020-12-03,BSI,C,6962.884692920111,13,10
2021-03-11,2021-03-12,BSI,C,10990.296613061275,14,8
2021-04-01,2021-04-02,BSI,C,11132.106891939486,15,11
2021-05-20,2021-05-21,BSI,C,11770.253146891431,16,2
2021-10-05,2021-10-06,BSI,C,21834.055937246056,17,14
2023-03-27,2023-03-28,BSI,C,14924.236049108595,20,9
2023-11-20,2023-11-21,BSI,C,38016.047686572856,21,4
2024-03-05,2024-03-06,BSI,C,48925.00050098072,22,1
2024-05-22,2024-05-23,BSI,C,48842.35691905339,23,5
2024-10-01,2024-10-02,BSI,C,46814.015572858756,25,5
2025-03-28,2025-03-31,BSI,C,53177.08565072306,26,16
2016-09-27,2016-09-28,BVH,A,57553.27387883535,5,1
2024-06-05,2024-06-06,BVH,A,45297.27739726023,23,15
2024-07-02,2024-07-03,BVH,A,46016.28180039134,24,15
2014-06-19,2014-06-20,BVH,C,30951.54486810211,2,4
2015-01-28,2015-01-29,BVH,C,28037.53173802634,3,14
2015-10-08,2015-10-09,BVH,C,44670.860620392355,4,1
2016-10-05,2016-10-06,BVH,C,60842.032386197374,5,7
2017-05-26,2017-05-29,BVH,C,49578.034498482455,7,5
2017-09-15,2017-09-18,BVH,C,46859.615953318236,8,10
2018-03-21,2018-03-22,BVH,C,75606.82715872268,9,3
2019-07-10,2019-07-11,BVH,C,71021.60542924788,10,5
2020-05-12,2020-05-13,BVH,C,42583.36443098251,11,16
2020-08-24,2020-08-25,BVH,C,40698.38652860501,12,1
2020-11-19,2020-11-20,BVH,C,49504.47016344938,13,1
2021-04-01,2021-04-02,BVH,C,53225.96005335904,15,11
2021-06-07,2021-06-08,BVH,C,50629.57175807324,16,14
2021-09-22,2021-09-23,BVH,C,51495.034523168506,17,5
2022-12-05,2022-12-06,BVH,C,46989.48328815742,19,1
2023-03-17,2023-03-20,BVH,C,46802.27419139185,20,3
2024-03-07,2024-03-08,BVH,C,43427.86594911933,22,3
2024-05-20,2024-05-21,BVH,C,40647.71559034569,23,3
2024-06-27,2024-06-28,BVH,C,44770.007501630746,24,12
2024-10-10,2024-10-11,BVH,C,42181.59165035873,25,12
2025-05-20,2025-05-21,BVH,C,49249.78571428574,27,1
2019-07-04,2019-07-05,BWE,A,21331.810098800543,10,1
2020-11-24,2020-11-25,BWE,A,23175.135992847932,13,4
2021-06-09,2021-06-10,BWE,A,28122.748788571906,16,16
2024-06-06,2024-06-07,BWE,A,42761.90476190477,23,16
2019-07-04,2019-07-05,BWE,C,21331.810098800543,10,1
2020-04-24,2020-04-27,BWE,C,16724.324943292322,11,6
2020-08-24,2020-08-25,BWE,C,20825.766536528296,12,1
2020-11-19,2020-11-20,BWE,C,21184.144928170273,13,1
2021-03-03,2021-03-04,BWE,C,27293.169178289547,14,2
2021-04-12,2021-04-13,BWE,C,26173.236704408366,15,18
2021-06-01,2021-06-02,BWE,C,25634.009957724833,16,10
2021-09-23,2021-09-24,BWE,C,34510.51178774605,17,6
2021-12-07,2021-12-08,BWE,C,37538.47736527666,18,9
2022-12-09,2022-12-12,BWE,C,37510.76099580871,19,5
2024-03-05,2024-03-06,BWE,C,36658.24370044943,22,1
2024-05-23,2024-05-24,BWE,C,40915.36796536797,23,6
2024-06-26,2024-06-27,BWE,C,45628.896103896106,24,11
2025-05-21,2025-05-22,BWE,C,50439.610389610396,27,2
2017-03-21,2017-03-22,CII,A,28752.218108120167,6,1
2021-03-22,2021-03-23,CII,A,18974.135836532703,14,15
2021-12-16,2021-12-17,CII,A,27937.37791882116,18,16
2014-03-25,2014-03-26,CII,C,17030.159956348074,1,5
2015-01-14,2015-01-15,CII,C,11771.72460140551,3,4
2015-10-28,2015-10-29,CII,C,16150.908590180756,4,15
2016-09-27,2016-09-28,CII,C,20409.030607974433,5,1
2017-03-21,2017-03-22,CII,C,28752.218108120167,6,1
2020-08-24,2020-08-25,CII,C,13602.01087422608,12,1
2020-11-23,2020-11-24,CII,C,13541.867907873035,13,3
2021-03-08,2021-03-09,CII,C,17848.88033702463,14,5
2021-04-01,2021-04-02,CII,C,20565.014301354466,15,11
2021-10-01,2021-10-04,CII,C,14550.717666052687,17,12
2023-03-15,2023-03-16,CII,C,11019.743512423902,20,1
2024-03-05,2024-03-06,CII,C,15544.643611241545,22,1
2024-06-03,2024-06-04,CII,C,14543.844645150992,23,13
2024-09-25,2024-09-26,CII,C,12817.182575193272,25,1
2025-03-17,2025-03-18,CII,C,12451.143692815362,26,7
2025-05-21,2025-05-22,CII,C,13266.908279586023,27,2
2016-09-27,2016-09-28,CMG,A,5593.820551457906,5,1
2019-07-17,2019-07-18,CMG,A,15960.977662104911,10,10
2024-05-23,2024-05-24,CMG,A,51591.572557876956,23,6
2014-03-24,2014-03-25,CMG,C,2402.052354449571,1,4
2014-07-03,2014-07-04,CMG,C,2214.8794437132406,2,14
2015-01-16,2015-01-19,CMG,C,2901.180116413118,3,6
2015-10-16,2015-10-19,CMG,C,4585.73631304009,4,7
2016-09-27,2016-09-28,CMG,C,5593.820551457906,5,1
2017-03-22,2017-03-23,CMG,C,5034.438496312115,6,2
2017-05-25,2017-05-26,CMG,C,5166.057803405242,7,4
2017-09-06,2017-09-07,CMG,C,5953.636968900807,8,3
2018-03-20,2018-03-21,CMG,C,10211.179685033361,9,2
2019-07-17,2019-07-18,CMG,C,15960.977662104911,10,10
2020-05-13,2020-05-14,CMG,C,11938.042087511702,11,17
2020-08-27,2020-08-28,CMG,C,14984.72991192875,12,4
2020-12-04,2020-12-07,CMG,C,14208.902470280766,13,12
2021-03-10,2021-03-11,CMG,C,16238.745680320873,14,7
2021-05-24,2021-05-25,CMG,C,15982.34443273686,16,4
2021-12-01,2021-12-02,CMG,C,26708.463290001437,18,5
2022-12-30,2023-01-03,CMG,C,24995.822501378312,19,20
2023-03-15,2023-03-16,CMG,C,25957.200289892862,20,1
2023-11-21,2023-11-22,CMG,C,31725.467020980166,21,5
2024-03-05,2024-03-06,CMG,C,33780.19631765753,22,1
2024-06-03,2024-06-04,CMG,C,55276.68488343959,23,13
2024-10-10,2024-10-11,CMG,C,43975.67375171417,25,12
2025-06-11,2025-06-12,CMG,C,32722.826086956527,27,17
2017-03-27,2017-03-28,CTD,A,129635.74393339315,6,5
2017-06-14,2017-06-15,CTD,A,131746.0932532391,7,18
2021-12-09,2021-12-10,CTD,A,61202.39703097784,18,11
2023-11-21,2023-11-22,CTD,A,61202.397030977794,21,5
2024-03-13,2024-03-14,CTD,A,70197.29477643968,22,7
2014-03-24,2014-03-25,CTD,C,26680.84497233786,1,4
2014-06-17,2014-06-18,CTD,C,26276.58974548426,2,2
2015-02-05,2015-02-06,CTD,C,24666.420621575882,3,20
2015-10-08,2015-10-09,CTD,C,48675.07002657649,4,1
2017-03-24,2017-03-27,CTD,C,124812.08834517386,6,4
2017-05-25,2017-05-26,CTD,C,127163.62044443077,7,4
2017-09-13,2017-09-14,CTD,C,130115.36877881299,8,8
2019-07-12,2019-07-15,CTD,C,70858.40430558044,10,7
2020-04-17,2020-04-20,CTD,C,40584.48406269959,11,1
2020-08-24,2020-08-25,CTD,C,52621.69732602864,12,1
2020-11-25,2020-11-26,CTD,C,43714.378768237315,13,5
2021-03-09,2021-03-10,CTD,C,54266.125367467015,14,6
2021-10-04,2021-10-05,CTD,C,48961.91762478227,17,13
2021-11-30,2021-12-01,CTD,C,56264.47636143304,18,4
2023-03-22,2023-03-23,CTD,C,26776.048701052805,20,6
2023-11-24,2023-11-27,CTD,C,57956.81537024412,21,8
2024-03-13,2024-03-14,CTD,C,70197.29477643968,22,7
2024-05-17,2024-05-20,CTD,C,66488.05859274406,23,2
2024-06-19,2024-06-20,CTD,C,70753.68020399402,24,6
2024-10-14,2024-10-15,CTD,C,59811.43346209193,25,14
2025-03-31,2025-04-01,CTD,C,80571.30326839587,26,17
2015-01-26,2015-01-27,CTG,A,6966.099197441153,3,12
2017-05-29,2017-05-30,CTG,A,8666.886574594164,7,6
2020-11-19,2020-11-20,CTG,A,15184.27504801713,13,1
2021-03-17,2021-03-18,CTG,A,19252.026471359542,14,12
2021-04-06,2021-04-07,CTG,A,20093.134423991756,15,14
2021-05-24,2021-05-25,CTG,A,24065.033089199427,16,4
2024-09-27,2024-09-30,CTG,A,25306.64275210083,25,3
2025-03-07,2025-03-10,CTG,A,29284.38063725489,26,1
2014-03-24,2014-03-25,CTG,C,6718.080185767544,1,4
2014-06-18,2014-06-19,CTG,C,5988.401064466955,2,3
2015-01-09,2015-01-12,CTG,C,5947.663642259698,3,1
2015-10-08,2015-10-09,CTG,C,8719.605591568281,4,1
2016-09-28,2016-09-29,CTG,C,7443.565748899752,5,2
2017-03-21,2017-03-22,CTG,C,8290.065419177026,6,1
2017-05-22,2017-05-23,CTG,C,8511.724922363577,7,1
2017-09-18,2017-09-19,CTG,C,8445.227071407613,8,11
2018-03-23,2018-03-26,CTG,C,15844.46091967005,9,5
2019-07-11,2019-07-12,CTG,C,9834.49298462279,10,6
2020-08-26,2020-08-27,CTG,C,11200.394788042622,12,3
2020-12-04,2020-12-07,CTG,C,15935.52103989804,13,12
2021-03-03,2021-03-04,CTG,C,18224.005640364616,14,2
2021-04-01,2021-04-02,CTG,C,19392.211130131578,15,11
2021-05-24,2021-05-25,CTG,C,24065.033089199427,16,4
2023-03-15,2023-03-16,CTG,C,17798.34757795974,20,1
2023-11-15,2023-11-16,CTG,C,18381.396895168764,21,1
2024-09-26,2024-09-27,CTG,C,24998.025157563017,25,2
2025-03-07,2025-03-10,CTG,C,29284.38063725489,26,1
2025-05-20,2025-05-21,CTG,C,26952.60325630251,27,1
2019-07-05,2019-07-08,CTR,A,11672.929709683329,10,2
2020-11-19,2020-11-20,CTR,A,32463.29995110561,13,1
2021-10-04,2021-10-05,CTR,A,64183.34638695744,17,13
2023-11-16,2023-11-17,CTR,A,81476.61380096474,21,2
2024-03-11,2024-03-12,CTR,A,109912.32879626592,22,5
2024-06-14,2024-06-17,CTR,A,145562.15370148956,24,3
2018-03-21,2018-03-22,CTR,C,8350.49766141732,9,3
2019-07-04,2019-07-05,CTR,C,11553.002349652335,10,1
2020-09-01,2020-09-03,CTR,C,23517.60724360857,12,7
2020-11-19,2020-11-20,CTR,C,32463.29995110561,13,1
2021-03-02,2021-03-03,CTR,C,54011.72955469911,14,1
2021-05-28,2021-05-31,CTR,C,49510.75209180752,16,8
2021-09-20,2021-09-21,CTR,C,60111.73848467063,17,3
2021-12-13,2021-12-14,CTR,C,63220.96633732601,18,13
2023-03-30,2023-03-31,CTR,C,55353.16628696064,20,12
2023-11-16,2023-11-17,CTR,C,81476.61380096474,21,2
2024-03-11,2024-03-12,CTR,C,109912.32879626592,22,5
2024-06-13,2024-06-14,CTR,C,136291.28770736975,24,2
2024-10-04,2024-10-07,CTR,C,124925.13966480448,25,8
2025-06-11,2025-06-12,CTR,C,95157.82122905029,27,17
2017-03-27,2017-03-28,CTS,A,3420.6515883557913,6,5
2017-05-24,2017-05-25,CTS,A,4104.781906026949,7,3
2020-12-02,2020-12-03,CTS,A,4840.922130889491,13,10
2021-06-02,2021-06-03,CTS,A,11002.09575202157,16,11
2021-11-25,2021-11-26,CTS,A,23904.55349757414,18,1
2024-03-05,2024-03-06,CTS,A,24996.4,22,1
2014-03-24,2014-03-25,CTS,C,4032.768188377366,1,4
2014-07-03,2014-07-04,CTS,C,3040.5791896496016,2,14
2015-01-27,2015-01-28,CTS,C,2965.3148528005468,3,13
2015-10-08,2015-10-09,CTS,C,2734.020794377357,4,1
2016-10-14,2016-10-17,CTS,C,2470.4705915902937,5,14
2017-03-24,2017-03-27,CTS,C,3230.6153890026917,6,4
2017-05-24,2017-05-25,CTS,C,4104.781906026949,7,3
2017-09-07,2017-09-08,CTS,C,4920.937372722372,8,4
2018-03-23,2018-03-26,CTS,C,5782.101412948787,9,5
2020-09-04,2020-09-07,CTS,C,3730.710650458224,12,9
2020-12-01,2020-12-02,CTS,C,4300.819248517523,13,9
2021-03-11,2021-03-12,CTS,C,8451.60991859839,14,8
2021-04-01,2021-04-02,CTS,C,8801.676601617257,15,11
2021-05-24,2021-05-25,CTS,C,8351.590866307284,16,4
2022-12-09,2022-12-12,CTS,C,10557.92,19,5
2023-03-16,2023-03-17,CTS,C,9998.560000000001,20,2
2023-12-04,2023-12-05,CTS,C,19997.120000000003,21,14
2024-03-05,2024-03-06,CTS,C,24996.4,22,1
2024-07-09,2024-07-10,CTS,C,29366.4,24,20
2025-03-20,2025-03-21,CTS,C,28457.440000000002,26,10
2025-05-30,2025-06-02,CTS,C,25870.4,27,9
2020-04-28,2020-04-29,DBC,A,8392.42025229512,11,8
2021-09-17,2021-09-20,DBC,A,22378.869231997982,17,2
2024-03-11,2024-03-12,DBC,A,23003.85146416647,22,5
2024-05-17,2024-05-20,DBC,A,25584.771384536365,23,2
2014-04-08,2014-04-10,DBC,C,3733.8282587848844,1,15
2014-06-18,2014-06-19,DBC,C,3331.008612608922,2,3
2015-01-09,2015-01-12,DBC,C,4643.456992103473,3,1
2015-10-19,2015-10-20,DBC,C,4147.678966040749,4,8
2016-09-27,2016-09-28,DBC,C,8084.624727781206,5,1
2017-03-28,2017-03-29,DBC,C,7161.23815423936,6,6
2017-05-31,2017-06-01,DBC,C,6691.281900367402,7,8
2019-07-11,2019-07-12,DBC,C,6197.225325784056,10,6
2020-05-08,2020-05-11,DBC,C,9104.412584168533,11,14
2020-09-11,2020-09-14,DBC,C,15391.153386880582,12,14
2020-12-10,2020-12-11,DBC,C,13566.070528437143,13,16
2021-03-04,2021-03-05,DBC,C,17419.71181018719,14,3
2021-05-28,2021-05-31,DBC,C,18798.25015487826,16,8
2021-09-17,2021-09-20,DBC,C,22378.869231997982,17,2
2023-04-10,2023-04-11,DBC,C,11221.390958129985,20,19
2023-11-16,2023-11-17,DBC,C,17954.225533007975,21,2
2024-03-08,2024-03-11,DBC,C,22143.54482404317,22,4
2024-05-16,2024-05-17,DBC,C,23864.158104289767,23,1
2024-06-21,2024-06-24,DBC,C,27305.384664782963,24,8
2024-10-01,2024-10-02,DBC,C,25652.54730713245,25,5
2025-06-04,2025-06-05,DBC,C,26174.294032023277,27,12
2020-04-22,2020-04-23,DCM,A,5897.692379687144,11,4
2020-09-14,2020-09-15,DCM,A,7021.06235677041,12,15
2021-03-03,2021-03-04,DCM,A,12184.243597595423,14,2
2021-06-10,2021-06-11,DCM,A,14295.191576510131,16,17
2021-09-30,2021-10-01,DCM,A,20523.105350559654,17,11
2021-12-01,2021-12-02,DCM,A,31170.430682804887,18,5
2024-05-21,2024-05-22,DCM,A,34959.32754401619,23,4
2024-07-08,2024-07-09,DCM,A,38536.47711511789,24,19
2015-11-03,2015-11-04,DCM,C,6469.407457309887,4,19
2016-09-27,2016-09-28,DCM,C,6122.212066041025,5,1
2017-09-19,2017-09-20,DCM,C,8101.225796273554,8,12
2018-04-05,2018-04-06,DCM,C,7667.231557187471,9,14
2019-07-29,2019-07-30,DCM,C,5237.095281899577,10,18
2020-04-20,2020-04-21,DCM,C,5188.565081653333,11,2
2020-08-26,2020-08-27,DCM,C,6431.2931188016955,12,3
2020-11-24,2020-11-25,DCM,C,9147.441241963737,13,4
2021-03-02,2021-03-03,DCM,C,11332.457571015804,14,1
2021-03-31,2021-04-01,DCM,C,13184.16632444976,15,10
2021-05-24,2021-05-25,DCM,C,13036.029624175042,16,4
2021-09-30,2021-10-01,DCM,C,20523.105350559654,17,11
2021-12-21,2021-12-22,DCM,C,31170.430682804887,18,19
2023-11-22,2023-11-23,DCM,C,29222.412254741736,21,6
2024-03-13,2024-03-14,DCM,C,32628.70570774844,22,7
2024-05-16,2024-05-17,DCM,C,33121.72186542046,23,1
2024-07-03,2024-07-04,DCM,C,35514.008321775305,24,16
2024-09-25,2024-09-26,DCM,C,37072.468793342574,25,1
2025-05-22,2025-05-23,DCM,C,31783.14840499306,27,3
2015-10-19,2015-10-20,DGC,A,6345.7885351403365,4,8
2016-09-27,2016-09-28,DGC,A,12264.474736164162,5,1
2020-08-24,2020-08-25,DGC,A,12590.622507013653,12,1
2020-11-20,2020-11-23,DGC,A,15734.206134249922,13,2
2021-03-03,2021-03-04,DGC,A,23617.59719944352,14,2
2021-05-21,2021-05-24,DGC,A,27534.472925459624,16,3
2021-09-17,2021-09-20,DGC,A,58171.42167350625,17,2
2021-12-09,2021-12-10,DGC,A,68254.468096914,18,11
2024-03-07,2024-03-08,DGC,A,113785.03979828936,22,3
2024-06-18,2024-06-19,DGC,A,122645.35027438565,24,5
2015-01-09,2015-01-12,DGC,C,4760.574635494757,3,1
2015-10-19,2015-10-20,DGC,C,6345.7885351403365,4,8
2016-09-27,2016-09-28,DGC,C,12264.474736164162,5,1
2017-06-15,2017-06-16,DGC,C,7102.730586335071,7,19
2019-07-22,2019-07-23,DGC,C,8496.90565911013,10,13
2020-04-17,2020-04-20,DGC,C,6868.881471207594,11,1
2020-08-24,2020-08-25,DGC,C,12590.622507013653,12,1
2020-11-20,2020-11-23,DGC,C,15734.206134249922,13,2
2021-03-03,2021-03-04,DGC,C,23617.59719944352,14,2
2021-04-07,2021-04-08,DGC,C,24258.64626628556,15,15
2021-05-21,2021-05-24,DGC,C,27534.472925459624,16,3
2021-09-17,2021-09-20,DGC,C,58171.42167350625,17,2
2021-12-09,2021-12-10,DGC,C,68254.468096914,18,11
2023-04-05,2023-04-06,DGC,C,48098.95587086015,20,16
2023-11-22,2023-11-23,DGC,C,87484.70309745574,21,6
2024-03-07,2024-03-08,DGC,C,113785.03979828936,22,3
2024-06-18,2024-06-19,DGC,C,122645.35027438565,24,5
2024-10-01,2024-10-02,DGC,C,108282.32066050323,25,5
2025-06-10,2025-06-11,DGC,C,87474.5810055866,27,16
2018-04-10,2018-04-11,DGW,A,5117.476949005661,9,17
2020-08-24,2020-08-25,DGW,A,9892.655866792264,12,1
2020-11-20,2020-11-23,DGW,A,14363.569867939688,13,2
2021-03-12,2021-03-15,DGW,A,24276.45611482764,14,9
2021-09-30,2021-10-01,DGW,A,48312.796887235076,17,11
2024-03-12,2024-03-13,DGW,A,48312.76518375821,22,6
2015-10-16,2015-10-19,DGW,C,4852.256665951172,4,7
2016-09-28,2016-09-29,DGW,C,2572.495132967903,5,2
2017-04-05,2017-04-07,DGW,C,3035.3662295572935,6,12
2017-06-12,2017-06-13,DGW,C,2822.1380233487102,7,16
2017-09-15,2017-09-18,DGW,C,3104.351825683581,8,10
2018-04-02,2018-04-03,DGW,C,4760.006132714824,9,11
2019-07-05,2019-07-08,DGW,C,4321.209188439318,10,2
2020-05-04,2020-05-05,DGW,C,5015.9204409253025,11,10
2020-08-24,2020-08-25,DGW,C,9892.655866792264,12,1
2020-11-20,2020-11-23,DGW,C,14363.569867939688,13,2
2021-03-05,2021-03-08,DGW,C,22860.32950812936,14,4
2021-05-24,2021-05-25,DGW,C,28120.228333008683,16,4
2021-10-01,2021-10-04,DGW,C,48760.514465802546,17,12
2023-12-04,2023-12-05,DGW,C,40122.88741543839,21,14
2024-03-08,2024-03-11,DGW,C,45758.12441198872,22,4
2024-05-17,2024-05-20,DGW,C,48087.355703896195,23,2
2025-03-11,2025-03-12,DGW,C,41071.040723981896,26,3
2025-06-03,2025-06-04,DGW,C,34150.0,27,11
2017-05-29,2017-05-30,DIG,A,5716.28033956599,7,6
2020-12-02,2020-12-03,DIG,A,14154.598936068172,13,10
2021-05-31,2021-06-01,DIG,A,19568.9031565053,16,9
2024-03-18,2024-03-19,DIG,A,26763.06946908695,22,10
2014-03-24,2014-03-25,DIG,C,6113.244252035838,1,4
2014-06-25,2014-06-26,DIG,C,4990.4034710496635,2,8
2015-10-08,2015-10-09,DIG,C,4899.668862485133,4,1
2016-10-12,2016-10-13,DIG,C,3224.3393790364416,5,12
2017-04-11,2017-04-12,DIG,C,4099.644806032484,6,15
2017-05-29,2017-05-30,DIG,C,5716.28033956599,7,6
2017-09-12,2017-09-13,DIG,C,6922.058223693191,8,7
2019-07-17,2019-07-18,DIG,C,7291.376435116041,10,10
2020-05-15,2020-05-18,DIG,C,6607.322550234947,11,19
2020-08-26,2020-08-27,DIG,C,7298.465076410151,12,3
2020-11-25,2020-11-26,DIG,C,11694.131542884446,13,5
2021-03-12,2021-03-15,DIG,C,17693.248670085213,14,9
2021-04-08,2021-04-09,DIG,C,18898.317690083,15,16
2021-05-24,2021-05-25,DIG,C,18471.581484177903,16,4
2021-10-06,2021-10-07,DIG,C,23746.948335250574,17,15
2021-12-16,2021-12-17,DIG,C,64364.86295047022,18,16
2023-04-05,2023-04-06,DIG,C,13662.56858195715,20,16
2024-03-07,2024-03-08,DIG,C,23779.78708884947,22,3
2025-03-14,2025-03-17,DIG,C,18332.05404667668,26,6
2025-06-04,2025-06-05,DIG,C,16725.63805104408,27,12
2015-10-15,2015-10-16,DPM,A,7436.644807661619,4,6
2020-08-26,2020-08-27,DPM,A,5946.15299878952,12,3
2020-12-08,2020-12-09,DPM,A,6745.167308001862,13,14
2021-03-17,2021-03-18,DPM,A,7631.555274975668,14,12
2021-06-10,2021-06-11,DPM,A,8245.14765889331,16,17
2021-10-01,2021-10-04,DPM,A,15320.041802067395,17,12
2014-07-07,2014-07-08,DPM,C,6866.541574665987,2,16
2015-01-09,2015-01-12,DPM,C,7088.731600285641,3,1
2015-10-15,2015-10-16,DPM,C,7436.644807661619,4,6
2017-05-31,2017-06-01,DPM,C,6728.957715385492,7,8
2020-04-20,2020-04-21,DPM,C,5100.091335397935,11,2
2020-08-24,2020-08-25,DPM,C,5908.989542547086,12,1
2020-12-08,2020-12-09,DPM,C,6745.167308001862,13,14
2021-03-02,2021-03-03,DPM,C,7017.962891058026,14,1
2021-04-01,2021-04-02,DPM,C,7861.652418944784,15,11
2021-06-02,2021-06-03,DPM,C,7669.9047989705205,16,11
2021-09-17,2021-09-20,DPM,C,14430.490987753805,17,2
2021-12-21,2021-12-22,DPM,C,21744.575460998883,18,19
2022-12-20,2022-12-21,DPM,C,19580.16847126791,19,12
2023-04-06,2023-04-07,DPM,C,17507.036968284505,20,17
2024-03-07,2024-03-08,DPM,C,18613.84704519121,22,3
2024-05-16,2024-05-17,DPM,C,18351.680185399786,23,1
2024-07-08,2024-07-09,DPM,C,20501.448435689475,24,19
2024-09-25,2024-09-26,DPM,C,20140.208574739307,25,1
2025-03-07,2025-03-10,DPM,C,20472.19003476248,26,1
2025-05-26,2025-05-27,DPM,C,19005.93858632679,27,5
2024-10-01,2024-10-02,DSE,C,22516.168532922613,25,5
2025-06-03,2025-06-04,DSE,C,21384.39673469387,27,11
2015-10-23,2015-10-26,DXG,A,6138.070676267973,4,12
2017-04-03,2017-04-04,DXG,A,8577.092819577072,6,10
2020-12-04,2020-12-07,DXG,A,10027.541203804085,13,12
2021-05-24,2021-05-25,DXG,A,17860.5026828699,16,4
2021-11-25,2021-11-26,DXG,A,22675.0729712957,18,1
2025-05-26,2025-05-27,DXG,A,15000.731707317067,27,5
2014-06-18,2014-06-19,DXG,C,3848.955209540955,2,3
2015-01-15,2015-01-16,DXG,C,3720.6567025562563,3,5
2015-10-15,2015-10-16,DXG,C,5834.205791304212,4,6
2016-10-04,2016-10-05,DXG,C,4895.600924416138,5,6
2017-04-03,2017-04-04,DXG,C,8577.092819577072,6,10
2017-09-27,2017-09-28,DXG,C,9772.29470043453,8,18
2018-03-19,2018-03-20,DXG,C,18056.32671984655,9,1
2019-07-12,2019-07-15,DXG,C,10028.891714403906,10,7
2020-09-16,2020-09-17,DXG,C,6955.1295891705095,12,17
2020-12-01,2020-12-02,DXG,C,9554.862493860457,13,9
2021-03-26,2021-03-29,DXG,C,16003.550608091367,14,19
2021-04-08,2021-04-09,DXG,C,16881.382497986673,15,16
2021-05-21,2021-05-24,DXG,C,16543.75484802694,16,3
2021-09-23,2021-09-24,DXG,C,15375.563179166262,17,6
2021-11-25,2021-11-26,DXG,C,22675.0729712957,18,1
2023-04-03,2023-04-04,DXG,C,10483.338531249725,20,14
2023-11-22,2023-11-23,DXG,C,16618.032931018082,21,6
2024-03-18,2024-03-19,DXG,C,15742.071151157377,22,10
2024-09-25,2024-09-26,DXG,C,13364.362487701314,25,1
2025-03-11,2025-03-12,DXG,C,14359.674796747962,26,3
2025-05-26,2025-05-27,DXG,C,15000.731707317067,27,5
2025-06-06,2025-06-09,DXS,A,8990.0,27,14
2021-10-11,2021-10-12,DXS,C,19705.482831874815,17,18
2021-11-29,2021-11-30,DXS,C,19144.250725903697,18,3
2023-04-11,2023-04-12,DXS,C,5482.2488584474895,20,20
2023-12-06,2023-12-07,DXS,C,8150.0,21,16
2024-03-21,2024-03-22,DXS,C,7390.0,22,13
2024-05-20,2024-05-21,DXS,C,7820.0,23,3
2024-09-25,2024-09-26,DXS,C,6010.0,25,1
2025-03-07,2025-03-10,DXS,C,7270.0,26,1
2025-05-23,2025-05-26,DXS,C,6720.0,27,4
2021-04-06,2021-04-07,EIB,A,15031.762158283886,15,14
2021-05-26,2021-05-27,EIB,A,19901.663505460092,16,6
2024-09-27,2024-09-30,EIB,A,18550.0,25,3
2025-05-29,2025-05-30,EIB,A,23200.0,27,8
2014-03-24,2014-03-25,EIB,C,9384.624556098357,1,4
2014-06-19,2014-06-20,EIB,C,8700.890406954819,2,4
2015-01-09,2015-01-12,EIB,C,8635.95838899247,3,1
2017-03-21,2017-03-22,EIB,C,7661.978119557229,6,1
2017-05-22,2017-05-23,EIB,C,7337.318029745482,7,1
2017-09-14,2017-09-15,EIB,C,8019.10421835015,8,9
2019-07-08,2019-07-09,EIB,C,12044.889332015813,10,3
2020-05-18,2020-05-19,EIB,C,10259.258838051204,11,20
2020-08-28,2020-08-31,EIB,C,11363.103143411145,12,5
2021-03-18,2021-03-19,EIB,C,12466.947448771085,14,13
2021-03-30,2021-03-31,EIB,C,12759.141529601657,15,9
2021-05-21,2021-05-24,EIB,C,16914.790679192018,16,3
2021-12-22,2021-12-23,EIB,C,17986.168975570785,18,20
2023-12-07,2023-12-08,EIB,C,17611.805929919134,21,17
2024-05-20,2024-05-21,EIB,C,17059.999999999996,23,3
2024-07-03,2024-07-04,EIB,C,17657.789757412396,24,16
2024-09-26,2024-09-27,EIB,C,18050.0,25,2
2025-05-21,2025-05-22,EIB,C,20250.0,27,2
2020-12-02,2020-12-03,EVF,A,5742.3768594245885,13,10
2021-03-31,2021-04-01,EVF,A,7920.5198061028805,15,10
2021-06-01,2021-06-02,EVF,A,8448.554459843072,16,10
2021-09-20,2021-09-21,EVF,A,9862.716233652998,17,3
2021-12-08,2021-12-09,EVF,A,15552.744829991265,18,10
2023-11-16,2023-11-17,EVF,A,14726.933333333329,21,2
2019-07-17,2019-07-18,EVF,C,4608.923163033997,10,10
2020-05-12,2020-05-13,EVF,C,4752.311883661728,11,16
2020-08-24,2020-08-25,EVF,C,4488.294556791632,12,1
2020-11-27,2020-11-30,EVF,C,5214.3422056843965,13,7
2021-03-02,2021-03-03,EVF,C,6204.407181447256,14,1
2021-03-31,2021-04-01,EVF,C,7920.5198061028805,15,10
2021-05-27,2021-05-28,EVF,C,7524.493815797736,16,7
2021-09-16,2021-09-17,EVF,C,9331.646897994759,17,1
2021-11-30,2021-12-01,EVF,C,14035.403870967726,18,4
2022-12-22,2022-12-23,EVF,C,7297.361290322583,19,14
2023-04-10,2023-04-11,EVF,C,6825.4361290322595,20,19
2023-11-16,2023-11-17,EVF,C,14726.933333333329,21,2
2024-05-22,2024-05-23,EVF,C,14819.555555555551,23,5
2024-06-17,2024-06-18,EVF,C,14541.688888888884,24,4
2025-04-02,2025-04-03,EVF,C,10050.0,26,19
2025-05-22,2025-05-23,EVF,C,10500.0,27,3
2015-10-27,2015-10-28,FPT,A,8937.385482077923,4,14
2017-03-23,2017-03-24,FPT,A,10716.626745380821,6,3
2017-05-30,2017-05-31,FPT,A,11012.915863458344,7,7
2017-09-21,2017-09-22,FPT,A,12952.35412450147,8,14
2018-04-10,2018-04-11,FPT,A,16921.623936848693,9,17
2019-07-19,2019-07-22,FPT,A,17185.773218389,10,12
2020-09-18,2020-09-21,FPT,A,22155.395442957393,12,19
2020-11-19,2020-11-20,FPT,A,23796.53584613942,13,1
2021-03-16,2021-03-17,FPT,A,35198.14285771983,14,11
2021-04-09,2021-04-12,FPT,A,35586.83400584189,15,17
2021-05-20,2021-05-21,FPT,A,40726.194742122454,16,2
2021-10-08,2021-10-11,FPT,A,50245.20655599555,17,17
2024-03-13,2024-03-14,FPT,A,86725.28756613594,22,7
2024-06-04,2024-06-05,FPT,A,102460.2553523969,23,14
2024-06-21,2024-06-24,FPT,A,114403.57821643293,24,8
2024-10-10,2024-10-11,FPT,A,120335.61560543315,25,12
2014-04-08,2014-04-10,FPT,C,8557.231478036032,1,15
2014-07-03,2014-07-04,FPT,C,7306.79096275964,2,14
2015-01-12,2015-01-13,FPT,C,7534.782928195657,3,2
2015-10-12,2015-10-13,FPT,C,8510.026093122015,4,3
2016-09-27,2016-09-28,FPT,C,10528.809575616415,5,1
2017-03-23,2017-03-24,FPT,C,10716.626745380821,6,3
2017-05-23,2017-05-24,FPT,C,10871.299708716215,7,2
2017-09-12,2017-09-13,FPT,C,12612.877101077036,8,7
2018-04-05,2018-04-06,FPT,C,16764.942233729726,9,14
2019-07-19,2019-07-22,FPT,C,17185.773218389,10,12
2020-05-08,2020-05-11,FPT,C,19524.950696363958,11,14
2020-08-24,2020-08-25,FPT,C,20989.321998591215,12,1
2020-11-19,2020-11-20,FPT,C,23796.53584613942,13,1
2021-03-16,2021-03-17,FPT,C,35198.14285771983,14,11
2021-04-09,2021-04-12,FPT,C,35586.83400584189,15,17
2021-05-19,2021-05-20,FPT,C,39214.61805498111,16,1
2021-09-17,2021-09-20,FPT,C,48722.624539147204,17,2
2021-11-25,2021-11-26,FPT,C,50803.48662883995,18,1
2022-12-05,2022-12-06,FPT,C,48686.14360360532,19,1
2023-04-03,2023-04-04,FPT,C,50302.79715876974,20,14
2023-12-04,2023-12-05,FPT,C,68648.37108610592,21,14
2024-03-13,2024-03-14,FPT,C,86725.28756613594,22,7
2024-05-21,2024-05-22,FPT,C,100923.35152211096,23,4
2024-06-19,2024-06-20,FPT,C,112708.7103910043,24,6
2024-09-25,2024-09-26,FPT,C,114403.57821643293,25,1
2025-06-11,2025-06-12,FPT,C,101212.13731548238,27,17
2020-12-14,2020-12-15,FRT,A,12472.834265318272,13,18
2024-03-11,2024-03-12,FRT,A,123280.0,22,5
2019-07-10,2019-07-11,FRT,C,21694.477540154698,10,5
2020-04-22,2020-04-23,FRT,C,9508.701886972056,11,4
2020-08-24,2020-08-25,FRT,C,10895.387578822148,12,1
2020-11-30,2020-12-01,FRT,C,11188.866032123744,13,8
2021-03-17,2021-03-18,FRT,C,14330.0026026175,14,12
2021-06-15,2021-06-16,FRT,C,12839.682331945281,16,20
2021-09-16,2021-09-17,FRT,C,21024.979818560398,17,1
2021-12-01,2021-12-02,FRT,C,28293.157138607992,18,5
2023-11-17,2023-11-20,FRT,C,80000.0,21,3
2024-03-11,2024-03-12,FRT,C,123280.0,22,5
2024-05-24,2024-05-27,FRT,C,128800.0,23,7
2024-06-21,2024-06-24,FRT,C,142400.0,24,8
2024-10-10,2024-10-11,FRT,C,144000.0,25,12
2025-05-27,2025-05-28,FRT,C,136000.0,27,6
2018-04-09,2018-04-10,FTS,A,4611.782505646221,9,16
2021-05-20,2021-05-21,FTS,A,9837.23140165165,16,2
2024-03-13,2024-03-14,FTS,A,40043.40727436009,22,7
2024-05-21,2024-05-22,FTS,A,41686.806615776055,23,4
2025-03-11,2025-03-12,FTS,A,46667.68447837148,26,3
2017-06-15,2017-06-16,FTS,C,3263.308088790601,7,19
2017-09-22,2017-09-25,FTS,C,3141.945391273595,8,15
2018-03-23,2018-03-26,FTS,C,4072.3927389039727,9,5
2019-07-19,2019-07-22,FTS,C,4931.437260854934,10,12
2020-05-12,2020-05-13,FTS,C,4396.91084446856,11,16
2020-08-28,2020-08-31,FTS,C,5272.756031285285,12,5
2020-12-08,2020-12-09,FTS,C,5312.104956891891,13,14
2021-03-09,2021-03-10,FTS,C,7082.806609189188,14,6
2021-04-09,2021-04-12,FTS,C,7377.923551238738,15,17
2021-05-25,2021-05-26,FTS,C,10230.720657717717,16,5
2023-03-15,2023-03-16,FTS,C,11800.237147714995,20,1
2023-12-04,2023-12-05,FTS,C,28348.189911689842,21,14
2024-03-05,2024-03-06,FTS,C,39217.11474330187,22,1
2024-05-21,2024-05-22,FTS,C,41686.806615776055,23,4
2024-09-25,2024-09-26,FTS,C,41103.46055979642,25,1
2025-03-31,2025-04-01,FTS,C,45590.73791348598,26,17
2021-10-01,2021-10-04,GAS,A,71084.26660156494,17,12
2014-03-24,2014-03-25,GAS,C,38533.03734835774,1,4
2014-06-24,2014-06-25,GAS,C,49510.86229427866,2,7
2015-11-04,2015-11-05,GAS,C,23720.685643684505,4,20
2016-09-27,2016-09-28,GAS,C,35629.3121183127,5,1
2017-05-22,2017-05-23,GAS,C,31559.40255222874,7,1
2017-09-01,2017-09-05,GAS,C,35455.62508954092,8,1
2018-03-22,2018-03-23,GAS,C,73816.98722799296,9,4
2019-07-16,2019-07-17,GAS,C,63915.48537542598,10,9
2020-05-12,2020-05-13,GAS,C,45037.9183486897,11,16
2020-08-28,2020-08-31,GAS,C,48396.31464246926,12,5
2020-11-19,2020-11-20,GAS,C,53014.78015270491,13,1
2021-03-05,2021-03-08,GAS,C,61796.36950315296,14,4
2021-06-02,2021-06-03,GAS,C,57893.44090295382,16,11
2021-09-16,2021-09-17,GAS,C,61829.899817587626,17,1
2024-03-05,2024-03-06,GAS,C,68010.42478871671,22,1
2024-05-23,2024-05-24,GAS,C,68952.63470392564,23,6
2025-03-18,2025-03-19,GAS,C,65038.24383164004,26,8
2025-05-23,2025-05-26,GAS,C,59390.9288824383,27,4
2024-06-03,2024-06-04,GEE,A,23940.069540437475,23,13
2024-06-18,2024-06-19,GEE,A,26220.076163336293,24,5
2025-03-11,2025-03-12,GEE,A,55563.72752178801,26,3
2025-05-23,2025-05-26,GEE,A,98518.82052453348,27,4
2022-12-14,2022-12-15,GEE,C,17680.46467916737,19,8
2023-03-23,2023-03-24,GEE,C,17680.46467916737,20,7
2024-03-28,2024-03-29,GEE,C,23790.44410580974,22,18
2024-05-17,2024-05-20,GEE,C,22294.189759532397,23,2
2024-06-13,2024-06-14,GEE,C,25460.073955703356,24,2
2025-03-25,2025-03-26,GEE,C,56659.350317992285,26,13
2025-05-23,2025-05-26,GEE,C,98518.82052453348,27,4
2017-09-11,2017-09-12,GEX,A,8961.384570665383,8,6
2020-09-01,2020-09-03,GEX,A,15704.073835754134,12,7
2021-04-07,2021-04-08,GEX,A,18475.38098324016,15,15
2025-04-02,2025-04-03,GEX,A,22455.47902555218,26,19
2025-05-21,2025-05-22,GEX,A,32489.36170212767,27,2
2017-03-31,2017-04-03,GEX,C,6707.223131951294,6,9
2017-09-07,2017-09-08,GEX,C,8611.67200205405,8,4
2018-03-30,2018-04-02,GEX,C,16904.973599664747,9,10
2019-07-24,2019-07-25,GEX,C,12817.295557122861,10,15
2020-04-23,2020-04-24,GEX,C,10689.327568874663,11,5
2020-08-25,2020-08-26,GEX,C,14549.362524301625,12,2
2020-12-15,2020-12-16,GEX,C,13988.502744453262,13,19
2021-03-18,2021-03-19,GEX,C,15374.156318196276,14,13
2021-03-30,2021-03-31,GEX,C,15836.040842777278,15,9
2021-05-24,2021-05-25,GEX,C,17452.63667881079,16,4
2021-10-12,2021-10-13,GEX,C,20042.489191639994,17,19
2021-11-30,2021-12-01,GEX,C,40459.55841651578,18,4
2022-12-16,2022-12-19,GEX,C,15000.996234282808,19,10
2023-04-03,2023-04-04,GEX,C,12148.046030216752,20,14
2023-11-22,2023-11-23,GEX,C,21351.111204623383,21,6
2024-03-22,2024-03-25,GEX,C,23145.708913632676,22,14
2024-05-17,2024-05-20,GEX,C,21443.14185636745,23,2
2024-07-09,2024-07-10,GEX,C,21811.264463343716,24,20
2024-09-30,2024-10-01,GEX,C,20016.666754334423,25,4
2025-03-20,2025-03-21,GEX,C,21949.310440959813,26,10
2025-05-21,2025-05-22,GEX,C,32489.36170212767,27,2
2015-10-08,2015-10-09,GMD,A,11818.590652167839,4,1
2017-06-16,2017-06-19,GMD,A,22379.78989284562,7,20
2020-11-27,2020-11-30,GMD,A,20956.523524833967,13,7
2024-03-13,2024-03-14,GMD,A,65583.21417461798,22,7
2024-06-10,2024-06-11,GMD,A,69837.69440871192,23,18
2014-07-07,2014-07-08,GMD,C,10426.425838503981,2,16
2015-01-27,2015-01-28,GMD,C,9423.770967386461,3,13
2015-10-08,2015-10-09,GMD,C,11818.590652167839,4,1
2016-09-29,2016-09-30,GMD,C,15175.336982135042,5,3
2017-05-26,2017-05-29,GMD,C,21894.383491060154,7,5
2017-09-01,2017-09-05,GMD,C,21919.931196417285,8,1
2019-07-05,2019-07-08,GMD,C,18061.11691769258,10,2
2020-04-17,2020-04-20,GMD,C,13080.425142850418,11,1
2020-08-26,2020-08-27,GMD,C,16634.88849688586,12,3
2020-12-01,2020-12-02,GMD,C,21474.882763964135,13,9
2021-03-16,2021-03-17,GMD,C,24288.832919242195,14,11
2021-03-30,2021-03-31,GMD,C,25066.37177793745,15,9
2021-05-20,2021-05-21,GMD,C,28731.9121117865,16,2
2021-10-07,2021-10-08,GMD,C,37968.98885324785,17,16
2022-12-06,2022-12-07,GMD,C,37754.51966934877,19,2
2023-03-27,2023-03-28,GMD,C,40479.07263517806,20,9
2024-03-07,2024-03-08,GMD,C,64218.56957122935,22,3
2024-05-30,2024-05-31,GMD,C,66867.58556604257,23,11
2024-06-26,2024-06-27,GMD,C,67028.13198997064,24,11
2025-05-26,2025-05-27,GMD,C,54196.4573268921,27,5
2019-07-22,2019-07-23,GVR,A,12277.658819071232,10,13
2024-03-12,2024-03-13,GVR,A,31454.674301264244,22,6
2024-05-30,2024-05-31,GVR,A,35264.401934026064,23,11
2024-07-09,2024-07-10,GVR,A,37266.951074323944,24,20
2019-07-05,2019-07-08,GVR,C,11845.346888822243,10,2
2020-05-07,2020-05-08,GVR,C,10922.774833418538,11,13
2020-08-27,2020-08-28,GVR,C,10791.701535417515,12,4
2020-12-04,2020-12-07,GVR,C,18856.158659796238,13,12
2021-03-12,2021-03-15,GVR,C,28422.209882327013,14,9
2021-05-24,2021-05-25,GVR,C,25662.772029673906,16,4
2021-11-30,2021-12-01,GVR,C,36077.42457033239,18,4
2022-12-16,2022-12-19,GVR,C,15162.140200916045,19,10
2023-03-31,2023-04-03,GVR,C,15114.158744584032,20,13
2023-12-04,2023-12-05,GVR,C,20172.01938885424,21,14
2024-03-11,2024-03-12,GVR,C,28866.013217464548,22,5
2024-05-17,2024-05-20,GVR,C,32871.1114980603,23,2
2024-06-26,2024-06-27,GVR,C,35117.873948150605,24,11
2024-10-14,2024-10-15,GVR,C,35459.77258186,25,14
2025-03-11,2025-03-12,GVR,C,32831.81019332161,26,3
2021-12-01,2021-12-02,HAG,A,8780.0,18,5
2023-11-24,2023-11-27,HAG,A,10400.0,21,8
2024-06-03,2024-06-04,HAG,A,15050.0,23,13
2014-07-07,2014-07-08,HAG,C,23205.0,2,16
2015-01-15,2015-01-16,HAG,C,23600.0,3,5
2017-03-21,2017-03-22,HAG,C,9450.0,6,1
2017-05-26,2017-05-29,HAG,C,9030.0,7,5
2017-09-26,2017-09-27,HAG,C,8800.0,8,17
2019-07-04,2019-07-05,HAG,C,5500.0,10,1
2020-04-24,2020-04-27,HAG,C,3590.0,11,6
2020-09-07,2020-09-08,HAG,C,4660.0,12,10
2020-11-26,2020-11-27,HAG,C,4740.0,13,6
2021-04-02,2021-04-05,HAG,C,5750.0,15,12
2021-06-09,2021-06-10,HAG,C,5490.0,16,16
2021-09-17,2021-09-20,HAG,C,5200.0,17,2
2021-12-07,2021-12-08,HAG,C,9800.0,18,9
2023-11-17,2023-11-20,HAG,C,9000.0,21,3
2024-05-17,2024-05-20,HAG,C,15000.0,23,2
2024-10-01,2024-10-02,HAG,C,11000.0,25,5
2025-03-25,2025-03-26,HAG,C,12800.0,26,13
2025-05-23,2025-05-26,HAG,C,13800.0,27,4
2017-04-03,2017-04-04,HCM,A,4903.863377584371,6,10
2017-05-23,2017-05-24,HCM,A,6099.27156585892,7,2
2018-04-02,2018-04-03,HCM,A,13525.879883247511,9,11
2020-11-23,2020-11-24,HCM,A,8607.37810752121,13,3
2021-05-20,2021-05-21,HCM,A,13467.326290679377,16,2
2021-11-29,2021-11-30,HCM,A,23999.79765410335,18,3
2024-03-28,2024-03-29,HCM,A,21815.25659852751,22,18
2014-06-19,2014-06-20,HCM,C,4623.904013117787,2,4
2015-01-15,2015-01-16,HCM,C,4400.302481498093,3,5
2015-10-12,2015-10-13,HCM,C,5312.274685747348,4,3
2016-09-28,2016-09-29,HCM,C,4296.003894736032,5,2
2017-05-23,2017-05-24,HCM,C,6099.27156585892,7,2
2017-09-15,2017-09-18,HCM,C,6301.830400149438,8,10
2018-03-21,2018-03-22,HCM,C,12449.957619807368,9,3
2019-07-04,2019-07-05,HCM,C,8242.333053853981,10,1
2020-05-08,2020-05-11,HCM,C,6194.238173805427,11,14
2020-08-24,2020-08-25,HCM,C,6534.580930607939,12,1
2020-11-23,2020-11-24,HCM,C,8607.37810752121,13,3
2021-03-10,2021-03-11,HCM,C,11655.824520601625,14,7
2021-04-01,2021-04-02,HCM,C,11978.601199633671,15,11
2021-05-20,2021-05-21,HCM,C,13467.326290679377,16,2
2021-09-23,2021-09-24,HCM,C,20164.39344066396,17,6
2021-11-25,2021-11-26,HCM,C,22847.807366706387,18,1
2023-03-31,2023-04-03,HCM,C,12971.098600693223,20,13
2023-12-04,2023-12-05,HCM,C,15736.837207337754,21,14
2024-03-28,2024-03-29,HCM,C,21815.25659852751,22,18
2024-05-17,2024-05-20,HCM,C,21706.180315534875,23,2
2024-09-25,2024-09-26,HCM,C,23731.535399412438,25,1
2020-09-21,2020-09-22,HDB,A,6099.211472363926,12,20
2020-11-27,2020-11-30,HDB,A,7100.059277916019,13,7
2021-05-20,2021-05-21,HDB,A,10422.105362078559,16,2
2024-03-21,2024-03-22,HDB,A,14747.232650780734,22,13
2024-07-09,2024-07-10,HDB,A,15580.23533189178,24,20
2024-09-26,2024-09-27,HDB,A,18245.0567423231,25,2
2018-03-27,2018-03-28,HDB,C,8570.227515554207,9,7
2020-08-24,2020-08-25,HDB,C,5602.533013702369,12,1
2020-11-27,2020-11-30,HDB,C,7100.059277916019,13,7
2021-03-02,2021-03-03,HDB,C,8712.228701112546,14,1
2021-04-02,2021-04-05,HDB,C,9217.049429588225,15,12
2021-05-20,2021-05-21,HDB,C,10422.105362078559,16,2
2021-11-29,2021-11-30,HDB,C,13149.765749810067,18,3
2022-12-16,2022-12-19,HDB,C,8905.607609198001,19,10
2023-03-17,2023-03-20,HDB,C,9210.942727227648,20,3
2023-12-08,2023-12-11,HDB,C,11600.333633250117,21,18
2024-03-11,2024-03-12,HDB,C,14222.749481192297,22,5
2024-05-16,2024-05-17,HDB,C,14963.19630884656,23,1
2024-07-02,2024-07-03,HDB,C,14932.3443576943,24,15
2024-09-25,2024-09-26,HDB,C,17506.260430574104,25,1
2025-03-07,2025-03-10,HDB,C,18157.71028037384,26,1
2025-05-20,2025-05-21,HDB,C,17193.92523364487,27,1
2017-06-13,2017-06-14,HDC,A,3359.6927656508356,7,17
2017-09-22,2017-09-25,HDC,A,4509.281093914116,8,15
2019-07-23,2019-07-24,HDC,A,5130.930956655396,10,14
2020-12-02,2020-12-03,HDC,A,10094.85150242506,13,10
2021-05-25,2021-05-26,HDC,A,18705.166019199376,16,5
2021-09-21,2021-09-22,HDC,A,33865.999985157636,17,4
2014-03-28,2014-03-31,HDC,C,3618.5589025236823,1,8
2014-07-01,2014-07-02,HDC,C,3187.115341068936,2,12
2015-10-15,2015-10-16,HDC,C,2755.6717796141893,4,6
2017-03-21,2017-03-22,HDC,C,2590.7489988645525,6,1
2017-06-13,2017-06-14,HDC,C,3359.6927656508356,7,17
2017-09-22,2017-09-25,HDC,C,4509.281093914116,8,15
2018-04-03,2018-04-04,HDC,C,4183.610792686985,9,12
2019-07-23,2019-07-24,HDC,C,5130.930956655396,10,14
2020-05-13,2020-05-14,HDC,C,5764.178764597043,11,17
2020-09-14,2020-09-15,HDC,C,7571.138626818794,12,15
2020-12-02,2020-12-03,HDC,C,10094.85150242506,13,10
2021-05-20,2021-05-21,HDC,C,16255.679992875646,16,2
2021-09-17,2021-09-20,HDC,C,32010.328753094203,17,2
2021-12-03,2021-12-06,HDC,C,48015.493129641305,18,7
2023-04-03,2023-04-04,HDC,C,19426.558210664036,20,14
2023-11-22,2023-11-23,HDC,C,26494.056067155598,21,6
2024-03-15,2024-03-18,HDC,C,24790.60786584737,22,9
2024-05-17,2024-05-20,HDC,C,24064.929757776696,23,2
2024-09-25,2024-09-26,HDC,C,23840.189573459727,25,1
2025-03-10,2025-03-11,HDC,C,22768.72037914693,26,2
2025-05-29,2025-05-30,HDC,C,22858.009478672997,27,8
2017-04-11,2017-04-12,HDG,A,6101.801186848019,6,15
2018-04-03,2018-04-04,HDG,A,11131.475016357082,9,12
2019-07-16,2019-07-17,HDG,A,11345.112480783924,10,9
2020-11-27,2020-11-30,HDG,A,12763.525154437752,13,7
2021-03-09,2021-03-10,HDG,A,20750.852077528714,14,6
2024-05-23,2024-05-24,HDG,A,26371.661214699012,23,6
2014-03-28,2014-03-31,HDG,C,3857.2944652976066,1,8
2014-06-16,2014-06-17,HDG,C,3958.4220355488546,2,1
2017-03-22,2017-03-23,HDG,C,5752.451398707328,6,2
2017-05-26,2017-05-29,HDG,C,5819.869778874843,7,5
2017-09-01,2017-09-05,HDG,C,6293.111785115531,8,1
2018-03-19,2018-03-20,HDG,C,10226.142482679243,9,1
2019-07-08,2019-07-09,HDG,C,11025.531847522405,10,3
2020-04-17,2020-04-20,HDG,C,8339.741183057453,11,1
2020-09-04,2020-09-07,HDG,C,9867.599279061118,12,9
2020-11-27,2020-11-30,HDG,C,12763.525154437752,13,7
2021-03-02,2021-03-03,HDG,C,18912.168982051488,14,1
2021-04-12,2021-04-13,HDG,C,19393.728840390762,15,18
2021-05-24,2021-05-25,HDG,C,19349.950671450828,16,4
2021-09-17,2021-09-20,HDG,C,25260.003478341918,17,2
2021-11-25,2021-11-26,HDG,C,31958.06332615182,18,1
2023-04-05,2023-04-06,HDG,C,20777.672472187118,20,16
2023-12-05,2023-12-06,HDG,C,22615.697344726726,21,15
2024-05-17,2024-05-20,HDG,C,23694.538030782594,23,2
2024-07-08,2024-07-09,HDG,C,27586.704312527643,24,19
2024-09-25,2024-09-26,HDG,C,26158.266548772168,25,1
2025-03-18,2025-03-19,HDG,C,24997.66086572084,26,8
2025-05-21,2025-05-22,HDG,C,22855.004220087627,27,2
2021-11-30,2021-12-01,HHV,A,19070.219040435393,18,4
2020-11-25,2020-11-26,HHV,C,11854.460484594974,13,5
2021-03-25,2021-03-26,HHV,C,15462.339762515185,14,18
2021-09-22,2021-09-23,HHV,C,15977.751087932358,17,5
2021-11-30,2021-12-01,HHV,C,19070.219040435393,18,4
2023-03-28,2023-03-29,HHV,C,10497.01291799188,20,10
2023-12-04,2023-12-05,HHV,C,13809.206521271553,21,14
2024-09-25,2024-09-26,HHV,C,11436.613756613755,25,1
2025-03-10,2025-03-11,HHV,C,11994.497354497353,26,2
2025-05-21,2025-05-22,HHV,C,11622.574955908289,27,2
2017-06-15,2017-06-16,HPG,A,5987.899704804577,7,19
2017-09-06,2017-09-07,HPG,A,6829.800295211539,8,3
2020-09-17,2020-09-18,HPG,A,10693.026123238298,12,18
2020-11-19,2020-11-20,HPG,A,14773.535113515145,13,1
2024-05-20,2024-05-21,HPG,A,24242.116143582018,23,3
2014-03-28,2014-03-31,HPG,C,3067.1897573559677,1,8
2014-06-17,2014-06-18,HPG,C,3279.313161135752,2,2
2015-01-09,2015-01-12,HPG,C,3373.908733091591,3,1
2015-10-08,2015-10-09,HPG,C,3157.7721838349075,4,1
2016-09-27,2016-09-28,HPG,C,5598.337940295542,5,1
2017-03-29,2017-03-30,HPG,C,5296.205416533552,6,7
2017-05-31,2017-06-01,HPG,C,5456.157929113425,7,8
2017-09-13,2017-09-14,HPG,C,7000.072324732048,8,8
2020-05-07,2020-05-08,HPG,C,8186.816772905273,11,13
2020-09-01,2020-09-03,HPG,C,10462.843564812425,12,7
2020-11-19,2020-11-20,HPG,C,14773.535113515145,13,1
2021-03-03,2021-03-04,HPG,C,19628.29452758811,14,2
2021-04-01,2021-04-02,HPG,C,20423.470638513856,15,11
2021-06-01,2021-06-02,HPG,C,31531.857318612805,16,10
2021-09-28,2021-09-29,HPG,C,30213.25237619809,17,9
2023-04-05,2023-04-06,HPG,C,16325.550090443514,20,16
2023-12-04,2023-12-05,HPG,C,20833.068560890795,21,14
2024-03-07,2024-03-08,HPG,C,23484.55001409508,22,3
2024-05-20,2024-05-21,HPG,C,24242.116143582018,23,3
2024-06-17,2024-06-18,HPG,C,24586.94852941176,24,4
2024-09-25,2024-09-26,HPG,C,21919.88970588235,25,1
2025-03-07,2025-03-10,HPG,C,23420.110294117643,26,1
2025-05-30,2025-06-02,HPG,C,21336.47058823529,27,9
2017-05-26,2017-05-29,HSG,A,16583.72714173433,7,5
2020-05-13,2020-05-14,HSG,A,6271.157322504576,11,17
2020-09-14,2020-09-15,HSG,A,9058.338354728832,12,15
2020-12-07,2020-12-08,HSG,A,13935.90516112128,13,13
2021-05-25,2021-05-26,HSG,A,28150.528425464985,16,5
2024-06-10,2024-06-11,HSG,A,23512.499999999996,23,18
2024-06-17,2024-06-18,HSG,A,24872.72727272727,24,4
2014-07-07,2014-07-08,HSG,C,6477.898772697081,2,16
2015-10-12,2015-10-13,HSG,C,5995.502055581341,4,3
2017-03-28,2017-03-29,HSG,C,14662.563073094052,6,6
2017-05-22,2017-05-23,HSG,C,15020.914920094314,7,1
2020-05-12,2020-05-13,HSG,C,6201.4777966989695,11,16
2020-09-01,2020-09-03,HSG,C,8361.543096672769,12,7
2020-12-07,2020-12-08,HSG,C,13935.90516112128,13,13
2021-06-04,2021-06-07,HSG,C,32400.979499606976,16,13
2022-12-16,2022-12-19,HSG,C,12726.084822958015,19,10
2023-03-29,2023-03-30,HSG,C,15436.694947703585,20,11
2023-12-04,2023-12-05,HSG,C,21063.59265734264,21,14
2024-03-22,2024-03-25,HSG,C,22199.606643356627,22,14
2024-05-17,2024-05-20,HSG,C,21374.999999999996,23,2
2024-06-17,2024-06-18,HSG,C,24872.72727272727,24,4
2024-09-30,2024-10-01,HSG,C,20986.363636363632,25,4
2025-03-11,2025-03-12,HSG,C,18557.38636363636,26,3
2025-06-12,2025-06-13,HSG,C,16450.0,27,18
2015-01-19,2015-01-20,HT1,A,10649.370797841204,3,7
2015-10-09,2015-10-12,HT1,A,13069.682342805114,4,2
2020-08-27,2020-08-28,HT1,A,13037.940552051492,12,4
2020-11-19,2020-11-20,HT1,A,14308.93475681123,13,1
2021-03-23,2021-03-24,HT1,A,16664.44014565317,14,16
2021-10-01,2021-10-04,HT1,A,20896.67891280318,17,12
2014-03-24,2014-03-25,HT1,C,6454.1641199037595,1,4
2014-07-10,2014-07-11,HT1,C,7529.8581398877195,2,19
2015-01-19,2015-01-20,HT1,C,10649.370797841204,3,7
2015-10-08,2015-10-09,HT1,C,12531.835332813134,4,1
2016-09-28,2016-09-29,HT1,C,15382.424485770627,5,2
2017-04-10,2017-04-11,HT1,C,15190.210308429252,6,14
2017-06-06,2017-06-07,HT1,C,14289.09613759023,7,12
2020-05-06,2020-05-07,HT1,C,10905.950273099676,11,12
2020-08-27,2020-08-28,HT1,C,13037.940552051492,12,4
2020-11-19,2020-11-20,HT1,C,14308.93475681123,13,1
2021-03-03,2021-03-04,HT1,C,15870.895376812541,14,2
2021-04-12,2021-04-13,HT1,C,16444.01104319744,15,18
2021-09-29,2021-09-30,HT1,C,20896.67891280318,17,10
2021-12-10,2021-12-13,HT1,C,24496.072837418997,18,12
2023-03-22,2023-03-23,HT1,C,14708.736263736275,20,6
2023-12-04,2023-12-05,HT1,C,12630.219780219786,21,14
2024-03-14,2024-03-15,HT1,C,13525.274725274732,22,8
2024-06-14,2024-06-17,HT1,C,12928.571428571435,24,3
2025-05-27,2025-05-28,HT1,C,11486.538461538466,27,6
2015-01-19,2015-01-20,IMP,A,9338.197302839879,3,7
2017-03-30,2017-03-31,IMP,A,14968.538962031533,6,8
2017-06-16,2017-06-19,IMP,A,15682.686813273438,7,20
2020-08-24,2020-08-25,IMP,A,19316.271080392555,12,1
2020-11-25,2020-11-26,IMP,A,22195.71521660014,13,5
2021-03-08,2021-03-09,IMP,A,26394.90458190287,14,5
2024-03-21,2024-03-22,IMP,A,30903.64066944033,22,13
2024-06-13,2024-06-14,IMP,A,31881.885410055707,24,2
2025-05-26,2025-05-27,IMP,A,54176.05363984673,27,5
2014-03-28,2014-03-31,IMP,C,7969.890019860279,1,8
2014-06-24,2014-06-25,IMP,C,7137.397667555389,2,7
2015-01-12,2015-01-13,IMP,C,8498.359429779333,3,2
2015-10-29,2015-10-30,IMP,C,8949.292787277804,4,16
2016-09-30,2016-10-03,IMP,C,14166.652946208374,5,4
2017-03-23,2017-03-24,IMP,C,14168.693368640535,6,3
2017-06-08,2017-06-09,IMP,C,14686.960666398934,7,14
2017-09-01,2017-09-05,IMP,C,17051.810265225882,8,1
2020-05-14,2020-05-15,IMP,C,16941.219369404982,11,18
2020-08-24,2020-08-25,IMP,C,19316.271080392555,12,1
2020-11-25,2020-11-26,IMP,C,22195.71521660014,13,5
2021-03-08,2021-03-09,IMP,C,26394.90458190287,14,5
2021-09-27,2021-09-28,IMP,C,29790.16750895032,17,8
2021-11-25,2021-11-26,IMP,C,30402.294238586284,18,1
2022-12-06,2022-12-07,IMP,C,26880.655558711056,19,2
2024-03-13,2024-03-14,IMP,C,29436.273558517263,22,7
2024-05-23,2024-05-24,IMP,C,30725.777989328442,23,6
2024-06-13,2024-06-14,IMP,C,31881.885410055707,24,2
2025-03-12,2025-03-13,IMP,C,49025.8620689655,26,4
2025-05-22,2025-05-23,IMP,C,51501.915708812245,27,3
2016-09-27,2016-09-28,KBC,A,13110.764194373403,5,1
2019-07-17,2019-07-18,KBC,A,10910.63938618926,10,10
2020-12-15,2020-12-16,KBC,A,12372.890025575442,13,19
2014-03-24,2014-03-25,KBC,C,9902.811253196933,1,4
2014-06-20,2014-06-23,KBC,C,7740.9299232736585,2,5
2015-01-15,2015-01-16,KBC,C,11297.573401534528,3,5
2015-10-08,2015-10-09,KBC,C,10112.025575447571,4,1
2016-09-27,2016-09-28,KBC,C,13110.764194373403,5,1
2017-03-23,2017-03-24,KBC,C,10216.63273657289,6,3
2017-05-22,2017-05-23,KBC,C,11716.002046035806,7,1
2018-04-03,2018-04-04,KBC,C,10044.537084398971,9,12
2019-07-04,2019-07-05,KBC,C,10608.440920716106,10,1
2020-09-21,2020-09-22,KBC,C,10385.72890025575,12,20
2020-11-19,2020-11-20,KBC,C,11248.08184143222,13,1
2021-03-19,2021-03-22,KBC,C,31719.59079283886,14,14
2021-04-12,2021-04-13,KBC,C,31119.693094629143,15,18
2021-06-15,2021-06-16,KBC,C,28495.140664961622,16,20
2021-10-07,2021-10-08,KBC,C,34794.066496163665,17,16
2021-12-08,2021-12-09,KBC,C,39743.222506393846,18,10
2022-12-20,2022-12-21,KBC,C,21900.0,19,12
2023-03-31,2023-04-03,KBC,C,25000.0,20,13
2023-11-20,2023-11-21,KBC,C,32450.0,21,4
2024-03-07,2024-03-08,KBC,C,33400.0,22,3
2024-10-09,2024-10-10,KBC,C,28500.0,25,11
2025-03-19,2025-03-20,KBC,C,30000.0,26,9
2025-05-26,2025-05-27,KBC,C,27700.0,27,5
2017-03-23,2017-03-24,KDC,A,26285.283508201115,6,3
2017-05-25,2017-05-26,KDC,A,27787.29970866975,7,4
2020-05-18,2020-05-19,KDC,A,17389.082617153857,11,20
2020-09-17,2020-09-18,KDC,A,27730.124194865908,12,18
2020-12-04,2020-12-07,KDC,A,28891.79155978597,13,12
2021-03-05,2021-03-08,KDC,A,38632.1039215184,14,4
2021-05-24,2021-05-25,KDC,A,44426.91950974616,16,4
2014-03-24,2014-03-25,KDC,C,16410.91774586099,1,4
2014-06-16,2014-06-17,KDC,C,16828.144468213384,2,1
2016-10-20,2016-10-21,KDC,C,24032.259207498162,5,18
2017-03-22,2017-03-23,KDC,C,24971.01933279106,6,2
2017-05-22,2017-05-23,KDC,C,26222.699499848255,7,1
2017-09-26,2017-09-27,KDC,C,27713.12606914048,8,17
2020-08-25,2020-08-26,KDC,C,26442.90249220091,12,2
2020-11-30,2020-12-01,KDC,C,26943.18823798458,13,8
2021-03-05,2021-03-08,KDC,C,38632.1039215184,14,4
2021-05-24,2021-05-25,KDC,C,44426.91950974616,16,4
2021-11-25,2021-11-26,KDC,C,47760.928319593135,18,1
2022-12-08,2022-12-09,KDC,C,53790.30568514104,19,4
2023-04-10,2023-04-11,KDC,C,53877.91204619175,20,19
2024-03-05,2024-03-06,KDC,C,56438.278598190176,22,1
2017-03-28,2017-03-29,KDH,A,9005.240637638413,6,6
2017-06-05,2017-06-06,KDH,A,10102.591044159148,7,11
2018-04-04,2018-04-05,KDH,A,16188.73615595481,9,13
2020-11-20,2020-11-23,KDH,A,16596.52837051622,13,2
2021-05-27,2021-05-28,KDH,A,24397.518297481707,16,7
2021-09-16,2021-09-17,KDH,A,29235.354745774945,17,1
2024-03-05,2024-03-06,KDH,A,29707.06166301545,22,1
2024-09-25,2024-09-26,KDH,A,32640.58235574716,25,1
2014-03-27,2014-03-28,KDH,C,3719.310901652907,1,7
2015-01-09,2015-01-12,KDH,C,4575.879472942667,3,1
2015-10-08,2015-10-09,KDH,C,5004.163758587548,4,1
2017-03-28,2017-03-29,KDH,C,9005.240637638413,6,6
2017-05-29,2017-05-30,KDH,C,9649.716273214082,7,6
2018-04-02,2018-04-03,KDH,C,15164.132601780455,9,11
2020-05-08,2020-05-11,KDH,C,12395.995332919423,11,14
2020-08-25,2020-08-26,KDH,C,15291.18344249809,12,2
2020-11-20,2020-11-23,KDH,C,16596.52837051622,13,2
2021-05-27,2021-05-28,KDH,C,24397.518297481707,16,7
2021-09-16,2021-09-17,KDH,C,29235.354745774945,17,1
2021-12-09,2021-12-10,KDH,C,32821.46718538519,18,11
2023-03-31,2023-04-03,KDH,C,21037.443303715834,20,13
2023-12-04,2023-12-05,KDH,C,27062.76132027138,21,14
2024-03-05,2024-03-06,KDH,C,29707.06166301545,22,1
2024-05-16,2024-05-17,KDH,C,30409.453941556847,23,1
2024-06-13,2024-06-14,KDH,C,31979.50727006114,24,2
2025-05-27,2025-05-28,KDH,C,27270.09646302252,27,6
2019-07-23,2019-07-24,KOS,A,21389.0,10,14
2018-04-09,2018-04-10,KOS,C,16425.0,9,16
2019-07-09,2019-07-10,KOS,C,17155.0,10,4
2020-04-20,2020-04-21,KOS,C,20732.0,11,2
2021-03-15,2021-03-16,KOS,C,24750.0,14,10
2021-04-06,2021-04-07,KOS,C,24600.0,15,14
2021-09-24,2021-09-27,KOS,C,31500.0,17,7
2022-12-05,2022-12-06,KOS,C,37300.0,19,1
2023-03-15,2023-03-16,KOS,C,38000.0,20,1
2023-11-30,2023-12-01,KOS,C,39100.0,21,12
2024-03-11,2024-03-12,KOS,C,40050.0,22,5
2024-05-20,2024-05-21,KOS,C,38700.0,23,3
2025-05-30,2025-06-02,KOS,C,38700.0,27,9
2020-09-14,2020-09-15,LPB,A,3824.9604778485264,12,15
2020-12-16,2020-12-17,LPB,A,5242.586150687352,13,20
2021-03-12,2021-03-15,LPB,A,7148.981114573661,14,9
2021-03-30,2021-03-31,LPB,A,7538.925539004952,15,9
2021-05-26,2021-05-27,LPB,A,11221.733991967141,16,6
2023-12-08,2023-12-11,LPB,A,13077.586778195337,21,18
2024-05-16,2024-05-17,LPB,A,17782.328363033903,23,1
2024-06-21,2024-06-24,LPB,A,23284.483775811208,24,8
2024-10-08,2024-10-09,LPB,A,26713.363235947792,25,10
2018-03-20,2018-03-21,LPB,C,5737.684127774294,9,2
2019-07-12,2019-07-15,LPB,C,2918.011086193718,10,7
2020-08-24,2020-08-25,LPB,C,3667.230148865082,12,1
2020-11-25,2020-11-26,LPB,C,4850.207616240915,13,5
2021-03-12,2021-03-15,LPB,C,7148.981114573661,14,9
2021-03-30,2021-03-31,LPB,C,7538.925539004952,15,9
2021-05-26,2021-05-27,LPB,C,11221.733991967141,16,6
2022-12-05,2022-12-06,LPB,C,8145.561700491442,19,1
2023-03-15,2023-03-16,LPB,C,9260.543530216506,20,1
2023-11-29,2023-11-30,LPB,C,12160.560876065785,21,11
2024-03-29,2024-04-01,LPB,C,13795.259223340203,22,19
2024-05-16,2024-05-17,LPB,C,17782.328363033903,23,1
2024-06-14,2024-06-17,LPB,C,22008.621651109224,24,3
2024-09-26,2024-09-27,LPB,C,25596.983876833554,25,2
2025-03-18,2025-03-19,LPB,C,32975.342465753405,26,8
2017-03-21,2017-03-22,MBB,A,3208.7791051641866,6,1
2017-05-22,2017-05-23,MBB,A,3738.383423492256,7,1
2020-11-27,2020-11-30,MBB,A,6815.777314135143,13,7
2021-04-06,2021-04-07,MBB,A,10524.362029179265,15,14
2021-05-19,2021-05-20,MBB,A,11593.503568651444,16,1
2024-09-25,2024-09-26,MBB,A,16809.366524994934,25,1
2025-03-11,2025-03-12,MBB,A,18690.370370370365,26,3
2014-06-24,2014-06-25,MBB,C,2305.3364444868726,2,7
2015-01-09,2015-01-12,MBB,C,2618.6743787747605,3,1
2016-10-06,2016-10-07,MBB,C,2844.422170048455,5,8
2017-03-21,2017-03-22,MBB,C,3208.7791051641866,6,1
2017-05-22,2017-05-23,MBB,C,3738.383423492256,7,1
2017-09-12,2017-09-13,MBB,C,4797.592060148396,8,7
2018-03-23,2018-03-26,MBB,C,7765.272524232277,9,5
2019-07-11,2019-07-12,MBB,C,5810.748147384695,10,6
2020-08-24,2020-08-25,MBB,C,5253.151102938694,12,1
2020-12-01,2020-12-02,MBB,C,6982.830679677671,13,9
2021-03-15,2021-03-16,MBB,C,9722.50587457513,14,10
2021-04-01,2021-04-02,MBB,C,9889.559240117658,15,11
2021-05-19,2021-05-20,MBB,C,11593.503568651444,16,1
2021-09-24,2021-09-27,MBB,C,13048.222335619079,17,7
2021-11-29,2021-11-30,MBB,C,13612.591813803296,18,3
2022-12-15,2022-12-16,MBB,C,10131.560872363058,19,9
2023-03-29,2023-03-30,MBB,C,9969.022462646002,20,11
2023-12-04,2023-12-05,MBB,C,11528.93504037296,21,14
2024-06-13,2024-06-14,MBB,C,15666.982392228287,24,2
2024-09-25,2024-09-26,MBB,C,16809.366524994934,25,1
2025-03-07,2025-03-10,MBB,C,18577.77777777777,26,1
2025-05-20,2025-05-21,MBB,C,18915.555555555547,27,1
2024-09-26,2024-09-27,MSB,A,10624.999999999996,25,2
2021-03-11,2021-03-12,MSB,C,7962.357412160696,14,8
2021-04-02,2021-04-05,MSB,C,8587.971208830466,15,12
2021-05-19,2021-05-20,MSB,C,8815.4671348922,16,1
2021-09-17,2021-09-20,MSB,C,11261.048340055842,17,2
2021-12-21,2021-12-22,MSB,C,13286.28197025239,18,19
2022-12-15,2022-12-16,MSB,C,8267.003367003374,19,9
2023-03-31,2023-04-03,MSB,C,8202.918069584743,20,13
2024-05-20,2024-05-21,MSB,C,9260.325476992151,23,3
2024-06-13,2024-06-14,MSB,C,9773.007856341197,24,2
2024-09-25,2024-09-26,MSB,C,9958.33333333333,25,1
2025-03-07,2025-03-10,MSB,C,9958.33333333333,26,1
2025-05-20,2025-05-21,MSB,C,9958.33333333333,27,1
2017-03-22,2017-03-23,MSN,A,38123.17465753426,6,2
2017-09-07,2017-09-08,MSN,A,40875.16603408663,8,4
2018-03-26,2018-03-27,MSN,A,89844.4243521508,9,6
2021-04-14,2021-04-15,MSN,A,84628.69039568971,15,20
2021-12-21,2021-12-22,MSN,A,138977.1689497716,18,19
2014-04-11,2014-04-14,MSN,C,50695.44738679001,1,17
2014-06-16,2014-06-17,MSN,C,50951.484999854605,2,1
2015-01-12,2015-01-13,MSN,C,43782.431834045914,3,2
2016-09-27,2016-09-28,MSN,C,35845.26582904344,5,1
2017-03-21,2017-03-22,MSN,C,38042.233734694484,6,1
2017-09-08,2017-09-11,MSN,C,43708.09833347877,8,5
2018-04-02,2018-04-03,MSN,C,93082.06126574182,9,11
2020-05-08,2020-05-11,MSN,C,51073.72231189834,11,14
2020-09-04,2020-09-07,MSN,C,45812.56232731293,12,9
2020-12-04,2020-12-07,MSN,C,70013.89825640581,13,12
2021-03-31,2021-04-01,MSN,C,75961.40422956111,15,10
2021-09-16,2021-09-17,MSN,C,122237.31204374261,17,1
2021-12-15,2021-12-16,MSN,C,133186.45357686444,18,15
2023-12-11,2023-12-12,MSN,C,67700.0,21,19
2024-03-05,2024-03-06,MSN,C,76800.0,22,1
2024-05-17,2024-05-20,MSN,C,76500.0,23,2
2024-07-09,2024-07-10,MSN,C,76600.0,24,20
2024-09-25,2024-09-26,MSN,C,75800.0,25,1
2025-03-13,2025-03-14,MSN,C,70500.0,26,5
2025-05-21,2025-05-22,MSN,C,63600.0,27,2
2017-05-23,2017-05-24,MWG,A,21877.88831017074,7,2
2017-09-13,2017-09-14,MWG,A,26483.75953336458,8,8
2019-07-09,2019-07-10,MWG,A,30810.39981365244,10,4
2021-05-20,2021-05-21,MWG,A,46986.28351994287,16,2
2021-09-23,2021-09-24,MWG,A,63620.059009713106,17,6
2024-07-01,2024-07-02,MWG,A,64866.666666666635,24,14
2015-01-09,2015-01-12,MWG,C,9672.329568707064,3,1
2015-10-08,2015-10-09,MWG,C,7836.378122795039,4,1
2016-10-13,2016-10-14,MWG,C,17087.782238049294,5,13
2017-04-12,2017-04-13,MWG,C,19517.379308284064,6,16
2017-05-23,2017-05-24,MWG,C,21877.88831017074,7,2
2017-09-11,2017-09-12,MWG,C,25470.467864261933,8,6
2019-07-09,2019-07-10,MWG,C,30810.39981365244,10,4
2020-08-24,2020-08-25,MWG,C,26757.23313724184,12,1
2020-12-01,2020-12-02,MWG,C,36814.984568723106,13,9
2021-04-01,2021-04-02,MWG,C,43467.909668892,15,11
2021-09-21,2021-09-22,MWG,C,59673.88288354331,17,4
2021-12-22,2021-12-23,MWG,C,64871.28558630353,18,20
2024-03-05,2024-03-06,MWG,C,48902.05159182945,22,1
2024-05-30,2024-05-31,MWG,C,61420.97679933779,23,11
2024-07-01,2024-07-02,MWG,C,64866.666666666635,24,14
2025-03-10,2025-03-11,MWG,C,60529.07801418437,26,2
2025-05-20,2025-05-21,MWG,C,63979.43262411345,27,1
2024-03-08,2024-03-11,NAB,A,10880.0,22,4
2025-03-17,2025-03-18,NAB,A,15000.0,26,7
2021-03-08,2021-03-09,NAB,C,5128.246660226825,14,5
2021-04-02,2021-04-05,NAB,C,5588.02049872992,15,12
2021-05-20,2021-05-21,NAB,C,6825.873140853637,16,2
2021-09-17,2021-09-20,NAB,C,7285.646979356731,17,2
2022-12-05,2022-12-06,NAB,C,4915.2,19,1
2023-03-15,2023-03-16,NAB,C,5068.8,20,1
2023-11-15,2023-11-16,NAB,C,9408.0,21,1
2024-03-08,2024-03-11,NAB,C,10880.0,22,4
2024-06-13,2024-06-14,NAB,C,10560.0,24,2
2025-03-17,2025-03-18,NAB,C,15000.0,26,7
2025-05-23,2025-05-26,NAB,C,14000.0,27,4
2015-01-14,2015-01-15,NKG,A,3033.5134780092676,3,4
2015-10-13,2015-10-14,NKG,A,3237.697291041038,4,4
2017-04-10,2017-04-11,NKG,A,10809.731278153124,6,14
2017-05-23,2017-05-24,NKG,A,11185.721931306321,7,2
2017-09-22,2017-09-25,NKG,A,12677.151522147164,8,15
2020-11-19,2020-11-20,NKG,A,6166.768920952206,13,1
2021-03-03,2021-03-04,NKG,A,10705.289430055045,14,2
2024-06-17,2024-06-18,NKG,A,20875.027027027027,24,4
2015-01-14,2015-01-15,NKG,C,3033.5134780092676,3,4
2015-10-08,2015-10-09,NKG,C,3133.25544294294,4,1
2016-09-27,2016-09-28,NKG,C,10389.352839558282,5,1
2017-03-30,2017-03-31,NKG,C,9728.758150337811,6,8
2017-05-22,2017-05-23,NKG,C,10617.558277652666,7,1
2017-09-05,2017-09-06,NKG,C,11807.150927490005,8,2
2019-07-09,2019-07-10,NKG,C,3244.5904530155176,10,4
2020-05-13,2020-05-14,NKG,C,3720.531954798551,11,17
2020-08-26,2020-08-27,NKG,C,3787.061412037039,12,3
2020-11-19,2020-11-20,NKG,C,6166.768920952206,13,1
2021-03-03,2021-03-04,NKG,C,10705.289430055045,14,2
2021-06-02,2021-06-03,NKG,C,17598.451404529515,16,11
2023-11-17,2023-11-20,NKG,C,16629.91891891892,21,3
2024-03-05,2024-03-06,NKG,C,19200.351351351354,22,1
2024-06-04,2024-06-05,NKG,C,20018.216216216217,23,14
2024-06-17,2024-06-18,NKG,C,20875.027027027027,24,4
2024-09-30,2024-10-01,NKG,C,17525.675675675677,25,4
2025-03-11,2025-03-12,NKG,C,16200.0,26,3
2015-10-14,2015-10-15,NLG,A,9313.58658671891,4,5
2017-03-23,2017-03-24,NLG,A,12350.76085081248,6,3
2018-04-06,2018-04-09,NLG,A,23338.3682576075,9,15
2020-12-02,2020-12-03,NLG,A,22238.674914799885,13,10
2021-06-01,2021-06-02,NLG,A,31553.038669958903,16,10
2021-12-16,2021-12-17,NLG,A,57392.14542185936,18,16
2024-03-06,2024-03-07,NLG,A,38129.304460053456,22,2
2014-03-24,2014-03-25,NLG,C,8206.898727949902,1,4
2015-01-29,2015-01-30,NLG,C,7790.336444031237,3,15
2015-10-14,2015-10-15,NLG,C,9313.58658671891,4,5
2016-09-27,2016-09-28,NLG,C,9945.035944338168,5,1
2017-04-05,2017-04-07,NLG,C,12305.685081283968,6,12
2018-03-28,2018-03-29,NLG,C,19856.65364574997,9,8
2019-07-24,2019-07-25,NLG,C,18357.495724706874,10,15
2020-05-08,2020-05-11,NLG,C,15956.822413093507,11,14
2020-08-26,2020-08-27,NLG,C,19055.781568178776,12,3
2020-11-20,2020-11-23,NLG,C,21522.514197204637,13,2
2021-04-12,2021-04-13,NLG,C,27852.162557980002,15,18
2021-05-24,2021-05-25,NLG,C,29843.268101636007,16,4
2021-10-06,2021-10-07,NLG,C,33651.39345835518,17,15
2021-12-07,2021-12-08,NLG,C,47493.95392701523,18,9
2022-12-20,2022-12-21,NLG,C,27185.56827666238,19,12
2023-03-31,2023-04-03,NLG,C,24431.474758438413,20,13
2023-11-22,2023-11-23,NLG,C,34150.98312717566,21,6
2024-03-06,2024-03-07,NLG,C,38129.304460053456,22,2
2024-05-16,2024-05-17,NLG,C,38978.60901426332,23,1
2024-07-05,2024-07-08,NLG,C,40147.9754678015,24,18
2024-09-25,2024-09-26,NLG,C,38339.50810438702,25,1
2025-03-17,2025-03-18,NLG,C,32100.295700607057,26,7
2025-05-21,2025-05-22,NLG,C,31060.42696664373,27,2
2015-01-15,2015-01-16,NT2,A,7984.684051030536,3,5
2020-09-11,2020-09-14,NT2,A,16821.06773417096,12,14
2021-12-14,2021-12-15,NT2,A,20183.50690677165,18,14
2014-03-28,2014-03-31,NT2,C,2365.8323114164477,1,8
2014-07-07,2014-07-08,NT2,C,2511.4788630880294,2,16
2015-01-09,2015-01-12,NT2,C,7651.988882237596,3,1
2015-10-26,2015-10-27,NT2,C,10418.534041400215,4,13
2017-03-22,2017-03-23,NT2,C,13884.478377625312,6,2
2020-04-20,2020-04-21,NT2,C,12775.494481648875,11,2
2020-08-26,2020-08-27,NT2,C,16217.780494759765,12,3
2020-11-24,2020-11-25,NT2,C,16572.655341472233,13,4
2021-06-15,2021-06-16,NT2,C,15230.045504743426,16,20
2021-09-21,2021-09-22,NT2,C,15895.435842329303,17,4
2021-12-09,2021-12-10,NT2,C,18630.9294524046,18,11
2022-12-12,2022-12-13,NT2,C,22946.46670700606,19,6
2023-04-04,2023-04-05,NT2,C,25607.707116268943,20,15
2023-12-05,2023-12-06,NT2,C,22633.849470575675,21,15
2024-05-23,2024-05-24,NT2,C,21401.562110511,23,6
2025-03-25,2025-03-26,NT2,C,19695.05747126437,26,13
2025-05-30,2025-06-02,NT2,C,18098.16091954023,27,9
2021-05-20,2021-05-21,OCB,C,10145.771277652062,16,2
2021-09-20,2021-09-21,OCB,C,11462.770433885773,17,3
2021-11-26,2021-11-29,OCB,C,14535.768465097703,18,2
2022-12-22,2022-12-23,OCB,C,7731.272824557,19,14
2023-04-07,2023-04-10,OCB,C,8389.772402673841,20,18
2023-11-16,2023-11-17,OCB,C,10318.962041703335,21,2
2024-05-16,2024-05-17,OCB,C,10648.290617502378,23,1
2024-09-26,2024-09-27,OCB,C,10668.758920847753,25,2
2025-03-07,2025-03-10,OCB,C,10141.90662846021,26,1
2025-05-20,2025-05-21,OCB,C,9527.245620674743,27,1
2016-09-27,2016-09-28,PAN,A,25475.442228760276,5,1
2018-04-03,2018-04-04,PAN,A,44744.14035087713,9,12
2024-03-08,2024-03-11,PAN,A,23786.72920223264,22,4
2024-06-20,2024-06-21,PAN,A,24124.471807538175,24,7
2014-03-27,2014-03-28,PAN,C,13042.654438027423,1,7
2014-06-19,2014-06-20,PAN,C,11965.73801653892,2,4
2015-01-09,2015-01-12,PAN,C,18459.080848255882,3,1
2015-10-23,2015-10-26,PAN,C,17189.168652307075,4,12
2016-10-24,2016-10-25,PAN,C,24944.703848994435,5,20
2017-03-27,2017-03-28,PAN,C,22821.750329931077,6,5
2017-09-11,2017-09-12,PAN,C,23101.59420289852,8,6
2018-04-03,2018-04-04,PAN,C,44744.14035087713,9,12
2019-07-16,2019-07-17,PAN,C,24688.019468962266,10,9
2020-04-23,2020-04-24,PAN,C,21656.055852190857,11,5
2020-08-28,2020-08-31,PAN,C,18535.31417916772,12,5
2020-11-23,2020-11-24,PAN,C,20142.968980422065,13,3
2021-04-08,2021-04-09,PAN,C,28418.62778927997,15,16
2021-06-02,2021-06-03,PAN,C,26343.923213831687,16,11
2021-09-17,2021-09-20,PAN,C,28515.125676510124,17,2
2021-12-21,2021-12-22,PAN,C,38309.66123037062,18,19
2023-03-30,2023-03-31,PAN,C,16211.645054665654,20,12
2023-12-04,2023-12-05,PAN,C,18913.58589710993,21,14
2024-03-07,2024-03-08,PAN,C,22966.497160776344,22,3
2024-05-22,2024-05-23,PAN,C,22484.00772462558,23,5
2024-06-18,2024-06-19,PAN,C,23738.480258617565,24,5
2024-09-25,2024-09-26,PAN,C,23747.660818713444,25,1
2025-04-02,2025-04-03,PAN,C,25570.61403508771,26,19
2025-05-23,2025-05-26,PAN,C,25028.654970760224,27,4
2020-11-24,2020-11-25,PC1,A,10482.661816740067,13,4
2021-03-02,2021-03-03,PC1,A,13439.921038057271,14,1
2021-09-29,2021-09-30,PC1,A,18110.53189525448,17,10
2021-12-10,2021-12-13,PC1,A,23388.899877664484,18,12
2024-07-09,2024-07-10,PC1,A,23894.586217885488,24,20
2017-03-21,2017-03-22,PC1,C,9407.944726640082,6,1
2017-05-22,2017-05-23,PC1,C,9183.94604267246,7,1
2017-09-29,2017-10-02,PC1,C,10320.62021557201,8,20
2020-05-08,2020-05-11,PC1,C,6606.054805266381,11,14
2020-08-24,2020-08-25,PC1,C,7713.656808544577,12,1
2020-11-24,2020-11-25,PC1,C,10482.661816740067,13,4
2021-03-02,2021-03-03,PC1,C,13439.921038057271,14,1
2021-04-12,2021-04-13,PC1,C,13296.943154673683,15,18
2021-05-31,2021-06-01,PC1,C,13559.069274210262,16,9
2021-09-29,2021-09-30,PC1,C,18110.53189525448,17,10
2021-11-29,2021-11-30,PC1,C,22273.78117934063,18,3
2023-03-28,2023-03-29,PC1,C,18673.19147447347,20,10
2023-11-29,2023-11-30,PC1,C,20529.684044797184,21,11
2024-03-13,2024-03-14,PC1,C,22533.502192816064,22,7
2024-05-20,2024-05-21,PC1,C,21588.304953184517,23,3
2024-06-20,2024-06-21,PC1,C,22457.886413645538,24,7
2024-09-25,2024-09-26,PC1,C,22306.654855304492,25,1
2025-05-22,2025-05-23,PC1,C,19388.482328482318,27,3
2017-03-30,2017-03-31,PDR,A,4123.960180461526,6,8
2017-06-13,2017-06-14,PDR,A,7007.050199480618,7,17
2017-09-13,2017-09-14,PDR,A,7884.619106930021,8,8
2018-04-06,2018-04-09,PDR,A,11799.92654016582,9,15
2019-07-05,2019-07-08,PDR,A,10590.661133082573,10,2
2020-05-13,2020-05-14,PDR,A,11350.709449079848,11,17
2020-08-26,2020-08-27,PDR,A,13035.887225202983,12,3
2020-11-20,2020-11-23,PDR,A,20976.96531079406,13,2
2021-03-11,2021-03-12,PDR,A,33155.535218719524,14,8
2021-05-21,2021-05-24,PDR,A,46640.025850457925,16,3
2024-03-21,2024-03-22,PDR,A,26180.68956616331,22,13
2015-01-20,2015-01-21,PDR,C,3272.166024140018,3,8
2016-10-17,2016-10-18,PDR,C,3254.9828567214345,5,15
2017-03-22,2017-03-23,PDR,C,3645.28623094367,6,2
2017-05-26,2017-05-29,PDR,C,6561.515215698613,7,5
2017-09-07,2017-09-08,PDR,C,7506.589423721048,8,4
2018-03-28,2018-03-29,PDR,C,10733.342791111929,9,8
2019-07-05,2019-07-08,PDR,C,10590.661133082573,10,2
2020-05-04,2020-05-05,PDR,C,11183.787251299262,11,10
2020-08-26,2020-08-27,PDR,C,13035.887225202983,12,3
2020-11-20,2020-11-23,PDR,C,20976.96531079406,13,2
2021-03-02,2021-03-03,PDR,C,31813.407106417537,14,1
2021-04-01,2021-04-02,PDR,C,35016.84046088328,15,11
2021-05-21,2021-05-24,PDR,C,46640.025850457925,16,3
2021-10-08,2021-10-11,PDR,C,53390.555907761045,17,17
2021-11-25,2021-11-26,PDR,C,58238.66385800601,18,1
2023-04-03,2023-04-04,PDR,C,11124.701956229139,20,14
2023-11-16,2023-11-17,PDR,C,23336.780795397968,21,2
2024-03-18,2024-03-19,PDR,C,24675.090805169893,22,10
2024-05-22,2024-05-23,PDR,C,24393.316831683176,23,5
2024-06-13,2024-06-14,PDR,C,24347.029702970303,24,2
2025-03-07,2025-03-10,PDR,C,18885.14851485149,26,1
2025-06-02,2025-06-03,PDR,C,17126.23762376238,27,10
2017-05-24,2017-05-25,PHR,A,11597.04057804029,7,3
2017-09-22,2017-09-25,PHR,A,15731.637653689473,8,15
2019-07-18,2019-07-19,PHR,A,44875.504845460346,10,11
2020-12-15,2020-12-16,PHR,A,49046.772405150776,13,19
2024-03-11,2024-03-12,PHR,A,54471.42857142858,22,5
2025-03-25,2025-03-26,PHR,A,65404.761904761894,26,13
2014-06-27,2014-06-30,PHR,C,7490.710333839595,2,10
2015-01-28,2015-01-29,PHR,C,7066.707862112826,3,14
2015-10-12,2015-10-13,PHR,C,5763.3777418139725,4,3
2016-10-06,2016-10-07,PHR,C,6501.371233143799,5,8
2017-05-22,2017-05-23,PHR,C,10964.474728329002,7,1
2018-04-02,2018-04-03,PHR,C,17565.161855751183,9,11
2019-07-04,2019-07-05,PHR,C,41543.83857663071,10,1
2020-04-17,2020-04-20,PHR,C,32966.7651530695,11,1
2020-11-23,2020-11-24,PHR,C,47964.99312593427,13,3
2021-03-03,2021-03-04,PHR,C,48206.40714587249,14,2
2021-06-04,2021-06-07,PHR,C,42782.231381439924,16,13
2021-10-07,2021-10-08,PHR,C,41177.89770463593,17,16
2021-11-30,2021-12-01,PHR,C,55464.107112366764,18,4
2023-04-05,2023-04-06,PHR,C,37880.59561550001,20,16
2023-12-04,2023-12-05,PHR,C,44883.345481049575,21,14
2024-03-08,2024-03-11,PHR,C,52062.827988338206,22,4
2024-05-24,2024-05-27,PHR,C,55583.090379008754,23,7
2024-07-03,2024-07-04,PHR,C,57435.86005830905,24,16
2024-10-02,2024-10-03,PHR,C,56046.28279883383,25,6
2025-03-11,2025-03-12,PHR,C,63354.761904761894,26,3
2020-12-14,2020-12-15,PLX,A,46449.43923795568,13,18
2024-05-23,2024-05-24,PLX,A,39863.7837837838,23,6
2024-07-04,2024-07-05,PLX,A,42476.216216216235,24,17
2017-09-08,2017-09-11,PLX,C,49840.98559501291,8,5
2018-03-19,2018-03-20,PLX,C,63407.17102324128,9,1
2019-07-04,2019-07-05,PLX,C,51598.19983073443,10,1
2020-04-20,2020-04-21,PLX,C,34968.73883673763,11,2
2020-08-24,2020-08-25,PLX,C,41288.390433738416,12,1
2020-11-19,2020-11-20,PLX,C,43782.897355776746,13,1
2021-03-15,2021-03-16,PLX,C,49029.96364006433,14,10
2021-06-04,2021-06-07,PLX,C,49718.10348062664,16,13
2021-09-28,2021-09-29,PLX,C,45115.29056747776,17,9
2023-04-05,2023-04-06,PLX,C,34953.51450398184,20,16
2023-11-29,2023-11-30,PLX,C,33148.84058462477,21,11
2024-03-06,2024-03-07,PLX,C,33986.87307131472,22,2
2024-05-23,2024-05-24,PLX,C,39863.7837837838,23,6
2024-07-04,2024-07-05,PLX,C,42476.216216216235,24,17
2025-06-04,2025-06-05,PLX,C,35267.837837837855,27,12
2017-05-24,2017-05-25,PNJ,A,30471.1682819915,7,3
2021-04-02,2021-04-05,PNJ,A,59881.38723977999,15,12
2021-05-20,2021-05-21,PNJ,A,66985.95860721152,16,2
2024-03-05,2024-03-06,PNJ,A,91853.40868903395,22,1
2014-06-17,2014-06-18,PNJ,C,6430.652026292304,2,2
2016-09-27,2016-09-28,PNJ,C,23445.08551252406,5,1
2017-04-13,2017-04-14,PNJ,C,24370.70966782364,6,17
2017-05-24,2017-05-25,PNJ,C,30471.1682819915,7,3
2017-09-01,2017-09-05,PNJ,C,33614.77195561882,8,1
2018-03-19,2018-03-20,PNJ,C,57274.34786085482,9,1
2019-07-22,2019-07-23,PNJ,C,49496.533778128694,10,13
2020-08-24,2020-08-25,PNJ,C,39122.506329989636,12,1
2020-11-23,2020-11-24,PNJ,C,51058.18622727461,13,3
2021-04-02,2021-04-05,PNJ,C,59881.38723977999,15,12
2021-05-20,2021-05-21,PNJ,C,66985.95860721152,16,2
2021-09-30,2021-10-01,PNJ,C,65632.70691817693,17,11
2022-12-30,2023-01-03,PNJ,C,84161.60792316578,19,20
2023-11-17,2023-11-20,PNJ,C,74583.44961733543,21,3
2024-03-05,2024-03-06,PNJ,C,91853.40868903395,22,1
2024-05-17,2024-05-20,PNJ,C,95171.14884595554,23,2
2024-06-20,2024-06-21,PNJ,C,94025.65858903331,24,7
2024-10-02,2024-10-03,PNJ,C,94898.55365594917,25,6
2025-06-02,2025-06-03,PNJ,C,75995.3596287703,27,10
2021-12-07,2021-12-08,POW,A,12764.896551724136,18,9
2024-06-11,2024-06-12,POW,A,11690.827586206895,23,19
2024-06-18,2024-06-19,POW,A,12475.724137931033,24,5
2020-04-20,2020-04-21,POW,C,7220.669033352179,11,2
2020-08-26,2020-08-27,POW,C,7961.654720180896,12,3
2020-11-19,2020-11-20,POW,C,8045.358959864328,13,1
2021-03-05,2021-03-08,POW,C,11661.707179197283,14,4
2021-04-12,2021-04-13,POW,C,11621.074053137363,15,18
2021-06-03,2021-06-04,POW,C,10564.61277557942,16,12
2021-09-29,2021-09-30,POW,C,10079.724137931033,17,10
2021-12-07,2021-12-08,POW,C,12764.896551724136,18,9
2022-12-23,2022-12-26,POW,C,9129.58620689655,19,15
2023-03-15,2023-03-16,POW,C,11071.172413793101,20,1
2023-12-08,2023-12-11,POW,C,9666.62068965517,21,18
2024-05-20,2024-05-21,POW,C,9418.758620689654,23,3
2024-06-18,2024-06-19,POW,C,12475.724137931033,24,5
2025-03-14,2025-03-17,POW,C,9997.10344827586,26,6
2025-05-20,2025-05-21,POW,C,10781.999999999998,27,1
2024-05-16,2024-05-17,PPC,A,14222.094109514943,23,1
2024-06-26,2024-06-27,PPC,A,15110.974991359628,24,11
2014-07-10,2014-07-11,PPC,C,5755.639679272038,2,19
2015-10-13,2015-10-14,PPC,C,5870.497233847317,4,4
2017-03-27,2017-03-28,PPC,C,6394.408886295961,6,5
2017-05-22,2017-05-23,PPC,C,7898.9756830714805,7,1
2018-04-06,2018-04-09,PPC,C,8674.767937658817,9,15
2020-04-24,2020-04-27,PPC,C,14634.262984261832,11,6
2020-08-24,2020-08-25,PPC,C,13324.148012337439,12,1
2020-11-26,2020-11-27,PPC,C,13017.525359333858,13,6
2021-04-02,2021-04-05,PPC,C,15722.723026304122,15,12
2021-09-21,2021-09-22,PPC,C,16327.362595057406,17,4
2021-12-09,2021-12-10,PPC,C,16610.70077458118,18,11
2023-04-10,2023-04-11,PPC,C,11014.667866017659,20,19
2023-11-30,2023-12-01,PPC,C,10818.809814431477,21,12
2024-05-31,2024-06-03,PPC,C,14977.642859082924,23,12
2024-06-26,2024-06-27,PPC,C,15110.974991359628,24,11
2024-10-11,2024-10-14,PPC,C,11422.119331704189,25,13
2025-03-25,2025-03-26,PPC,C,11436.619718309856,26,13
2015-10-12,2015-10-13,PTB,A,9381.208030437087,4,3
2017-09-13,2017-09-14,PTB,A,38302.59039435704,8,8
2019-07-10,2019-07-11,PTB,A,35014.623978675096,10,5
2021-03-08,2021-03-09,PTB,A,41436.608780821705,14,5
2021-05-21,2021-05-24,PTB,A,46256.03736215622,16,3
2021-09-17,2021-09-20,PTB,A,57195.9691884196,17,2
2024-03-12,2024-03-13,PTB,A,52096.073045752906,22,6
2024-05-23,2024-05-24,PTB,A,58443.221185820905,23,6
2014-04-03,2014-04-04,PTB,C,5824.367105392753,1,12
2014-07-03,2014-07-04,PTB,C,5479.053123189779,2,14
2015-01-13,2015-01-14,PTB,C,8218.579684784669,3,3
2015-10-19,2015-10-20,PTB,C,10022.658152176375,4,8
2017-09-07,2017-09-08,PTB,C,36775.93910461754,8,4
2018-04-05,2018-04-06,PTB,C,34399.36640357357,9,14
2019-07-10,2019-07-11,PTB,C,35014.623978675096,10,5
2020-08-24,2020-08-25,PTB,C,25773.465891484553,12,1
2020-11-19,2020-11-20,PTB,C,29492.807514036183,13,1
2021-03-08,2021-03-09,PTB,C,41436.608780821705,14,5
2021-04-14,2021-04-15,PTB,C,44422.55909751809,15,20
2021-05-21,2021-05-24,PTB,C,46256.03736215622,16,3
2021-09-17,2021-09-20,PTB,C,57195.9691884196,17,2
2023-03-31,2023-04-03,PTB,C,33184.95957761662,20,13
2023-11-20,2023-11-21,PTB,C,47310.89151472444,21,4
2024-03-08,2024-03-11,PTB,C,48386.70075610278,22,4
2024-05-23,2024-05-24,PTB,C,58443.221185820905,23,6
2024-06-20,2024-06-21,PTB,C,62152.59347547103,24,7
2025-05-26,2025-05-27,PTB,C,47009.09227992082,27,5
2024-03-14,2024-03-15,PVD,A,32564.900662251657,22,8
2014-04-07,2014-04-08,PVD,C,39735.28669605767,1,14
2014-06-17,2014-06-18,PVD,C,39505.602957930176,2,2
2016-10-06,2016-10-07,PVD,C,16972.887332338043,5,8
2017-09-26,2017-09-27,PVD,C,9978.6470487135,8,17
2020-08-24,2020-08-25,PVD,C,8075.976598676645,12,1
2020-11-19,2020-11-20,PVD,C,9335.53258195649,13,1
2021-03-19,2021-03-22,PVD,C,17522.646473275476,14,14
2021-05-31,2021-06-01,PVD,C,16818.776953207325,16,9
2021-09-17,2021-09-20,PVD,C,15077.626035144012,17,2
2023-04-05,2023-04-06,PVD,C,20927.593818984547,20,16
2023-11-29,2023-11-30,PVD,C,27968.653421633553,21,11
2024-03-14,2024-03-15,PVD,C,32564.900662251657,22,8
2024-05-16,2024-05-17,PVD,C,32075.938189845474,23,1
2024-09-26,2024-09-27,PVD,C,26844.039735099337,25,2
2025-06-13,2025-06-16,PVD,C,21025.386313465784,27,19
2017-06-15,2017-06-16,PVT,A,6738.129654741095,7,19
2017-09-13,2017-09-14,PVT,A,7394.914855744739,8,8
2021-06-04,2021-06-07,PVT,A,13622.211576371874,16,13
2024-05-30,2024-05-31,PVT,A,23231.932773109227,23,11
2014-07-08,2014-07-09,PVT,C,5381.422249408631,2,17
2015-10-08,2015-10-09,PVT,C,4669.1751869869,4,1
2017-04-07,2017-04-10,PVT,C,5948.365721682388,6,13
2017-05-22,2017-05-23,PVT,C,6084.587837446106,7,1
2017-09-05,2017-09-06,PVT,C,7492.216367004538,8,2
2018-04-03,2018-04-04,PVT,C,10508.563216058314,9,12
2019-07-04,2019-07-05,PVT,C,8510.638851523758,10,1
2020-05-13,2020-05-14,PVT,C,5982.421250623316,11,17
2020-08-26,2020-08-27,PVT,C,6175.402581288585,12,3
2020-12-09,2020-12-10,PVT,C,8659.83450212212,13,15
2021-03-04,2021-03-05,PVT,C,11935.652047868689,14,3
2021-04-09,2021-04-12,PVT,C,11773.48286243569,15,17
2021-05-26,2021-05-27,PVT,C,11351.842980309895,16,6
2021-09-17,2021-09-20,PVT,C,16281.786217473049,17,2
2021-12-15,2021-12-16,PVT,C,16400.4617516405,18,15
2022-12-14,2022-12-15,PVT,C,14144.135391558542,19,8
2023-03-30,2023-03-31,PVT,C,14076.782365884454,20,12
2024-03-06,2024-03-07,PVT,C,18735.42965573325,22,2
2024-05-17,2024-05-20,PVT,C,22482.515586879897,23,2
2024-09-26,2024-09-27,PVT,C,21590.546218487394,25,2
2025-06-03,2025-06-04,PVT,C,17499.70588235294,27,11
2017-06-06,2017-06-07,REE,A,16211.373553462166,7,12
2020-09-10,2020-09-11,REE,A,21064.253492754462,12,13
2020-11-23,2020-11-24,REE,A,24872.022393367766,13,3
2021-09-17,2021-09-20,REE,A,36295.329095207686,17,2
2024-05-23,2024-05-24,REE,A,51997.38031637781,23,6
2024-07-09,2024-07-10,REE,A,59425.57750443178,24,20
2025-03-10,2025-03-11,REE,A,63153.62838468722,26,2
2025-06-05,2025-06-06,REE,A,66148.71916173879,27,13
2014-07-09,2014-07-10,REE,C,9689.556606667087,2,18
2015-01-09,2015-01-12,REE,C,9829.984963285451,3,1
2015-10-16,2015-10-19,REE,C,9622.583082741396,4,7
2017-03-29,2017-03-30,REE,C,13157.056797012772,6,7
2017-06-15,2017-06-16,REE,C,16493.310484826725,7,19
2017-09-18,2017-09-19,REE,C,17221.647557518503,8,11
2018-04-10,2018-04-11,REE,C,19638.365564014162,9,17
2019-07-04,2019-07-05,REE,C,17112.00541754348,10,1
2020-04-17,2020-04-20,REE,C,16743.38098142021,11,1
2020-08-25,2020-08-26,REE,C,19930.02445852922,12,2
2020-11-23,2020-11-24,REE,C,24872.022393367766,13,3
2021-03-19,2021-03-22,REE,C,30570.173017689805,14,14
2021-05-20,2021-05-21,REE,C,31542.369332740014,16,2
2021-09-17,2021-09-20,REE,C,36295.329095207686,17,2
2022-12-05,2022-12-06,REE,C,49813.88694359741,19,1
2023-04-04,2023-04-05,REE,C,43971.90524655509,20,15
2023-12-05,2023-12-06,REE,C,42838.05826126892,21,15
2024-03-08,2024-03-11,REE,C,45510.921930184515,22,4
2024-05-16,2024-05-17,REE,C,50577.144029092786,23,1
2024-06-20,2024-06-21,REE,C,56471.18089554668,24,7
2025-03-10,2025-03-11,REE,C,63153.62838468722,26,2
2025-05-20,2025-05-21,REE,C,62041.16609606807,27,1
2017-06-14,2017-06-15,SAB,C,73417.16240674215,7,18
2017-09-05,2017-09-06,SAB,C,93043.53255507916,8,2
2019-07-08,2019-07-09,SAB,C,104298.79858996751,10,3
2020-05-08,2020-05-11,SAB,C,66295.8617925844,11,14
2020-08-31,2020-09-01,SAB,C,74300.38814420204,12,6
2020-11-19,2020-11-20,SAB,C,72768.4213783422,13,1
2021-06-11,2021-06-14,SAB,C,64131.567927959004,16,18
2021-09-17,2021-09-20,SAB,C,63310.87144624838,17,2
2023-03-16,2023-03-17,SAB,C,77800.94300281972,20,2
2024-03-06,2024-03-07,SAB,C,51632.10839707762,22,2
2024-05-17,2024-05-20,SAB,C,48936.79441876362,23,2
2024-09-26,2024-09-27,SAB,C,50769.83634045603,25,2
2015-11-03,2015-11-04,SBT,A,8180.600423140977,4,19
2017-05-24,2017-05-25,SBT,A,19432.69008490913,7,3
2025-03-10,2025-03-11,SBT,A,14700.0,26,2
2014-04-11,2014-04-14,SBT,C,6271.150225271461,1,17
2014-06-25,2014-06-26,SBT,C,6022.527918876793,2,8
2015-10-08,2015-10-09,SBT,C,7327.408967966764,4,1
2016-10-12,2016-10-13,SBT,C,18073.76070834206,5,12
2017-03-23,2017-03-24,SBT,C,16578.93839411828,6,3
2017-05-22,2017-05-23,SBT,C,18209.653645998766,7,1
2020-08-25,2020-08-26,SBT,C,11084.539846589143,12,2
2020-11-19,2020-11-20,SBT,C,13357.658076483158,13,1
2021-03-09,2021-03-10,SBT,C,17449.88858546355,14,6
2021-06-03,2021-06-04,SBT,C,16600.557725109127,16,12
2021-09-22,2021-09-23,SBT,C,17642.91832645319,17,5
2021-12-22,2021-12-23,SBT,C,18685.27892779725,18,20
2022-12-21,2022-12-22,SBT,C,12389.56207482993,19,13
2023-04-03,2023-04-04,SBT,C,12224.367913832199,20,14
2023-12-04,2023-12-05,SBT,C,12722.222222222226,21,14
2024-05-21,2024-05-22,SBT,C,10995.634920634924,23,4
2024-06-28,2024-07-01,SBT,C,10768.452380952385,24,13
2025-03-10,2025-03-11,SBT,C,14700.0,26,2
2025-05-21,2025-05-22,SBT,C,18050.0,27,2
2021-05-27,2021-05-28,SCS,A,55053.13478707988,16,7
2021-11-29,2021-11-30,SCS,A,64202.49322614078,18,3
2024-03-05,2024-03-06,SCS,A,65140.63054994934,22,1
2024-05-24,2024-05-27,SCS,A,77100.0431899791,23,7
2024-06-24,2024-06-25,SCS,A,80642.84791640376,24,9
2017-09-28,2017-09-29,SCS,C,19328.37191055069,8,19
2018-03-27,2018-03-28,SCS,C,58633.581039409284,9,7
2020-08-28,2020-08-31,SCS,C,44269.53106589945,12,5
2020-11-20,2020-11-23,SCS,C,47107.32151884172,13,2
2021-03-02,2021-03-03,SCS,C,52320.00043594825,14,1
2021-05-27,2021-05-28,SCS,C,55053.13478707988,16,7
2021-09-24,2021-09-27,SCS,C,55507.98630648786,17,7
2021-11-26,2021-11-29,SCS,C,56957.070793096675,18,2
2022-12-05,2022-12-06,SCS,C,57685.6749089436,19,1
2024-03-05,2024-03-06,SCS,C,65140.63054994934,22,1
2024-05-21,2024-05-22,SCS,C,75149.21701465509,23,4
2025-06-02,2025-06-03,SCS,C,59113.365190895594,27,10
2017-04-10,2017-04-11,SHB,A,1936.6490053727298,6,14
2021-03-18,2021-03-19,SHB,A,7670.9456697185715,14,13
2021-03-31,2021-04-01,SHB,A,10109.913010859862,15,10
2021-05-28,2021-05-31,SHB,A,13055.089277289391,16,8
2025-03-14,2025-03-17,SHB,A,9203.911148453495,26,6
2014-03-26,2014-03-27,SHB,C,2882.926834114029,1,6
2014-06-30,2014-07-01,SHB,C,2414.7592285741443,2,11
2015-01-09,2015-01-12,SHB,C,2386.444382625043,3,1
2016-10-14,2016-10-17,SHB,C,1433.0338064309462,5,14
2017-03-24,2017-03-27,SHB,C,1755.0881611190364,6,4
2017-05-22,2017-05-23,SHB,C,2148.469990335372,7,1
2017-09-20,2017-09-21,SHB,C,2481.3315381338098,8,13
2018-04-09,2018-04-10,SHB,C,4409.334789018298,9,16
2020-04-17,2020-04-20,SHB,C,7080.872925894067,11,1
2020-08-28,2020-08-31,SHB,C,5507.345609028718,12,5
2020-11-25,2020-11-26,SHB,C,6726.829279599363,13,5
2021-03-11,2021-03-12,SHB,C,6805.50564544263,14,8
2021-03-30,2021-03-31,SHB,C,9244.47298658392,15,9
2021-05-19,2021-05-20,SHB,C,12622.801552875835,16,1
2021-10-04,2021-10-05,SHB,C,12104.056283579568,17,13
2023-03-23,2023-03-24,SHB,C,6516.737201764944,20,7
2023-12-04,2023-12-05,SHB,C,8090.993853351211,21,14
2024-05-16,2024-05-17,SHB,C,8635.231108060934,23,1
2024-06-13,2024-06-14,SHB,C,8780.361042650195,24,2
2024-09-26,2024-09-27,SHB,C,8220.140314968077,25,2
2025-03-14,2025-03-17,SHB,C,9203.911148453495,26,6
2025-05-21,2025-05-22,SHB,C,11347.287717271432,27,2
2020-11-19,2020-11-20,SIP,A,46833.57296512577,13,1
2024-03-11,2024-03-12,SIP,A,62038.59451938945,22,5
2024-06-05,2024-06-06,SIP,A,71268.95195645168,23,15
2020-04-27,2020-04-28,SIP,C,24069.751363852054,11,7
2020-09-09,2020-09-10,SIP,C,26071.95490290746,12,12
2020-11-19,2020-11-20,SIP,C,46833.57296512577,13,1
2021-03-08,2021-03-09,SIP,C,68040.60635708061,14,5
2021-06-11,2021-06-14,SIP,C,57024.82229345244,16,18
2023-03-28,2023-03-29,SIP,C,28226.890327860932,20,10
2023-11-21,2023-11-22,SIP,C,41901.90877634268,21,5
2024-03-11,2024-03-12,SIP,C,62038.59451938945,22,5
2024-05-16,2024-05-17,SIP,C,66105.58911062712,23,1
2016-09-27,2016-09-28,SJS,A,8492.368695652187,5,1
2017-04-13,2017-04-14,SJS,A,9142.539130434774,6,17
2020-12-03,2020-12-04,SJS,A,10733.217391304344,13,11
2021-04-13,2021-04-14,SJS,A,17373.913043478256,15,19
2021-09-22,2021-09-23,SJS,A,25867.826086956513,17,5
2021-11-25,2021-11-26,SJS,A,27798.26086956521,18,1
2023-11-22,2023-11-23,SJS,A,26987.478260869557,21,6
2024-03-18,2024-03-19,SJS,A,30732.521739130425,22,10
2014-03-26,2014-03-27,SJS,C,8161.106086956534,1,6
2015-01-12,2015-01-13,SJS,C,7619.040000000012,3,2
2015-10-22,2015-10-23,SJS,C,6926.4000000000115,4,11
2016-09-27,2016-09-28,SJS,C,8492.368695652187,5,1
2017-03-22,2017-03-23,SJS,C,8246.81739130434,6,2
2017-05-25,2017-05-26,SJS,C,9513.182608695643,7,4
2017-09-11,2017-09-12,SJS,C,8648.347826086949,8,6
2018-03-21,2018-03-22,SJS,C,10194.239999999998,9,3
2019-07-05,2019-07-08,SJS,C,7663.826086956519,10,2
2020-05-06,2020-05-07,SJS,C,7412.869565217389,11,12
2020-08-24,2020-08-25,SJS,C,8648.347826086954,12,1
2020-11-20,2020-11-23,SJS,C,10501.565217391302,13,2
2021-03-31,2021-04-01,SJS,C,15057.391304347822,15,10
2021-05-19,2021-05-20,SJS,C,21427.826086956517,16,1
2021-09-22,2021-09-23,SJS,C,25867.826086956513,17,5
2021-12-08,2021-12-09,SJS,C,31504.695652173905,18,10
2023-11-15,2023-11-16,SJS,C,23551.30434782608,21,1
2024-03-05,2024-03-06,SJS,C,29110.95652173912,22,1
2025-03-21,2025-03-24,SJS,C,38068.173913043465,26,11
2021-06-08,2021-06-09,SSB,C,20068.419184981743,16,15
2021-12-02,2021-12-03,SSB,C,22560.46067040805,18,6
2022-12-05,2022-12-06,SSB,C,22509.264980045038,19,1
2024-06-14,2024-06-17,SSB,C,19583.920704845805,24,3
2025-03-20,2025-03-21,SSB,C,19800.0,26,10
2017-03-27,2017-03-28,SSI,A,6889.72340207514,6,5
2017-05-24,2017-05-25,SSI,A,7857.2164755580325,7,3
2018-04-03,2018-04-04,SSI,A,13139.406572012625,9,12
2020-11-23,2020-11-24,SSI,A,7607.807249615384,13,3
2021-05-20,2021-05-21,SSI,A,15782.153336968082,16,2
2021-11-25,2021-11-26,SSI,A,32968.08657495914,18,1
2024-03-05,2024-03-06,SSI,A,25937.401468993416,22,1
2014-04-10,2014-04-11,SSI,C,6317.816484971546,1,16
2015-10-12,2015-10-13,SSI,C,6851.320988146893,4,3
2016-09-28,2016-09-29,SSI,C,6317.81648497152,5,2
2017-03-21,2017-03-22,SSI,C,6713.815570532796,6,1
2017-06-16,2017-06-19,SSI,C,7886.534447481757,7,20
2017-09-15,2017-09-18,SSI,C,7520.059798435206,8,10
2018-03-23,2018-03-26,SSI,C,12008.806471630143,9,5
2019-07-17,2019-07-18,SSI,C,8018.258856547525,10,10
2020-04-17,2020-04-20,SSI,C,5185.564667860941,11,1
2020-08-24,2020-08-25,SSI,C,6130.759565514524,12,1
2020-11-23,2020-11-24,SSI,C,7607.807249615384,13,3
2021-04-01,2021-04-02,SSI,C,14123.003883594514,15,11
2021-05-19,2021-05-20,SSI,C,14628.842131574262,16,1
2023-03-15,2023-03-16,SSI,C,13478.328011780022,20,1
2023-12-04,2023-12-05,SSI,C,23336.726188011457,21,14
2024-03-05,2024-03-06,SSI,C,25937.401468993416,22,1
2024-05-20,2024-05-21,SSI,C,25347.915071970838,23,3
2024-09-25,2024-09-26,SSI,C,24385.866820742474,25,1
2025-03-13,2025-03-14,SSI,C,23986.098512205714,26,5
2025-06-03,2025-06-04,SSI,C,21942.838268573374,27,11
2017-04-07,2017-04-10,STB,A,13400.0,6,13
2017-06-06,2017-06-07,STB,A,13900.0,7,12
2020-12-01,2020-12-02,STB,A,15450.0,13,9
2021-04-02,2021-04-05,STB,A,23000.0,15,12
2021-05-28,2021-05-31,STB,A,32150.0,16,8
2024-09-27,2024-09-30,STB,A,33550.0,25,3
2025-05-21,2025-05-22,STB,A,41750.0,27,2
2014-03-25,2014-03-26,STB,C,17596.0,1,5
2014-06-18,2014-06-19,STB,C,17264.0,2,3
2015-01-09,2015-01-12,STB,C,15355.0,3,1
2015-10-08,2015-10-09,STB,C,15106.0,4,1
2017-03-22,2017-03-23,STB,C,10750.0,6,2
2017-05-22,2017-05-23,STB,C,12800.0,7,1
2017-09-25,2017-09-26,STB,C,12550.0,8,16
2018-03-21,2018-03-22,STB,C,16300.0,9,3
2019-07-19,2019-07-22,STB,C,11650.0,10,12
2020-08-24,2020-08-25,STB,C,11300.0,12,1
2020-11-23,2020-11-24,STB,C,14600.0,13,3
2021-03-11,2021-03-12,STB,C,19400.0,14,8
2021-03-30,2021-03-31,STB,C,21450.0,15,9
2021-05-20,2021-05-21,STB,C,29250.0,16,2
2021-11-26,2021-11-29,STB,C,30100.0,18,2
2022-12-21,2022-12-22,STB,C,23750.0,19,13
2023-03-30,2023-03-31,STB,C,26000.0,20,12
2024-03-28,2024-03-29,STB,C,32250.0,22,18
2024-06-03,2024-06-04,STB,C,30500.0,23,13
2024-06-13,2024-06-14,STB,C,31650.0,24,2
2024-09-25,2024-09-26,STB,C,32800.0,25,1
2025-04-01,2025-04-02,STB,C,39650.0,26,18
2025-05-21,2025-05-22,STB,C,41750.0,27,2
2020-08-26,2020-08-27,SZC,A,17510.55187650585,12,3
2020-11-25,2020-11-26,SZC,A,18227.175885686695,13,5
2021-09-22,2021-09-23,SZC,A,32147.35552429141,17,5
2021-12-10,2021-12-13,SZC,A,40741.203040686145,18,12
2023-11-20,2023-11-21,SZC,A,33407.80549477455,21,4
2024-03-12,2024-03-13,SZC,A,43577.78685177623,22,6
2024-05-28,2024-05-29,SZC,A,44223.702664796656,23,9
2019-07-04,2019-07-05,SZC,C,12170.145129827792,10,1
2020-04-27,2020-04-28,SZC,C,10947.52225503399,11,7
2020-08-26,2020-08-27,SZC,C,17510.55187650585,12,3
2020-11-25,2020-11-26,SZC,C,18227.175885686695,13,5
2021-06-04,2021-06-07,SZC,C,24614.476837081176,16,13
2021-09-22,2021-09-23,SZC,C,32147.35552429141,17,5
2021-11-30,2021-12-01,SZC,C,37876.5872018879,18,4
2022-12-16,2022-12-19,SZC,C,21003.678700619817,19,10
2023-03-27,2023-03-28,SZC,C,18767.17587601678,20,9
2023-11-17,2023-11-20,SZC,C,30257.593335197438,21,3
2024-03-08,2024-03-11,SZC,C,41304.163189944426,22,4
2024-05-20,2024-05-21,SZC,C,42376.998597475475,23,3
2024-10-09,2024-10-10,SZC,C,36691.09396914448,25,11
2025-03-10,2025-03-11,SZC,C,43737.72791023845,26,2
2020-12-02,2020-12-03,TCB,A,11857.131174141643,13,10
2021-06-03,2021-06-04,TCB,A,25887.282404102072,16,12
2024-03-06,2024-03-07,TCB,A,20242.154215616312,22,2
2024-05-16,2024-05-17,TCB,A,23501.68429934449,23,1
2024-10-02,2024-10-03,TCB,A,24306.12903225807,25,6
2025-05-20,2025-05-21,TCB,A,30200.000000000007,27,1
2020-05-12,2020-05-13,TCB,C,9589.63198546117,11,16
2020-08-25,2020-08-26,TCB,C,10014.788083338759,12,2
2020-12-01,2020-12-02,TCB,C,11620.933341987427,13,9
2021-03-18,2021-03-19,TCB,C,19604.42006879993,14,13
2021-04-06,2021-04-07,TCB,C,19840.617900954145,15,14
2021-05-28,2021-05-31,TCB,C,25131.449341208583,16,8
2021-09-20,2021-09-21,TCB,C,23667.022781852444,17,3
2023-03-28,2023-03-29,TCB,C,13014.500551697301,20,10
2024-05-16,2024-05-17,TCB,C,23501.68429934449,23,1
2024-06-18,2024-06-19,TCB,C,23867.741935483853,24,5
2024-09-25,2024-09-26,TCB,C,23185.80645161291,25,1
2025-03-07,2025-03-10,TCB,C,27033.870967741943,26,1
2025-05-20,2025-05-21,TCB,C,30200.000000000007,27,1
2021-12-21,2021-12-22,TCH,A,16985.93091515845,18,19
2024-03-20,2024-03-21,TCH,A,12389.726728361471,22,12
2024-06-20,2024-06-21,TCH,A,17394.848121937957,24,7
2017-03-22,2017-03-23,TCH,C,8040.132401719914,6,2
2017-05-22,2017-05-23,TCH,C,9536.490376484453,7,1
2018-04-06,2018-04-09,TCH,C,10277.000562881156,9,15
2019-07-05,2019-07-08,TCH,C,10710.489629118467,10,2
2020-08-25,2020-08-26,TCH,C,10996.253371107308,12,2
2020-11-20,2020-11-23,TCH,C,10917.143634624523,13,2
2021-03-16,2021-03-17,TCH,C,12808.24304959398,14,11
2021-04-01,2021-04-02,TCH,C,13131.13993319719,15,11
2021-05-24,2021-05-25,TCH,C,12485.34616599077,16,4
2021-09-23,2021-09-24,TCH,C,10972.663401397976,17,6
2021-11-25,2021-11-26,TCH,C,15374.127251676262,18,1
2023-03-27,2023-03-28,TCH,C,5830.426767969441,20,9
2023-11-20,2023-11-21,TCH,C,10748.703320631474,21,4
2024-03-15,2024-03-18,TCH,C,11076.908002177473,22,9
2024-05-21,2024-05-22,TCH,C,16410.23407729996,23,4
2024-06-19,2024-06-20,TCH,C,16410.23407729996,24,6
2024-09-26,2024-09-27,TCH,C,15015.364180729464,25,2
2025-03-07,2025-03-10,TCH,C,14728.185084376715,26,1
2025-05-26,2025-05-27,TCH,C,16574.336418072962,27,5
2015-10-22,2015-10-23,TLG,C,17069.3464250073,4,11
2016-09-28,2016-09-29,TLG,C,31706.717397461074,5,2
2017-05-30,2017-05-31,TLG,C,32304.957348356565,7,7
2019-07-30,2019-07-31,TLG,C,31246.33273959798,10,19
2020-05-13,2020-05-14,TLG,C,20965.70923562223,11,17
2020-08-28,2020-08-31,TLG,C,23068.65271518312,12,5
2020-11-20,2020-11-23,TLG,C,23960.81055499683,13,2
2021-05-26,2021-05-27,TLG,C,25360.17183143933,16,6
2021-10-07,2021-10-08,TLG,C,28936.606320488467,17,16
2021-11-29,2021-11-30,TLG,C,30237.12795286997,18,3
2022-12-15,2022-12-16,TLG,C,35076.479666348176,19,9
2023-04-10,2023-04-11,TLG,C,36446.71083850402,20,19
2024-03-13,2024-03-14,TLG,C,35792.46689718511,22,7
2024-05-16,2024-05-17,TLG,C,36300.6763663135,23,1
2024-06-18,2024-06-19,TLG,C,38333.514242827056,24,5
2024-09-25,2024-09-26,TLG,C,40656.757530271134,25,1
2025-05-28,2025-05-29,TLG,C,45592.91412123159,27,7
2020-09-01,2020-09-03,TPB,A,6624.256365741831,12,7
2021-03-02,2021-03-03,TPB,A,10322.350705424315,14,1
2021-09-17,2021-09-20,TPB,A,14154.393943892874,17,2
2021-12-08,2021-12-09,TPB,A,17641.208061778678,18,10
2024-09-26,2024-09-27,TPB,A,15096.558808423206,25,2
2020-05-12,2020-05-13,TPB,C,5690.066365444906,11,16
2020-08-25,2020-08-26,TPB,C,6369.477274751761,12,2
2020-11-24,2020-11-25,TPB,C,7218.740911385328,13,4
2021-03-02,2021-03-03,TPB,C,10322.350705424315,14,1
2021-04-07,2021-04-08,TPB,C,10011.644496899837,15,15
2021-06-11,2021-06-14,TPB,C,12773.47746156186,16,18
2021-09-17,2021-09-20,TPB,C,14154.393943892874,17,2
2021-12-08,2021-12-09,TPB,C,17641.208061778678,18,10
2022-12-08,2022-12-09,TPB,C,10346.516743865073,19,4
2023-03-15,2023-03-16,TPB,C,11441.756128913852,20,1
2023-11-15,2023-11-16,TPB,C,12670.617146094635,21,1
2024-03-25,2024-03-26,TPB,C,13678.507146352164,22,15
2024-05-16,2024-05-17,TPB,C,13246.554289098936,23,1
2024-06-13,2024-06-14,TPB,C,13678.507146352164,24,2
2024-09-26,2024-09-27,TPB,C,15096.558808423206,25,2
2025-06-02,2025-06-03,TPB,C,12526.914600550963,27,10
2019-07-11,2019-07-12,VCB,A,31570.46708071569,10,6
2025-03-10,2025-03-11,VCB,A,63749.550844412544,26,2
2014-03-24,2014-03-25,VCB,C,7776.817759651164,1,4
2015-01-09,2015-01-12,VCB,C,10791.945379632389,3,1
2015-10-30,2015-11-02,VCB,C,14328.16854698832,4,17
2017-05-22,2017-05-23,VCB,C,15508.796052819825,7,1
2017-09-05,2017-09-06,VCB,C,15715.580000190756,8,2
2018-03-23,2018-03-26,VCB,C,29559.221108392077,9,5
2019-07-11,2019-07-12,VCB,C,31570.46708071569,10,6
2020-05-14,2020-05-15,VCB,C,32926.969775468875,11,18
2020-08-24,2020-08-25,VCB,C,36159.329373846056,12,1
2020-11-19,2020-11-20,VCB,C,39219.296460309786,13,1
2021-04-02,2021-04-05,VCB,C,43533.4626044065,15,12
2021-05-25,2021-05-26,VCB,C,43489.92914180209,16,5
2021-09-20,2021-09-21,VCB,C,43315.795291384464,17,3
2021-11-25,2021-11-26,VCB,C,46450.204598901735,18,1
2022-12-13,2022-12-14,VCB,C,44814.56422758155,19,7
2023-11-15,2023-11-16,VCB,C,57773.03045274887,21,1
2024-03-06,2024-03-07,VCB,C,63683.14506228295,22,2
2024-09-25,2024-09-26,VCB,C,61690.97159839506,25,1
2025-03-07,2025-03-10,VCB,C,64015.173972930934,26,1
2020-08-26,2020-08-27,VCG,A,21619.960241928948,12,3
2021-11-30,2021-12-01,VCG,A,31911.371649167246,18,4
2025-05-21,2025-05-22,VCG,A,20820.871764401178,27,2
2014-03-24,2014-03-25,VCG,C,8026.59408301543,1,4
2014-07-03,2014-07-04,VCG,C,6348.718483741018,2,14
2015-11-03,2015-11-04,VCG,C,6339.072843882538,4,19
2016-10-13,2016-10-14,VCG,C,8596.508000957472,5,13
2017-06-14,2017-06-15,VCG,C,9728.982108868036,7,18
2017-09-27,2017-09-28,VCG,C,11196.050839570336,8,18
2018-04-04,2018-04-05,VCG,C,13718.379534462028,9,13
2020-04-17,2020-04-20,VCG,C,15073.916724233794,11,1
2020-08-25,2020-08-26,VCG,C,19457.96421773605,12,2
2020-11-20,2020-11-23,VCG,C,24923.00972333476,13,2
2021-04-01,2021-04-02,VCG,C,28771.460696104405,15,11
2021-05-19,2021-05-20,VCG,C,28556.97696354559,16,1
2021-11-25,2021-11-26,VCG,C,29514.865477885913,18,1
2023-03-24,2023-03-27,VCG,C,14688.911462332664,20,8
2023-12-04,2023-12-05,VCG,C,19467.368750966067,21,14
2024-03-18,2024-03-19,VCG,C,20344.996030722734,22,10
2024-10-01,2024-10-02,VCG,C,17157.1132135838,25,5
2025-03-11,2025-03-12,VCG,C,19882.592135533312,26,3
2025-05-21,2025-05-22,VCG,C,20820.871764401178,27,2
2020-12-02,2020-12-03,VCI,A,8235.425859736475,13,10
2021-05-31,2021-06-01,VCI,A,15857.17889619032,16,9
2024-03-13,2024-03-14,VCI,A,28582.517726498227,22,7
2018-04-02,2018-04-03,VCI,C,14747.176373457001,9,11
2019-07-08,2019-07-09,VCI,C,5762.102381403122,10,3
2020-08-26,2020-08-27,VCI,C,4546.253189537782,12,3
2020-12-08,2020-12-09,VCI,C,8384.483341360665,13,14
2021-03-10,2021-03-11,VCI,C,11226.882658502696,14,7
2021-05-20,2021-05-21,VCI,C,14866.105215178426,16,2
2021-09-17,2021-09-20,VCI,C,25886.844548030633,17,2
2023-03-15,2023-03-16,VCI,C,15831.056819933265,20,1
2023-12-04,2023-12-05,VCI,C,24083.925685091595,21,14
2024-03-05,2024-03-06,VCI,C,26278.360827241173,22,1
2024-05-20,2024-05-21,VCI,C,27540.16103397718,23,3
2024-09-25,2024-09-26,VCI,C,25689.516755866578,25,1
2025-03-10,2025-03-11,VCI,C,28231.595918367377,26,2
2025-06-03,2025-06-04,VCI,C,27144.371428571456,27,11
2017-06-02,2017-06-05,VGC,A,12422.002338582577,7,10
2017-09-07,2017-09-08,VGC,A,13737.8573497982,8,4
2020-09-03,2020-09-04,VGC,A,17875.766190098857,12,8
2020-11-20,2020-11-23,VGC,A,19703.06673397563,13,2
2021-11-30,2021-12-01,VGC,A,45516.9972433072,18,4
2023-11-30,2023-12-01,VGC,A,51703.60665612533,21,12
2024-03-13,2024-03-14,VGC,A,55125.84895715688,22,7
2016-09-27,2016-09-28,VGC,C,10918.286266017318,5,1
2017-03-21,2017-03-22,VGC,C,9872.22291118931,6,1
2017-05-22,2017-05-23,VGC,C,10591.391467633566,7,1
2017-09-06,2017-09-07,VGC,C,12707.518048563334,8,3
2018-03-20,2018-03-21,VGC,C,17309.700260745733,9,2
2019-07-09,2019-07-10,VGC,C,15479.916971564773,10,4
2020-04-27,2020-04-28,VGC,C,12953.309833677185,11,7
2020-08-27,2020-08-28,VGC,C,17478.526941429995,12,4
2020-11-20,2020-11-23,VGC,C,19703.06673397563,13,2
2021-03-26,2021-03-29,VGC,C,27409.50815815158,14,19
2021-03-30,2021-03-31,VGC,C,28521.7780544244,15,9
2021-11-30,2021-12-01,VGC,C,45516.9972433072,18,4
2023-04-05,2023-04-06,VGC,C,32513.45023103212,20,16
2023-11-30,2023-12-01,VGC,C,51703.60665612533,21,12
2024-03-13,2024-03-14,VGC,C,55125.84895715688,22,7
2024-05-23,2024-05-24,VGC,C,51333.63451547327,23,6
2024-10-01,2024-10-02,VGC,C,40696.93547172656,25,5
2025-03-20,2025-03-21,VGC,C,49640.343347639464,26,10
2025-06-05,2025-06-06,VGC,C,45209.87124463517,27,13
2015-01-27,2015-01-28,VHC,A,11745.070810630783,3,13
2018-03-23,2018-03-26,VHC,A,20509.181048748665,9,5
2020-11-19,2020-11-20,VHC,A,33026.05643920875,13,1
2024-03-07,2024-03-08,VHC,A,71900.35273368609,22,3
2014-03-24,2014-03-25,VHC,C,5282.733114776035,1,4
2014-06-24,2014-06-25,VHC,C,6978.549317154589,2,7
2015-01-13,2015-01-14,VHC,C,11068.036653627003,3,3
2016-09-27,2016-09-28,VHC,C,19233.37012934703,5,1
2017-03-27,2017-03-28,VHC,C,17058.67610859997,6,5
2017-05-26,2017-05-29,VHC,C,17848.429632146268,7,5
2018-03-22,2018-03-23,VHC,C,17834.070477172754,9,4
2019-07-12,2019-07-15,VHC,C,30292.07333224125,10,7
2020-05-07,2020-05-08,VHC,C,22744.901478133328,11,13
2020-08-25,2020-08-26,VHC,C,26880.338110521207,12,2
2020-11-19,2020-11-20,VHC,C,33026.05643920875,13,1
2021-03-02,2021-03-03,VHC,C,29579.85924555218,14,1
2021-05-21,2021-05-24,VHC,C,28718.309947138037,16,3
2021-12-10,2021-12-13,VHC,C,47313.41563790992,18,12
2022-12-06,2022-12-07,VHC,C,55236.25244080327,19,2
2023-12-06,2023-12-07,VHC,C,57743.537627249636,21,16
2024-06-10,2024-06-11,VHC,C,71994.34012288046,23,18
2024-06-13,2024-06-14,VHC,C,73310.1635716015,24,2
2024-09-26,2024-09-27,VHC,C,68422.81933349474,25,2
2021-06-14,2021-06-15,VHM,A,82532.35235633327,16,19
2024-10-21,2024-10-22,VHM,A,48150.0,25,19
2025-03-24,2025-03-25,VHM,A,51900.0,26,12
2025-05-20,2025-05-21,VHM,A,67300.0,27,1
2019-07-04,2019-07-05,VHM,C,61426.17703320736,10,1
2020-09-03,2020-09-04,VHM,C,58362.16345197852,12,8
2020-11-23,2020-11-24,VHM,C,59688.57625770531,13,3
2021-04-12,2021-04-13,VHM,C,75826.59872738119,15,18
2021-05-21,2021-05-24,VHM,C,77226.70113342613,16,3
2021-11-29,2021-11-30,VHM,C,83074.4680851064,18,3
2023-04-03,2023-04-04,VHM,C,53000.0,20,14
2024-03-28,2024-03-29,VHM,C,43400.0,22,18
2024-10-21,2024-10-22,VHM,C,48150.0,25,19
2025-03-07,2025-03-10,VHM,C,45000.0,26,1
2025-05-20,2025-05-21,VHM,C,67300.0,27,1
2020-08-24,2020-08-25,VIB,A,5009.799926965708,12,1
2020-12-01,2020-12-02,VIB,A,8401.164017512841,13,9
2021-03-17,2021-03-18,VIB,A,12838.988199521287,14,12
2021-03-30,2021-03-31,VIB,A,13090.185794729312,15,9
2021-05-26,2021-05-27,VIB,A,18142.04854280182,16,6
2024-03-20,2024-03-21,VIB,A,16740.512489832287,22,12
2017-04-03,2017-04-04,VIB,C,1818.1359590565285,6,10
2017-09-18,2017-09-19,VIB,C,2292.6203055605592,8,11
2018-04-10,2018-04-11,VIB,C,5546.788839413499,9,17
2019-07-12,2019-07-15,VIB,C,3439.7166792961175,10,7
2020-08-24,2020-08-25,VIB,C,5009.799926965708,12,1
2020-12-01,2020-12-02,VIB,C,8401.164017512841,13,9
2021-03-17,2021-03-18,VIB,C,12838.988199521287,14,12
2021-03-30,2021-03-31,VIB,C,13090.185794729312,15,9
2021-06-02,2021-06-03,VIB,C,20095.807616642014,16,11
2021-11-26,2021-11-29,VIB,C,17375.48311141586,18,2
2023-03-15,2023-03-16,VIB,C,11810.984235279093,20,1
2023-12-08,2023-12-11,VIB,C,13207.54623997403,21,18
2024-03-15,2024-03-18,VIB,C,15935.00665873157,22,9
2024-05-16,2024-05-17,VIB,C,16083.410353641522,23,1
2024-09-25,2024-09-26,VIB,C,16410.72983580634,25,1
2025-05-27,2025-05-28,VIB,C,16359.818652849739,27,6
2015-10-29,2015-10-30,VIC,A,12498.223003222278,4,16
2017-09-05,2017-09-06,VIC,A,18518.22337940542,8,2
2018-03-26,2018-03-27,VIC,A,43160.0026970206,9,6
2019-07-24,2019-07-25,VIC,A,53600.003349404695,10,15
2021-03-30,2021-03-31,VIC,A,52222.225485531104,15,9
2025-03-13,2025-03-14,VIC,A,25900.0,26,5
2014-07-11,2014-07-14,VIC,C,9955.55617766724,2,20
2015-01-30,2015-02-02,VIC,C,10240.000639886257,3,16
2015-10-08,2015-10-09,VIC,C,11793.334070285664,4,1
2016-10-13,2016-10-14,VIC,C,15806.889876643869,5,13
2017-06-12,2017-06-13,VIC,C,15696.223203061765,7,16
2017-09-08,2017-09-11,VIC,C,18592.00116179349,8,5
2018-03-26,2018-03-27,VIC,C,43160.0026970206,9,6
2019-07-23,2019-07-24,VIC,C,53555.558902182966,10,14
2020-05-08,2020-05-11,VIC,C,43333.33604118539,11,14
2020-08-25,2020-08-26,VIC,C,40355.558077329566,12,2
2021-03-19,2021-03-22,VIC,C,48177.780788353804,14,14
2021-03-30,2021-03-31,VIC,C,52222.225485531104,15,9
2021-11-26,2021-11-29,VIC,C,49500.0,18,2
2022-12-07,2022-12-08,VIC,C,37200.0,19,3
2023-04-03,2023-04-04,VIC,C,29250.0,20,14
2023-12-11,2023-12-12,VIC,C,22025.0,21,19
2024-03-14,2024-03-15,VIC,C,22950.0,22,8
2024-05-16,2024-05-17,VIC,C,23375.0,23,1
2025-03-07,2025-03-10,VIC,C,22950.0,26,1
2025-06-10,2025-06-11,VIC,C,46300.0,27,16
2020-08-27,2020-08-28,VIX,A,2378.7480723846243,12,4
2020-11-19,2020-11-20,VIX,A,3874.6618086265016,13,1
2021-03-03,2021-03-04,VIX,A,9318.806881506776,14,2
2021-11-29,2021-11-30,VIX,A,14046.324694842506,18,3
2024-03-14,2024-03-15,VIX,A,13377.504471853828,22,8
2014-03-25,2014-03-26,VIX,C,1029.97339216653,1,5
2014-06-23,2014-06-24,VIX,C,1687.194509072792,2,6
2017-03-28,2017-03-29,VIX,C,1035.8589544074882,6,6
2017-06-06,2017-06-07,VIX,C,1098.6382849776392,7,12
2020-04-20,2020-04-21,VIX,C,1182.7527786712453,11,2
2020-08-27,2020-08-28,VIX,C,2378.7480723846243,12,4
2020-11-23,2020-11-24,VIX,C,4217.986272682015,13,3
2021-03-03,2021-03-04,VIX,C,9318.806881506776,14,2
2021-06-03,2021-06-04,VIX,C,7970.03220128869,16,12
2021-10-05,2021-10-06,VIX,C,7061.54028374596,17,14
2021-11-25,2021-11-26,VIX,C,13048.498350400143,18,1
2023-03-15,2023-03-16,VIX,C,3969.327992132285,20,1
2023-12-04,2023-12-05,VIX,C,11448.056711490297,21,14
2024-03-07,2024-03-08,VIX,C,12830.827606417495,22,3
2024-06-12,2024-06-13,VIX,C,12348.465666326612,23,20
2024-09-25,2024-09-26,VIX,C,9687.435630158587,25,1
2025-03-26,2025-03-27,VIX,C,10209.994398590377,26,14
2025-05-22,2025-05-23,VIX,C,11094.324622090331,27,3
2018-03-26,2018-03-27,VJC,A,178200.0,9,6
2017-06-01,2017-06-02,VJC,C,74670.0,7,9
2017-09-01,2017-09-05,VJC,C,76502.0,8,1
2018-03-22,2018-03-23,VJC,C,164430.0,9,4
2019-07-10,2019-07-11,VJC,C,131500.0,10,5
2020-04-17,2020-04-20,VJC,C,117600.0,11,1
2020-09-01,2020-09-03,VJC,C,106600.0,12,7
2020-11-20,2020-11-23,VJC,C,118900.0,13,2
2021-03-02,2021-03-03,VJC,C,137400.0,14,1
2021-10-04,2021-10-05,VJC,C,131400.0,17,13
2022-12-05,2022-12-06,VJC,C,106800.0,19,1
2023-03-17,2023-03-20,VJC,C,105200.0,20,3
2024-06-06,2024-06-07,VJC,C,108900.0,23,16
2024-09-26,2024-09-27,VJC,C,105200.0,25,2
2025-03-14,2025-03-17,VJC,C,98700.0,26,6
2025-06-02,2025-06-03,VJC,C,90000.0,27,10
2016-09-28,2016-09-29,VND,A,1970.8994954632478,5,2
2017-03-24,2017-03-27,VND,A,2069.4444702364103,6,4
2017-06-07,2017-06-08,VND,A,2998.5828038119416,7,13
2018-04-03,2018-04-04,VND,A,5830.1957168121935,9,12
2020-11-27,2020-11-30,VND,A,3714.588982645472,13,7
2021-04-07,2021-04-08,VND,A,6921.720454000579,15,15
2021-06-11,2021-06-14,VND,A,14208.810316130332,16,18
2014-03-31,2014-04-01,VND,C,1896.2541325121292,1,9
2014-06-30,2014-07-01,VND,C,1870.0627770906983,2,11
2015-01-15,2015-01-16,VND,C,1728.498501037814,3,5
2015-10-27,2015-10-28,VND,C,1838.9605425277325,4,14
2016-09-28,2016-09-29,VND,C,1970.8994954632478,5,2
2017-03-21,2017-03-22,VND,C,1999.0552025412944,6,1
2017-05-25,2017-05-26,VND,C,2674.792172414408,7,4
2020-05-12,2020-05-13,VND,C,2317.9349547973084,11,16
2020-08-28,2020-08-31,VND,C,2466.243504871174,12,5
2020-11-27,2020-11-30,VND,C,3714.588982645472,13,7
2021-03-08,2021-03-09,VND,C,5764.717328258546,14,5
2021-04-07,2021-04-08,VND,C,6921.720454000579,15,15
2021-06-01,2021-06-02,VND,C,10457.226043952029,16,10
2021-09-17,2021-09-20,VND,C,17973.817657962103,17,2
2021-12-17,2021-12-20,VND,C,26518.74736420638,18,17
2023-03-15,2023-03-16,VND,C,12270.983232501127,20,1
2023-11-22,2023-11-23,VND,C,18118.23027617616,21,6
2024-03-07,2024-03-08,VND,C,19518.275342971592,22,3
2024-09-25,2024-09-26,VND,C,14686.697247706417,25,1
2025-03-10,2025-03-11,VND,C,13426.452599388374,26,2
2025-05-21,2025-05-22,VND,C,14929.05198776758,27,2
2015-10-19,2015-10-20,VNM,A,41407.04333217054,4,8
2020-11-20,2020-11-23,VNM,A,83784.56424243856,13,2
2014-07-03,2014-07-04,VNM,C,30562.3415070784,2,14
2015-01-09,2015-01-12,VNM,C,30146.422545036337,3,1
2015-10-16,2015-10-19,VNM,C,39558.514611984356,4,7
2016-10-06,2016-10-07,VNM,C,66716.48239271958,5,8
2017-03-21,2017-03-22,VNM,C,63568.59202630253,6,1
2017-05-22,2017-05-23,VNM,C,70616.10777201234,7,1
2017-09-05,2017-09-06,VNM,C,72776.57571372998,8,2
2018-03-27,2018-03-28,VNM,C,101715.29282824467,9,7
2020-04-24,2020-04-27,VNM,C,64802.48494702685,11,6
2020-08-25,2020-08-26,VNM,C,72708.79632732319,12,2
2020-11-19,2020-11-20,VNM,C,82954.26675895492,13,1
2021-09-17,2021-09-20,VNM,C,68637.27694382539,17,2
2024-05-28,2024-05-29,VNM,C,59268.64670257051,23,9
2024-07-05,2024-07-08,VNM,C,59534.02870273128,24,18
2025-06-04,2025-06-05,VNM,C,54445.75471698113,27,12
2021-04-12,2021-04-13,VPB,A,16318.209104119998,15,18
2021-05-19,2021-05-20,VPB,A,21931.673035937278,16,1
2024-10-10,2024-10-11,VPB,A,19957.67195767197,25,12
2018-04-02,2018-04-03,VPB,C,13759.513916593984,9,11
2020-05-18,2020-05-19,VPB,C,8485.4687341424,11,20
2020-08-24,2020-08-25,VPB,C,7604.285442519919,12,1
2020-11-19,2020-11-20,VPB,C,8305.968433997079,13,1
2021-03-11,2021-03-12,VPB,C,14392.660429833839,14,8
2021-04-01,2021-04-02,VPB,C,15143.29804862336,15,11
2021-05-19,2021-05-20,VPB,C,21931.673035937278,16,1
2021-09-17,2021-09-20,VPB,C,22355.9464726444,17,2
2021-11-25,2021-11-26,VPB,C,22559.75718483318,18,1
2022-12-05,2022-12-06,VPB,C,15991.597173174063,19,1
2023-03-17,2023-03-20,VPB,C,17225.108800856913,20,3
2024-03-26,2024-03-27,VPB,C,18163.989097322417,22,16
2024-05-16,2024-05-17,VPB,C,17932.89508845063,23,1
2024-06-19,2024-06-20,VPB,C,18643.386243386252,24,6
2024-09-25,2024-09-26,VPB,C,18984.126984126993,25,1
2025-03-07,2025-03-10,VPB,C,18886.772486772497,26,1
2025-05-21,2025-05-22,VPB,C,18500.0,27,2
2021-11-30,2021-12-01,VPI,A,39679.00456457883,18,4
2024-07-04,2024-07-05,VPI,A,51163.74285714284,24,17
2018-03-19,2018-03-20,VPI,C,19712.046054860617,9,1
2019-07-04,2019-07-05,VPI,C,22130.542470562516,10,1
2020-04-28,2020-04-29,VPI,C,22803.641668508873,11,8
2020-11-20,2020-11-23,VPI,C,22459.155375530863,13,2
2021-03-09,2021-03-10,VPI,C,24992.142823899005,14,6
2021-09-30,2021-10-01,VPI,C,28707.191081505614,17,11
2021-11-25,2021-11-26,VPI,C,38564.425784674924,18,1
2023-03-17,2023-03-20,VPI,C,46414.01428571427,20,3
2023-11-24,2023-11-27,VPI,C,45747.385714285694,21,8
2024-03-15,2024-03-18,VPI,C,48830.542857142835,22,9
2024-05-28,2024-05-29,VPI,C,48997.19999999998,23,9
2024-07-01,2024-07-02,VPI,C,49080.52857142855,24,14
2024-09-25,2024-09-26,VPI,C,58500.0,25,1
2025-06-02,2025-06-03,VPI,C,55700.0,27,10
2019-07-16,2019-07-17,VRE,A,36750.0,10,9
2019-07-05,2019-07-08,VRE,C,35500.0,10,2
2020-08-24,2020-08-25,VRE,C,27000.0,12,1
2020-12-02,2020-12-03,VRE,C,28650.0,13,10
2021-03-03,2021-03-04,VRE,C,35900.0,14,2
2021-04-06,2021-04-07,VRE,C,35100.0,15,14
2021-06-07,2021-06-08,VRE,C,33000.0,16,14
2021-09-16,2021-09-17,VRE,C,30200.0,17,1
2021-12-17,2021-12-20,VRE,C,30800.0,18,17
2022-12-09,2022-12-12,VRE,C,29200.0,19,5
2023-03-17,2023-03-20,VRE,C,29500.0,20,3
2024-03-18,2024-03-19,VRE,C,28500.0,22,10
2024-09-27,2024-09-30,VRE,C,19400.0,25,3
2025-03-07,2025-03-10,VRE,C,18350.0,26,1
2015-10-14,2015-10-15,VSC,A,8147.086923529629,4,5
2020-08-24,2020-08-25,VSC,A,6809.293811674589,12,1
2020-12-01,2020-12-02,VSC,A,11276.286282897508,13,9
2025-05-27,2025-05-28,VSC,A,19519.402985074637,27,6
2014-04-14,2014-04-15,VSC,C,5936.636983037094,1,18
2015-10-14,2015-10-15,VSC,C,8147.086923529629,4,5
2016-09-28,2016-09-29,VSC,C,10551.65758060067,5,2
2017-04-11,2017-04-12,VSC,C,8656.764604044205,6,15
2017-06-08,2017-06-09,VSC,C,8642.36066959488,7,14
2017-09-20,2017-09-21,VSC,C,8109.415094969863,8,13
2020-04-22,2020-04-23,VSC,C,4760.389536006037,11,4
2020-08-24,2020-08-25,VSC,C,6809.293811674589,12,1
2020-11-20,2020-11-23,VSC,C,10442.630876768899,13,2
2021-05-21,2021-05-24,VSC,C,11789.066349293536,16,3
2021-09-17,2021-09-20,VSC,C,15068.731423909032,17,2
2021-11-25,2021-11-26,VSC,C,17978.504371315197,18,1
2023-11-20,2023-11-21,VSC,C,14509.219207828268,21,4
2024-03-14,2024-03-15,VSC,C,16463.679393089824,22,8
2024-05-20,2024-05-21,VSC,C,16102.633792364168,23,3
2024-09-26,2024-09-27,VSC,C,13776.119402985081,25,2
2025-03-07,2025-03-10,VSC,C,14746.268656716424,26,1
2025-05-20,2025-05-21,VSC,C,17695.522388059708,27,1
2020-11-23,2020-11-24,VTP,A,51632.10750456735,13,3
2024-03-14,2024-03-15,VTP,A,64599.29347826088,22,8
2019-07-16,2019-07-17,VTP,C,45589.44246905608,10,9
2020-05-08,2020-05-11,VTP,C,40292.07767511646,11,14
2020-08-27,2020-08-28,VTP,C,47782.345102911015,12,4
2020-11-23,2020-11-24,VTP,C,51632.10750456735,13,3
2021-05-24,2021-05-25,VTP,C,43026.756253806125,16,4
2021-10-05,2021-10-06,VTP,C,48157.861763087414,17,14
2023-03-31,2023-04-03,VTP,C,17768.57211208167,20,13
2023-11-16,2023-11-17,VTP,C,34262.608695652176,21,2
2024-03-14,2024-03-15,VTP,C,64599.29347826088,22,8
2024-05-17,2024-05-20,VTP,C,61387.17391304349,23,2
2024-06-13,2024-06-14,VTP,C,59531.282608695656,24,2
2024-10-09,2024-10-10,VTP,C,60596.07864857387,25,11
2025-06-11,2025-06-12,VTP,C,91585.18969814466,27,17
