date,nav,cash,deployed_pct,open_slots
2019-01-02,1000000000.0,1000000000.0,0.0,0
2019-01-03,1000000000.0,1000000000.0,0.0,0
2019-01-04,1000000000.0,1000000000.0,0.0,0
2019-01-07,1000000000.0,1000000000.0,0.0,0
2019-01-08,1000000000.0,1000000000.0,0.0,0
2019-01-09,1000000000.0,1000000000.0,0.0,0
2019-01-10,1000000000.0,1000000000.0,0.0,0
2019-01-11,1000000000.0,1000000000.0,0.0,0
2019-01-14,1000000000.0,1000000000.0,0.0,0
2019-01-15,1000000000.0,1000000000.0,0.0,0
2019-01-16,1000000000.0,1000000000.0,0.0,0
2019-01-17,1000000000.0,1000000000.0,0.0,0
2019-01-18,1000000000.0,1000000000.0,0.0,0
2019-01-21,1000000000.0,1000000000.0,0.0,0
2019-01-22,1000000000.0,1000000000.0,0.0,0
2019-01-23,1000000000.0,1000000000.0,0.0,0
2019-01-24,1000000000.0,1000000000.0,0.0,0
2019-01-25,1000000000.0,1000000000.0,0.0,0
2019-01-28,1000000000.0,1000000000.0,0.0,0
2019-01-29,1000000000.0,1000000000.0,0.0,0
2019-01-30,1000000000.0,1000000000.0,0.0,0
2019-01-31,1000000000.0,1000000000.0,0.0,0
2019-02-01,1000000000.0,1000000000.0,0.0,0
2019-02-11,1000000000.0,1000000000.0,0.0,0
2019-02-12,1000000000.0,1000000000.0,0.0,0
2019-02-13,1000000000.0,1000000000.0,0.0,0
2019-02-14,1000000000.0,1000000000.0,0.0,0
2019-02-15,1000000000.0,1000000000.0,0.0,0
2019-02-18,1000000000.0,1000000000.0,0.0,0
2019-02-19,1000000000.0,1000000000.0,0.0,0
2019-02-20,1000000000.0,1000000000.0,0.0,0
2019-02-21,1000000000.0,1000000000.0,0.0,0
2019-02-22,1000000000.0,1000000000.0,0.0,0
2019-02-25,1000000000.0,1000000000.0,0.0,0
2019-02-26,1000000000.0,1000000000.0,0.0,0
2019-02-27,1000000000.0,1000000000.0,0.0,0
2019-02-28,1000000000.0,1000000000.0,0.0,0
2019-03-01,1000000000.0,1000000000.0,0.0,0
2019-03-04,1000000000.0,1000000000.0,0.0,0
2019-03-05,1000000000.0,1000000000.0,0.0,0
2019-03-06,1000000000.0,1000000000.0,0.0,0
2019-03-07,1000000000.0,1000000000.0,0.0,0
2019-03-08,1000000000.0,1000000000.0,0.0,0
2019-03-11,1000000000.0,1000000000.0,0.0,0
2019-03-12,1000000000.0,1000000000.0,0.0,0
2019-03-13,1000000000.0,1000000000.0,0.0,0
2019-03-14,1000000000.0,1000000000.0,0.0,0
2019-03-15,1000000000.0,1000000000.0,0.0,0
2019-03-18,1000000000.0,1000000000.0,0.0,0
2019-03-19,1000000000.0,1000000000.0,0.0,0
2019-03-20,1000000000.0,1000000000.0,0.0,0
2019-03-21,1000000000.0,1000000000.0,0.0,0
2019-03-22,1000000000.0,1000000000.0,0.0,0
2019-03-25,1000000000.0,1000000000.0,0.0,0
2019-03-26,1000000000.0,1000000000.0,0.0,0
2019-03-27,1000000000.0,1000000000.0,0.0,0
2019-03-28,1000000000.0,1000000000.0,0.0,0
2019-03-29,1000000000.0,1000000000.0,0.0,0
2019-04-01,1000000000.0,1000000000.0,0.0,0
2019-04-02,1000000000.0,1000000000.0,0.0,0
2019-04-03,1000000000.0,1000000000.0,0.0,0
2019-04-04,1000000000.0,1000000000.0,0.0,0
2019-04-05,1000000000.0,1000000000.0,0.0,0
2019-04-08,1000000000.0,1000000000.0,0.0,0
2019-04-09,1000000000.0,1000000000.0,0.0,0
2019-04-10,1000000000.0,1000000000.0,0.0,0
2019-04-11,1000000000.0,1000000000.0,0.0,0
2019-04-12,1000000000.0,1000000000.0,0.0,0
2019-04-16,1000000000.0,1000000000.0,0.0,0
2019-04-17,1000000000.0,1000000000.0,0.0,0
2019-04-18,1000000000.0,1000000000.0,0.0,0
2019-04-19,1000000000.0,1000000000.0,0.0,0
2019-04-22,1000000000.0,1000000000.0,0.0,0
2019-04-23,1000000000.0,1000000000.0,0.0,0
2019-04-24,1000000000.0,1000000000.0,0.0,0
2019-04-25,1000000000.0,1000000000.0,0.0,0
2019-04-26,1000000000.0,1000000000.0,0.0,0
2019-05-02,1000000000.0,1000000000.0,0.0,0
2019-05-03,1000000000.0,1000000000.0,0.0,0
2019-05-06,1000000000.0,1000000000.0,0.0,0
2019-05-07,1000000000.0,1000000000.0,0.0,0
2019-05-08,1000000000.0,1000000000.0,0.0,0
2019-05-09,1000000000.0,1000000000.0,0.0,0
2019-05-10,1000000000.0,1000000000.0,0.0,0
2019-05-13,1000000000.0,1000000000.0,0.0,0
2019-05-14,1000000000.0,1000000000.0,0.0,0
2019-05-15,1000000000.0,1000000000.0,0.0,0
2019-05-16,1000000000.0,1000000000.0,0.0,0
2019-05-17,1000000000.0,1000000000.0,0.0,0
2019-05-20,1000000000.0,1000000000.0,0.0,0
2019-05-21,1000000000.0,1000000000.0,0.0,0
2019-05-22,1000000000.0,1000000000.0,0.0,0
2019-05-23,1000000000.0,1000000000.0,0.0,0
2019-05-24,1000000000.0,1000000000.0,0.0,0
2019-05-27,1000000000.0,1000000000.0,0.0,0
2019-05-28,1000000000.0,1000000000.0,0.0,0
2019-05-29,1000000000.0,1000000000.0,0.0,0
2019-05-30,1000000000.0,1000000000.0,0.0,0
2019-05-31,1000000000.0,1000000000.0,0.0,0
2019-06-03,1000000000.0,1000000000.0,0.0,0
2019-06-04,1000000000.0,1000000000.0,0.0,0
2019-06-05,1000000000.0,1000000000.0,0.0,0
2019-06-06,1000000000.0,1000000000.0,0.0,0
2019-06-07,1000000000.0,1000000000.0,0.0,0
2019-06-10,1000000000.0,1000000000.0,0.0,0
2019-06-11,1000000000.0,1000000000.0,0.0,0
2019-06-12,1000000000.0,1000000000.0,0.0,0
2019-06-13,1000000000.0,1000000000.0,0.0,0
2019-06-14,1000000000.0,1000000000.0,0.0,0
2019-06-17,1000000000.0,1000000000.0,0.0,0
2019-06-18,1000000000.0,1000000000.0,0.0,0
2019-06-19,1000000000.0,1000000000.0,0.0,0
2019-06-20,1000000000.0,1000000000.0,0.0,0
2019-06-21,1000000000.0,1000000000.0,0.0,0
2019-06-24,1000000000.0,1000000000.0,0.0,0
2019-06-25,1000000000.0,1000000000.0,0.0,0
2019-06-26,1000000000.0,1000000000.0,0.0,0
2019-06-27,1000000000.0,1000000000.0,0.0,0
2019-06-28,1000000000.0,1000000000.0,0.0,0
2019-07-01,1000000000.0,1000000000.0,0.0,0
2019-07-02,1000000000.0,1000000000.0,0.0,0
2019-07-03,1000000000.0,1000000000.0,0.0,0
2019-07-04,1000000000.0,1000000000.0,0.0,0
2019-07-05,1000000000.0,1000000000.0,0.0,0
2019-07-08,1000000000.0,1000000000.0,0.0,0
2019-07-09,1000000000.0,1000000000.0,0.0,0
2019-07-10,1000000000.0,1000000000.0,0.0,0
2019-07-11,1000000000.0,1000000000.0,0.0,0
2019-07-12,1000000000.0,1000000000.0,0.0,0
2019-07-15,1000000000.0,1000000000.0,0.0,0
2019-07-16,1000000000.0,1000000000.0,0.0,0
2019-07-17,1000000000.0,1000000000.0,0.0,0
2019-07-18,1000000000.0,1000000000.0,0.0,0
2019-07-19,1000000000.0,1000000000.0,0.0,0
2019-07-22,1000000000.0,1000000000.0,0.0,0
2019-07-23,1000000000.0,1000000000.0,0.0,0
2019-07-24,1000000000.0,1000000000.0,0.0,0
2019-07-25,1000000000.0,1000000000.0,0.0,0
2019-07-26,1000000000.0,1000000000.0,0.0,0
2019-07-29,1000000000.0,1000000000.0,0.0,0
2019-07-30,1000000000.0,1000000000.0,0.0,0
2019-07-31,1000000000.0,1000000000.0,0.0,0
2019-08-01,1000000000.0,1000000000.0,0.0,0
2019-08-02,1000000000.0,1000000000.0,0.0,0
2019-08-05,1000000000.0,1000000000.0,0.0,0
2019-08-06,1000000000.0,1000000000.0,0.0,0
2019-08-07,1000000000.0,1000000000.0,0.0,0
2019-08-08,1000000000.0,1000000000.0,0.0,0
2019-08-09,1000000000.0,1000000000.0,0.0,0
2019-08-12,1000000000.0,1000000000.0,0.0,0
2019-08-13,1000000000.0,1000000000.0,0.0,0
2019-08-14,1000000000.0,1000000000.0,0.0,0
2019-08-15,1000000000.0,1000000000.0,0.0,0
2019-08-16,1000000000.0,1000000000.0,0.0,0
2019-08-19,1000000000.0,1000000000.0,0.0,0
2019-08-20,1000000000.0,1000000000.0,0.0,0
2019-08-21,1000000000.0,1000000000.0,0.0,0
2019-08-22,1000000000.0,1000000000.0,0.0,0
2019-08-23,1000000000.0,1000000000.0,0.0,0
2019-08-26,1000000000.0,1000000000.0,0.0,0
2019-08-27,1000000000.0,1000000000.0,0.0,0
2019-08-28,1000000000.0,1000000000.0,0.0,0
2019-08-29,1000000000.0,1000000000.0,0.0,0
2019-08-30,1000000000.0,1000000000.0,0.0,0
2019-09-03,1000000000.0,1000000000.0,0.0,0
2019-09-04,1000000000.0,1000000000.0,0.0,0
2019-09-05,1000000000.0,1000000000.0,0.0,0
2019-09-06,1000000000.0,1000000000.0,0.0,0
2019-09-09,1000000000.0,1000000000.0,0.0,0
2019-09-10,1000000000.0,1000000000.0,0.0,0
2019-09-11,1000000000.0,1000000000.0,0.0,0
2019-09-12,1000000000.0,1000000000.0,0.0,0
2019-09-13,1000000000.0,1000000000.0,0.0,0
2019-09-16,1000000000.0,1000000000.0,0.0,0
2019-09-17,1000000000.0,1000000000.0,0.0,0
2019-09-18,1000000000.0,1000000000.0,0.0,0
2019-09-19,1000000000.0,1000000000.0,0.0,0
2019-09-20,1000000000.0,1000000000.0,0.0,0
2019-09-23,1000000000.0,1000000000.0,0.0,0
2019-09-24,1000000000.0,1000000000.0,0.0,0
2019-09-25,1000000000.0,1000000000.0,0.0,0
2019-09-26,1000000000.0,1000000000.0,0.0,0
2019-09-27,1000000000.0,1000000000.0,0.0,0
2019-09-30,1000000000.0,1000000000.0,0.0,0
2019-10-01,1000000000.0,1000000000.0,0.0,0
2019-10-02,1000000000.0,1000000000.0,0.0,0
2019-10-03,1000000000.0,1000000000.0,0.0,0
2019-10-04,1000000000.0,1000000000.0,0.0,0
2019-10-07,1000000000.0,1000000000.0,0.0,0
2019-10-08,1000000000.0,1000000000.0,0.0,0
2019-10-09,1000000000.0,1000000000.0,0.0,0
2019-10-10,1000000000.0,1000000000.0,0.0,0
2019-10-11,1000000000.0,1000000000.0,0.0,0
2019-10-14,1000000000.0,1000000000.0,0.0,0
2019-10-15,1000000000.0,1000000000.0,0.0,0
2019-10-16,1000000000.0,1000000000.0,0.0,0
2019-10-17,1000000000.0,1000000000.0,0.0,0
2019-10-18,1000000000.0,1000000000.0,0.0,0
2019-10-21,1000000000.0,1000000000.0,0.0,0
2019-10-22,1000000000.0,1000000000.0,0.0,0
2019-10-23,1000000000.0,1000000000.0,0.0,0
2019-10-24,1000000000.0,1000000000.0,0.0,0
2019-10-25,1000000000.0,1000000000.0,0.0,0
2019-10-28,1000000000.0,1000000000.0,0.0,0
2019-10-29,1000000000.0,1000000000.0,0.0,0
2019-10-30,1000000000.0,1000000000.0,0.0,0
2019-10-31,1000000000.0,1000000000.0,0.0,0
2019-11-01,1000000000.0,1000000000.0,0.0,0
2019-11-04,1000000000.0,1000000000.0,0.0,0
2019-11-05,1000000000.0,1000000000.0,0.0,0
2019-11-06,1000000000.0,1000000000.0,0.0,0
2019-11-07,1000000000.0,1000000000.0,0.0,0
2019-11-08,1000000000.0,1000000000.0,0.0,0
2019-11-11,1000000000.0,1000000000.0,0.0,0
2019-11-12,1000000000.0,1000000000.0,0.0,0
2019-11-13,1000000000.0,1000000000.0,0.0,0
2019-11-14,1000000000.0,1000000000.0,0.0,0
2019-11-15,1000000000.0,1000000000.0,0.0,0
2019-11-18,1000000000.0,1000000000.0,0.0,0
2019-11-19,1000000000.0,1000000000.0,0.0,0
2019-11-20,1000000000.0,1000000000.0,0.0,0
2019-11-21,1000000000.0,1000000000.0,0.0,0
2019-11-22,1000000000.0,1000000000.0,0.0,0
2019-11-25,1000000000.0,1000000000.0,0.0,0
2019-11-26,1000000000.0,1000000000.0,0.0,0
2019-11-27,1000000000.0,1000000000.0,0.0,0
2019-11-28,1000000000.0,1000000000.0,0.0,0
2019-11-29,1000000000.0,1000000000.0,0.0,0
2019-12-02,1000000000.0,1000000000.0,0.0,0
2019-12-03,1000000000.0,1000000000.0,0.0,0
2019-12-04,1000000000.0,1000000000.0,0.0,0
2019-12-05,1000000000.0,1000000000.0,0.0,0
2019-12-06,1000000000.0,1000000000.0,0.0,0
2019-12-09,1000000000.0,1000000000.0,0.0,0
2019-12-10,1000000000.0,1000000000.0,0.0,0
2019-12-11,1000000000.0,1000000000.0,0.0,0
2019-12-12,1000000000.0,1000000000.0,0.0,0
2019-12-13,1000000000.0,1000000000.0,0.0,0
2019-12-16,1000000000.0,1000000000.0,0.0,0
2019-12-17,1000000000.0,1000000000.0,0.0,0
2019-12-18,1000000000.0,1000000000.0,0.0,0
2019-12-19,1000000000.0,1000000000.0,0.0,0
2019-12-20,1000000000.0,1000000000.0,0.0,0
2019-12-23,1000000000.0,1000000000.0,0.0,0
2019-12-24,1000000000.0,1000000000.0,0.0,0
2019-12-25,1000000000.0,1000000000.0,0.0,0
2019-12-26,1000000000.0,1000000000.0,0.0,0
2019-12-27,1000000000.0,1000000000.0,0.0,0
2019-12-30,1000000000.0,1000000000.0,0.0,0
2019-12-31,1000000000.0,1000000000.0,0.0,0
2020-01-02,1000000000.0,1000000000.0,0.0,0
2020-01-03,1000000000.0,1000000000.0,0.0,0
2020-01-06,1000000000.0,1000000000.0,0.0,0
2020-01-07,1000000000.0,1000000000.0,0.0,0
2020-01-08,1000000000.0,1000000000.0,0.0,0
2020-01-09,1000000000.0,1000000000.0,0.0,0
2020-01-10,1000000000.0,1000000000.0,0.0,0
2020-01-13,1000000000.0,1000000000.0,0.0,0
2020-01-14,1000000000.0,1000000000.0,0.0,0
2020-01-15,1000000000.0,1000000000.0,0.0,0
2020-01-16,1000000000.0,1000000000.0,0.0,0
2020-01-17,1000000000.0,1000000000.0,0.0,0
2020-01-20,1000000000.0,1000000000.0,0.0,0
2020-01-21,1000000000.0,1000000000.0,0.0,0
2020-01-22,1000000000.0,1000000000.0,0.0,0
2020-01-30,1000000000.0,1000000000.0,0.0,0
2020-01-31,1000000000.0,1000000000.0,0.0,0
2020-02-03,1000000000.0,1000000000.0,0.0,0
2020-02-04,1000000000.0,1000000000.0,0.0,0
2020-02-05,1000000000.0,1000000000.0,0.0,0
2020-02-06,1000000000.0,1000000000.0,0.0,0
2020-02-07,1000000000.0,1000000000.0,0.0,0
2020-02-10,1000000000.0,1000000000.0,0.0,0
2020-02-11,1000502291.8938617,874576915.3223946,0.1258621570302468,1
2020-02-12,1001911904.3181691,874576915.3223946,0.1270920012497803,1
2020-02-13,1003086581.3384253,874576915.3223946,0.1281142310213734,1
2020-02-14,1005905806.1870402,874576915.3223946,0.13055784155621628,1
2020-02-17,1007550354.015399,874576915.3223946,0.13197696587874164,1
2020-02-18,1008020224.8235015,874576915.3223946,0.13238157947125714,1
2020-02-19,1006610612.399194,874576915.3223946,0.13116660548819892,1
2020-02-20,1002851645.9343741,874576915.3223946,0.12790997664710788,1
2020-02-21,1004731129.166784,874576915.3223946,0.1295413370463851,1
2020-02-24,996508390.0249904,874576915.3223946,0.12235870357251888,1
2020-02-25,1002851645.9343741,874576915.3223946,0.12790997664710788,1
2020-02-26,999562550.2776567,874576915.3223946,0.12504033381457097,1
2020-02-27,999562550.2776567,874576915.3223946,0.12504033381457097,1
2020-02-28,992984358.9642218,874576915.3223946,0.11924401685977971,1
2020-03-02,992514488.1561193,874576915.3223946,0.11882705415497526,1
2020-03-03,1000737227.2979128,874576915.3223946,0.12606737166774865,1
2020-03-04,1000972162.7019641,874576915.3223946,0.12627248997453214,1
2020-03-05,998152937.8533492,874576915.3223946,0.12380469750128678,1
2020-03-06,1003086581.3384253,874576915.3223946,0.1281142310213734,1
2020-03-09,994159035.984478,874576915.3223946,0.12028469926209115,1
2020-03-10,993454229.7723243,874576915.3223946,0.11966058514560204,1
2020-03-11,985231490.6305307,874576915.3223946,0.11231327496172411,1
2020-03-12,977713557.7008909,874576915.3223946,0.10548758536296025,1
2020-03-13,977713557.7008909,874576915.3223946,0.10548758536296025,1
2020-03-16,970665495.5793536,874576915.3223946,0.09899247546613091,1
2020-03-17,971840172.5996099,874576915.3223946,0.10008153605859109,1
2020-03-18,971370301.7915072,874576915.3223946,0.09964622790154866,1
2020-03-19,965731852.0942774,874576915.3223946,0.09438948976799823,1
2020-03-20,966201722.90238,874576915.3223946,0.0948298946360321,1
2020-03-23,959858466.9929963,874576915.3223946,0.08884804854383181,1
2020-03-24,957274177.5484326,874576915.3223946,0.08638827220621854,1
2020-03-25,962912627.2456625,874576915.3223946,0.09173803460854528,1
2020-03-26,961033144.0132525,874576915.3223946,0.08996175546019011,1
2020-03-27,961033144.0132525,874576915.3223946,0.08996175546019011,1
2020-03-30,956804306.7403302,874576915.3223946,0.08593961256097432,1
2020-03-31,957744048.3565352,874576915.3223946,0.08683649162514066,1
2020-04-01,961737950.2254063,874576915.3223946,0.0906286737282057,1
2020-04-03,964322239.66997,874576915.3223946,0.0930657000903452,1
2020-04-06,970430560.1753023,874576915.3223946,0.09877434696161289,1
2020-04-07,977008751.4887372,874576915.3223946,0.10484229134105502,1
2020-04-08,981472524.1657108,874576915.3223946,0.10891350110303043,1
2020-04-09,979827976.3373522,874576915.3223946,0.10741789738275434,1
2020-04-10,977243686.8927884,874576915.3223946,0.10505749277012949,1
2020-04-13,977948493.1049422,874576915.3223946,0.10570247667578843,1
2020-04-14,984056813.6102746,874576915.3223946,0.11125363573900146,1
2020-04-15,988219909.8339885,752080861.4932077,0.2389539473865184,2
2020-04-16,994626546.5982172,752080861.4932077,0.2438560341412109,2
2020-04-17,1007656562.1504102,752080861.4932077,0.2536337381774063,2
2020-04-20,997377990.2350382,752080861.4932077,0.2459419910439619,2
2020-04-21,981998620.6423328,752080861.4932077,0.2341324664985111,2
2020-04-22,995665661.1948854,752080861.4932077,0.24464517477619419,2
2020-04-23,994554167.7119677,752080861.4932077,0.2438010056069491,2
2020-04-24,991644567.914294,752080861.4932077,0.24158223033980392,2
2020-04-27,998521075.4866252,752080861.4932077,0.24680522028372398,2
2020-04-28,1007109912.0991089,752080861.4932077,0.25322861739524216,2
2020-04-29,1011279966.191642,752080861.4932077,0.2563079595797263,2
2020-05-04,1007448620.8405725,752080861.4932077,0.2534796852809196,2
2020-05-05,1012016364.1724648,752080861.4932077,0.25684911023332,2
2020-05-06,1020632194.8791624,752080861.4932077,0.2631225379067626,2
2020-05-07,1020252699.0201187,752080861.4932077,0.26284844704108234,2
2020-05-08,1019448519.8275017,752080861.4932077,0.26226695427399765,2
2020-05-11,1035365541.4401034,752080861.4932077,0.27360837173784186,2
2020-05-12,1040204409.619172,752080861.4932077,0.27698743195238795,2
2020-05-13,1046863977.850261,752080861.4932077,0.28158683706205223,2
2020-05-14,1041067371.9921784,752080861.4932077,0.27758675209075895,2
2020-05-15,1032311381.1874373,752080861.4932077,0.27145929493859566,2
2020-05-18,1048061248.6077819,752080861.4932077,0.2824075286704351,2
2020-05-19,1051414498.7292058,623478016.73238,0.4070102538190714,3
2020-05-20,1046892051.920523,623478016.73238,0.40444860997023535,3
2020-05-21,1055980096.4069641,623478016.73238,0.40957408302125997,3
2020-05-22,1057267851.1622238,623478016.73238,0.41029322319125777,3
2020-05-25,1070115080.2108452,623478016.73238,0.4173729272093466,3
2020-05-26,1074524885.4792452,623478016.73238,0.4197640043912946,3
2020-05-27,1063117151.1641872,623478016.73238,0.4135378062054325,3
2020-05-28,1077931438.4480615,623478016.73238,0.42159770603775615,3
2020-05-29,1089886701.3874886,750302512.4728705,0.31157751395838473,2
2020-06-01,1104565862.4424956,750302512.4728705,0.32072632517019173,2
2020-06-02,1104434897.6933632,750302512.4728705,0.3206457763695317,2
2020-06-03,1128859379.0007946,750302512.4728705,0.3353445730884588,2
2020-06-04,1155018783.0856438,750302512.4728705,0.35039799918367553,2
2020-06-05,1173624064.797728,750302512.4728705,0.3606960397474606,2
2020-06-08,1189834804.9947705,750302512.4728705,0.3694061483802635,2
2020-06-09,1179804764.18931,750302512.4728705,0.36404519184287865,2
2020-06-10,1163521645.1060178,750302512.4728705,0.35514520453592047,2
2020-06-11,1134899918.2943332,750302512.4728705,0.3388822217905196,2
2020-06-12,1116963253.3512778,750302512.4728705,0.3282657149000182,2
2020-06-15,1097007142.3952754,750302512.4728705,0.31604591850276187,2
2020-06-16,1117369940.6220417,750302512.4728705,0.32851020490565924,2
2020-06-17,1129365241.9345155,750302512.4728705,0.3356422841669359,2
2020-06-18,1141807820.3178267,750302512.4728705,0.3428819639157658,2
2020-06-19,1169119307.6856673,750302512.4728705,0.35823272480365287,2
2020-06-22,1198165717.8309252,750302512.4728705,0.37379070248215307,2
2020-06-23,1175349594.9087276,750302512.4728705,0.36163460154922195,2
2020-06-24,1176795199.4586532,750302512.4728705,0.3624187855133816,2
2020-06-25,1186870427.738643,750302512.4728705,0.3678311507832999,2
2020-06-26,1181914190.516302,750302512.4728705,0.3651802148638966,2
2020-06-29,1160593654.6105218,750302512.4728705,0.35351833995278825,2
2020-06-30,1158948909.4646564,750302512.4728705,0.3526008727861425,2
2020-07-01,1178096243.5535862,750302512.4728705,0.36312290563827554,2
2020-07-02,1200284488.5604334,605326978.7062438,0.4956804120394446,3
2020-07-03,1186199326.6135774,605326978.7062438,0.4896920229803517,3
2020-07-06,1184410218.3302262,605326978.7062438,0.4889211783737987,3
2020-07-07,1177173562.3005185,605326978.7062438,0.4857793293256862,3
2020-07-08,1172050170.8859203,605326978.7062438,0.48353151277756834,3
2020-07-09,1193236564.975046,605326978.7062438,0.49270161804092644,3
2020-07-10,1202233312.14772,605326978.7062438,0.4964979155128698,3
2020-07-13,1190220084.0405123,605326978.7062438,0.49141592649713695,3
2020-07-14,1188480494.3205645,605326978.7062438,0.4906715073583941,3
2020-07-15,1185745556.8715448,605326978.7062438,0.48949673460862014,3
2020-07-16,1203912895.3978522,605326978.7062438,0.4972003530984658,3
2020-07-17,1209199040.6477585,605326978.7062438,0.49939839649395124,3
2020-07-20,1203904612.5665617,605326978.7062438,0.497196893850445,3
2020-07-21,1216539106.2369313,605326978.7062438,0.5024188079093684,3
2020-07-22,1222658066.9961996,605326978.7062438,0.5049090215440215,3
2020-07-23,1224008568.0307388,605326978.7062438,0.5054552766079641,3
2020-07-24,1192867574.4599872,605326978.7062438,0.4925446950972105,3
2020-07-27,1167666433.5810373,605326978.7062438,0.48159254963782133,3
2020-07-28,1187065512.0878036,605326978.7062438,0.49006438773408695,3
2020-07-29,1159574600.3854299,605326978.7062438,0.4779749586572182,3
2020-07-30,1158637699.9830909,605326978.7062438,0.4775528375133332,3
2020-07-31,1150244481.2520733,605326978.7062438,0.473740592915231,3
2020-08-03,1179257531.2257614,605326978.7062438,0.4866880535610862,3
2020-08-04,1180619159.9316568,605326978.7062438,0.48728006519792155,3
2020-08-05,1194183547.0767627,605326978.7062438,0.4931039033421442,3
2020-08-06,1191912392.886382,605326978.7062438,0.492138027661278,3
2020-08-07,1200859548.2468078,605326978.7062438,0.495921917271683,3
2020-08-10,1201374606.5294394,605326978.7062438,0.49613802770900306,3
2020-08-11,1200851936.0016863,605326978.7062438,0.49591872190195335,3
2020-08-12,1189281534.8910406,605326978.7062438,0.4910145655614652,3
2020-08-13,1191143402.8656273,605326978.7062438,0.4918101571565933,3
2020-08-14,1192579825.523444,605326978.7062438,0.49242225488716845,3
2020-08-17,1184569664.5047488,605326978.7062438,0.48898997091967394,3
2020-08-18,1186500266.0768194,605326978.7062438,0.48982145557559265,3
2020-08-19,1208209912.7984288,605326978.7062438,0.4989885678853611,3
2020-08-20,1208180081.097894,605326978.7062438,0.49897619719390446,3
2020-08-21,1216538612.6151075,605326978.7062438,0.5024186060111854,3
2020-08-24,1243893532.8301091,605326978.7062438,0.513361101469028,3
2020-08-25,1249623276.164049,605326978.7062438,0.5155924267316727,3
2020-08-26,1248534001.7819731,605326978.7062438,0.5151698088780207,3
2020-08-27,1247683833.955516,605326978.7062438,0.5148394471160347,3
2020-08-28,1241288704.2464094,605326978.7062438,0.5123398959199102,3
2020-08-31,1223189620.9656632,605326978.7062438,0.505124170177016,3
2020-09-01,1240563971.0515676,605326978.7062438,0.5120550065683943,3
2020-09-03,1257647321.585952,605326978.7062438,0.518683045463892,3
2020-09-04,1253650832.0052197,605326978.7062438,0.517148664323047,3
2020-09-07,1245519774.5373983,605326978.7062438,0.513996492804725,3
2020-09-08,1255764468.7158558,605326978.7062438,0.5179613742971635,3
2020-09-09,1275392273.9629138,605326978.7062438,0.5253797666302582,3
2020-09-10,1269737430.8574128,605326978.7062438,0.5232660202058579,3
2020-09-11,1287320109.5999289,605326978.7062438,0.5297774235078435,3
2020-09-14,1289855999.7004447,605326978.7062438,0.5307018931982915,3
2020-09-15,1288468665.8316376,605326978.7062438,0.5301965854827074,3
2020-09-16,1279895396.0551155,605326978.7062438,0.5270496475165249,3
2020-09-17,1276761295.5453327,605326978.7062438,0.5258886834851182,3
2020-09-18,1281386048.8164494,605326978.7062438,0.5275998367038932,3
2020-09-21,1281769047.0924182,605326978.7062438,0.5277409919677999,3
2020-09-22,1282353936.9166703,605326978.7062438,0.5279563923188711,3
2020-09-23,1278736515.1264048,605326978.7062438,0.5266210266573905,3
2020-09-24,1280694844.83329,605326978.7062438,0.5273448775496242,3
2020-09-25,1290651034.1217399,605326978.7062438,0.5309909784265151,3
2020-09-28,1304283435.8595848,605326978.7062438,0.5358930719630703,3
2020-09-29,1294180277.1665387,605326978.7062438,0.5322699708949833,3
2020-09-30,1299765357.9437065,605326978.7062438,0.5342798028838827,3
2020-10-01,1303882143.841527,605326978.7062438,0.5357502351226194,3
2020-10-02,1296635317.9522092,605326978.7062438,0.5331555678567791,3
2020-10-05,1299660812.4706457,605326978.7062438,0.5342423400798539,3
2020-10-06,1295186724.3044662,605326978.7062438,0.5326334285650488,3
2020-10-07,1296308976.8315783,605326978.7062438,0.5330380414507534,3
2020-10-08,1295352871.7940736,605326978.7062438,0.5326933749968368,3
2020-10-09,1298572859.2168846,605326978.7062438,0.5338521251158049,3
2020-10-12,1282834800.7928405,605326978.7062438,0.528133335381821,3
2020-10-13,1276019384.6438065,605326978.7062438,0.5256130228184446,3
2020-10-14,1272868394.259838,605326978.7062438,0.5244386761144807,3
2020-10-15,1258019532.7992122,605326978.7062438,0.5188254530839167,3
2020-10-16,1254039863.8793793,605326978.7062438,0.5172984558611547,3
2020-10-19,1260739113.442897,605326978.7062438,0.5198634100807875,3
2020-10-20,1260491824.6553998,605326978.7062438,0.5197692147890516,3
2020-10-21,1250759519.9792757,605326978.7062438,0.5160324834335271,3
2020-10-22,1252505744.5149388,605326978.7062438,0.5167072236138364,3
2020-10-23,1258290948.154543,605326978.7062438,0.518929243197657,3
2020-10-26,1247962132.5417116,605326978.7062438,0.5149476390975257,3
2020-10-27,1247546566.3824291,605326978.7062438,0.5147860648909166,3
2020-10-28,1246929469.8711948,605326978.7062438,0.5145459359712039,3
2020-10-29,1261898521.1398134,605326978.7062438,0.5203045501951453,3
2020-10-30,1255880623.132846,605326978.7062438,0.5180059572889734,3
2020-11-02,1260495685.9276154,605326978.7062438,0.5197706858784085,3
2020-11-03,1281097507.0450544,605326978.7062438,0.5274934379487828,3
2020-11-04,1295318497.9291053,605326978.7062438,0.5326809740816546,3
2020-11-05,1293920607.578116,605326978.7062438,0.5321761048081157,3
2020-11-06,1313734239.8335047,605326978.7062438,0.5392317864966666,3
2020-11-09,1339225711.6547923,605326978.7062438,0.5480022721798842,3
2020-11-10,1346789873.285247,605326978.7062438,0.5505408893299297,3
2020-11-11,1338560200.0576298,605326978.7062438,0.5477775458435248,3
2020-11-12,1358046444.8992033,605326978.7062438,0.5542663647625304,3
2020-11-13,1350430533.67881,605326978.7062438,0.5517525977013962,3
2020-11-16,1330912244.1005156,605326978.7062438,0.5451788941085682,3
2020-11-17,1343830560.826622,605326978.7062438,0.5495511142908577,3
2020-11-18,1340088166.317416,605326978.7062438,0.5482931691205869,3
2020-11-19,1345468540.5672698,605326978.7062438,0.5500994928866721,3
2020-11-20,1384160322.910878,605326978.7062438,0.5626756751463255,3
2020-11-23,1409773140.5202725,268358997.2322446,0.8096438430276749,5
2020-11-24,1394012907.8449821,268358997.2322446,0.8074917414881737,5
2020-11-25,1389264952.9767852,268358997.2322446,0.8068338248530417,5
2020-11-26,1392159284.487562,268358997.2322446,0.8072354218209846,5
2020-11-27,1395858215.3109956,427811128.37949586,0.6935139087287744,4
2020-11-30,1390014901.2303958,427811128.37949586,0.6922255092367633,4
2020-12-01,1391038125.351591,427811128.37949586,0.6924519029474014,4
2020-12-02,1384090621.8254113,427811128.37949586,0.6909081517976936,4
2020-12-03,1395574370.739586,427811128.37949586,0.6934515728081357,4
2020-12-04,1383556211.5221715,427811128.37949586,0.6907887624538049,4
2020-12-07,1391892738.0846267,427811128.37949586,0.6926407354001979,4
2020-12-08,1404862873.1109662,427811128.37949586,0.6954783726100332,4
2020-12-09,1405354992.02454,427811128.37949586,0.6955850081955481,4
2020-12-10,1405009009.8822665,427811128.37949586,0.6955100462912017,4
2020-12-11,1426259222.0621257,427811128.37949586,0.7000467223896688,4
2020-12-14,1448480303.727286,427811128.37949586,0.7046482942994561,4
2020-12-15,1450092779.1773887,427811128.37949586,0.7049767197501767,4
2020-12-16,1456797275.7381053,427811128.37949586,0.7063344807789129,4
2020-12-17,1445209001.4247544,427811128.37949586,0.7039797510548719,4
2020-12-18,1453754585.8281972,427811128.37949586,0.7057198425717957,4
2020-12-21,1455394227.4424481,427811128.37949586,0.70605137748053,4
2020-12-22,1467158201.3018022,427811128.37949586,0.7084083175216543,4
2020-12-23,1472766272.6849318,427811128.37949586,0.7095186545794715,4
2020-12-24,1449937404.8288875,427811128.37949586,0.7049451052475031,4
2020-12-25,1467039894.8760765,427811128.37949586,0.7083848027080178,4
2020-12-28,1475891307.415275,427811128.37949586,0.7101337163312382,4
2020-12-29,1511843974.0493255,427811128.37949586,0.7170269315333871,4
2020-12-30,1536640063.839848,427811128.37949586,0.7215931443890277,4
2020-12-31,1548781205.696547,427811128.37949586,0.7237756199481433,4
2021-01-04,1556325765.0985928,427811128.37949586,0.7251146655967659,4
2021-01-05,1541905516.4272838,427811128.37949586,0.7225438758590293,4
2021-01-06,1545634393.8688536,427811128.37949586,0.7232132449455603,4
2021-01-07,1551903945.3163195,427811128.37949586,0.7243314383788769,4
2021-01-08,1557739441.997003,427811128.37949586,0.7253641290413452,4
2021-01-11,1576483757.8295336,427811128.37949586,0.728629536298873,4
2021-01-12,1578255615.1927907,427811128.37949586,0.7289341952841797,4
2021-01-13,1583817016.8107188,427811128.37949586,0.7298860134480906,4
2021-01-14,1592445485.976941,427811128.37949586,0.7313495927196275,4
2021-01-15,1604222571.4872508,427811128.37949586,0.7333218370173669,4
2021-01-18,1580256832.7952394,427811128.37949586,0.7292774696485498,4
2021-01-19,1510034671.3681107,427811128.37949586,0.7166878771121901,4
2021-01-20,1514803806.3720868,427811128.37949586,0.717579843290669,4
2021-01-21,1548271011.295127,427811128.37949586,0.7236845970385816,4
2021-01-22,1565687804.8583224,427811128.37949586,0.7267583441270987,4
2021-01-25,1562900769.499053,427811128.37949586,0.7262710872446371,4
2021-01-26,1512782693.6173286,427811128.37949586,0.7172025234129797,4
2021-01-27,1474160522.9333448,427811128.37949586,0.7097933897129332,4
2021-01-28,1401262521.8484812,427811128.37949586,0.6946959461849112,4
2021-01-29,1431650910.1501522,427811128.37949586,0.7011763654488741,4
2021-02-01,1406868084.7057917,427811128.37949586,0.6959124078296502,4
2021-02-02,1443981327.7956858,427811128.37949586,0.7037280744948605,4
2021-02-03,1471741282.205165,427811128.37949586,0.7093163495838817,4
2021-02-04,1491804989.4449072,248284269.38166356,0.8335678784168373,5
2021-02-05,1548227431.7876434,248284269.38166356,0.8396332061530618,5
2021-02-08,1509497226.7162113,248284269.38166356,0.8355185653955881,5
2021-02-09,1552269524.8940907,248284269.38166356,0.8400507995551845,5
2021-02-17,1620717125.1098151,248284269.38166356,0.8468059197160389,5
2021-02-18,1655796826.241761,248284269.38166356,0.8500514885360628,5
2021-02-19,1646675024.6823914,248284269.38166356,0.8492208446353571,5
2021-02-22,1646400358.088824,248284269.38166356,0.8491956903666632,5
2021-02-23,1648747412.3095646,248284269.38166356,0.8494103659978656,5
2021-02-24,1632576525.7165656,248284269.38166356,0.847918755739375,5
2021-02-25,1652899497.365938,248284269.38166356,0.8497886472968685,5
2021-02-26,1656278254.19899,248284269.38166356,0.8500950738487242,5
2021-03-01,1691713972.181672,248284269.38166356,0.8532350778769826,5
2021-03-02,1714946036.7538404,248284269.38166356,0.8552232757996094,5
2021-03-03,1733702964.91215,248284269.38166356,0.8567896148264103,5
2021-03-04,1744070846.2998178,248284269.38166356,0.8576409496733358,5
2021-03-05,1774282452.6568446,248284269.38166356,0.8600649693571178,5
2021-03-08,1777618419.8180006,248284269.38166356,0.8603275783972334,5
2021-03-09,1794981633.2522812,248284269.38166356,0.8616786574401858,5
2021-03-10,1804832312.964727,248284269.38166356,0.8624336080431667,5
2021-03-11,1807694133.7131863,248284269.38166356,0.8626513939768877,5
2021-03-12,1833930842.5029325,248284269.38166356,0.8646163401435534,5
2021-03-15,1892276842.334827,248284269.38166356,0.8687907266912844,5
2021-03-16,1934788365.6489358,248284269.38166356,0.8716736808067439,5
2021-03-17,1914709390.4178884,248284269.38166356,0.8703279617135657,5
2021-03-18,1897220053.036981,248284269.38166356,0.8691325927194256,5
2021-03-19,1878710554.452085,248284269.38166356,0.8678432562199161,5
2021-03-22,1881730883.773609,248284269.38166356,0.8680553784164098,5
2021-03-23,1852306888.2313628,248284269.38166356,0.8659594309349393,5
2021-03-24,1834230900.2334678,248284269.38166356,0.8646384872536708,5
2021-03-25,1822289666.8316638,248284269.38166356,0.8637514804035822,5
2021-03-26,1799687442.201615,248284269.38166356,0.8620403390280206,5
2021-03-29,1853062665.4532213,248284269.38166356,0.8660140997871012,5
2021-03-30,1834826838.0410454,248284269.38166356,0.864682451643914,5
2021-03-31,1819135309.7662249,248284269.38166356,0.8635152272353119,5
2021-04-01,1861560867.7865987,248284269.38166356,0.8666257581591332,5
2021-04-02,1867112067.6284835,248284269.38166356,0.8670222994718135,5
2021-04-05,1867609397.1137764,248284269.38166356,0.8670577103727553,5
2021-04-06,1887796372.5874033,248284269.38166356,0.868479316420464,5
2021-04-07,1900098211.985291,248284269.38166356,0.8693308231040083,5
2021-04-08,1881422142.1923647,248284269.38166356,0.8680337262894412,5
2021-04-09,1876866676.5708992,248284269.38166356,0.8677134223325401,5
2021-04-12,1862888979.6481853,248284269.38166356,0.8667208448307246,5
2021-04-13,1838797310.7619214,248284269.38166356,0.8649746397123101,5
2021-04-14,1855986809.8500605,248284269.38166356,0.866225197256805,5
2021-04-15,1838542647.5985143,248284269.38166356,0.8649559368633793,5
2021-04-16,1843757781.1389983,248284269.38166356,0.8653379137316597,5
2021-04-19,1910560892.317411,248284269.38166356,0.8700463982173802,5
2021-04-20,1922807129.9969072,248284269.38166356,0.8708740645339385,5
2021-04-22,1866623476.5297124,248284269.38166356,0.866987492387455,5
2021-04-23,1882935172.0183144,248284269.38166356,0.8681397675972412,5
2021-04-26,1861362907.9954743,248284269.38166356,0.866611573532942,5
2021-04-27,1826141060.4505107,248284269.38166356,0.8640388331663648,5
2021-04-28,1847512924.5717258,248284269.38166356,0.8656116197729883,5
2021-04-29,1858515867.555711,248284269.38166356,0.8664072372391403,5
2021-05-04,1934647973.3143065,248284269.38166356,0.8716643685019762,5
2021-05-05,1937553753.663649,248284269.38166356,0.8718568355008516,5
2021-05-06,1945474819.7381518,248284269.38166356,0.87237857469927,5
2021-05-07,1960580614.8661473,248284269.38166356,0.8733618666332603,5
2021-05-10,1959509767.5597243,248284269.38166356,0.8732926604949439,5
2021-05-11,1985675960.2652225,248284269.38166356,0.8749623431264683,5
2021-05-12,2016446652.8262835,248284269.38166356,0.8768704001994476,5
2021-05-13,1977302481.2208676,248284269.38166356,0.8744328337521922,5
2021-05-14,2012142128.8740916,248284269.38166356,0.876606992210539,5
2021-05-17,1982101000.843775,248284269.38166356,0.8747368225554755,5
2021-05-18,2002514997.753634,248284269.38166356,0.8760137778442698,5
2021-05-19,2013416155.921355,248284269.38166356,0.8766850714635064,5
2021-05-20,2036455733.099039,248284269.38166356,0.8780802030968631,5
2021-05-21,2056542720.4631445,248284269.38166356,0.8792710373039327,5
2021-05-24,2090575558.6546829,248284269.38166356,0.8812364048006769,5
2021-05-25,2090835069.0936768,248284269.38166356,0.8812511455103494,5
2021-05-26,2079944039.735239,248284269.38166356,0.8806293512525134,5
2021-05-27,2069013001.6375604,248284269.38166356,0.8799986905905598,5
2021-05-28,2059562819.1513906,248284269.38166356,0.879448071662138,5
2021-05-31,2050190085.8409467,248284269.38166356,0.8788969515088537,5
2021-06-01,2064638143.20231,248284269.38166356,0.8797444141971688,5
2021-06-02,2076712882.2798553,248284269.38166356,0.8804436224669188,5
2021-06-03,2097384089.2412,248284269.38166356,0.8816219353168218,5
2021-06-04,2086756228.3772607,248284269.38166356,0.8810190351870958,5
2021-06-07,2073633092.8841705,248284269.38166356,0.8802660556326624,5
2021-06-08,2030058361.3746343,248284269.38166356,0.8776959943094738,5
2021-06-09,2040243746.5927436,248284269.38166356,0.8783065651855058,5
2021-06-10,2079951253.1485164,248284269.38166356,0.8806297652380918,5
2021-06-11,2123036400.7486095,248284269.38166356,0.8830522786636558,5
2021-06-14,2147214344.1022654,248284269.38166356,0.8843691268812433,5
2021-06-15,2177523395.8251777,248284269.38166356,0.8859785985042996,5
2021-06-16,2210330837.1413546,248284269.38166356,0.8876709924099995,5
2021-06-17,2225164968.5962925,248284269.38166356,0.888419837231983,5
2021-06-18,2236006629.1801143,248284269.38166356,0.8889608527356186,5
2021-06-21,2222794379.804226,248284269.38166356,0.8883008380633339,5
2021-06-22,2200983017.3425107,248284269.38166356,0.887193918614854,5
2021-06-23,2153325375.495067,248284269.38166356,0.8846972816058599,5
2021-06-24,2168887988.3131185,248284269.38166356,0.8855246233463767,5
2021-06-25,2240443742.931804,248284269.38166356,0.8891807615500475,5
2021-06-28,2246011710.2929263,248284269.38166356,0.889455487589919,5
2021-06-29,2245317822.8525915,248284269.38166356,0.8894213251885081,5
2021-06-30,2259070917.7464952,248284269.38166356,0.8900945218535521,5
2021-07-01,2280245694.3980703,248284269.38166356,0.8911151241326192,5
2021-07-02,2272650943.2584867,248284269.38166356,0.8907512523565638,5
2021-07-05,2274347621.207295,248284269.38166356,0.8908327526247433,5
2021-07-06,2177183929.993616,248284269.38166356,0.885960820323347,5
2021-07-07,2251189184.6526837,248284269.38166356,0.889709727163615,5
2021-07-08,2290745060.948605,248284269.38166356,0.8916141854393661,5
2021-07-09,2315726430.369449,248284269.38166356,0.8927834194378251,5
2021-07-12,2219315851.333968,248284269.38166356,0.8881257621656571,5
2021-07-13,2186460654.988221,248284269.38166356,0.8864446662622424,5
2021-07-14,2142945998.8902326,248284269.38166356,0.8841388119391518,5
2021-07-15,2179509636.1969805,248284269.38166356,0.8860825089927595,5
2021-07-16,2194502916.3389845,248284269.38166356,0.8868608159355432,5
2021-07-19,2125946339.4618459,248284269.38166356,0.8832123535890782,5
2021-07-20,2156118453.5732474,248284269.38166356,0.8848466470057839,5
2021-07-21,2189313537.2491465,248284269.38166356,0.8865926395843555,5
2021-07-22,2275079393.794304,248284269.38166356,0.8908678659483689,5
2021-07-23,2273795426.812092,248284269.38166356,0.8908062412062446,5
2021-07-26,2356497694.1079264,248284269.38166356,0.8946384416150877,5
2021-07-27,2341921678.0701995,248284269.38166356,0.8939826759764845,5
2021-07-28,2323845823.087164,248284269.38166356,0.8931580284221159,5
2021-07-29,2375394387.6590314,248284269.38166356,0.8954766119379656,5
2021-07-30,2391573057.93226,248284269.38166356,0.896183698608677,5
2021-08-02,2399086298.03099,248284269.38166356,0.8965088210518151,5
2021-08-03,2436718417.4436026,248284269.38166356,0.8981071150428034,5
2021-08-04,2451084728.231045,248284269.38166356,0.8987043301596307,5
2021-08-05,2444808986.7581143,248284269.38166356,0.8984443076222098,5
2021-08-06,2444975564.1506586,248284269.38166356,0.8984512266616812,5
2021-08-09,2486271640.8449364,248284269.38166356,0.900137915221007,5
2021-08-10,2513672300.6007257,248284269.38166356,0.9012264767677441,5
2021-08-11,2489157788.4743643,248284269.38166356,0.9002537040715929,5
2021-08-12,2463433131.3167553,248284269.38166356,0.8992120929830353,5
2021-08-13,2478801874.2635336,248284269.38166356,0.8998369849726574,5
2021-08-16,2509902613.8815856,248284269.38166356,0.901078126295231,5
2021-08-17,2518873407.5332274,248284269.38166356,0.9014304297154765,5
2021-08-18,2531100689.9898863,248284269.38166356,0.9019066012017659,5
2021-08-19,2553250636.5531816,248284269.38166356,0.9027575805417832,5
2021-08-20,2526609967.073552,248284269.38166356,0.9017322528537166,5
2021-08-23,2517947700.941146,248284269.38166356,0.901394191273766,5
2021-08-24,2545848410.665283,248284269.38166356,0.9024748416514,5
2021-08-25,2540353152.255242,248284269.38166356,0.9022638765160484,5
2021-08-26,2554134531.186116,248284269.38166356,0.902791232666056,5
2021-08-27,2573050838.0444593,248284269.38166356,0.9035058827013455,5
2021-08-30,2613370078.3457923,248284269.38166356,0.904994600099339,5
2021-08-31,2644514420.3104644,248284269.38166356,0.9061134749446685,5
2021-09-01,2626171499.1223593,248284269.38166356,0.9054577092681733,5
2021-09-06,2683688169.0085354,248284269.38166356,0.9074839348889816,5
2021-09-07,2672484929.9617634,248284269.38166356,0.9070961012359327,5
2021-09-08,2678394470.9216657,248284269.38166356,0.9073010820186519,5
2021-09-09,2702060524.011246,248284269.38166356,0.9081129874126275,5
2021-09-10,2774299739.324256,248284269.38166356,0.9105056076449264,5
2021-09-13,2877537502.396762,248284269.38166356,0.913716408847891,5
2021-09-14,2963030017.6971917,248284269.38166356,0.9162059554244323,5
2021-09-15,2988292176.3526087,248284269.38166356,0.9169143260667673,5
2021-09-16,2942103116.823532,248284269.38166356,0.9156099363200684,5
2021-09-17,3040919310.297971,248284269.38166356,0.9183522336351192,5
2021-09-20,3102436157.423137,248284269.38166356,0.9199711914175578,5
2021-09-21,3136923424.4326377,248284269.38166356,0.920851026375765,5
2021-09-22,3200242301.2975364,248284269.38166356,0.9224170403344156,5
2021-09-23,3124119084.30366,248284269.38166356,0.9205266308095921,5
2021-09-24,3070909428.534165,248284269.38166356,0.9191495955319734,5
2021-09-27,3003507274.1342235,248284269.38166356,0.9173352195548675,5
2021-09-28,3073156630.8997445,248284269.38166356,0.9192087162479017,5
2021-09-29,3001508797.8105187,248284269.38166356,0.917280179367531,5
2021-09-30,3094921994.301729,248284269.38166356,0.9197768894211885,5
2021-10-01,3144516540.4414263,248284269.38166356,0.921042148709191,5
2021-10-04,3114202284.2879353,248284269.38166356,0.9202735574903627,5
2021-10-05,3096119827.2686296,248284269.38166356,0.9198079262969941,5
2021-10-06,3098321642.4970703,248284269.38166356,0.9198649146117831,5
2021-10-07,3102327134.8434086,248284269.38166356,0.9199683790297004,5
2021-10-08,3106586893.9390817,248284269.38166356,0.9200781185724874,5
2021-10-11,3107233894.456455,248284269.38166356,0.9200947602223889,5
2021-10-12,3149184048.489744,248284269.38166356,0.92115917470726,5
2021-10-13,3145325876.8421583,248284269.38166356,0.9210624656701913,5
2021-10-14,3127477576.239303,248284269.38166356,0.9206119745612316,5
2021-10-15,3138749950.9131045,248284269.38166356,0.9208970853796637,5
2021-10-18,3119659521.859147,248284269.38166356,0.9204130233950341,5
2021-10-19,3115265909.5797915,248284269.38166356,0.9203007779791247,5
2021-10-20,3140826289.4341216,248284269.38166356,0.9209493787616008,5
2021-10-21,3164803532.614559,248284269.38166356,0.9215482835433558,5
2021-10-22,3161026684.028028,248284269.38166356,0.9214545480947094,5
2021-10-25,3161882051.010313,248284269.38166356,0.921475796574281,5
2021-10-26,3169613689.807479,248284269.38166356,0.9216673406667599,5
2021-10-27,3223093840.0642686,248284269.38166356,0.9229670987870732,5
2021-10-28,3200693636.786706,248284269.38166356,0.9224279804452247,5
2021-10-29,3189306412.0931396,248284269.38166356,0.9221510142643476,5
2021-11-01,3175033194.4111466,248284269.38166356,0.9218010476807907,5
2021-11-02,3188764897.2056217,248284269.38166356,0.9221377939780886,5
2021-11-03,3119259062.9886327,248284269.38166356,0.9204028058048577,5
2021-11-04,3147210506.584558,248284269.38166356,0.9211097354745714,5
2021-11-05,3243000576.8035903,248284269.38166356,0.9234399552199953,5
2021-11-08,3235928872.2760262,248284269.38166356,0.9232726431322854,5
2021-11-09,3207617019.2847214,248284269.38166356,0.9225954133897727,5
2021-11-10,3177181257.496583,248284269.38166356,0.9218539172746802,5
2021-11-11,3194366017.913517,248284269.38166356,0.9222743204788296,5
2021-11-12,3214312331.669736,248284269.38166356,0.9227566447306982,5
2021-11-15,3275676232.9351916,248284269.38166356,0.9242036600304704,5
2021-11-16,3333915615.2425427,248284269.38166356,0.925527728342458,5
2021-11-17,3361793567.0109053,248284269.38166356,0.9261452958271849,5
2021-11-18,3439916104.3257427,248284269.38166356,0.9278225800130874,5
2021-11-19,3463578782.941148,248284269.38166356,0.9283156859013817,5
2021-11-22,3466779314.225295,248284269.38166356,0.9283818648730036,5
2021-11-23,3466149987.0562596,248284269.38166356,0.928368861616249,5
2021-11-24,3536917721.8551264,248284269.38166356,0.9298020794073102,5
2021-11-25,3536540764.7692595,248284269.38166356,0.9297945970664182,5
2021-11-26,3505969401.9982,248284269.38166356,0.929182419778063,5
2021-11-29,3513512828.1002645,248284269.38166356,0.9293344633906149,5
2021-11-30,3461512027.5590687,248284269.38166356,0.9282728855468562,5
2021-12-01,3461974108.1744027,248284269.38166356,0.928282459191299,5
2021-12-02,3453709113.9617677,248284269.38166356,0.9281108335447349,5
2021-12-03,3366233425.9283223,248284269.38166356,0.9262427057288242,5
2021-12-06,3303116054.427085,248284269.38166356,0.9248333194200385,5
2021-12-07,3456488055.5353985,248284269.38166356,0.9281686308783714,5
2021-12-08,3463284697.481476,248284269.38166356,0.9283095988146116,5
2021-12-09,3556369593.51081,248284269.38166356,0.9301860330167316,5
2021-12-10,3568270695.9772205,248284269.38166356,0.9304188805906534,5
2021-12-13,3565038621.9397874,248284269.38166356,0.9303557981521757,5
2021-12-14,3479397692.8812356,248284269.38166356,0.9286415950985863,5
2021-12-15,3458067046.8886757,248284269.38166356,0.9282014298695995,5
2021-12-16,3472080185.148925,248284269.38166356,0.9284912052309029,5
2021-12-17,3485245546.0363317,248284269.38166356,0.9287613265400969,5
2021-12-20,3427286575.247778,248284269.38166356,0.9275566066827331,5
2021-12-21,3394405652.083342,248284269.38166356,0.9268548621378598,5
2021-12-22,3384654915.6248417,248284269.38166356,0.926644140814625,5
2021-12-23,3327050322.2395163,248284269.38166356,0.9253740564962247,5
2021-12-24,3364489215.405736,248284269.38166356,0.9262044686471905,5
2021-12-27,3464065004.3755646,248284269.38166356,0.9283257476207727,5
2021-12-28,3464956730.2442503,248284269.38166356,0.9283441933879037,5
2021-12-29,3425815270.380854,248284269.38166356,0.9275254939960433,5
2021-12-30,3396757468.033407,248284269.38166356,0.9269055057011738,5
2021-12-31,3404964447.7458935,248284269.38166356,0.927081685229921,5
2022-01-04,3455016762.659869,248284269.38166356,0.92813804203065,5
2022-01-05,3435611345.4102845,248284269.38166356,0.9277321430104856,5
2022-01-06,3418341458.553223,248284269.38166356,0.9273670367948709,5
2022-01-07,3422887551.066989,248284269.38166356,0.9274635039341951,5
2022-01-10,3315665271.672615,248284269.38166356,0.9251178122523767,5
2022-01-11,3274528911.4799795,248284269.38166356,0.924177102693698,5
2022-01-12,3319366183.0141377,248284269.38166356,0.9252013017870145,5
2022-01-13,3304764201.1651945,248284269.38166356,0.9248708064272413,5
2022-01-14,3313988865.2516737,248284269.38166356,0.9250799325293424,5
2022-01-17,3164592185.9069133,248284269.38166356,0.9215430441598875,5
2022-01-18,3093154259.6981025,248284269.38166356,0.9197310419927467,5
2022-01-19,3139672052.9801016,248284269.38166356,0.9209203174114959,5
2022-01-20,3128572023.0521584,248284269.38166356,0.9206397463276415,5
2022-01-21,3068675863.4233,248284269.38166356,0.9190907477909098,5
2022-01-24,2915635675.029276,248284269.38166356,0.9148438635498688,5
2022-01-25,3023727429.3404512,248284269.38166356,0.9178880123345575,5
2022-01-26,3047525246.0470886,248284269.38166356,0.9185292165491623,5
2022-01-27,3001940522.0694427,248284269.38166356,0.917292075723571,5
2022-01-28,3079098732.2215576,248284269.38166356,0.919364628752087,5
2022-02-07,3160925687.420863,248284269.38166356,0.9214520384424952,5
2022-02-08,3166720650.7791543,248284269.38166356,0.9215957778528476,5
2022-02-09,3191344643.4560623,248284269.38166356,0.922200734448792,5
2022-02-10,3153358269.237606,248284269.38166356,0.9212635393181341,5
2022-02-11,3199751181.41362,248284269.38166356,0.9224051323665818,5
2022-02-14,3174851987.6100025,248284269.38166356,0.9217965844232728,5
2022-02-15,3237783947.025813,248284269.38166356,0.9233166037500019,5
2022-02-16,3260023792.791397,248284269.38166356,0.9238397370195051,5
2022-02-17,3271469308.115272,248284269.38166356,0.9241061902168042,5
2022-02-18,3294675766.0512295,248284269.38166356,0.9246407576915407,5
2022-02-21,3296388198.152734,248284269.38166356,0.9246799058676404,5
2022-02-22,3292760280.1011324,248284269.38166356,0.9245969192224228,5
2022-02-23,3310469440.3427796,248284269.38166356,0.9250002835380485,5
2022-02-24,3320691774.9414196,248284269.38166356,0.9252311607914759,5
2022-02-25,3403595234.666446,248284269.38166356,0.9270523513334288,5
2022-02-28,3409490772.6053534,248284269.38166356,0.9271784891231902,5
2022-03-01,3463222680.321613,248284269.38166356,0.9283083150291084,5
2022-03-02,3448814539.2082505,248284269.38166356,0.9280088080820191,5
2022-03-03,3528146555.534179,248284269.38166356,0.9296275635171078,5
2022-03-04,3507198658.639545,248284269.38166356,0.9292072410069938,5
2022-03-07,3544068059.687956,248284269.38166356,0.9299437072877421,5
2022-03-08,3455688479.762435,248284269.38166356,0.9281520105658564,5
2022-03-09,3473127125.5362105,248284269.38166356,0.9285127608614868,5
2022-03-10,3486759534.7136683,248284269.38166356,0.9287922591421112,5
2022-03-11,3472676716.0331845,248284269.38166356,0.9285034888979596,5
2022-03-14,3387495511.3155875,248284269.38166356,0.9267056536156889,5
2022-03-15,3354390567.5732517,248284269.38166356,0.9259823015894999,5
2022-03-16,3454986386.198406,248284269.38166356,0.9281374102157156,5
2022-03-17,3524244400.4919815,248284269.38166356,0.9295496449261569,5
2022-03-18,3527112232.2267094,248284269.38166356,0.9296069268470886,5
2022-03-21,3636757924.121745,248284269.38166356,0.9317292284606427,5
2022-03-22,3677972307.8790426,248284269.38166356,0.9324942526484545,5
2022-03-23,3840783711.7786584,248284269.38166356,0.9353558315142187,5
2022-03-24,3846958712.5659904,248284269.38166356,0.9354595960256477,5
2022-03-25,3951495160.5962086,248284269.38166356,0.9371670065909428,5
2022-03-28,4042764411.8199296,248284269.38166356,0.938585521170675,5
2022-03-29,3949098098.37935,248284269.38166356,0.9371288676056044,5
2022-03-30,3992742257.9041595,248284269.38166356,0.9378161039846357,5
2022-03-31,3928218360.335844,248284269.38166356,0.9367946874113088,5
2022-04-01,3995383979.6115365,248284269.38166356,0.937857219569218,5
2022-04-04,3948597625.260731,248284269.38166356,0.937120898874757,5
2022-04-05,3932396368.4289193,248284269.38166356,0.9368618404352613,5
2022-04-06,3936648031.85429,248284269.38166356,0.9369300309876285,5
2022-04-07,3856428322.055319,248284269.38166356,0.9356180774937007,5
2022-04-08,3803724030.9379587,248284269.38166356,0.9347260034213263,5
2022-04-12,3738827771.1535106,248284269.38166356,0.9335930177642116,5
2022-04-13,3873275172.504322,248284269.38166356,0.9358981073319581,5
2022-04-14,4013048738.149728,248284269.38166356,0.9381307615276713,5
2022-04-15,3998567879.8368583,248284269.38166356,0.9379067013883496,5
2022-04-18,4056029067.9045057,248284269.38166356,0.9387863683358817,5
2022-04-19,4110932952.4695816,248284269.38166356,0.9396039117513434,5
2022-04-20,3934233242.6501703,248284269.38166356,0.9368913193325532,5
2022-04-21,3989159887.652894,248284269.38166356,0.9377602612143614,5
2022-04-22,3864890680.0170517,248284269.38166356,0.9357590447084605,5
2022-04-25,3624251733.0091724,248284269.38166356,0.9314936467794648,5
2022-04-26,3628652303.1625233,248284269.38166356,0.9315767263881213,5
2022-04-27,3705859037.173723,248284269.38166356,0.9330022359482357,5
2022-04-28,3723247473.233387,248284269.38166356,0.9333151311679948,5
2022-04-29,3835203319.478712,248284269.38166356,0.9352617713588622,5
2022-05-04,3765679940.1082125,248284269.38166356,0.9340665501767182,5
2022-05-05,3723685911.0923033,248284269.38166356,0.9333229828428704,5
2022-05-06,3588071699.3851166,248284269.38166356,0.9308028684532108,5
2022-05-09,3368710299.8403687,248284269.38166356,0.9262969364289267,5
2022-05-10,3369212331.9919343,248284269.38166356,0.9263079186122787,5
2022-05-11,3356527737.8915753,248284269.38166356,0.9260294301820293,5
2022-05-12,3153924330.07711,248284269.38166356,0.9212776708008104,5
2022-05-13,2954490816.5372458,248284269.38166356,0.9159637701386867,5
2022-05-16,2865032605.443617,248284269.38166356,0.9133398101962545,5
2022-05-17,3038018679.062146,248284269.38166356,0.9182742782021637,5
2022-05-18,3154171269.3816195,248284269.38166356,0.9212838339528913,5
2022-05-19,3209966815.2527294,248284269.38166356,0.9226520759648055,5
2022-05-20,3219017684.9637737,248284269.38166356,0.9228695541060821,5
2022-05-23,3214264379.6434917,248284269.38166356,0.9227554923751475,5
2022-05-24,3289639312.088424,248284269.38166356,0.9245253823210057,5
2022-05-25,3401104591.420501,248284269.38166356,0.92699893146245,5
2022-05-26,3430962218.0613756,248284269.38166356,0.9276342164088437,5
2022-05-27,3446926131.0868006,248284269.38166356,0.9279693675061785,5
2022-05-30,3456066464.377336,248284269.38166356,0.9281598684687344,5
2022-05-31,3501951067.790016,248284269.38166356,0.9291011597319809,5
2022-06-01,3522667086.054539,248284269.38166356,0.9295180999747134,5
2022-06-02,3572771310.686972,248284269.38166356,0.9305065318233526,5
2022-06-03,3622720176.235689,248284269.38166356,0.9314646847387337,5
2022-06-06,3659623046.0811605,248284269.38166356,0.9321557804573524,5
2022-06-07,3720192527.2677374,248284269.38166356,0.9332603709184875,5
2022-06-08,3855766585.0665574,248284269.38166356,0.935607028095717,5
2022-06-09,3834330079.427249,248284269.38166356,0.9352470277105746,5
2022-06-10,3788302584.867258,248284269.38166356,0.9344602856241054,5
2022-06-13,3599737654.621812,248284269.38166356,0.9310271210839813,5
2022-06-14,3581014087.129576,248284269.38166356,0.9306664918537977,5
2022-06-15,3589072207.6424713,248284269.38166356,0.930822158202063,5
2022-06-16,3744277764.4572415,248284269.38166356,0.9336896766210788,5
2022-06-17,3682937464.050653,248284269.38166356,0.9325852605956034,5
2022-06-20,3545797465.020421,248284269.38166356,0.9299778761108022,5
2022-06-21,3422646717.746159,248284269.38166356,0.9274583999294087,5
2022-06-22,3298740774.2047253,248284269.38166356,0.924733622198149,5
2022-06-23,3460246809.721975,248284269.38166356,0.9282466589712388,5
2022-06-24,3515207206.742544,248284269.38166356,0.9293685251596471,5
2022-06-27,3529319142.4640675,248284269.38166356,0.929650944173805,5
2022-06-28,3525951761.6343846,248284269.38166356,0.9295837588922157,5
2022-06-29,3481200252.467203,248284269.38166356,0.9286785443596074,5
2022-06-30,3431633256.6154222,248284269.38166356,0.9276483671723874,5
2022-07-01,3395151438.142134,248284269.38166356,0.9268709293516734,5
2022-07-04,3323034507.631224,248284269.38166356,0.92528387267376,5
2022-07-05,3168668219.1219654,248284269.38166356,0.9216439676822767,5
2022-07-06,3041230247.8489046,248284269.38166356,0.9183605813610207,5
2022-07-07,3160848122.610323,248284269.38166356,0.9214501109352187,5
2022-07-08,3181196597.013694,248284269.38166356,0.9219525540751751,5
2022-07-11,3092069320.4379334,248284269.38166356,0.9197028773771155,5
2022-07-12,3193323405.750971,248284269.38166356,0.9222489432374688,5
2022-07-13,3160736762.428175,248284269.38166356,0.9214473434380774,5
2022-07-14,3135085281.676736,248284269.38166356,0.9208046202657448,5
2022-07-15,3109692795.9771566,248284269.38166356,0.9201579430280523,5
2022-07-18,3133221500.753371,248284269.38166356,0.9207575112956538,5
2022-07-19,3188569322.602747,248284269.38166356,0.9221330182092465,5
2022-07-20,3281595915.055856,248284269.38166356,0.9243403893079756,5
2022-07-21,3323193619.6202765,248284269.38166356,0.925287450025246,5
2022-07-22,3276699231.210143,248284269.38166356,0.9242273239433185,5
2022-07-25,3236449561.255636,248284269.38166356,0.9232849872422121,5
2022-07-26,3248608652.452665,248284269.38166356,0.9235721208849789,5
2022-07-27,3249574480.8942814,248284269.38166356,0.923594836542003,5
2022-07-28,3237317810.8494864,248284269.38166356,0.9233055622313113,5
2022-07-29,3113257160.062048,248284269.38166356,0.9202493540955303,5
2022-08-01,3204020296.779931,248284269.38166356,0.922508521674725,5
2022-08-02,3177336132.0778418,248284269.38166356,0.9218577263906617,5
2022-08-03,3188982866.7194643,248284269.38166356,0.9221431159217623,5
2022-08-04,3259850542.160787,248284269.38166356,0.9238356893451045,5
2022-08-05,3248302563.5215917,248284269.38166356,0.9235649190534484,5
2022-08-08,3300435961.549924,248284269.38166356,0.9247722809125295,5
2022-08-09,3303470638.9820747,248284269.38166356,0.9248413875843712,5
2022-08-10,3262773362.0331545,248284269.38166356,0.9239039179764088,5
2022-08-11,3249680943.492386,248284269.38166356,0.9235973396468775,5
2022-08-12,3312926985.146879,248284269.38166356,0.9250559186801228,5
2022-08-15,3433820520.8863645,248284269.38166356,0.9276944534894984,5
2022-08-16,3458279964.613755,248284269.38166356,0.9282058503295891,5
2022-08-17,3475050779.9384537,248284269.38166356,0.9285523334464596,5
2022-08-18,3465415775.0267925,248284269.38166356,0.9283536852429364,5
2022-08-19,3446728207.8281326,248284269.38166356,0.9279652312538698,5
2022-08-22,3455353632.12082,248284269.38166356,0.9281450479992487,5
2022-08-23,3457193770.505457,248284269.38166356,0.9281832937743136,5
2022-08-24,3510393503.8625307,248284269.38166356,0.92927167022487,5
2022-08-25,3541138931.9603114,248284269.38166356,0.9298857587481839,5
2022-08-26,3518517819.332802,248284269.38166356,0.9294349831007125,5
2022-08-29,3481334434.9348984,248284269.38166356,0.9286812933310424,5
2022-08-30,3527179558.8140497,248284269.38166356,0.9296082705057566,5
2022-08-31,3526125115.894176,248284269.38166356,0.9295872207533106,5
2022-09-05,3540046267.8551335,248284269.38166356,0.9298641174167207,5
2022-09-06,3547261542.7166333,248284269.38166356,0.9300067766665105,5
2022-09-07,3378212962.7505255,248284269.38166356,0.9265042576890974,5
2022-09-08,3438045188.650924,248284269.38166356,0.9277833024995551,5
2022-09-09,3492883908.1083584,248284269.38166356,0.9289171137908999,5
2022-09-12,3599416266.2422085,248284269.38166356,0.931020962562668,5
2022-09-13,3608692686.879422,248284269.38166356,0.9311982784556907,5
2022-09-14,3611089967.3740416,248284269.38166356,0.9312439535916038,5
2022-09-15,3585068482.342341,248284269.38166356,0.9307449019162265,5
2022-09-16,3506826020.1136246,248284269.38166356,0.9291997185039654,5
2022-09-19,3356213219.2042284,248284269.38166356,0.9260224982247902,5
2022-09-20,3432390840.168064,248284269.38166356,0.927664336334872,5
2022-09-21,3394182642.607473,248284269.38166356,0.9268500562506774,5
2022-09-22,3434641127.5562835,248284269.38166356,0.9277117287772315,5
2022-09-23,3384063328.115179,248284269.38166356,0.9266313170563655,5
2022-09-26,3193477346.9266505,248284269.38166356,0.9222526912174253,5
2022-09-27,3077814861.5363307,248284269.38166356,0.9193309927492749,5
2022-09-28,2951214536.497835,248284269.38166356,0.9158704776250192,5
2022-09-29,2898090711.753678,248284269.38166356,0.9143283305885814,5
2022-09-30,2975520378.075138,248284269.38166356,0.9165576982059594,5
2022-10-03,2821128307.8607264,248284269.38166356,0.9119911459929526,5
2022-10-04,2777553006.060542,248284269.38166356,0.9106104298136114,5
2022-10-05,2898926096.516178,248284269.38166356,0.9143530186298843,5
2022-10-06,2769173056.744426,248284269.38166356,0.9103399230405779,5
2022-10-07,2650020031.1186285,248284269.38166356,0.9063085310804774,5
2022-10-10,2788220178.140164,248284269.38166356,0.9109524164094969,5
2022-10-11,2729453712.2723794,248284269.38166356,0.9090351786273901,5
2022-10-12,2849445260.2817,248284269.38166356,0.9128657522071094,5
2022-10-13,2881500634.921898,248284269.38166356,0.9138350808003924,5
2022-10-14,3017186642.243581,248284269.38166356,0.9177100064326683,5
2022-10-17,3058266697.7605,248284269.38166356,0.9188153637603037,5
2022-10-18,3001106705.20484,248284269.38166356,0.9172690964466332,5
2022-10-19,3014497874.793792,248284269.38166356,0.9176366082531582,5
2022-10-20,2948098708.153896,248284269.38166356,0.9157815616231046,5
2022-10-21,2778141857.8423705,248284269.38166356,0.9106293767250271,5
2022-10-24,2665910751.836552,248284269.38166356,0.9068669987505695,5
2022-10-25,2729519557.397706,248284269.38166356,0.9090373730026046,5
2022-10-26,2735555914.3042955,248284269.38166356,0.9092380937697606,5
2022-10-27,2843394978.531324,248284269.38166356,0.9126803447089479,5
2022-10-28,2785400422.9572816,248284269.38166356,0.9108622705248036,5
2022-10-31,2745975571.506913,248284269.38166356,0.9095824915713245,5
2022-11-01,2693573176.79814,248284269.38166356,0.9078234549109966,5
2022-11-02,2671920895.8032684,248284269.38166356,0.9070764895129798,5
2022-11-03,2673174075.2748857,248284269.38166356,0.9071200518970571,5
2022-11-04,2538639122.434027,248284269.38166356,0.9021978873690362,5
2022-11-07,2427478906.3400736,248284269.38166356,0.8977192886277215,5
2022-11-08,2441059844.438504,248284269.38166356,0.8982883316247521,5
2022-11-09,2373382453.8449926,248284269.38166356,0.8953880066908596,5
2022-11-10,2227233538.7228737,248284269.38166356,0.8885234686596749,5
2022-11-11,2109138045.0740962,248284269.38166356,0.8822816410895755,5
2022-11-14,1992002462.7046163,248284269.38166356,0.8753594566120372,5
2022-11-15,1874764782.265506,248284269.38166356,0.8675651091111113,5
2022-11-16,1967599429.4414537,248284269.38166356,0.8738136097893947,5
2022-11-17,2018338643.0990698,248284269.38166356,0.8769858218636521,5
2022-11-18,2020311268.133991,248284269.38166356,0.8771059324878265,5
2022-11-21,1926924174.1541307,248284269.38166356,0.8711499535311742,5
2022-11-22,1879882029.4283044,248284269.38166356,0.8679256115570348,5
2022-11-23,1868813753.627549,248284269.38166356,0.8671433849950432,5
2022-11-24,1807075533.0892649,248284269.38166356,0.8626043766099738,5
2022-11-25,1833522731.7933187,248284269.38166356,0.8645862060631103,5
2022-11-28,1933816146.78306,248284269.38166356,0.8716091652276825,5
2022-11-29,2049882632.9098299,248284269.38166356,0.8788787877922447,5
2022-11-30,2156920510.783252,248284269.38166356,0.8848894671174029,5
2022-12-01,2149822880.3852654,248284269.38166356,0.8845094302200519,5
2022-12-02,2247208463.5101805,248284269.38166356,0.8895143581856046,5
2022-12-05,2297385897.0963264,248284269.38166356,0.891927486063412,5
2022-12-06,2219218224.890734,248284269.38166356,0.8881208406650103,5
2022-12-07,2156114693.106913,248284269.38166356,0.8848464461675314,5
2022-12-08,2231860590.3164206,248284269.38166356,0.8887545797175158,5
2022-12-09,2222147391.2325788,248284269.38166356,0.8882683163316428,5
2022-12-12,2193105603.4020853,248284269.38166356,0.8867887305579316,5
2022-12-13,2238203701.4991775,248284269.38166356,0.8890698513207893,5
2022-12-14,2246785234.958745,248284269.38166356,0.8894935459257536,5
2022-12-15,2260035821.8392825,248284269.38166356,0.8901414451123156,5
2022-12-16,2270463462.297995,248284269.38166356,0.8906459965092904,5
2022-12-19,2203518366.1349154,248284269.38166356,0.8873237122969087,5
2022-12-20,2135463400.835347,248284269.38166356,0.883732837900879,5
2022-12-21,2077407900.9527135,248284269.38166356,0.8804836213110585,5
2022-12-22,2091121523.7856095,248284269.38166356,0.8812674124590386,5
2022-12-23,2063481101.7673132,248284269.38166356,0.879676984117269,5
2022-12-26,1941040508.9530427,248284269.38166356,0.8720870233071112,5
2022-12-27,2038084526.533383,248284269.38166356,0.878177638783228,5
2022-12-28,2061949213.378704,248284269.38166356,0.8795875922788488,5
2022-12-29,2044160244.5622025,248284269.38166356,0.8785397230759477,5
2022-12-30,2037499007.0408797,248284269.38166356,0.8781426304878283,5
2023-01-03,2114429439.0803576,248284269.38166356,0.8825762331943073,5
2023-01-04,2124368059.0194604,248284269.38166356,0.8831255872411,5
2023-01-05,2131961403.776655,248284269.38166356,0.8835418554286014,5
2023-01-06,2082781065.5383146,248284269.38166356,0.8807919500086813,5
2023-01-09,2064453277.2133138,248284269.38166356,0.8797336456474287,5
2023-01-10,2081722048.5781078,248284269.38166356,0.8807313062993924,5
2023-01-11,2080995623.2693372,248284269.38166356,0.8806896724791771,5
2023-01-12,2068302572.7615592,248284269.38166356,0.8799574720587622,5
2023-01-13,2065073923.498902,248284269.38166356,0.8797697910198828,5
2023-01-16,2044276740.7584336,248284269.38166356,0.8785466446731918,5
2023-01-17,2097426958.147131,248284269.38166356,0.881624354823303,5
2023-01-18,2172158994.142317,248284269.38166356,0.8856970092653372,5
2023-01-19,2190592575.680898,248284269.38166356,0.8866588556274597,5
2023-01-27,2188497086.52032,248284269.38166356,0.8865503313159845,5
2023-01-30,2163248478.4101105,248284269.38166356,0.8852261902136451,5
2023-01-31,2210078754.7361317,248284269.38166356,0.8876581801215916,5
2023-02-01,2133583524.158288,248284269.38166356,0.8836303961994583,5
2023-02-02,2098392039.482698,248284269.38166356,0.8816787975220916,5
2023-02-03,2112621223.7523918,248284269.38166356,0.8824757289237743,5
2023-02-06,2102320922.999545,248284269.38166356,0.8818999199097457,5
2023-02-07,2056376968.4677467,248284269.38166356,0.8792613060791739,5
2023-02-08,2062364926.2164178,248284269.38166356,0.8796118639211141,5
2023-02-09,2047871004.571245,248284269.38166356,0.8787598101504221,5
2023-02-10,2025149370.8228252,248284269.38166356,0.8773995276798843,5
2023-02-13,1960094816.9253101,248284269.38166356,0.8733304801187459,5
2023-02-14,1974682419.5678067,248284269.38166356,0.874266227864628,5
2023-02-15,2005307609.3146496,248284269.38166356,0.8761864423052186,5
2023-02-16,2024853506.6462812,248284269.38166356,0.8773816137480034,5
2023-02-17,2006100646.9202147,248284269.38166356,0.8762353874104811,5
2023-02-20,2057326825.5367944,248284269.38166356,0.8793170505046608,5
2023-02-21,2068356293.334388,248284269.38166356,0.8799605898742883,5
2023-02-22,2022974354.7978833,248284269.38166356,0.8772677128640765,5
2023-02-23,1998666176.11372,248284269.38166356,0.8757750181851596,5
2023-02-24,1952985441.0219843,248284269.38166356,0.8728693700595443,5
2023-02-27,1886962581.42137,248284269.38166356,0.8684212014450009,5
2023-02-28,1875727393.3777463,248284269.38166356,0.8676330738367255,5
2023-03-01,1902377506.1370702,248284269.38166356,0.8694873816680977,5
2023-03-02,1901305319.305181,248284269.38166356,0.8694137828045433,5
2023-03-03,1880157628.750443,248284269.38166356,0.8679449714295104,5
2023-03-06,1884934863.6512902,248284269.38166356,0.868279655615943,5
2023-03-07,1868287780.754889,248284269.38166356,0.8671059823121343,5
2023-03-08,1870017919.881369,248284269.38166356,0.8672289357540411,5
2023-03-09,1938083881.4941847,248284269.38166356,0.8718918867483453,5
2023-03-10,1943013087.3586755,248284269.38166356,0.8722168826360401,5
2023-03-13,1912570386.1427085,248284269.38166356,0.870182937485294,5
2023-03-14,1874473045.9440646,248284269.38166356,0.8675444974154766,5
2023-03-15,1916457277.5074737,248284269.38166356,0.8704462278936999,5
2023-03-16,1886682414.8398106,248284269.38166356,0.8684016623949166,5
2023-03-17,1899976986.6785123,248284269.38166356,0.869322485944576,5
2023-03-20,1851194128.287031,248284269.38166356,0.8658788586308833,5
2023-03-21,1862645808.0217159,248284269.38166356,0.866703445006884,5
2023-03-22,1835407432.0398107,248284269.38166356,0.8647252566119726,5
2023-03-23,1846805477.4699047,248284269.38166356,0.8655601402472505,5
2023-03-24,1849775073.9076178,248284269.38166356,0.8657759676385046,5
2023-03-27,1850681827.4828265,248284269.38166356,0.8658417315744851,5
2023-03-28,1854853892.9484265,248284269.38166356,0.8661434896163183,5
2023-03-29,1842060486.4162865,248284269.38166356,0.8652138346093626,5
2023-03-30,1796241057.6052513,248284269.38166356,0.8617756406744893,5
2023-03-31,1790399944.1516595,248284269.38166356,0.8613246888257096,5
2023-04-03,1837476454.2505538,248284269.38166356,0.8648775777195302,5
2023-04-04,1894608023.5206563,248284269.38166356,0.868952170422941,5
2023-04-05,1919240590.8763685,248284269.38166356,0.8706341088439092,5
2023-04-06,1879573091.8667154,248284269.38166356,0.8679039030426438,5
2023-04-07,1865146367.4052691,248284269.38166356,0.866882152671445,5
2023-04-10,1912965254.3804166,248284269.38166356,0.8702097339127681,5
2023-04-11,1931828886.0247993,248284269.38166356,0.8714770903480132,5
2023-04-12,1942594993.3441336,248284269.38166356,0.8721893805799181,5
2023-04-13,1972149839.4097147,248284269.38166356,0.8741047640396443,5
2023-04-14,1932404623.569171,248284269.38166356,0.8715153822582561,5
2023-04-17,1937862506.0169866,248284269.38166356,0.8718772520698704,5
2023-04-18,1967808420.1373887,248284269.38166356,0.8738270113894884,5
2023-04-19,1992784108.8237402,248284269.38166356,0.8754083453986314,5
2023-04-20,1974455125.767669,248284269.38166356,0.8742517537413617,5
2023-04-21,1944102761.7811544,248284269.38166356,0.8722885053904302,5
2023-04-24,1916598276.8844762,248284269.38166356,0.8704557588430781,5
2023-04-25,1904730212.119943,248284269.38166356,0.8696485897048244,5
2023-04-26,1918745750.395788,248284269.38166356,0.870600745653535,5
2023-04-27,1922810074.100329,248284269.38166356,0.8708742622446295,5
2023-04-28,1938109465.2455924,248284269.38166356,0.8718935778221373,5
2023-05-04,1923649679.001382,248284269.38166356,0.8709306210522934,5
2023-05-05,1925426832.584382,248284269.38166356,0.8710497510578437,5
2023-05-08,1919737061.8932855,248284269.38166356,0.8706675646836758,5
2023-05-09,1924965053.060037,248284269.38166356,0.8710188172055506,5
2023-05-10,1944316707.4654088,248284269.38166356,0.8723025583083507,5
2023-05-11,1957253017.4805632,248284269.38166356,0.8731465645145549,5
2023-05-12,1957830424.5865767,248284269.38166356,0.8731839763731876,5
2023-05-15,1935665927.1702905,248284269.38166356,0.8717318593582803,5
2023-05-16,1931313498.226962,248284269.38166356,0.8714427928921947,5
2023-05-17,1922204487.2033587,248284269.38166356,0.8708335814245779,5
2023-05-18,1926855002.8603282,248284269.38166356,0.8711453280017972,5
2023-05-19,1938096893.1476486,248284269.38166356,0.8718927468180258,5
2023-05-22,1963010672.288129,248284269.38166356,0.8735186349790661,5
2023-05-23,1978684388.7781532,248284269.38166356,0.8745205295044652,5
2023-05-24,1963519825.9317424,248284269.38166356,0.8735514324313756,5
2023-05-25,1950641741.9900973,248284269.38166356,0.8727166224135257,5
2023-05-26,1958318461.9191961,248284269.38166356,0.873215580504542,5
2023-05-29,1990042121.6767159,248284269.38166356,0.8752366763109161,5
2023-05-30,2048131922.0959096,248284269.38166356,0.8787752552933272,5
2023-05-31,2051598460.305424,248284269.38166356,0.8789800859254392,5
2023-06-01,2071513609.6799593,248284269.38166356,0.8801435490351316,5
2023-06-02,2114405971.6188142,248284269.38166356,0.8825749299262647,5
2023-06-05,2142893387.149461,248284269.38166356,0.8841359673464957,5
2023-06-06,2153193511.841933,248284269.38166356,0.8846902203558701,5
2023-06-07,2185073763.1382895,248284269.38166356,0.8863725913650311,5
2023-06-08,2154285965.6858273,248284269.38166356,0.8847486947710672,5
2023-06-09,2223289202.244143,248284269.38166356,0.8883256981902982,5
2023-06-12,2287158274.1845727,248284269.38166356,0.8914442117171874,5
2023-06-13,2263444229.598938,248284269.38166356,0.8903068756301288,5
2023-06-14,2231132153.6753187,248284269.38166356,0.8887182594842409,5
2023-06-15,2252664370.0973063,248284269.38166356,0.8897819521285638,5
2023-06-16,2228444348.037444,248284269.38166356,0.8885840386364938,5
2023-06-19,2248896135.2197638,248284269.38166356,0.8895972715265478,5
2023-06-20,2294822126.792046,248284269.38166356,0.8918067476851713,5
2023-06-21,2302814204.118569,248284269.38166356,0.8921822399142716,5
2023-06-22,2349922887.2444077,248284269.38166356,0.8943436524111609,5
2023-06-23,2328159877.1084094,248284269.38166356,0.8933560053916768,5
2023-06-26,2362249257.922546,248284269.38166356,0.8948949741230887,5
2023-06-27,2360597508.8399305,248284269.38166356,0.8948214303997644,5
2023-06-28,2358877233.992546,248284269.38166356,0.8947447260909687,5
2023-06-29,2279874689.763979,248284269.38166356,0.8910974052668803,5
2023-06-30,2316006342.0226073,248284269.38166356,0.8927963775933219,5
2023-07-03,2316599384.0925674,248284269.38166356,0.8928238213794921,5
2023-07-04,2357064407.031945,248284269.38166356,0.8946637738701815,5
2023-07-05,2404993721.2796,248284269.38166356,0.8967630280342016,5
2023-07-06,2414246859.892383,248284269.38166356,0.8971587067145522,5
2023-07-07,2478073695.318452,248284269.38166356,0.8998075521923665,5
2023-07-10,2515448545.1686645,248284269.38166356,0.9012962241431911,5
2023-07-11,2529050237.7541547,248284269.38166356,0.9018270710185081,5
2023-07-12,2553363784.2992883,248284269.38166356,0.9027618896655575,5
2023-07-13,2637737543.4625235,248284269.38166356,0.905872261629281,5
2023-07-14,2630470662.2600493,248284269.38166356,0.9056122263806802,5
2023-07-17,2618486789.933311,248284269.38166356,0.9051802474863785,5
2023-07-18,2599967480.622033,248284269.38166356,0.9045048558367883,5
2023-07-19,2605400366.3614335,248284269.38166356,0.9047039861561067,5
2023-07-20,2662982307.333295,248284269.38166356,0.9067645816880042,5
2023-07-21,2753295516.8019047,248284269.38166356,0.9098228766703335,5
2023-07-24,2743237879.140533,248284269.38166356,0.9094922568437804,5
2023-07-25,2721785652.032039,248284269.38166356,0.9087789043210295,5
2023-07-26,2717279846.9861197,248284269.38166356,0.9086276411106315,5
2023-07-27,2737297564.7308745,248284269.38166356,0.9092958425197465,5
2023-07-28,2746952099.298866,248284269.38166356,0.9096146345453071,5
2023-07-31,2752165016.0066457,248284269.38166356,0.9097858348109079,5
2023-08-01,2746340911.9202437,248284269.38166356,0.9095945196373806,5
2023-08-02,2768896282.7324123,248284269.38166356,0.9103309607766708,5
2023-08-03,2807381114.8404036,248284269.38166356,0.9115601839489549,5
2023-08-04,2821852900.756356,248284269.38166356,0.912013744828756,5
2023-08-07,2820476336.715264,248284269.38166356,0.9119708021834296,5
2023-08-08,2824075858.166454,248284269.38166356,0.9120830027763972,5
2023-08-09,2820373081.957005,248284269.38166356,0.9119675794064153,5
2023-08-10,2776958686.0416527,248284269.38166356,0.910591298808419,5
2023-08-11,2769778186.9197507,248284269.38166356,0.9103595116193117,5
2023-08-14,2789523206.169497,248284269.38166356,0.910994011868214,5
2023-08-15,2811413358.312293,248284269.38166356,0.9116870279329149,5
2023-08-16,2783673794.3245435,248284269.38166356,0.9108069810881307,5
2023-08-17,2786369161.9528313,248284269.38166356,0.9108932611041198,5
2023-08-18,2612836448.979738,248284269.38166356,0.9049751967909765,5
2023-08-21,2565996920.455028,248284269.38166356,0.9032406206716587,5
2023-08-22,2653446018.9869995,248284269.38166356,0.9064295005042348,5
2023-08-23,2649575333.319917,248284269.38166356,0.9062928061492165,5
2023-08-24,2740314713.328633,248284269.38166356,0.9093957098525828,5
2023-08-25,2818781767.154325,248284269.38166356,0.9119178815916931,5
2023-08-28,2914614541.141001,248284269.38166356,0.9148140291359191,5
2023-08-29,2920519990.180259,248284269.38166356,0.9149862797664537,5
2023-08-30,2944359537.6981573,248284269.38166356,0.9156746089590108,5
2023-08-31,3012026403.480507,248284269.38166356,0.9175690262559578,5
2023-09-05,3077743110.034706,248284269.38166356,0.9193291121107039,5
2023-09-06,3099428371.7622848,248284269.38166356,0.9198935288701338,5
2023-09-07,3059291769.529738,248284269.38166356,0.9188425661603931,5
2023-09-08,3117837084.3625383,248284269.38166356,0.9203665032317022,5
2023-09-11,3074049640.281856,248284269.38166356,0.9192321860622593,5
2023-09-12,3144436912.143745,248284269.38166356,0.9210401492162887,5
2023-09-13,3107826601.452264,248284269.38166356,0.9201099992947992,5
2023-09-14,3058542331.429606,248284269.38166356,0.9188226800622333,5
2023-09-15,3056311823.938382,248284269.38166356,0.9187634365587335,5
2023-09-18,3020477709.0193925,248284269.38166356,0.9177996683636278,5
2023-09-19,3092243286.393489,248284269.38166356,0.9197073947984088,5
2023-09-20,3200404554.7081447,248284269.38166356,0.9224209736183475,5
2023-09-21,3137128203.0134516,248284269.38166356,0.9208561928890355,5
2023-09-22,3092412473.5500193,248284269.38166356,0.9197117876398168,5
2023-09-25,2901505255.390193,248284269.38166356,0.9144291505519696,5
2023-09-26,2875599041.5636945,248284269.38166356,0.9136582444934146,5
2023-09-27,2970795735.7069316,248284269.38166356,0.9164249946916724,5
2023-09-28,2996536145.8719153,248284269.38166356,0.9171429085800601,5
2023-09-29,3008219591.670398,248284269.38166356,0.9174647123271353,5
2023-10-02,3018209160.9446173,248284269.38166356,0.9177378849039219,5
2023-10-03,2886070429.3611283,248284269.38166356,0.9139715140504645,5
2023-10-04,2968595885.929585,248284269.38166356,0.9163630622280149,5
2023-10-05,2933936241.678326,248284269.38166356,0.915375028995301,5
2023-10-06,3026770760.8107533,248284269.38166356,0.9179705735907274,5
2023-10-09,3067442686.7294765,248284269.38166356,0.9190582205640537,5
2023-10-10,3038724431.553234,248284269.38166356,0.9182932592361612,5
2023-10-11,3077069185.2857265,248284269.38166356,0.9193114439646216,5
2023-10-12,3124587794.1217647,248284269.38166356,0.920538552365609,5
2023-10-13,3170618033.7815866,248284269.38166356,0.921692153789482,5
2023-10-16,3099610892.30601,248284269.38166356,0.9198982459385576,5
2023-10-17,2910200649.3382955,248284269.38166356,0.9146848278526372,5
2023-10-18,2930895894.1935773,248284269.38166356,0.915287243783192,5
2023-10-19,2866625593.996456,248284269.38166356,0.9133879674061229,5
2023-10-20,2924434407.148966,248284269.38166356,0.9151000724192286,5
2023-10-23,2849258688.2257957,248284269.38166356,0.9128600465771441,5
2023-10-24,2914641024.812343,248284269.38166356,0.9148148031719792,5
2023-10-25,2911680092.156686,248284269.38166356,0.9147281770238163,5
2023-10-26,2763818410.330099,248284269.38166356,0.9101662148085882,5
2023-10-27,2739138568.9489994,248284269.38166356,0.9093568057504555,5
2023-10-30,2609950605.3224998,248284269.38166356,0.9048701270915491,5
2023-10-31,2499438017.697094,248284269.38166356,0.900663962209223,5
2023-11-01,2553108570.698738,248284269.38166356,0.902752169558652,5
2023-11-02,2705427252.591343,248284269.38166356,0.9082273348345076,5
2023-11-03,2695445351.991375,248284269.38166356,0.9078874779641766,5
2023-11-06,2736660316.338495,248284269.38166356,0.9092747214919772,5
2023-11-07,2727438111.191965,248284269.38166356,0.9089679548134069,5
2023-11-08,2882788828.6190104,248284269.38166356,0.9138735841776509,5
2023-11-09,2908800275.215241,248284269.38166356,0.9146437548506862,5
2023-11-10,2890787687.354333,248284269.38166356,0.9141118974361986,5
2023-11-13,2935214135.7675457,248284269.38166356,0.9154118718780502,5
2023-11-14,2938304440.23662,248284269.38166356,0.9155008357943777,5
2023-11-15,2952568876.5802116,248284269.38166356,0.9159090677440058,5
2023-11-16,3002870671.779257,248284269.38166356,0.9173176947928463,5
2023-11-17,2954356927.396171,248284269.38166356,0.9159599616825954,5
2023-11-20,2965245137.744728,248284269.38166356,0.9162685518909575,5
2023-11-21,3022211884.9051595,248284269.38166356,0.9178468357490907,5
2023-11-22,3041885072.375761,248284269.38166356,0.9183781558230438,5
2023-11-23,2922277046.6326294,248284269.38166356,0.9150373953531327,5
2023-11-24,2981113988.4546356,248284269.38166356,0.9167142650890816,5
2023-11-27,2932703100.204529,248284269.38166356,0.9153394459315204,5
2023-11-28,2940114371.478934,248284269.38166356,0.9155528533889068,5
2023-11-29,3000130269.0433435,248284269.38166356,0.9172421704672064,5
2023-11-30,2969992442.0832105,248284269.38166356,0.9164023901665176,5
2023-12-01,3001829598.036053,248284269.38166356,0.9172890194886133,5
2023-12-04,3086478168.224616,248284269.38166356,0.9195574192172304,5
2023-12-05,3052986549.734038,248284269.38166356,0.918674954724811,5
2023-12-06,3101499482.883653,248284269.38166356,0.9199470221575472,5
2023-12-07,3064130489.5230827,248284269.38166356,0.9189707258778305,5
2023-12-08,3078585884.726792,248284269.38166356,0.9193511960756301,5
2023-12-11,3074252077.075691,248284269.38166356,0.9192375045517289,5
2023-12-12,3056074363.836507,248284269.38166356,0.9187571243947171,5
2023-12-13,3011340244.3159986,248284269.38166356,0.9175502436663182,5
2023-12-14,2957008119.979254,248284269.38166356,0.9160353102502116,5
2023-12-15,2956685752.476914,248284269.38166356,0.9160261555785332,5
2023-12-18,2938224541.7906747,248284269.38166356,0.9154985380285643,5
2023-12-19,2978403317.997123,248284269.38166356,0.9166384660259423,5
2023-12-20,2986234930.341986,248284269.38166356,0.9168570875456105,5
2023-12-21,2990584849.662588,248284269.38166356,0.9169780220716105,5
2023-12-22,2981603325.737606,248284269.38166356,0.9167279338473902,5
2023-12-25,3029480646.2804995,248284269.38166356,0.9180439493196635,5
2023-12-26,3061208848.864634,248284269.38166356,0.9188933909315761,5
2023-12-27,3067538156.82531,248284269.38166356,0.9190607396914596,5
2023-12-28,3061874482.78032,248284269.38166356,0.9189110230422607,5
2023-12-29,3076801730.222916,248284269.38166356,0.9193044300050899,5
2024-01-02,3061871405.6301823,248284269.38166356,0.9189109415486499,5
2024-01-03,3127357244.4840927,248284269.38166356,0.9206089199372482,5
2024-01-04,3133652418.0813026,248284269.38166356,0.9207684081523998,5
2024-01-05,3140473801.7135773,248284269.38166356,0.9209405060961856,5
2024-01-08,3139932333.511476,248284269.38166356,0.9209268726170285,5
2024-01-09,3111118794.2021303,248284269.38166356,0.9201945390692361,5
2024-01-10,3069085782.890086,248284269.38166356,0.919101554356731,5
2024-01-11,3071388369.41793,248284269.38166356,0.919162203043467,5
2024-01-12,3049413042.048556,248284269.38166356,0.9185796525567197,5
2024-01-15,3036455466.0420403,248284269.38166356,0.9182322045693305,5
2024-01-16,3099836386.108391,248284269.38166356,0.9199040728425782,5
2024-01-17,3065752381.8197303,248284269.38166356,0.9190135932523388,5
2024-01-18,3087710307.6444063,248284269.38166356,0.919589519532654,5
2024-01-19,3078729859.2606554,248284269.38166356,0.9193549675575343,5
2024-01-22,3080169131.708367,248284269.38166356,0.9193926506094304,5
2024-01-23,3036671898.5195317,248284269.38166356,0.9182380323989859,5
2024-01-24,3009775392.5631576,248284269.38166356,0.917507376133399,5
2024-01-25,3020050071.1464305,248284269.38166356,0.9177880288297957,5
2024-01-26,3027630746.8862357,248284269.38166356,0.9179938737123041,5
2024-01-29,3041530985.877677,248284269.38166356,0.9183686536371033,5
2024-01-30,3071018955.1210675,248284269.38166356,0.919152479027315,5
2024-01-31,3043595271.024196,248284269.38166356,0.9184240192034094,5
2024-02-01,3066469649.446982,248284269.38166356,0.91903253651102,5
2024-02-02,3077367663.2640114,248284269.38166356,0.9193192700548752,5
2024-02-05,3082267910.576227,248284269.38166356,0.9194475377919868,5
2024-02-06,3160998354.5345693,248284269.38166356,0.9214538441548092,5
2024-02-07,3181571398.81966,248284269.38166356,0.9219617483757319,5
2024-02-15,3204098727.793299,248284269.38166356,0.922510418537365,5
2024-02-16,3203493857.5093007,248284269.38166356,0.9224957872793602,5
2024-02-19,3232397224.385426,248284269.38166356,0.9231888124675426,5
2024-02-20,3238559377.194723,248284269.38166356,0.923334964574054,5
2024-02-21,3292508660.8177767,248284269.38166356,0.9245911567868145,5
2024-02-22,3274197854.7562933,248284269.38166356,0.9241694361808371,5
2024-02-23,3201551661.6305,248284269.38166356,0.922448769964494,5
2024-02-26,3301944194.2431393,248284269.38166356,0.9248066427607889,5
2024-02-27,3386696995.6361117,248284269.38166356,0.9266883722690316,5
2024-02-28,3375503389.3994365,248284269.38166356,0.926445261420449,5
2024-02-29,3417307365.3462706,248284269.38166356,0.9273450577201723,5
2024-03-01,3502061929.0170846,248284269.38166356,0.92910340410475,5
2024-03-04,3481780259.4477262,248284269.38166356,0.9286904253340084,5
2024-03-05,3504186403.2096653,248284269.38166356,0.9291463864039177,5
2024-03-06,3459989419.0564246,248284269.38166356,0.9282413211976315,5
2024-03-07,3567873154.3179283,248284269.38166356,0.9304111276822766,5
2024-03-08,3590724573.5113015,248284269.38166356,0.9308539921961012,5
2024-03-11,3568142442.614227,248284269.38166356,0.930416379565902,5
2024-03-12,3654843528.9220934,248284269.38166356,0.9320670591184272,5
2024-03-13,3828446912.058425,248284269.38166356,0.9351475219364687,5
2024-03-14,3837956264.01961,248284269.38166356,0.9353082077278213,5
2024-03-15,3871272433.8610296,248284269.38166356,0.9358649452800107,5
2024-03-18,3688783469.8330936,248284269.38166356,0.9326920998719133,5
2024-03-19,3675407997.5866046,248284269.38166356,0.9324471542901643,5
2024-03-20,3754898212.582323,248284269.38166356,0.9338772304000984,5
2024-03-21,3788851042.3915305,248284269.38166356,0.9344697728668303,5
2024-03-22,3811583090.7494187,248284269.38166356,0.934860591132267,5
2024-03-25,3715388087.0371056,248284269.38166356,0.933174068612665,5
2024-03-26,3757022069.266283,248284269.38166356,0.933914609814855,5
2024-03-27,3767310275.1045437,248284269.38166356,0.9340950834279841,5
2024-03-28,3811856329.860273,248284269.38166356,0.9348652604147951,5
2024-03-29,3811569548.098932,248284269.38166356,0.9348603596894883,5
2024-04-01,3768544729.7673583,248284269.38166356,0.9341166717697441,5
2024-04-02,3830810812.7498827,248284269.38166356,0.9351875408320056,5
2024-04-03,3786441947.984457,248284269.38166356,0.9344280797665929,5
2024-04-04,3796088401.7779408,248284269.38166356,0.9345947082619634,5
2024-04-05,3693159890.8710594,248284269.38166356,0.9327718602177542,5
2024-04-08,3594152999.108374,248284269.38166356,0.9309199498621074,5
2024-04-09,3635008421.7251954,248284269.38166356,0.9316963702483455,5
2024-04-10,3635227292.6147223,248284269.38166356,0.931700482694418,5
2024-04-11,3678352476.041725,248284269.38166356,0.932501229558935,5
2024-04-12,3686294374.76589,248284269.38166356,0.9326466515855963,5
2024-04-15,3449882142.3722057,248284269.38166356,0.9280310865312813,5
2024-04-16,3458110810.74399,248284269.38166356,0.92820233851088,5
2024-04-17,3363691922.4375453,248284269.38166356,0.9261869769566349,5
2024-04-19,3250195893.5340266,248284269.38166356,0.9236094446259061,5
2024-04-22,3356810619.533663,248284269.38166356,0.9260356637527095,5
2024-04-23,3313037420.703098,248284269.38166356,0.9250584168382341,5
2024-04-24,3486137108.3814464,248284269.38166356,0.928779545478939,5
2024-04-25,3471405465.042924,248284269.38166356,0.9284773064161224,5
2024-04-26,3522485250.2082324,248284269.38166356,0.9295144615958331,5
2024-05-02,3548232634.7889156,248284269.38166356,0.9300259326439475,5
2024-05-03,3533701038.7612143,248284269.38166356,0.9297381791333704,5
2024-05-06,3627011635.01215,248284269.38166356,0.9315457753195678,5
2024-05-07,3638866531.6845865,248284269.38166356,0.9317687892040597,5
2024-05-08,3652439945.946532,248284269.38166356,0.9320223540821776,5
2024-05-09,3658022779.528195,248284269.38166356,0.932126100807473,5
2024-05-10,3658071375.5970407,248284269.38166356,0.9321270024860735,5
2024-05-13,3639832653.0112844,248284269.38166356,0.931786899824569,5
2024-05-14,3675946857.525183,248284269.38166356,0.9324570569149032,5
2024-05-15,3717828500.019454,248284269.38166356,0.933217933699641,5
2024-05-16,3728643241.6047935,248284269.38166356,0.9334116317133084,5
2024-05-17,3797925853.842329,248284269.38166356,0.9346263516096618,5
2024-05-20,3791739892.677335,248284269.38166356,0.9345196990275747,5
2024-05-21,3824286511.464295,248284269.38166356,0.9350769696158049,5
2024-05-22,3802846032.5215607,248284269.38166356,0.9347109330069214,5
2024-05-23,3844974973.9376535,248284269.38166356,0.9354262976834425,5
2024-05-24,3796208222.4166846,248284269.38166356,0.9345967726650134,5
2024-05-27,3785421821.314768,248284269.38166356,0.9344104089051222,5
2024-05-28,3832785815.118898,248284269.38166356,0.935220938148363,5
2024-05-29,3803586791.491616,248284269.38166356,0.9347236482319635,5
2024-05-30,3799094196.6901345,248284269.38166356,0.9346464560952515,5
2024-05-31,3830008838.6577945,248284269.38166356,0.935173969606641,5
2024-06-03,3835787551.766701,248284269.38166356,0.9352716316973009,5
2024-06-04,3813764422.947979,248284269.38166356,0.9348978484649706,5
2024-06-05,3774735872.108354,248284269.38166356,0.9342247304728671,5
2024-06-06,3741731029.3256397,248284269.38166356,0.9336445438125437,5
2024-06-07,3779077672.4220166,248284269.38166356,0.934300299992898,5
2024-06-10,3781361268.616797,248284269.38166356,0.934339976599886,5
2024-06-11,3779510037.922209,248284269.38166356,0.9343078158569574,5
2024-06-12,3834404569.2595353,248284269.38166356,0.9352482856472263,5
2024-06-13,3841956487.647784,248284269.38166356,0.9353755644604727,5
2024-06-14,3752696498.538919,248284269.38166356,0.9338384360476977,5
2024-06-17,3720082027.635771,248284269.38166356,0.9332583885147673,5
2024-06-18,3835346282.0899396,248284269.38166356,0.9352641844776608,5
2024-06-19,3825464356.1143727,248284269.38166356,0.9350969591482868,5
2024-06-20,3857682056.030899,248284269.38166356,0.9356390014066844,5
2024-06-21,3899498037.9138327,248284269.38166356,0.9363291718657996,5
2024-06-24,3727449883.3300323,248284269.38166356,0.93339031317576,5
2024-06-25,3735852647.9092684,248284269.38166356,0.9335401331953997,5
2024-06-26,3768304753.761756,248284269.38166356,0.9341124761382925,5
2024-06-27,3747667540.6587477,248284269.38166356,0.9337496545016314,5
2024-06-28,3697564152.0095334,248284269.38166356,0.9328519373364415,5
2024-07-01,3730661831.8770065,248284269.38166356,0.9334476614148798,5
2024-07-02,3766934270.4909153,248284269.38166356,0.9340885049875568,5
2024-07-03,3790288200.491514,248284269.38166356,0.9344946198683608,5
2024-07-04,3777565119.3172317,248284269.38166356,0.9342739935542026,5
2024-07-05,3814503816.0290823,248284269.38166356,0.9349104676895753,5
2024-07-08,3841848922.1860666,248284269.38166356,0.9353737550823873,5
2024-07-09,3871802550.11364,248284269.38166356,0.9358737264702778,5
2024-07-10,3826316278.481811,248284269.38166356,0.9351114096924112,5
2024-07-11,3821672890.270542,248284269.38166356,0.9350325691103074,5
2024-07-12,3807029468.9946513,248284269.38166356,0.9347826773068741,5
2024-07-15,3815281332.711267,248284269.38166356,0.9349237322938845,5
2024-07-16,3793843616.532379,248284269.38166356,0.9345560085029023,5
2024-07-17,3738048587.7599473,248284269.38166356,0.9335791754567723,5
2024-07-18,3759507197.134261,248284269.38166356,0.933958293903275,5
2024-07-19,3746269297.7040057,248284269.38166356,0.9337249274808325,5
2024-07-22,3627440351.5354643,248284269.38166356,0.9315538657233697,5
2024-07-23,3441602151.1348615,248284269.38166356,0.9278579398551943,5
2024-07-24,3431778267.2223487,248284269.38166356,0.9276514244078412,5
2024-07-25,3464122214.3424454,248284269.38166356,0.928326931320813,5
2024-07-26,3522525651.409524,248284269.38166356,0.9295152700215786,5
2024-07-29,3520378282.5160413,248284269.38166356,0.9294722755748246,5
2024-07-30,3468817504.459367,248284269.38166356,0.9284239458943921,5
2024-07-31,3453018099.430824,248284269.38166356,0.9280964471565933,5
2024-08-01,3302029111.1681366,248284269.38166356,0.9248085764774407,5
2024-08-02,3384514784.1670117,248284269.38166356,0.9266411036101381,5
2024-08-05,3225311682.94708,248284269.38166356,0.9230200694418477,5
2024-08-06,3336587340.6582212,248284269.38166356,0.925587360967244,5
2024-08-07,3336143437.8929405,248284269.38166356,0.9255774597214333,5
2024-08-08,3295706083.917478,248284269.38166356,0.9246643168232593,5
2024-08-09,3380568132.886555,248284269.38166356,0.9265554606143488,5
2024-08-12,3421915303.8035417,248284269.38166356,0.9274428945959914,5
2024-08-13,3431270334.561488,248284269.38166356,0.9276407146120728,5
2024-08-14,3398879174.9978285,248284269.38166356,0.9269511340067503,5
2024-08-15,3379222187.794022,248284269.38166356,0.9265262076348565,5
2024-08-16,3490308622.261173,248284269.38166356,0.9288646660647406,5
2024-08-19,3512163677.395529,248284269.38166356,0.9293073181698125,5
2024-08-20,3543609067.0312076,248284269.38166356,0.9299346331141225,5
2024-08-21,3572326404.552584,248284269.38166356,0.9304978769394505,5
2024-08-22,3570262406.666999,248284269.38166356,0.9304576971939024,5
2024-08-23,3568207681.973683,248284269.38166356,0.9304176517986951,5
2024-08-26,3522389309.7977967,248284269.38166356,0.9295125417593558,5
2024-08-27,3511029104.3368635,248284269.38166356,0.9292844741517581,5
2024-08-28,3521482697.654974,248284269.38166356,0.9294943946346802,5
2024-08-29,3541964066.8878465,248284269.38166356,0.9299020925416053,5
2024-08-30,3586041990.235007,248284269.38166356,0.9307637026956863,5
2024-09-04,3592717777.9770727,248284269.38166356,0.9308923537207359,5
2024-09-05,3580045565.5507927,248284269.38166356,0.9306477348303067,5
2024-09-06,3584446521.3936973,248284269.38166356,0.9307328850075502,5
2024-09-09,3601705331.598518,248284269.38166356,0.9310648022192671,5
2024-09-10,3596449668.8807645,248284269.38166356,0.9309640639406108,5
2024-09-11,3575750812.8980355,248284269.38166356,0.9305644374081993,5
2024-09-12,3565444616.665614,248284269.38166356,0.930363728489532,5
2024-09-13,3572846226.5072794,248284269.38166356,0.9305079889697969,5
2024-09-16,3549401724.215892,248284269.38166356,0.9300489804555689,5
2024-09-17,3604359977.484118,248284269.38166356,0.9311155736572769,5
2024-09-18,3606239662.82293,248284269.38166356,0.9311514783830787,5
2024-09-19,3633666800.738249,248284269.38166356,0.9316711512097863,5
2024-09-20,3652066306.975019,248284269.38166356,0.9320153993624185,5
2024-09-23,3639120554.676737,248284269.38166356,0.9317735519746423,5
2024-09-24,3655240371.128279,248284269.38166356,0.9320744344632458,5
2024-09-25,3673807853.594473,248284269.38166356,0.9324177313359651,5
2024-09-26,3650532223.6566463,248284269.38166356,0.9319868298182111,5
2024-09-27,3629252905.4244833,248284269.38166356,0.9315880497028565,5
2024-09-30,3622699670.288431,248284269.38166356,0.9314642968010938,5
2024-10-01,3652047871.28128,248284269.38166356,0.9320150561732489,5
2024-10-02,3621951088.320687,248284269.38166356,0.9314501318965132,5
2024-10-03,3573366385.5092773,248284269.38166356,0.9305181046118007,5
2024-10-04,3554690065.8024178,248284269.38166356,0.9301530471614782,5
2024-10-07,3561360908.5963483,248284269.38166356,0.9302838786200074,5
2024-10-08,3542344464.4433775,248284269.38166356,0.92990962006269,5
2024-10-09,3585225542.7789154,248284269.38166356,0.9307479358218513,5
2024-10-10,3586611069.3148623,248284269.38166356,0.9307746882549236,5
2024-10-11,3595163011.329715,248284269.38166356,0.9309393569640025,5
2024-10-14,3605790198.9946437,248284269.38166356,0.9311428963751441,5
2024-10-15,3570671404.9325867,248284269.38166356,0.9304656628334158,5
2024-10-16,3577755069.640637,248284269.38166356,0.930603335178391,5
2024-10-17,3571621126.6272273,248284269.38166356,0.9304841525517223,5
2024-10-18,3546661681.295835,248284269.38166356,0.9299949384258865,5
2024-10-21,3524175527.7050743,248284269.38166356,0.9295482681183747,5
2024-10-22,3458140111.5611467,248284269.38166356,0.9282029468523826,5
2024-10-23,3463704385.4676194,248284269.38166356,0.928318285352708,5
2024-10-24,3432872716.0611534,248284269.38166356,0.9276744901667829,5
2024-10-25,3400397135.1510234,248284269.38166356,0.9269837435118776,5
2024-10-28,3432051362.6090393,248284269.38166356,0.927657181332823,5
2024-10-29,3468796106.5522056,248284269.38166356,0.9284235043643297,5
2024-10-30,3439742451.3010755,248284269.38166356,0.9278189361858326,5
2024-10-31,3455127191.068394,248284269.38166356,0.9281403387917279,5
2024-11-01,3426693933.3510065,248284269.38166356,0.9275440776997369,5
2024-11-04,3403249365.7726965,248284269.38166356,0.9270449377354718,5
2024-11-05,3396443642.5632615,248284269.38166356,0.9268987518973564,5
2024-11-06,3465113833.2724357,248284269.38166356,0.9283474421539608,5
2024-11-07,3471477794.2752414,248284269.38166356,0.9284787966118909,5
2024-11-08,3453948108.5832124,248284269.38166356,0.9281158078881768,5
2024-11-11,3485891507.289253,248284269.38166356,0.9287745275885716,5
2024-11-12,3482082010.745717,248284269.38166356,0.9286966049003277,5
2024-11-13,3506067192.336224,248284269.38166356,0.9291843950040721,5
2024-11-14,3463157296.1213746,248284269.38166356,0.9283069614944334,5
2024-11-15,3380752784.5007043,248284269.38166356,0.9265594720442322,5
2024-11-18,3366918851.9224534,248284269.38166356,0.9262577209902467,5
2024-11-19,3311484518.516958,248284269.38166356,0.9250232734010011,5
2024-11-20,3331008519.6691084,248284269.38166356,0.925462733608881,5
2024-11-21,3361038712.4064984,248284269.38166356,0.9261287088229065,5
2024-11-22,3339372731.8500314,248284269.38166356,0.9256494290039576,5
2024-11-25,3341916812.099759,248284269.38166356,0.9257060294012334,5
2024-11-26,3348380730.2818327,248284269.38166356,0.9258494510088865,5
2024-11-27,3363990279.9693065,248284269.38166356,0.9261935235484898,5
2024-11-28,3364875462.204974,248284269.38166356,0.9262129394771227,5
2024-11-29,3443427910.8260684,248284269.38166356,0.9278961907112784,5
2024-12-02,3439554694.1562524,248284269.38166356,0.927814995992506,5
2024-12-03,3419326440.4432716,248284269.38166356,0.9273879596738718,5
2024-12-04,3394208272.0221543,248284269.38166356,0.9268506086004721,5
2024-12-05,3462785134.905825,248284269.38166356,0.9282992563185944,5
2024-12-06,3527008985.8623238,248284269.38166356,0.929604866226061,5
2024-12-09,3539253846.0015326,248284269.38166356,0.9298484143311274,5
2024-12-10,3538460200.1737804,248284269.38166356,0.9298326799409897,5
2024-12-11,3533607836.522515,248284269.38166356,0.9297363259115916,5
2024-12-12,3520020679.5111322,248284269.38166356,0.9294651105810704,5
2024-12-13,3478914779.8098946,248284269.38166356,0.9286316897376742,5
2024-12-16,3479167231.6577535,248284269.38166356,0.9286368682935194,5
2024-12-17,3510190755.643217,248284269.38166356,0.9292675849645764,5
2024-12-18,3535811020.6208873,248284269.38166356,0.9297801076093526,5
2024-12-19,3517282284.7937074,248284269.38166356,0.9294101953502358,5
2024-12-20,3518396756.747746,248284269.38166356,0.9294325550677329,5
2024-12-23,3542008871.7558656,248284269.38166356,0.929902979249574,5
2024-12-24,3561967217.37971,248284269.38166356,0.9302957455166281,5
2024-12-25,3563545607.9545393,248284269.38166356,0.9303266194131362,5
2024-12-26,3537695070.8090196,248284269.38166356,0.9298175042189589,5
2024-12-27,3526153546.475336,248284269.38166356,0.9295877884756769,5
2024-12-30,3507928003.9602494,248284269.38166356,0.9292219597718753,5
2024-12-31,3497491500.127021,248284269.38166356,0.9290107583184559,5
2025-01-02,3522576954.7347965,248284269.38166356,0.9295162965714809,5
2025-01-03,3470443692.4938016,248284269.38166356,0.9284574851571066,5
2025-01-06,3377119718.107372,248284269.38166356,0.926480465572358,5
2025-01-07,3342024670.556865,248284269.38166356,0.9257084271193327,5
2025-01-08,3350643136.1937113,248284269.38166356,0.9258995186029536,5
2025-01-09,3340326863.9528565,248284269.38166356,0.9256706665263739,5
2025-01-10,3297943401.612919,248284269.38166356,0.924715424388352,5
2025-01-13,3321981060.9800496,248284269.38166356,0.9252601791449061,5
2025-01-14,3289502431.7819424,248284269.38166356,0.9245222417278572,5
2025-01-15,3291794765.211027,248284269.38166356,0.9245748027776128,5
2025-01-16,3302082688.553956,248284269.38166356,0.9248097964832033,5
2025-01-17,3312123379.481321,248284269.38166356,0.9250377353332335,5
2025-01-20,3327730077.762208,248284269.38166356,0.9253893003399403,5
2025-01-21,3289892304.975311,248284269.38166356,0.9245311863229738,5
2025-01-22,3270173996.6544104,248284269.38166356,0.9240761287822381,5
2025-01-23,3308750926.6796403,248284269.38166356,0.9249613298542181,5
2025-01-24,3325201185.234847,248284269.38166356,0.9253325571745434,5
2025-02-03,3317326248.041578,248284269.38166356,0.9251553055632555,5
2025-02-04,3356430991.097044,248284269.38166356,0.9260272980316774,5
2025-02-05,3360408516.3116064,248284269.38166356,0.9261148553289048,5
2025-02-06,3364852027.0801487,248284269.38166356,0.9262124255736999,5
2025-02-07,3352844294.397381,248284269.38166356,0.9259481659209324,5
2025-02-10,3281117468.466802,248284269.38166356,0.9243293567609813,5
2025-02-11,3297925460.064492,248284269.38166356,0.924715014821224,5
2025-02-12,3294261409.133929,248284269.38166356,0.9246312788981313,5
2025-02-13,3297328738.5767465,248284269.38166356,0.9247013904082755,5
2025-02-14,3301393710.160725,248284269.38166356,0.9247941047995829,5
2025-02-17,3278976617.5154386,248284269.38166356,0.9242799512337496,5
2025-02-18,3290867926.8349285,248284269.38166356,0.9245535600632698,5
2025-02-19,3334497595.4886074,248284269.38166356,0.9255407262198724,5
2025-02-20,3361869762.2338357,248284269.38166356,0.926146969709889,5
2025-02-21,3346922528.523491,248284269.38166356,0.9258171447753244,5
2025-02-24,3365208345.4779363,248284269.38166356,0.9262202384243755,5
2025-02-25,3357028787.5897956,248284269.38166356,0.9260404705793657,5
2025-02-26,3369725245.504368,248284269.38166356,0.9263191354509079,5
2025-02-27,3400420486.8733993,248284269.38166356,0.9269842449367328,5
2025-02-28,3423592595.476607,248284269.38166356,0.9274784418830362,5
2025-03-03,3462220160.2286053,248284269.38166356,0.9282875559926064,5
2025-03-04,3445382302.9553404,248284269.38166356,0.9279370915765449,5
2025-03-05,3396824547.3285117,248284269.38166356,0.9269069491455098,5
2025-03-06,3468341216.310321,248284269.38166356,0.9284141167500837,5
2025-03-07,3460271234.1081386,248284269.38166356,0.928247165443475,5
2025-03-10,3438719183.6746655,248284269.38166356,0.9277974570996103,5
2025-03-11,3449106869.067789,248284269.38166356,0.9280149097123312,5
2025-03-12,3437841800.6250896,248284269.38166356,0.927779030048294,5
2025-03-13,3400510152.754952,248284269.38166356,0.9269861702425696,5
2025-03-14,3364819123.8638387,248284269.38166356,0.9262117040346116,5
2025-03-17,3383254968.766225,248284269.38166356,0.9266137871151326,5
2025-03-18,3370451878.973913,248284269.38166356,0.9263350202592864,5
2025-03-19,3361750811.248069,248284269.38166356,0.9261443565207361,5
2025-03-20,3330035019.701216,248284269.38166356,0.9254409434397057,5
2025-03-21,3308143559.745082,248284269.38166356,0.9249475529409021,5
2025-03-24,3320222897.420269,248284269.38166356,0.9252206020341062,5
2025-03-25,3319676139.2367735,248284269.38166356,0.9252082856977891,5
2025-03-26,3296937370.9402943,248284269.38166356,0.9246924519798045,5
2025-03-27,3306867753.655273,248284269.38166356,0.9249185973321066,5
2025-03-28,3265306853.033042,248284269.38166356,0.9239629595144971,5
2025-03-31,3214869582.4072485,248284269.38166356,0.922770033739362,5
2025-04-01,3198852826.216422,248284269.38166356,0.9223833408818211,5
2025-04-02,3188298265.610243,248284269.38166356,0.9221263982546057,5
2025-04-03,2984863661.535534,248284269.38166356,0.9168188910665568,5
2025-04-04,2805516519.589779,248284269.38166356,0.9115014053034458,5
2025-04-08,2627793182.9389424,248284269.38166356,0.9055160539293351,5
2025-04-09,2461973474.512502,248284269.38166356,0.8991523377680473,5
2025-04-10,2615432765.0060997,248284269.38166356,0.9050695270382589,5
2025-04-11,2776302209.0769167,248284269.38166356,0.910570157467038,5
2025-04-14,2908710050.7301536,248284269.38166356,0.9146411072085584,5
2025-04-15,2869404508.113558,248284269.38166356,0.9134718480159866,5
2025-04-16,2813838038.2716517,248284269.38166356,0.9117631270866721,5
2025-04-17,2816086319.461003,248284269.38166356,0.9118335728326732,5
2025-04-18,2843343192.236746,248284269.38166356,0.9126787543411712,5
2025-04-21,2816428272.2304,248284269.38166356,0.9118442774383028,5
2025-04-22,2811281813.397206,248284269.38166356,0.9116828956106565,5
2025-04-23,2893265220.8895173,248284269.38166356,0.9141854443246201,5
2025-04-24,2905429370.6518865,248284269.38166356,0.9145447237886369,5
2025-04-25,2889148817.1499224,248284269.38166356,0.9140631773940292,5
2025-04-28,2890629196.484417,248284269.38166356,0.9141071882607334,5
2025-04-29,2878521306.7563276,248284269.38166356,0.9137458983545119,5
2025-05-05,2938764266.195708,248284269.38166356,0.9155140573071303,5
2025-05-06,2932606161.1467285,248284269.38166356,0.9153366474260637,5
2025-05-07,2928136721.027644,248284269.38166356,0.915207419244233,5
2025-05-08,2952965859.9856596,248284269.38166356,0.915920372549492,5
2025-05-09,2941550474.1438985,248284269.38166356,0.9155940815688625,5
2025-05-12,2945055349.56429,248284269.38166356,0.9156945320506807,5
2025-05-13,2965911748.791226,248284269.38166356,0.9162873711657626,5
2025-05-14,3017556218.851062,248284269.38166356,0.9177200849380702,5
2025-05-15,3009610166.5087543,248284269.38166356,0.9175028473306622,5
2025-05-16,2957549632.983222,248284269.38166356,0.916050683777968,5
2025-05-19,2898169498.907508,248284269.38166356,0.9143306595852119,5
2025-05-20,2917162299.928528,248284269.38166356,0.9148884279123769,5
2025-05-21,2899310909.70504,248284269.38166356,0.9143643861889506,5
2025-05-22,2888099122.734936,248284269.38166356,0.9140319432158039,5
2025-05-23,2862061460.4754586,248284269.38166356,0.9132498470733686,5
2025-05-26,2920704481.8857408,248284269.38166356,0.9149916498154719,5
2025-05-27,2986497653.4837236,248284269.38166356,0.9168644016538764,5
2025-05-28,2955986628.9478884,248284269.38166356,0.9160062948356319,5
2025-05-29,2945638968.390327,248284269.38166356,0.9157112354752215,5
2025-05-30,2912169389.088728,248284269.38166356,0.9147425042265979,5
2025-06-02,2935860487.601744,248284269.38166356,0.9154304945925809,5
2025-06-03,2978709374.6536226,248284269.38166356,0.9166470312631507,5
2025-06-04,3028449320.075515,248284269.38166356,0.9180160395170581,5
2025-06-05,3020446628.679258,248284269.38166356,0.9177988225237305,5
2025-06-06,2978261742.9423037,248284269.38166356,0.9166345033407384,5
2025-06-09,2989170521.4869666,248284269.38166356,0.9169387401632227,5
2025-06-10,3078160445.598598,248284269.38166356,0.9193400494322248,5
2025-06-11,3143261232.37937,248284269.38166356,0.9210106157184655,5
2025-06-12,3183778735.9201956,248284269.38166356,0.9220158528667657,5
2025-06-13,3169789979.5786266,248284269.38166356,0.9216716971845974,5
2025-06-16,3249189540.8567286,248284269.38166356,0.9235857846211714,5
2025-06-17,3273497960.7989483,248284269.38166356,0.9241532231408308,5
2025-06-18,3259777989.615224,248284269.38166356,0.9238339941638264,5
2025-06-19,3319649226.1941223,248284269.38166356,0.9252076793467984,5
2025-06-20,3339873118.303942,248284269.38166356,0.9256605683548399,5
2025-06-23,3310828169.535382,248284269.38166356,0.9250084097790837,5
2025-06-24,3311793605.691838,248284269.38166356,0.9250302709217905,5
2025-06-25,3337756350.0606613,248284269.38166356,0.925613423107666,5
2025-06-26,3378565492.7488866,248284269.38166356,0.926511926462715,5
2025-06-27,3380841637.608907,248284269.38166356,0.9265614021610127,5
2025-06-30,3432253330.5594587,248284269.38166356,0.9276614382828225,5
2025-07-01,3425814944.7171955,248284269.38166356,0.9275254871064965,5
2025-07-02,3455428260.2027917,248284269.38166356,0.9281465998755557,5
2025-07-03,3445366624.597983,248284269.38166356,0.9279367636497511,5
2025-07-04,3444568005.71503,248284269.38166356,0.9279200558764626,5
2025-07-07,3461343988.3128777,248284269.38166356,0.9282694033820424,5
2025-07-08,3470885687.990374,248284269.38166356,0.928466595647113,5
2025-07-09,3462029623.6437235,248284269.38166356,0.9282836092198574,5
2025-07-10,3458941731.6427374,248284269.38166356,0.9282195860339784,5
2025-07-11,3464944857.943402,248284269.38166356,0.9283439478661627,5
2025-07-14,3501373261.5294414,248284269.38166356,0.9290894598100603,5
2025-07-15,3459208084.6500964,248284269.38166356,0.9282251130010358,5
2025-07-16,3461718437.804411,248284269.38166356,0.9282771623855298,5
2025-07-17,3500110380.589525,248284269.38166356,0.929063874454198,5
2025-07-18,3537746419.4006286,248284269.38166356,0.9298185228822227,5
2025-07-21,3494791640.335184,248284269.38166356,0.9289559164225738,5
2025-07-22,3525765196.347198,248284269.38166356,0.9295800328283648,5
2025-07-23,3615076811.809676,248284269.38166356,0.931319780379058,5
2025-07-24,3584483452.2104144,248284269.38166356,0.9307335986643888,5
2025-07-25,3596457695.548504,248284269.38166356,0.930964218016807,5
2025-07-28,3617105763.183772,248284269.38166356,0.9313583053310767,5
2025-07-29,3426369578.414122,248284269.38166356,0.9275372187093195,5
2025-07-30,3462259995.5249214,248284269.38166356,0.9282883810855977,5
2025-07-31,3428706783.6476545,248284269.38166356,0.927586613540186,5
2025-08-01,3441736063.6779723,248284269.38166356,0.927860746789416,5
2025-08-04,3501979402.459656,248284269.38166356,0.9291017333776213,5
2025-08-05,3471187159.121688,248284269.38166356,0.9284728082929166,5
2025-08-06,3589623431.3928366,248284269.38166356,0.9308327811741176,5
2025-08-07,3611083431.3928366,248284269.38166356,0.9312438291446794,5
2025-08-08,3648939800.1079206,248284269.38166356,0.9319571483820259,5
2025-08-11,3681963431.3928366,248284269.38166356,0.9325674265896386,5
2025-08-12,3755826923.0129485,248284269.38166356,0.9338935807024652,5
2025-08-13,3718584492.8453507,248284269.38166356,0.9332315105763043,5
2025-08-14,3711411308.487809,248284269.38166356,0.9331024646031956,5
2025-08-15,3635534101.7838984,248284269.38166356,0.9317062466117882,5
2025-08-18,3623998040.3313847,248284269.38166356,0.9314888510924912,5
2025-08-19,3613081671.6163006,248284269.38166356,0.9312818552284222,5
2025-08-20,3502544688.3760767,248284269.38166356,0.9291131758559295,5
2025-08-21,3410377481.672167,248284269.38166356,0.9271974229492258,5
2025-08-22,3431568626.923563,248284269.38166356,0.9276470045116794,5
2025-08-25,3343934073.8509374,248284269.38166356,0.9257508479837537,5
2025-08-26,3465019688.3760767,248284269.38166356,0.9283454953475243,5
2025-08-27,3439813096.197306,248284269.38166356,0.927820418598865,5
2025-08-28,3468478403.459876,248284269.38166356,0.9284169481539817,5
2025-08-29,3456950442.566021,248284269.38166356,0.9281782387376757,5
2025-09-03,3499802258.208479,248284269.38166356,0.9290576292419567,5
2025-09-04,3533671280.554848,248284269.38166356,0.9297375874355017,5
2025-09-05,3472033850.3872504,248284269.38166356,0.9284902509363577,5
2025-09-08,3376814828.040881,248284269.38166356,0.9264738275489894,5
2025-09-09,3407881643.6833396,248284269.38166356,0.9271441043611741,5
2025-09-10,3445378235.8621106,248284269.38166356,0.9279370065099579,5
2025-09-11,3489364073.8509374,248284269.38166356,0.9288454101874064,5
2025-09-12,3525211727.4822226,248284269.38166356,0.9295689766812977,5
2025-09-15,3561507342.0073624,248284269.38166356,0.9302867450382052,5
2025-09-16,3551999995.638647,248284269.38166356,0.9301001492999659,5
2025-09-17,3517703934.186133,248284269.38166356,0.9294186565933646,5
2025-09-18,3464503626.923563,248284269.38166356,0.9283348219201789,5
2025-09-19,3439782481.672167,248284269.38166356,0.927819776190916,5
2025-09-22,3385668766.5883675,248284269.38166356,0.9266661074964366,5
2025-09-23,3381028766.5883675,248284269.38166356,0.9265654667492832,5
2025-09-24,3437804073.8509374,248284269.38166356,0.92777823748881,5
2025-09-25,3417651420.2196527,248284269.38166356,0.9273523718911899,5
2025-09-26,3380675582.2308254,248284269.38166356,0.9265577949310869,5
2025-09-29,3355098152.0632277,248284269.38166356,0.9259979117961183,5
2025-09-30,3315796476.085574,248284269.38166356,0.9251207753032018,5
2025-10-01,3334203598.990602,248284269.38166356,0.9255341607042745,5
2025-10-02,3290966476.085574,248284269.38166356,0.9245558193357886,5
2025-10-03,3245679883.906803,248284269.38166356,0.9235031554982541,5
2025-10-06,3337021783.348144,248284269.38166356,0.9255970486555973,5
2025-10-07,3306412844.800658,248284269.38166356,0.9249082673471672,5
2025-10-08,3334900274.968256,248284269.38166356,0.9255497169599691,5
2025-10-09,3324660498.431943,248284269.38166356,0.9253204140697178,5
2025-10-10,3338949744.2419987,248284269.38166356,0.9256400100630959,5
2025-10-13,3337703235.8621106,248284269.38166356,0.9256122393644942,5
2025-10-14,3330964828.040881,248284269.38166356,0.9254617559178214,5
2025-10-15,3359828459.3257976,248284269.38166356,0.9261020994412655,5
2025-10-16,3363348459.3257976,248284269.38166356,0.9261794392153366,5
2025-10-17,3320148906.253172,248284269.38166356,0.9252189355380885,5
2025-10-20,3110401001.225239,248284269.38166356,0.9201761222157979,5
2025-10-21,3148937677.2028923,248284269.38166356,0.921153006241074,5
2025-10-22,3214362230.2755184,248284269.38166356,0.9227578438288264,5
2025-10-23,3225732230.2755184,248284269.38166356,0.9230301055210474,5
2025-10-24,3257669660.443116,248284269.38166356,0.9237847003345664,5
2025-10-27,3227972314.074401,248284269.38166356,0.9230835195521628,5
2025-10-28,3285518152.0632277,248284269.38166356,0.9244307114158701,5
2025-10-29,3309815274.968256,248284269.38166356,0.924985460288552,5
2025-10-30,3331131029.1582,248284269.38166356,0.9254654748767397,5
2025-10-31,3339428766.5883675,248284269.38166356,0.9256506765870273,5
2025-11-03,3300676112.9570827,248284269.38166356,0.9247777543494794,5
2025-11-04,3334486336.4207697,248284269.38166356,0.925540474804233,5
2025-11-05,3303338459.3257976,248284269.38166356,0.9248383801905852,5
2025-11-06,3267458459.3257976,248284269.38166356,0.9240130295542015,5
2025-11-07,3204288375.526915,248284269.38166356,0.9225150048048232,5
2025-11-10,3182764883.906803,248284269.38166356,0.9219910114513713,5
2025-11-11,3216816476.085574,248284269.38166356,0.9228167751478967,5
2025-11-12,3279595498.431943,248284269.38166356,0.9242942400974833,5
2025-11-13,3352589995.638647,248284269.38166356,0.9259425489831282,5
2025-11-14,3363091811.281105,248284269.38166356,0.9261738057376779,5
2025-11-17,3438114688.3760767,248284269.38166356,0.9277847623230582,5
2025-11-18,3491003626.923563,248284269.38166356,0.9288788280061275,5
2025-11-19,3433356950.9459095,248284269.38166356,0.9276846908349394,5
2025-11-20,3457565135.3034515,248284269.38166356,0.9281910073518043,5
2025-11-21,3466933012.398423,248284269.38166356,0.9283850398915264,5
2025-11-24,3434838766.5883675,248284269.38166356,0.9277158882108839,5
2025-11-25,3387888152.0632277,248284269.38166356,0.9267141480953384,5
2025-11-26,3428217705.135854,248284269.38166356,0.9275762828569184,5
2025-11-27,3426583459.3257976,248284269.38166356,0.9275417417001962,5
2025-11-28,3402309744.2419987,248284269.38166356,0.9270247896148037,5
2025-12-01,3410863459.3257976,248284269.38166356,0.9272077958140428,5
2025-12-02,3416833012.398423,248284269.38166356,0.9273349711616776,5
2025-12-03,3465574073.8509374,248284269.38166356,0.9283569578688096,5
2025-12-04,3450854073.8509374,248284269.38166356,0.9280513565429922,5
2025-12-05,3417138459.3257976,248284269.38166356,0.9273414664530011,5
2025-12-08,3367378152.0632277,248284269.38166356,0.9262677792128761,5
2025-12-09,3347557928.5995407,248284269.38166356,0.9258312254254152,5
2025-12-10,3333033459.3257976,248284269.38166356,0.9255080177227244,5
2025-12-11,3325546336.4207697,248284269.38166356,0.9253403067452407,5
2025-12-12,3203632537.538088,248284269.38166356,0.9224991423103526,5
2025-12-15,3202467844.800658,248284269.38166356,0.9224709563330157,5
2025-12-16,3194038347.593954,248284269.38166356,0.9222663467491885,5
2025-12-17,3122091504.018535,248284269.38166356,0.9204750184092652,5
2025-12-18,3066466783.348144,248284269.38166356,0.9190324608341027,5
2025-12-19,2995996839.2140656,248284269.38166356,0.9171279935506222,5
2025-12-22,3076565191.169373,248284269.38166356,0.9192982257959912,5
2025-12-23,3015559269.3816633,248284269.38166356,0.9176655979198931,5
2025-12-24,2979184269.3816633,248284269.38166356,0.9166603180832466,5
2025-12-25,2942869269.3816633,248284269.38166356,0.9156319066005161,5
2025-12-26,2875559269.3816633,248284269.38166356,0.9136570502909327,5
2025-12-29,2895484269.3816633,248284269.38166356,0.9142512110989003,5
2025-12-30,2937544269.3816633,248284269.38166356,0.9154789692977373,5
2025-12-31,2955764269.3816633,248284269.38166356,0.9159999760625012,5
