date,ticker,shares,mark_price,mark_value
2020-02-11,DGW,23700,5313.307028331941,125925376.57146701
2020-02-12,DGW,23700,5372.784345813269,127334988.99577448
2020-02-13,DGW,23700,5422.348777047709,128509666.0160307
2020-02-14,DGW,23700,5541.303412010364,131328890.86464563
2020-02-17,DGW,23700,5610.69361573858,132973438.69300434
2020-02-18,DGW,23700,5630.519388232356,133443309.50110683
2020-02-19,DGW,23700,5571.042070751028,132033697.07679938
2020-02-20,DGW,23700,5412.435890800821,128274730.61197945
2020-02-21,DGW,23700,5491.738980775925,130154213.84438941
2020-02-24,DGW,23700,5144.787962134847,121931474.70259586
2020-02-25,DGW,23700,5412.435890800821,128274730.61197945
2020-02-26,DGW,23700,5273.65548334439,124985634.95526204
2020-02-27,DGW,23700,5273.65548334439,124985634.95526204
2020-02-28,DGW,23700,4996.094668431527,118407443.64182718
2020-03-02,DGW,23700,4976.268895937751,117937572.83372469
2020-03-03,DGW,23700,5323.219914578829,126160311.97551824
2020-03-04,DGW,23700,5333.132800825717,126395247.37956949
2020-03-05,DGW,23700,5214.178165863062,123576022.53095455
2020-03-06,DGW,23700,5422.348777047709,128509666.0160307
2020-03-09,DGW,23700,5045.659099665967,119582120.66208342
2020-03-10,DGW,23700,5015.9204409253025,118877314.44992967
2020-03-11,DGW,23700,4668.9694222842245,110654575.30813612
2020-03-12,DGW,23700,4351.75706238381,103136642.3784963
2020-03-13,DGW,23700,4351.75706238381,103136642.3784963
2020-03-16,DGW,23700,4054.370474977172,96088580.25695898
2020-03-17,DGW,23700,4103.934906211612,97263257.2772152
2020-03-18,DGW,23700,4084.1091337178354,96793386.4691127
2020-03-19,DGW,23700,3846.199863792525,91154936.77188283
2020-03-20,DGW,23700,3866.0256362863006,91624807.57998532
2020-03-23,DGW,23700,3598.377707620326,85281551.67060173
2020-03-24,DGW,23700,3489.3359589045585,82697262.22603804
2020-03-25,DGW,23700,3727.245228829869,88335711.9232679
2020-03-26,DGW,23700,3647.9421388547657,86456228.69085795
2020-03-27,DGW,23700,3647.9421388547657,86456228.69085795
2020-03-30,DGW,23700,3469.510186410783,82227391.41793555
2020-03-31,DGW,23700,3509.1617313983343,83167133.03414053
2020-04-01,DGW,23700,3677.6807975954293,87161034.90301168
2020-04-03,DGW,23700,3786.722546311197,89745324.34757538
2020-04-06,DGW,23700,4044.4575887302835,95853644.85290772
2020-04-07,DGW,23700,4322.0184036431465,102431836.16634257
2020-04-08,DGW,23700,4510.363242334018,106895608.84331623
2020-04-09,DGW,23700,4440.973038605802,105251061.0149575
2020-04-10,DGW,23700,4331.931289890034,102666771.57039382
2020-04-13,DGW,23700,4361.669948630698,103371577.78254755
2020-04-14,DGW,23700,4619.404991049785,109479898.28787991
2020-04-15,DGW,23700,4639.230763543561,109949769.09598239
2020-04-15,DBC,17000,7422.8987791057925,126189279.24479847
2020-04-16,DGW,23700,4540.101901074681,107600415.05546995
2020-04-16,DBC,17000,7937.957061737623,134945270.0495396
2020-04-17,DGW,23700,4698.708081024888,111359381.52028985
2020-04-17,DBC,17000,8483.31289040662,144216319.13691252
2020-04-20,DGW,23700,4688.795194778,111124446.11623861
2020-04-20,DBC,17000,7892.510742681873,134172682.62559184
2020-04-21,DGW,23700,4431.060152358914,105016125.61090626
2020-04-21,DBC,17000,7347.154914012876,124901633.5382189
2020-04-22,DGW,23700,4649.143649790449,110184704.50003363
2020-04-22,DBC,17000,7847.064423626123,133400095.2016441
2020-04-23,DGW,23700,4797.836943493768,113708735.5608023
2020-04-23,DBC,17000,7574.386509291625,128764570.65795763
2020-04-24,DGW,23700,4718.533853518665,111829252.32839236
2020-04-24,DBC,17000,7513.791417217292,127734454.09269397
2020-04-27,DGW,23700,4639.230763543561,109949769.09598239
2020-04-27,DBC,17000,8028.849699849123,136490444.8974351
2020-04-28,DGW,23700,4599.5792185560085,109010027.4797774
2020-04-28,DBC,17000,8589.354301536703,146019023.12612396
2020-04-29,DGW,23700,4916.791578456423,116527960.40941723
2020-04-29,DBC,17000,8392.42025229512,142671144.28901705
2020-05-04,DGW,23700,5015.9204409253025,118877314.44992967
2020-05-04,DBC,17000,8028.849699849123,136490444.8974351
2020-05-05,DGW,23700,5045.659099665967,119582120.66208342
2020-05-05,DBC,17000,8256.081295127871,140353382.0171738
2020-05-06,DGW,23700,5333.132800825717,126395247.37956949
2020-05-06,DBC,17000,8362.122706257955,142156086.00638524
2020-05-07,DGW,23700,5273.65548334439,124985634.95526204
2020-05-07,DBC,17000,8422.717798332287,143186202.5716489
2020-05-08,DGW,23700,5174.52662087551,122636280.91474959
2020-05-08,DBC,17000,8513.610436443787,144731377.41954437
2020-05-11,DGW,23700,5422.348777047709,128509666.0160307
2020-05-11,DBC,17000,9104.412584168533,154775013.93086505
2020-05-12,DGW,23700,5333.132800825717,126395247.37956949
2020-05-12,DBC,17000,9513.42945567028,161728300.74639478
2020-05-13,DGW,23700,5462.000322035261,129449407.63223569
2020-05-13,DBC,17000,9725.512277930447,165333708.7248176
2020-05-14,DGW,23700,5293.481255838165,125455505.76336452
2020-05-14,DBC,17000,9619.470866800364,163531004.7356062
2020-05-15,DGW,23700,5293.481255838165,125455505.76336452
2020-05-15,DBC,17000,9104.412584168533,154775013.93086505
2020-05-18,DGW,23700,5501.651867022812,130389149.24844065
2020-05-18,DBC,17000,9740.66105094903,165591237.8661335
2020-05-19,DGW,23700,5501.651867022812,130389149.24844065
2020-05-19,DBC,17000,9937.595100190612,168939116.70324042
2020-05-19,VPI,5600,22965.752865204435,128608216.04514484
2020-05-20,DGW,23700,5432.2616632945965,128744601.42008194
2020-05-20,DBC,17000,9786.10737000478,166363825.29008126
2020-05-20,VPI,5600,22911.71579963925,128305608.4779798
2020-05-21,DGW,23700,5352.958573319494,126865118.187672
2020-05-21,DBC,17000,10422.355836785277,177180049.2253497
2020-05-21,VPI,5600,22938.734332421842,128456912.26156232
2020-05-22,DGW,23700,5333.132800825717,126395247.37956949
2020-05-22,DBC,17000,10543.546020933942,179240282.355877
2020-05-22,VPI,5600,22884.697266856652,128154304.69439726
2020-05-25,DGW,23700,5372.784345813269,127334988.99577448
2020-05-25,DBC,17000,11270.687125825938,191601681.13904095
2020-05-25,VPI,5600,22803.641668508873,127700393.34364969
2020-05-26,DGW,23700,5432.2616632945965,128744601.42008194
2020-05-26,DBC,17000,11482.769948086103,195207089.11746374
2020-05-26,VPI,5600,22695.567537378498,127095178.20931959
2020-05-27,DGW,23700,5293.481255838165,125455505.76336452
2020-05-27,DBC,17000,11058.604303565773,187996273.16061816
2020-05-27,VPI,5600,22533.45634068294,126187355.50782447
2020-05-28,DGW,23700,5313.307028331941,125925376.57146701
2020-05-28,DBC,17000,11831.191727513518,201130259.3677298
2020-05-28,VPI,5600,22749.604602943687,127397785.77648465
2020-05-29,DGW,23700,5352.958573319494,126865118.187672
2020-05-29,DBC,17000,12512.886513349766,212719070.72694603
2020-06-01,DGW,23700,5352.958573319494,126865118.187672
2020-06-01,DBC,17000,13376.36657540901,227398231.7819532
2020-06-02,DGW,23700,5184.439507122398,122871216.31880084
2020-06-02,DBC,17000,13603.59817068776,231261168.9016919
2020-06-03,DGW,23700,5541.303412010364,131328890.86464563
2020-06-03,DBC,17000,14542.82209783992,247227975.66327864
2020-06-04,DGW,23700,5927.905975638994,140491371.62264416
2020-06-04,DBC,17000,15542.641117066414,264224898.99012905
2020-06-05,DGW,23700,6126.163700576753,145190079.70366904
2020-06-05,DBC,17000,16360.67486006991,278131472.62118846
2020-06-08,DGW,23700,6245.118335539409,148009304.55228397
2020-06-08,DBC,17000,17148.41105703624,291522987.96961606
2020-06-09,DGW,23700,6126.163700576753,145190079.70366904
2020-06-09,DBC,17000,16724.24541251591,284312172.0127705
2020-06-10,DGW,23700,6264.944108033184,148479175.36038646
2020-06-10,DBC,17000,15572.938663103581,264739957.27276087
2020-06-11,DGW,23700,5828.777113170115,138142017.5821317
2020-06-11,DBC,17000,14497.375778784171,246455388.23933092
2020-06-12,DGW,23700,5789.125568182563,137202275.96592674
2020-06-12,DBC,17000,13497.556759557676,229458464.9124805
2020-06-15,DGW,23700,5392.610118307045,127804859.80387697
2020-06-15,DBC,17000,12876.457065795763,218899770.11852798
2020-06-16,DGW,23700,5610.69361573858,132973438.69300434
2020-06-16,DBC,17000,13770.234673892175,234093989.45616698
2020-06-17,DGW,23700,5997.29617936721,142135919.4510029
2020-06-17,DBC,17000,13936.871177096591,236926810.01064205
2020-06-18,DGW,23700,6413.637401736504,152003206.42115515
2020-06-18,DBC,17000,14088.358907282423,239502101.42380118
2020-06-19,DGW,23700,6859.717282846462,162575299.60346115
2020-06-19,DBC,17000,15073.029153490334,256241495.60933566
2020-06-22,DGW,23700,7335.535822697083,173852198.99792087
2020-06-22,DBC,17000,16118.294491772578,274011006.3601338
2020-06-23,DGW,23700,7176.929642746876,170093232.53310096
2020-06-23,DBC,17000,14997.285288397417,254953849.9027561
2020-06-24,DGW,23700,7672.573955091273,181840002.73566318
2020-06-24,DBC,17000,14391.334367654088,244652684.2501195
2020-06-25,DGW,23700,7771.702817560153,184189356.77617562
2020-06-25,DBC,17000,14845.797558211585,252378558.48959693
2020-06-26,DGW,23700,7573.445092622394,179490648.69515076
2020-06-26,DBC,17000,14830.648785193001,252121029.34828103
2020-06-29,DGW,23700,7097.626552771772,168213749.300691
2020-06-29,DBC,17000,14239.846637468256,242077392.83696035
2020-06-30,DGW,23700,7593.27086511617,179960519.50325322
2020-06-30,DBC,17000,13452.110440501927,228685877.48853275
2020-07-01,DGW,23700,8118.653836201232,192412095.9179692
2020-07-01,DBC,17000,13845.978538985091,235381635.16274655
2020-07-02,DGW,23700,8644.036807286293,204863672.33268514
2020-07-02,DBC,17000,14512.524551802753,246712917.3806468
2020-07-02,DGC,13000,11029.301549296746,143380920.1408577
2020-07-03,DGW,23700,8306.998674892102,196875868.5949428
2020-07-03,DBC,17000,13876.276085022257,235896693.44537836
2020-07-03,DGC,13000,11392.291220539422,148099785.8670125
2020-07-06,DGW,23700,8188.044039929447,194056643.74632788
2020-07-06,DBC,17000,13936.871177096591,236926810.01064205
2020-07-06,DGC,13000,11392.291220539422,148099785.8670125
2020-07-07,DGW,23700,8306.998674892102,196875868.5949428
2020-07-07,DBC,17000,13452.110440501927,228685877.48853275
2020-07-07,DGC,13000,11252.67980852301,146284837.5107991
2020-07-08,DGW,23700,8069.089404966791,191237418.89771295
2020-07-08,DBC,17000,13482.407986539092,229200935.77116457
2020-07-08,DGC,13000,11252.67980852301,146284837.5107991
2020-07-09,DGW,23700,8624.211034792517,204393801.52458265
2020-07-09,DBC,17000,13997.466269170924,237956926.5759057
2020-07-09,DGC,13000,11196.835243716443,145558858.16831377
2020-07-10,DGW,23700,8990.98782592737,213086411.47447866
2020-07-10,DBC,17000,14058.061361245256,238987043.14116937
2020-07-10,DGC,13000,11140.990678909877,144832878.8258284
2020-07-13,DGW,23700,8525.082172323637,202044447.48407018
2020-07-13,DBC,17000,13936.871177096591,236926810.01064205
2020-07-13,DGC,13000,11224.757526119725,145921847.83955643
2020-07-14,DGW,23700,8584.559489804966,203454059.90837768
2020-07-14,DBC,17000,13815.680992947924,234866576.8801147
2020-07-14,DGC,13000,11140.990678909877,144832878.8258284
2020-07-15,DGW,23700,8495.343513582973,201339641.27191648
2020-07-15,DBC,17000,13800.53221992934,234609047.7387988
2020-07-15,DGC,13000,11113.068396506595,144469889.15458572
2020-07-16,DGW,23700,8485.430627336085,201104705.86786523
2020-07-16,DBC,17000,14754.904920100085,250833383.64170146
2020-07-16,DGC,13000,11280.602090926292,146647827.1820418
2020-07-17,DGW,23700,8425.953309854758,199695093.44355777
2020-07-17,DBC,17000,15148.77301858325,257529141.31591526
2020-07-17,DGC,13000,11280.602090926292,146647827.1820418
2020-07-20,DGW,23700,8294.455839232778,196578603.38981685
2020-07-20,DBC,17000,15148.77301858325,257529141.31591526
2020-07-20,DGC,13000,11113.068396506595,144469889.15458572
2020-07-21,DGW,23700,8871.021671959934,210243213.62545043
2020-07-21,DBC,17000,15088.177926508917,256499024.7506516
2020-07-21,DGC,13000,11113.068396506595,144469889.15458572
2020-07-22,DGW,23700,8759.75458143364,207606183.57997727
2020-07-22,DBC,17000,15603.236209140749,265255015.5553927
2020-07-22,DGC,13000,11113.068396506595,144469889.15458572
2020-07-23,DGW,23700,8577.681160572432,203291043.50556666
2020-07-23,DBC,17000,15936.509215549579,270920656.6643428
2020-07-23,DGC,13000,11113.068396506595,144469889.15458572
2020-07-24,DGW,23700,7980.884947749587,189146973.2616652
2020-07-24,DBC,17000,14936.690196323085,253923733.33749244
2020-07-24,DGC,13000,11113.068396506595,144469889.15458572
2020-07-27,DGW,23700,7667.314056266397,181715343.1335136
2020-07-27,DBC,17000,13891.42485804084,236154222.58669427
2020-07-27,DGC,13000,11113.068396506595,144469889.15458572
2020-07-28,DGW,23700,8203.419128802174,194421033.3526115
2020-07-28,DBC,17000,14754.904920100085,250833383.64170146
2020-07-28,DGC,13000,10498.778183634371,136484116.38724682
2020-07-29,DGW,23700,8071.921658180191,191304543.29887053
2020-07-29,DBC,17000,13876.276085022257,235896693.44537836
2020-07-29,DGC,13000,9772.798841149015,127046384.9349372
2020-07-30,DGW,23700,8071.921658180191,191304543.29887053
2020-07-30,DBC,17000,13906.573631059424,236411751.7280102
2020-07-30,DGC,13000,9661.109711535883,125594426.24996647
2020-07-31,DGW,23700,7839.272287079759,185790753.20379028
2020-07-31,DBC,17000,13694.490808799259,232806343.74958742
2020-07-31,DGC,13000,9716.954276342449,126320405.59245184
2020-08-03,DGW,23700,8183.188748706484,193941573.34434366
2020-08-03,DBC,17000,14451.92945972842,245682800.81538314
2020-08-03,DGC,13000,10331.244489214672,134306178.35979074
2020-08-04,DGW,23700,8294.455839232778,196578603.38981685
2020-08-04,DBC,17000,14270.144183505421,242592451.11959216
2020-08-04,DGC,13000,10470.855901231087,136121126.71600413
2020-08-05,DGW,23700,8668.717871003037,205448613.54277197
2020-08-05,DBC,17000,14482.227005765588,246197859.09801498
2020-08-05,DGC,13000,10554.622748440936,137210095.72973216
2020-08-06,DGW,23700,8668.717871003037,205448613.54277197
2020-08-06,DBC,17000,14391.334367654088,244652684.2501195
2020-08-06,DGC,13000,10498.778183634371,136484116.38724682
2020-08-07,DGW,23700,8618.141920763812,204249963.52210236
2020-08-07,DBC,17000,14845.797558211585,252378558.48959693
2020-08-07,DGC,13000,10684.926732989596,138904047.52886474
2020-08-10,DGW,23700,8618.141920763812,204249963.52210236
2020-08-10,DBC,17000,14876.095104248752,252893616.77222878
2020-08-10,DGC,13000,10684.926732989596,138904047.52886474
2020-08-11,DGW,23700,8648.487490907348,204969153.53450415
2020-08-11,DBC,17000,14815.50001217442,251863500.20696515
2020-08-11,DGC,13000,10668.638734921013,138692303.55397317
2020-08-12,DGW,23700,8537.220400381055,202332123.489031
2020-08-12,DBC,17000,14451.92945972842,245682800.81538314
2020-08-12,DGC,13000,10456.89476002945,135939631.88038287
2020-08-13,DGW,23700,8597.911540668123,203770503.5138345
2020-08-13,DBC,17000,14451.92945972842,245682800.81538314
2020-08-13,DGC,13000,10489.470756166615,136363119.83016598
2020-08-14,DGW,23700,8597.911540668123,203770503.5138345
2020-08-14,DBC,17000,14436.780686709837,245425271.67406723
2020-08-14,DGC,13000,10619.774740715267,138057071.62929848
2020-08-17,DGW,23700,8476.529260093985,200893743.46422744
2020-08-17,DBC,17000,14209.549091431089,241562334.5543285
2020-08-17,DGC,13000,10522.046752303779,136786607.77994913
2020-08-18,DGW,23700,8628.257110811657,204489693.52623627
2020-08-18,DBC,17000,14148.953999356756,240532217.98906484
2020-08-18,DGC,13000,10473.182758098033,136151375.85527444
2020-08-19,DGW,23700,9225.053323634504,218633763.77013773
2020-08-19,DBC,17000,14270.144183505421,242592451.11959216
2020-08-19,DGC,13000,10896.670707881158,141656719.20245504
2020-08-20,DGW,23700,9336.320414160797,221270793.8156109
2020-08-20,DBC,17000,14088.358907282423,239502101.42380118
2020-08-20,DGC,13000,10929.24670401832,142080207.15223816
2020-08-21,DGW,23700,9285.744463921574,220072143.7949413
2020-08-21,DBC,17000,14588.26841689567,248000563.0872264
2020-08-21,DGC,13000,11010.68669436123,143138927.026696
2020-08-24,DGW,23700,9933.116626983643,235414864.05951235
2020-08-24,DBC,17000,14709.458601044336,250060796.2177537
2020-08-24,DGC,13000,11776.222603584569,153090893.8465994
2020-08-25,DGW,23700,9912.886246887954,234935404.05124453
2020-08-25,DBC,17000,14451.92945972842,245682800.81538314
2020-08-25,DGC,13000,12590.622507013653,163678092.5911775
2020-08-26,DGW,23700,9943.231817031488,235654594.0636463
2020-08-26,DBC,17000,14133.805226338172,240274688.84774894
2020-08-26,DGC,13000,12867.518474179542,167277740.16433406
2020-08-27,DGW,23700,9902.771056840109,234695674.0471106
2020-08-27,DBC,17000,14239.846637468256,242077392.83696035
2020-08-27,DGC,13000,12737.21448963089,165583788.36520156
2020-08-28,DGW,23700,9670.121685739678,229181883.95203036
2020-08-28,DBC,17000,14088.358907282423,239502101.42380118
2020-08-28,DGC,13000,12867.518474179542,167277740.16433406
2020-08-31,DGW,23700,9265.514083825883,219592683.78667343
2020-08-31,DBC,17000,13724.788354836424,233321402.0322192
2020-08-31,DGC,13000,12688.350495425144,164948556.44052687
2020-09-01,DGW,23700,9912.886246887954,234935404.05124453
2020-09-01,DBC,17000,13906.573631059424,236411751.7280102
2020-09-01,DGC,13000,12606.910505082235,163889836.56606904
2020-09-03,DGW,23700,9902.771056840109,234695674.0471106
2020-09-03,DBC,17000,14664.012281988586,249288208.79380596
2020-09-03,DGC,13000,12948.958464522451,168336460.03879187
2020-09-04,DGW,23700,9842.079916553039,233257294.022307
2020-09-04,DBC,17000,14588.26841689567,248000563.0872264
2020-09-04,DGC,13000,12851.23047611096,167065996.1894425
2020-09-07,DGW,23700,9639.776115596143,228462693.9396286
2020-09-07,DBC,17000,14254.99541048684,242334921.97827628
2020-09-07,DGC,13000,13030.398454865359,169395179.91324967
2020-09-08,DGW,23700,9902.771056840109,234695674.0471106
2020-09-08,DBC,17000,14391.334367654088,244652684.2501195
2020-09-08,DGC,13000,13160.702439414013,171089131.71238217
2020-09-09,DGW,23700,10479.336889567265,248360284.28274417
2020-09-09,DBC,17000,14542.82209783992,247227975.66327864
2020-09-09,DGC,13000,13421.310408511321,174477035.31064716
2020-09-10,DGW,23700,10398.415369184506,246442444.2496728
2020-09-10,DBC,17000,14497.375778784171,246455388.23933092
2020-09-10,DGC,13000,13193.278435551176,171512619.66216528
2020-09-11,DGW,23700,10641.179930332783,252195964.34888694
2020-09-11,DBC,17000,15118.475472546084,257014083.03328344
2020-09-11,DGC,13000,13291.006423962666,172783083.51151466
2020-09-14,DGW,23700,10722.101450715541,254113804.38195834
2020-09-14,DBC,17000,15042.731607453168,255726437.32670385
2020-09-14,DGC,13000,13437.598406579902,174688779.28553873
2020-09-15,DGW,23700,10944.635631768127,259387864.47290462
2020-09-15,DBC,17000,14800.351239155836,251605971.0656492
2020-09-15,DGC,13000,13242.142429756921,172147851.58683997
2020-09-16,DGW,23700,10600.719170141403,251237044.33235127
2020-09-16,DBC,17000,14787.95678850423,251395265.40457192
2020-09-16,DGC,13000,13225.85443168834,171936107.61194843
2020-09-17,DGW,23700,10701.871070619853,253634344.37369052
2020-09-17,DBC,17000,14537.313453105855,247134328.70279953
2020-09-17,DGC,13000,13128.12644327685,170665643.76259905
2020-09-18,DGW,23700,10722.101450715541,254113804.38195834
2020-09-18,DBC,17000,14693.96553772984,249797414.14140728
2020-09-18,DGC,13000,13242.142429756921,172147851.58683997
2020-09-21,DGW,23700,10924.405251672439,258908404.4646368
2020-09-21,DBC,17000,14521.648244643457,246868020.15893877
2020-09-21,DGC,13000,13128.12644327685,170665643.76259905
2020-09-22,DGW,23700,10985.096391959507,260346784.48944032
2020-09-22,DBC,17000,14458.987410793861,245802785.98349565
2020-09-22,DGC,13000,13144.41444134543,170877387.7374906
2020-09-23,DGW,23700,10823.253351193991,256511104.42329758
2020-09-23,DBC,17000,14521.648244643457,246868020.15893877
2020-09-23,DGC,13000,13079.262449071104,170030411.83792436
2020-09-24,DGW,23700,10701.871070619853,253634344.37369052
2020-09-24,DBC,17000,14693.96553772984,249797414.14140728
2020-09-24,DGC,13000,13225.85443168834,171936107.61194843
2020-09-25,DGW,23700,10762.56221090692,255072724.39849404
2020-09-25,DBC,17000,14646.969912342644,248998488.50982493
2020-09-25,DGC,13000,13942.526346705934,181252842.50717714
2020-09-28,DGW,23700,11268.321713299163,267059224.60519016
2020-09-28,DBC,17000,14693.96553772984,249797414.14140728
2020-09-28,DGC,13000,14007.678338980262,182099818.4067434
2020-09-29,DGW,23700,10944.635631768127,259387864.47290462
2020-09-29,DBC,17000,14725.295954654637,250330031.22912884
2020-09-29,DGC,13000,13779.646366020117,179135402.75826153
2020-09-30,DGW,23700,11025.557152150886,261305704.50597602
2020-09-30,DBC,17000,14866.282830816224,252726808.12387583
2020-09-30,DGC,13000,13877.374354431608,180405866.6076109
2020-10-01,DGW,23700,11025.557152150886,261305704.50597602
2020-10-01,DBC,17000,15257.913042376187,259384521.72039518
2020-10-01,DGC,13000,13681.918377608628,177864938.90891218
2020-10-02,DGW,23700,10904.174871576748,258428944.45636892
2020-10-02,DBC,17000,14975.939290053013,254590967.93090123
2020-10-02,DGC,13000,13714.49437374579,178288426.85869527
2020-10-05,DGW,23700,10904.174871576748,258428944.45636892
2020-10-05,DBC,17000,15054.265332365007,255922510.6502051
2020-10-05,DGC,13000,13844.798358294445,179982378.6578278
2020-10-06,DGW,23700,10883.94449148106,257949484.4481011
2020-10-06,DBC,17000,14819.287205429027,251927882.49229348
2020-10-06,DGC,13000,13844.798358294445,179982378.6578278
2020-10-07,DGW,23700,11106.478672533645,263223544.5390474
2020-10-07,DBC,17000,14599.974286955448,248199562.8782426
2020-10-07,DGC,13000,13812.222362157281,179558890.70804465
2020-10-08,DGW,23700,11106.478672533645,263223544.5390474
2020-10-08,DBC,17000,14568.643870030652,247666945.7905211
2020-10-08,DGC,13000,13779.646366020117,179135402.75826153
2020-10-09,DGW,23700,11045.787532246577,261785164.51424387
2020-10-09,DBC,17000,14568.643870030652,247666945.7905211
2020-10-09,DGC,13000,14137.982323528915,183793770.2058759
2020-10-12,DGW,23700,10803.0229710983,256031644.4150297
2020-10-12,DBC,17000,14255.33970078268,242340774.91330558
2020-10-12,DGC,13000,13779.646366020117,179135402.75826153
2020-10-13,DGW,23700,10701.871070619853,253634344.37369052
2020-10-13,DBC,17000,14020.361573846702,238346146.75539392
2020-10-13,DGC,13000,13747.070369882955,178711914.80847842
2020-10-14,DGW,23700,10560.258409950024,250278124.31581557
2020-10-14,DBC,17000,13957.700739997108,237280912.57995084
2020-10-14,DGC,13000,13844.798358294445,179982378.6578278
2020-10-15,DGW,23700,10701.871070619853,253634344.37369052
2020-10-15,DBC,17000,12986.457815328398,220769782.86058277
2020-10-15,DGC,13000,13714.49437374579,178288426.85869527
2020-10-16,DGW,23700,10823.253351193991,256511104.42329758
2020-10-16,DBC,17000,12720.149271467622,216242537.61494958
2020-10-16,DGC,13000,13535.326394991393,175959243.1348881
2020-10-19,DGW,23700,10823.253351193991,256511104.42329758
2020-10-19,DBC,17000,13002.123023790797,221036091.40444353
2020-10-19,DGC,13000,13681.918377608628,177864938.90891218
2020-10-20,DGW,23700,10722.101450715541,254113804.38195834
2020-10-20,DBC,17000,13315.427193038768,226362262.28165904
2020-10-20,DGC,13000,13437.598406579902,174688779.28553873
2020-10-21,DGW,23700,10519.797649758644,249319204.29927987
2020-10-21,DBC,17000,13174.44031687718,223965485.38691208
2020-10-21,DGC,13000,13242.142429756921,172147851.58683997
2020-10-22,DGW,23700,10580.488790045714,250757584.32408342
2020-10-22,DBC,17000,13080.449066102788,222367634.1237474
2020-10-22,DGC,13000,13388.734412374157,174053547.36086404
2020-10-23,DGW,23700,10681.640690524162,253154884.36542264
2020-10-23,DBC,17000,13080.449066102788,222367634.1237474
2020-10-23,DGC,13000,13649.342381471464,177441450.95912904
2020-10-26,DGW,23700,10438.876129375885,247401364.26620847
2020-10-26,DBC,17000,12861.13614762921,218639314.50969657
2020-10-26,DGC,13000,13584.190389197138,176594475.0595628
2020-10-27,DGW,23700,10459.106509471576,247880824.27447635
2020-10-27,DBC,17000,12908.131773016405,219438240.1412789
2020-10-27,DGC,13000,13453.886404648483,174900523.26043028
2020-10-28,DGW,23700,10438.876129375885,247401364.26620847
2020-10-28,DBC,17000,13111.779483027587,222900251.211469
2020-10-28,DGC,13000,13176.990437482595,171300875.68727374
2020-10-29,DGW,23700,10924.405251672439,258908404.4646368
2020-10-29,DBC,17000,13315.427193038768,226362262.28165904
2020-10-29,DGC,13000,13176.990437482595,171300875.68727374
2020-10-30,DGW,23700,10803.0229710983,256031644.4150297
2020-10-30,DBC,17000,13143.109899952384,223432868.29919052
2020-10-30,DGC,13000,13160.702439414013,171089131.71238217
2020-11-02,DGW,23700,10964.866011863818,259867324.4811725
2020-11-02,DBC,17000,13002.123023790797,221036091.40444353
2020-11-02,DGC,13000,13405.022410442738,174265291.3357556
2020-11-03,DGW,23700,11713.390075404337,277607344.7870828
2020-11-03,DBC,17000,13033.453440715593,221568708.4921651
2020-11-03,DGC,13000,13584.190389197138,176594475.0595628
2020-11-04,DGW,23700,12239.37995789227,290073305.0020468
2020-11-04,DBC,17000,13111.779483027587,222900251.211469
2020-11-04,DGC,13000,13616.7663853343,177017963.0093459
2020-11-05,DGW,23700,11976.385016648303,283840324.89456475
2020-11-05,DBC,17000,13284.096776113971,225829645.1939375
2020-11-05,DGC,13000,13763.358367951536,178923658.78336996
2020-11-06,DGW,23700,12785.600220475892,303018725.2252786
2020-11-06,DBC,17000,13284.096776113971,225829645.1939375
2020-11-06,DGC,13000,13812.222362157281,179558890.70804465
2020-11-09,DGW,23700,13311.590102963823,315484685.4402426
2020-11-09,DBC,17000,13315.427193038768,226362262.28165904
2020-11-09,DGC,13000,14773.214248203602,192051785.2266468
2020-11-10,DGW,23700,13756.658465068997,326032805.6221352
2020-11-10,DBC,17000,13127.444691489985,223166559.75532976
2020-11-10,DGC,13000,14789.502246272183,192263529.20153838
2020-11-11,DGW,23700,13250.898962676754,314046305.41543907
2020-11-11,DBC,17000,13111.779483027587,222900251.211469
2020-11-11,DGC,13000,15098.974209575235,196286664.72447807
2020-11-12,DGW,23700,14060.114166504341,333224705.7461529
2020-11-12,DBC,17000,13017.788232253195,221302399.94830433
2020-11-12,DGC,13000,15245.566192192471,198192360.49850214
2020-11-13,DGW,23700,13655.506564590549,323635505.580796
2020-11-13,DBC,17000,13158.775108414782,223699176.84305128
2020-11-13,DGC,13000,15212.990196055307,197768872.548719
2020-11-16,DGW,23700,13169.977442293995,312128465.3823677
2020-11-16,DBC,17000,12986.457815328398,220769782.86058277
2020-11-16,DGC,13000,14822.078242409347,192687017.1513215
2020-11-17,DGW,23700,13513.89390392072,320279285.5229211
2020-11-17,DBC,17000,13017.788232253195,221302399.94830433
2020-11-17,DGC,13000,15147.83820378098,196921896.64915276
2020-11-18,DGW,23700,13311.590102963823,315484685.4402426
2020-11-18,DBC,17000,12955.127398403602,220237165.7728612
2020-11-18,DGC,13000,15310.718184466798,199039336.39806837
2020-11-19,DGW,23700,13493.663523825031,319799825.5146532
2020-11-19,DBC,17000,13017.788232253195,221302399.94830433
2020-11-19,DGC,13000,15310.718184466798,199039336.39806837
2020-11-20,DGW,23700,14343.339487843998,339937145.8619028
2020-11-20,DBC,17000,13785.383446910724,234351518.59748232
2020-11-20,DGC,13000,15734.206134249922,204544679.74524897
2020-11-23,DGW,23700,15334.628112532793,363430686.2670272
2020-11-23,DBC,17000,13754.053029985927,233818901.50976077
2020-11-23,DGC,13000,15652.766143907013,203485959.87079117
2020-11-23,CTR,4900,35445.19752027129,173681467.84932932
2020-11-23,KDH,10100,16534.369088229643,166997127.7911194
2020-11-24,DGW,23700,15172.785071767275,359595006.2008844
2020-11-24,DBC,17000,13550.405319974745,230356890.43957067
2020-11-24,DGC,13000,15473.598165152614,201156776.14698398
2020-11-24,CTR,4900,34770.05090083755,170373249.414104
2020-11-24,KDH,10100,16254.652317940043,164171988.41119444
2020-11-25,DGW,23700,15577.39267368107,369184206.36624134
2020-11-25,DBC,17000,13378.088026888361,227427496.45710215
2020-11-25,DGC,13000,15180.414199918145,197345384.59893587
2020-11-25,CTR,4900,33476.019880256215,164032497.41325545
2020-11-25,KDH,10100,16130.333753366887,162916370.90900555
2020-11-26,DGW,23700,15799.926854733656,374458266.45718765
2020-11-26,DBC,17000,13378.088026888361,227427496.45710215
2020-11-26,DGC,13000,15212.990196055307,197768872.548719
2020-11-26,CTR,4900,32519.562169391756,159345854.6300196
2020-11-26,KDH,10100,16316.81160022662,164799797.16228884
2020-11-27,DGW,23700,15719.005334350897,372540426.42411625
2020-11-27,DBC,17000,13534.740111512347,230090581.8957099
2020-11-27,DGC,13000,15359.582178672543,199674568.32274306
2020-11-27,KDH,10100,16410.050523656486,165741510.2889305
2020-11-30,DGW,23700,15577.39267368107,369184206.36624134
2020-11-30,DBC,17000,13284.096776113971,225829645.1939375
2020-11-30,DGC,13000,15327.006182535379,199251080.3729599
2020-11-30,KDH,10100,16627.608011659508,167938840.91776103
2020-12-01,DGW,23700,15638.083813968138,370622586.39104486
2020-12-01,DBC,17000,13221.435942264376,224764411.0184944
2020-12-01,DGC,13000,15473.598165152614,201156776.14698398
2020-12-01,KDH,10100,16503.289447086354,166683223.41557217
2020-12-02,DGW,23700,14930.020510618999,353841486.10167027
2020-12-02,DBC,17000,13315.427193038768,226362262.28165904
2020-12-02,DGC,13000,15962.238107210065,207509095.39373085
2020-12-02,KDH,10100,16689.767293946086,168566649.66885546
2020-12-03,DGW,23700,15294.167352341414,362471766.2504915
2020-12-03,DBC,17000,13409.418443813158,227960113.54482368
2020-12-03,DGC,13000,15962.238107210065,207509095.39373085
2020-12-03,KDH,10100,16814.08585851924,169822267.17104432
2020-12-04,DGW,23700,15010.942031001758,355759326.13474166
2020-12-04,DBC,17000,13221.435942264376,224764411.0184944
2020-12-04,DGC,13000,15848.222120729994,206026887.56948993
2020-12-04,KDH,10100,16751.92657623266,169194458.4199499
2020-12-07,DGW,23700,15294.167352341414,362471766.2504915
2020-12-07,DBC,17000,13237.101150726774,225030719.56235516
2020-12-07,DGC,13000,15831.934122661412,205815143.59459835
2020-12-07,KDH,10100,16907.324781949108,170763980.29768598
2020-12-08,DGW,23700,15698.774954255208,372060966.41584843
2020-12-08,DBC,17000,13205.770733801977,224498102.4746336
2020-12-08,DGC,13000,16108.830089827301,209414791.16775492
2020-12-08,KDH,10100,16938.404423092397,171077884.6732332
2020-12-09,DGW,23700,15536.93191348969,368225286.34970564
2020-12-09,DBC,17000,13331.092401501166,226628570.82551983
2020-12-09,DGC,13000,16108.830089827301,209414791.16775492
2020-12-09,KDH,10100,17155.96191109542,173275215.30206373
2020-12-10,DGW,23700,15415.549632915552,365348526.3000986
2020-12-10,DBC,17000,13519.074903049948,229824273.3518491
2020-12-10,DGC,13000,15864.510118798575,206238631.54438147
2020-12-10,KDH,10100,17404.599040241726,175786450.30644143
2020-12-11,DGW,23700,15597.623053776759,369663666.37450916
2020-12-11,DBC,17000,14458.987410793861,245802785.98349565
2020-12-11,DGC,13000,15962.238107210065,207509095.39373085
2020-12-11,KDH,10100,17373.51939909844,175472545.93089426
2020-12-14,DGW,23700,16002.230655690553,379252866.5398661
2020-12-14,DBC,17000,14881.948039278623,252993116.6677366
2020-12-14,DGC,13000,16211.793506189446,210753315.58046278
2020-12-14,KDH,10100,17591.076887101462,177669876.55972478
2020-12-15,DGW,23700,15982.000275594864,378773406.53159827
2020-12-15,DBC,17000,15226.58262545139,258851904.63267365
2020-12-15,DGC,13000,16211.793506189446,210753315.58046278
2020-12-15,KDH,10100,17218.121193381994,173903024.05315813
2020-12-16,DGW,23700,16002.230655690553,379252866.5398661
2020-12-16,DBC,17000,15304.908667763384,260183447.35197753
2020-12-16,DGC,13000,16346.75120447198,212507765.65813574
2020-12-16,KDH,10100,17528.917604814884,177042067.80863032
2020-12-17,DGW,23700,15961.769895499174,378293946.5233304
2020-12-17,DBC,17000,15054.265332365007,255922510.6502051
2020-12-17,DGC,13000,16194.923793904129,210534009.32075366
2020-12-17,KDH,10100,17093.80262880884,172647406.5509693
2020-12-18,DGW,23700,15840.387614925035,375417186.47372335
2020-12-18,DBC,17000,15665.20846239855,266308543.86077535
2020-12-18,DGC,13000,16178.054081618813,210314703.06104457
2020-12-18,KDH,10100,17218.121193381994,173903024.05315813
2020-12-21,DGW,23700,15719.005334350897,372540426.42411625
2020-12-21,DBC,17000,15821.860547022536,268971629.2993831
2020-12-21,DGC,13000,16127.444944762861,209656784.28191718
2020-12-21,KDH,10100,17466.758322528305,176414259.0575359
2020-12-22,DGW,23700,15799.926854733656,374458266.45718765
2020-12-22,DBC,17000,16103.83429934571,273765183.0888771
2020-12-22,DGC,13000,16178.054081618813,210314703.06104457
2020-12-22,KDH,10100,17901.87329853435,180808920.31519693
2020-12-23,DGW,23700,15799.926854733656,374458266.45718765
2020-12-23,DBC,17000,16291.816800894492,276960885.61520636
2020-12-23,DGC,13000,16363.620916757298,212727071.91784486
2020-12-23,KDH,10100,17901.87329853435,180808920.31519693
2020-12-24,DGW,23700,15435.780013011243,365827986.3083665
2020-12-24,DBC,17000,15821.860547022536,268971629.2993831
2020-12-24,DGC,13000,16127.444944762861,209656784.28191718
2020-12-24,KDH,10100,17591.076887101462,177669876.55972478
2020-12-25,DGW,23700,15557.162293585381,368704746.3579735
2020-12-25,DBC,17000,16448.468885518476,279623971.0538141
2020-12-25,DGC,13000,16329.881492186663,212288459.39842662
2020-12-25,KDH,10100,17684.315810531327,178611589.6863664
2020-12-28,DGW,23700,15658.314194063829,371102046.39931273
2020-12-28,DBC,17000,16918.425139390434,287613227.36963737
2020-12-28,DGC,13000,16211.793506189446,210753315.58046278
2020-12-28,KDH,10100,17684.315810531327,178611589.6863664
2020-12-29,DGW,23700,15617.85343387245,370143126.38277704
2020-12-29,DBC,17000,18077.650565607928,307320059.61533475
2020-12-29,DGC,13000,17342.064229305674,225446834.98097375
2020-12-29,KDH,10100,17932.952939677638,181122824.69074413
2020-12-30,DGW,23700,16710.293959039693,396033966.82924074
2020-12-30,DBC,17000,17983.659314833534,305722208.3521701
2020-12-30,DGC,13000,17308.32480473504,225008222.4615555
2020-12-30,KDH,10100,18026.191863107502,182064537.81738576
2020-12-31,DGW,23700,17337.435742006073,410897227.08554393
2020-12-31,DBC,17000,17764.346396359957,301993888.73811924
2020-12-31,DGC,13000,17240.84595559377,224130997.422719
2020-12-31,KDH,10100,18212.66970996724,183947964.0706691
2021-01-04,DGW,23700,17256.514221623314,408979387.05247253
2021-01-04,DBC,17000,18328.293901006302,311580996.31710714
2021-01-04,DGC,13000,17207.10653102314,223692384.9033008
2021-01-04,KDH,10100,18243.749351110524,184261868.4462163
2021-01-05,DGW,23700,16770.98509932676,397472346.85404426
2021-01-05,DBC,17000,17983.659314833534,305722208.3521701
2021-01-05,DGC,13000,17409.54307844694,226324060.0198102
2021-01-05,KDH,10100,18274.828992253813,184575772.82176352
2021-01-06,DGW,23700,16690.063578944002,395554506.82097286
2021-01-06,DBC,17000,18171.64181638232,308917910.8784994
2021-01-06,DGC,13000,17308.32480473504,225008222.4615555
2021-01-06,KDH,10100,18647.784685973278,188342625.3283301
2021-01-07,DGW,23700,16690.063578944002,395554506.82097286
2021-01-07,DBC,17000,18171.64181638232,308917910.8784994
2021-01-07,DGC,13000,17645.719050441374,229394347.65573785
2021-01-07,KDH,10100,18834.262532833014,190226051.58161345
2021-01-08,DGW,23700,16568.681298369866,392677746.7713658
2021-01-08,DBC,17000,18610.267653329476,316374550.1066011
2021-01-08,DGC,13000,17645.719050441374,229394347.65573785
2021-01-08,KDH,10100,18958.581097406168,191481669.08380228
2021-01-11,DGW,23700,17135.131941049178,406102627.0028655
2021-01-11,DBC,17000,18140.31139945752,308385293.79077786
2021-01-11,DGC,13000,17679.45847501201,229832960.17515612
2021-01-11,KDH,10100,20232.84638428101,204351748.4812382
2021-01-12,DGW,23700,16953.05852018797,401787486.9284549
2021-01-12,DBC,17000,18014.98973175833,306254825.43989164
2021-01-12,DGC,13000,17949.373871577078,233341860.330502
2021-01-12,KDH,10100,20699.04100143034,209060314.11444646
2021-01-13,DGW,23700,16932.82814009228,401308026.920187
2021-01-13,DBC,17000,18735.589321028667,318505018.45748734
2021-01-13,DGC,13000,17713.197899582643,230271572.69457436
2021-01-13,KDH,10100,20388.244589997452,205921270.35897428
2021-01-14,DGW,23700,16487.759777987107,390759906.7382944
2021-01-14,DBC,17000,19738.162662622173,335548765.264577
2021-01-14,DGC,13000,17780.67674872391,231148797.7334108
2021-01-14,KDH,10100,20512.56315457061,207176887.86116314
2021-01-15,DGW,23700,16588.911678465556,393157206.7796337
2021-01-15,DBC,17000,19894.814747246157,338211850.70318466
2021-01-15,DGC,13000,17814.416173294543,231587410.25282907
2021-01-15,KDH,10100,21134.155977436385,213454975.37210748
2021-01-18,DGW,23700,16002.230655690553,379252866.5398661
2021-01-18,DBC,17000,19174.215157975825,325961657.685589
2021-01-18,DGC,13000,18151.810419000878,235973535.4470114
2021-01-18,KDH,10100,20916.598489433363,211257644.74327698
2021-01-19,DGW,23700,14889.55975042762,352882566.08513457
2021-01-19,DBC,17000,18014.98973175833,306254825.43989164
2021-01-19,DGC,13000,17139.62768188187,222815159.8644643
2021-01-19,KDH,10100,19828.811049418255,200270991.59912437
2021-01-20,DGW,23700,14747.947089757792,349526346.02725965
2021-01-20,DBC,17000,18108.980982532725,307852676.70305634
2021-01-20,DGC,13000,17207.10653102314,223692384.9033008
2021-01-20,KDH,10100,20388.244589997452,205921270.35897428
2021-01-21,DGW,23700,15557.162293585381,368704746.3579735
2021-01-21,DBC,17000,18359.624317931102,312113613.4048287
2021-01-21,DGC,13000,17881.89502243581,232464635.29166552
2021-01-21,KDH,10100,20512.56315457061,207176887.86116314
2021-01-22,DGW,23700,15860.617995020726,375896646.48199123
2021-01-22,DBC,17000,18171.64181638232,308917910.8784994
2021-01-22,DGC,13000,18455.465240136582,239921048.12177557
2021-01-22,KDH,10100,21103.076336293096,213141070.99656028
2021-01-25,DGW,23700,15557.162293585381,368704746.3579735
2021-01-25,DBC,17000,17858.337647134347,303591740.0012839
2021-01-25,DGC,13000,18455.465240136582,239921048.12177557
2021-01-25,KDH,10100,22066.545211735047,222872106.63852397
2021-01-26,DGW,23700,14930.020510618999,353841486.10167027
2021-01-26,DBC,17000,16636.45138706726,282819673.5801434
2021-01-26,DGC,13000,17679.45847501201,229832960.17515612
2021-01-26,KDH,10100,21631.430235729003,218477445.38086292
2021-01-27,DGW,23700,14161.266066982791,335622005.78749216
2021-01-27,DBC,17000,15665.20846239855,266308543.86077535
2021-01-27,DGC,13000,17645.719050441374,229394347.65573785
2021-01-27,KDH,10100,21289.554183152828,215024497.24984357
2021-01-28,DGW,23700,13169.977442293995,312128465.3823677
2021-01-28,DBC,17000,14568.643870030652,247666945.7905211
2021-01-28,DGC,13000,16414.230053613246,213384990.6969722
2021-01-28,KDH,10100,19828.811049418255,200270991.59912437
2021-01-29,DGW,23700,13999.423026217273,331786325.72134936
2021-01-29,DBC,17000,14928.943664665818,253792042.2993189
2021-01-29,DGC,13000,16768.4940116049,217990422.1508637
2021-01-29,KDH,10100,19828.811049418255,200270991.59912437
2021-02-01,DGW,23700,14282.64834755693,338498765.83709925
2021-02-01,DBC,17000,14098.687616158695,239677689.47469783
2021-02-01,DGC,13000,16397.36034132793,213165684.4372631
2021-02-01,KDH,10100,18585.625403686703,187714816.5772357
2021-02-02,DGW,23700,15071.633171288828,357197706.15954524
2021-02-02,DBC,17000,14709.630746192239,250063722.68526807
2021-02-02,DGC,13000,16701.015162463635,217113197.11202726
2021-02-02,KDH,10100,18989.660738549457,191795573.4593495
2021-02-03,DGW,23700,15213.245831958655,360553926.2174201
2021-02-03,DBC,17000,15351.90429315058,260982372.98355985
2021-02-03,DGC,13000,17207.10653102314,223692384.9033008
2021-02-03,KDH,10100,19673.41284370181,198701469.7213883
2021-02-04,DGW,23700,15678.544574159518,371581506.40758055
2021-02-04,DBC,17000,15351.90429315058,260982372.98355985
2021-02-04,DGC,13000,17443.282503017574,226762672.53922847
2021-02-04,KDH,10100,20326.085307710877,205293461.60787985
2021-02-04,PDR,6100,29327.984676228665,178900706.52499485
2021-02-05,DGW,23700,16770.98509932676,397472346.85404426
2021-02-05,DBC,17000,16260.486383969695,276428268.52748483
2021-02-05,DGC,13000,18253.028692712778,237289373.00526613
2021-02-05,KDH,10100,20357.164948854163,205607365.98342705
2021-02-05,PDR,6100,30023.902956681548,183145808.03575745
2021-02-08,DGW,23700,16062.921795977623,380691246.56466967
2021-02-08,DBC,17000,15351.90429315058,260982372.98355985
2021-02-08,DGC,13000,18387.986390995313,239043823.08293906
2021-02-08,KDH,10100,19269.377508839058,194620712.8392745
2021-02-08,PDR,6100,30471.278994115546,185874801.86410484
2021-02-09,DGW,23700,17175.592701240555,407061547.0194012
2021-02-09,DBC,17000,15665.20846239855,266308543.86077535
2021-02-09,DGC,13000,18455.465240136582,239921048.12177557
2021-02-09,KDH,10100,19828.811049418255,200270991.59912437
2021-02-09,PDR,6100,31216.905723172207,190423124.91135046
2021-02-17,DGW,23700,18369.18512688625,435349687.50720406
2021-02-17,DBC,17000,16135.164716270507,274297800.1765986
2021-02-17,DGC,13000,19737.563373820656,256588323.85966852
2021-02-17,KDH,10100,20823.359566003495,210315931.6166353
2021-02-17,PDR,6100,32111.6577980402,195881112.56804523
2021-02-18,DGW,23700,18834.48386908711,446377267.6973645
2021-02-18,DBC,17000,16855.76430554084,286547993.1941943
2021-02-18,DGC,13000,20142.43646866826,261851674.09268737
2021-02-18,KDH,10100,21320.633824296117,215338401.6253908
2021-02-18,PDR,6100,32360.200041059088,197397220.25046045
2021-02-19,DGW,23700,18591.719307938834,440623747.5981504
2021-02-19,DBC,17000,16918.425139390434,287613227.36963737
2021-02-19,DGC,13000,20041.21819495636,260535836.53443268
2021-02-19,KDH,10100,21071.996695149806,212827166.62101305
2021-02-19,PDR,6100,32260.78314385153,196790777.17749435
2021-02-22,DGW,23700,18854.7142491828,446856727.7056324
2021-02-22,DBC,17000,16761.773054766447,284950141.9310296
2021-02-22,DGC,13000,19838.78164753256,257904161.41792327
2021-02-22,KDH,10100,21071.996695149806,212827166.62101305
2021-02-22,PDR,6100,32061.94934943642,195577891.03156218
2021-02-23,DGW,23700,19218.861090905215,455487007.8544536
2021-02-23,DBC,17000,16448.468885518476,279623971.0538141
2021-02-23,DGC,13000,20074.957619526995,260974449.05385092
2021-02-23,KDH,10100,20823.359566003495,210315931.6166353
2021-02-23,PDR,6100,31813.407106417537,194061783.34914696
2021-02-24,DGW,23700,18632.180068130216,441582667.61468613
2021-02-24,DBC,17000,16103.83429934571,273765183.0888771
2021-02-24,DGC,13000,20850.96438465157,271062537.0004704
2021-02-24,KDH,10100,20450.40387228403,206549079.1100687
2021-02-24,PDR,6100,31366.03106898354,191332789.52079958
2021-02-25,DGW,23700,19097.47881033108,452610247.8048466
2021-02-25,DBC,17000,16041.173465496115,272699948.91343397
2021-02-25,DGC,13000,22099.32309376501,287291200.21894515
2021-02-25,KDH,10100,20139.60746085114,203410035.35459653
2021-02-25,PDR,6100,30918.655031549544,188603795.69245222
2021-02-26,DGW,23700,19137.939570522456,453569167.8213822
2021-02-26,DBC,17000,16354.477634744086,278026119.7906495
2021-02-26,DGC,13000,21930.625970911842,285098137.62185395
2021-02-26,KDH,10100,19828.811049418255,200270991.59912437
2021-02-26,PDR,6100,31316.32262037976,191029567.98431653
2021-03-01,DGW,23700,20270.84085588108,480418928.2843816
2021-03-01,DBC,17000,16354.477634744086,278026119.7906495
2021-03-01,DGC,13000,21998.104820053108,285975362.6606904
2021-03-01,KDH,10100,20201.76674313772,204037844.10569096
2021-03-01,PDR,6100,31962.53245222887,194971447.9585961
2021-03-02,DGW,23700,21140.747199995738,501035708.639899
2021-03-02,DBC,17000,16542.46013629287,281221822.3169788
2021-03-02,DGC,13000,21761.928848058673,282905075.02476275
2021-03-02,KDH,10100,20388.244589997452,205921270.35897428
2021-03-02,PDR,6100,32061.94934943642,195577891.03156218
2021-03-03,DGW,23700,20877.75225875177,494802728.53241694
2021-03-03,DBC,17000,16887.094722465637,287080610.28191584
2021-03-03,DGC,13000,23280.202953737185,302642638.3985834
2021-03-03,KDH,10100,20388.244589997452,205921270.35897428
2021-03-03,PDR,6100,31962.53245222887,194971447.9585961
2021-03-04,DGW,23700,21039.59529951729,498638408.59855974
2021-03-04,DBC,17000,17388.38139326239,295602483.6854606
2021-03-04,DGC,13000,23887.51259600859,310537663.74811167
2021-03-04,KDH,10100,19859.890690561544,200584895.9746716
2021-03-04,PDR,6100,31216.905723172207,190423124.91135046
2021-03-05,DGW,23700,22496.18266640695,533159529.1938447
2021-03-05,DBC,17000,17200.39889171361,292406781.15913135
2021-03-05,DGC,13000,24089.949143432394,313169338.8646211
2021-03-05,KDH,10100,19549.094279128654,197445852.21919942
2021-03-05,PDR,6100,31117.488825964654,189816681.8383844
2021-03-08,DGW,23700,22738.947227555225,538913049.2930589
2021-03-08,DBC,17000,17576.363894811173,298798186.21178997
2021-03-08,DGC,13000,23651.336624014155,307467376.112184
2021-03-08,KDH,10100,19331.536791125633,195248521.5903689
2021-03-08,PDR,6100,30968.36348015332,188907017.22893524
2021-03-09,DGW,23700,22860.32950812936,541789809.3426659
2021-03-09,DBC,17000,18108.980982532725,307852676.70305634
2021-03-09,DGC,13000,23887.51259600859,310537663.74811167
2021-03-09,KDH,10100,19145.0589442659,193365095.3370856
2021-03-09,PDR,6100,31664.281760606205,193152118.73969784
2021-03-10,DGW,23700,22860.32950812936,541789809.3426659
2021-03-10,DBC,17000,18171.64181638232,308917910.8784994
2021-03-10,DGC,13000,23988.73086972049,311853501.3063664
2021-03-10,KDH,10100,19704.492484845097,199015374.09693548
2021-03-10,PDR,6100,31962.53245222887,194971447.9585961
2021-03-11,DGW,23700,22556.873806694017,534597909.2186482
2021-03-11,DBC,17000,18140.31139945752,308385293.79077786
2021-03-11,DGC,13000,24292.385690856194,315801013.98113054
2021-03-11,KDH,10100,19611.253561415233,198073660.97029385
2021-03-11,PDR,6100,33205.2436673233,202551986.37067214
2021-03-12,DGW,23700,23548.16243138281,558091449.6237726
2021-03-12,DBC,17000,18171.64181638232,308917910.8784994
2021-03-12,DGC,13000,24562.301087421263,319309914.1364764
2021-03-12,KDH,10100,19362.616432268922,195562425.9659161
2021-03-12,PDR,6100,33404.077461738416,203764872.51660433
2021-03-15,DGW,23700,25186.82321913368,596927710.2934682
2021-03-15,DBC,17000,18610.267653329476,316374550.1066011
2021-03-15,DGC,13000,25439.526126257737,330713839.64135057
2021-03-15,KDH,10100,19486.93499684208,196818043.468105
2021-03-15,PDR,6100,33304.66056453086,203158429.44363824
2021-03-16,DGW,23700,26602.949825831958,630489910.8722174
2021-03-16,DBC,17000,19362.19765952461,329157360.21191835
2021-03-16,DGC,13000,25169.610729692668,327204939.48600465
2021-03-16,KDH,10100,19424.7757145555,196190234.71701056
2021-03-16,PDR,6100,33354.36901313464,203461650.98012128
2021-03-17,DGW,23700,25692.58272152592,608914210.5001643
2021-03-17,DBC,17000,19236.875991825418,327026891.8610321
2021-03-17,DGC,13000,25304.568427975202,328959389.5636776
2021-03-17,KDH,10100,19580.173920271944,197759756.59474662
2021-03-17,PDR,6100,33404.077461738416,203764872.51660433
2021-03-18,DGW,23700,24964.28903808109,591653650.2025218
2021-03-18,DBC,17000,19080.223907201434,324363806.4224244
2021-03-18,DGC,13000,24967.174182268867,324573264.3694953
2021-03-18,KDH,10100,20015.288896277987,202154417.85240766
2021-03-18,PDR,6100,33801.74505056863,206190644.80846864
2021-03-19,DGW,23700,24478.75991578454,580146610.0040936
2021-03-19,DBC,17000,19080.223907201434,324363806.4224244
2021-03-19,DGC,13000,24191.167417144294,314485176.4228758
2021-03-19,KDH,10100,20170.68710199443,203723939.73014376
2021-03-19,PDR,6100,34050.28729358752,207706752.4908839
2021-03-22,DGW,23700,25368.896639994884,601242850.3678788
2021-03-22,DBC,17000,18954.902239502244,322233338.07153815
2021-03-22,DGC,13000,23415.16065201972,304397088.4762564
2021-03-22,KDH,10100,19890.970331704833,200898800.3502188
2021-03-22,PDR,6100,33553.202807549744,204674537.12605342
2021-03-23,DGW,23700,24276.45611482764,575352009.9214151
2021-03-23,DBC,17000,18328.293901006302,311580996.31710714
2021-03-23,DGC,13000,23617.59719944352,307028763.59276575
2021-03-23,KDH,10100,19518.014637985365,197131947.8436522
2021-03-23,PDR,6100,34906.377241763774,212928901.17475903
2021-03-24,DGW,23700,24276.45611482764,575352009.9214151
2021-03-24,DBC,17000,18296.963484081505,311048379.2293856
2021-03-24,DGC,13000,22639.153886895147,294309000.5296369
2021-03-24,KDH,10100,19207.21822655248,193992904.08818004
2021-03-24,PDR,6100,34630.21919396501,211244337.08318654
2021-03-25,DGW,23700,23851.61813281816,565283349.7477903
2021-03-25,DBC,17000,18234.30265023191,309983145.0539425
2021-03-25,DGC,13000,22706.632736036416,295186225.5684734
2021-03-25,KDH,10100,19207.21822655248,193992904.08818004
2021-03-25,PDR,6100,34354.06114616624,209559772.99161407
2021-03-26,DGW,23700,23264.937110043156,551379009.5080228
2021-03-26,DBC,17000,18296.963484081505,311048379.2293856
2021-03-26,DGC,13000,22571.67503775388,293431775.49080044
2021-03-26,KDH,10100,18647.784685973278,188342625.3283301
2021-03-26,PDR,6100,33967.43987924798,207201383.26341265
2021-03-29,DGW,23700,24579.911816262986,582543910.0454328
2021-03-29,DBC,17000,18453.615568705492,313711464.66799337
2021-03-29,DGC,13000,23752.554897726055,308783213.6704387
2021-03-29,KDH,10100,18896.42181511959,190853860.33270785
2021-03-29,PDR,6100,34243.597927046736,208885947.3549851
2021-03-30,DGW,23700,24276.45611482764,575352009.9214151
2021-03-30,DBC,17000,18359.624317931102,312113613.4048287
2021-03-30,DGC,13000,23077.766406313385,300010963.28207403
2021-03-30,KDH,10100,18896.42181511959,190853860.33270785
2021-03-30,PDR,6100,34133.13470792723,208212121.7183561
2021-03-31,DGW,23700,23851.61813281816,565283349.7477903
2021-03-31,DBC,17000,18202.972233307115,309450527.966221
2021-03-31,DGC,13000,22774.11158517768,296063450.6073099
2021-03-31,KDH,10100,18927.50145626288,191167764.70825508
2021-03-31,PDR,6100,34243.597927046736,208885947.3549851
2021-04-01,DGW,23700,24377.60801530609,577749309.9627544
2021-04-01,DBC,17000,19111.55432412623,324896423.5101459
2021-04-01,DGC,13000,23313.94237830782,303081250.91800165
2021-04-01,KDH,10100,19269.377508839058,194620712.8392745
2021-04-01,PDR,6100,34906.377241763774,212928901.17475903
2021-04-02,DGW,23700,24478.75991578454,580146610.0040936
2021-04-02,DBC,17000,18986.232656427044,322765955.15925974
2021-04-02,DGC,13000,23212.72410459592,301765413.35974693
2021-04-02,KDH,10100,19455.85535569879,196504139.0925578
2021-04-02,PDR,6100,35679.61977560031,217645680.6311619
2021-04-05,DGW,23700,24377.60801530609,577749309.9627544
2021-04-05,DBC,17000,18704.25890410387,317972401.3697658
2021-04-05,DGC,13000,23212.72410459592,301765413.35974693
2021-04-05,KDH,10100,19082.89966197932,192737286.58599114
2021-04-05,PDR,6100,37557.4945006319,229100716.45385462
2021-04-06,DGW,23700,25227.283979325057,597886630.3100039
2021-04-06,DBC,17000,18422.285151780696,313178847.58027184
2021-04-06,DGC,13000,23516.37892573162,305712926.0345111
2021-04-06,KDH,10100,19238.29786769577,194306808.46372727
2021-04-06,PDR,6100,37447.0312815124,228426890.81722564
2021-04-07,DGW,23700,25287.975119612125,599325010.3348074
2021-04-07,DBC,17000,18610.267653329476,316374550.1066011
2021-04-07,DGC,13000,23921.252020579224,310976276.2675299
2021-04-07,KDH,10100,19176.13858540919,193678999.7126328
2021-04-07,PDR,6100,37944.115767550174,231459106.18205607
2021-04-08,DGW,23700,24600.142196358676,583023370.0537007
2021-04-08,DBC,17000,18422.285151780696,313178847.58027184
2021-04-08,DGC,13000,23718.815473155424,308344601.1510205
2021-04-08,KDH,10100,19518.014637985365,197131947.8436522
2021-04-08,PDR,6100,37944.115767550174,231459106.18205607
2021-04-09,DGW,23700,24478.75991578454,580146610.0040936
2021-04-09,DBC,17000,18202.972233307115,309450527.966221
2021-04-09,DGC,13000,23685.07604858479,307905988.6316023
2021-04-09,KDH,10100,19797.731408274965,199957087.22357714
2021-04-09,PDR,6100,37888.884157990426,231122193.3637416
2021-04-12,DGW,23700,24013.461173583677,569119029.8139331
2021-04-12,DBC,17000,18202.972233307115,309450527.966221
2021-04-12,DGC,13000,23415.16065201972,304397088.4762564
2021-04-12,KDH,10100,19953.12961399141,201526609.10131323
2021-04-12,PDR,6100,37723.189329311164,230111454.9087981
2021-04-13,DGW,23700,23750.46623233971,562886049.7064512
2021-04-13,DBC,17000,17827.00723020955,303059122.91356236
2021-04-13,DGC,13000,22976.548132601485,298695125.7238193
2021-04-13,KDH,10100,19549.094279128654,197445852.21919942
2021-04-13,PDR,6100,37447.0312815124,228426890.81722564
2021-04-14,DGW,23700,24155.073834253504,572475249.871808
2021-04-14,DBC,17000,18014.98973175833,306254825.43989164
2021-04-14,DGC,13000,23246.46352916655,302204025.8791652
2021-04-14,KDH,10100,19704.492484845097,199015374.09693548
2021-04-14,PDR,6100,37336.56806239289,227753065.18059665
2021-04-15,DGW,23700,23851.61813281816,565283349.7477903
2021-04-15,DBC,17000,17607.69431173597,299330803.2995115
2021-04-15,DGC,13000,23280.202953737185,302642638.3985834
2021-04-15,KDH,10100,19331.536791125633,195248521.5903689
2021-04-15,PDR,6100,37336.56806239289,227753065.18059665
2021-04-16,DGW,23700,23366.089010521606,553776309.5493621
2021-04-16,DBC,17000,17858.337647134347,303591740.0012839
2021-04-16,DGC,13000,23212.72410459592,301765413.35974693
2021-04-16,KDH,10100,19518.014637985365,197131947.8436522
2021-04-16,PDR,6100,39214.442787424494,239208101.0032894
2021-04-19,DGW,23700,24276.45611482764,575352009.9214151
2021-04-19,DBC,17000,18171.64181638232,308917910.8784994
2021-04-19,DGC,13000,24191.167417144294,314485176.4228758
2021-04-19,KDH,10100,20574.722436857184,207804696.61225757
2021-04-19,PDR,6100,41920.79165585238,255716829.1006995
2021-04-20,DGW,23700,24215.764974540572,573913629.8966116
2021-04-20,DBC,17000,18359.624317931102,312113613.4048287
2021-04-20,DGC,13000,23583.85777487289,306590151.07334757
2021-04-20,KDH,10100,21227.39490086625,214396688.4987491
2021-04-20,PDR,6100,43853.89799044373,267508777.74170676
2021-04-22,DGW,23700,23467.24091100005,556173609.5907012
2021-04-22,DBC,17000,17607.69431173597,299330803.2995115
2021-04-22,DGC,13000,22942.80870803085,298256513.2044011
2021-04-22,KDH,10100,20512.56315457061,207176887.86116314
2021-04-22,PDR,6100,42196.94970365114,257401393.19227195
2021-04-23,DGW,23700,23062.63330908626,546584409.4253443
2021-04-23,DBC,17000,17607.69431173597,299330803.2995115
2021-04-23,DGC,13000,23280.202953737185,302642638.3985834
2021-04-23,KDH,10100,21942.226647161893,221616489.13633513
2021-04-23,PDR,6100,43356.81350440595,264476562.37687632
2021-04-26,DGW,23700,22435.49152611988,531721149.16904116
2021-04-26,DBC,17000,16855.76430554084,286547993.1941943
2021-04-26,DGC,13000,23111.505830884016,300449575.8014922
2021-04-26,KDH,10100,21444.95238886927,216594019.12757963
2021-04-26,PDR,6100,45535.39365926287,277765901.32150346
2021-04-27,DGW,23700,21484.663661622464,509186528.7804524
2021-04-27,DBC,17000,16479.799302443276,280156588.1415357
2021-04-27,DGC,13000,23178.984680025285,301326800.8403287
2021-04-27,KDH,10100,21476.03203001256,216907923.50312686
2021-04-27,PDR,6100,44308.02455793502,270278949.8034036
2021-04-28,DGW,23700,21929.732023727636,519734648.962345
2021-04-28,DBC,17000,16824.433888616044,286015376.10647273
2021-04-28,DGC,13000,23617.59719944352,307028763.59276575
2021-04-28,KDH,10100,21662.509876872293,218791349.75641015
2021-04-28,PDR,6100,43878.44537247028,267658516.77206874
2021-04-29,DGW,23700,22556.873806694017,534597909.2186482
2021-04-29,DBC,17000,16824.433888616044,286015376.10647273
2021-04-29,DGC,13000,23550.118350302255,306151538.5539293
2021-04-29,KDH,10100,21848.987723732025,220674776.00969344
2021-04-29,PDR,6100,43080.655456607186,262791998.28530383
2021-05-04,DGW,23700,24074.152313870745,570557409.8387367
2021-05-04,DBC,17000,16667.781803992057,283352290.667865
2021-05-04,DGC,13000,25169.610729692668,327204939.48600465
2021-05-04,KDH,10100,22967.854804890423,231975333.5293933
2021-05-04,PDR,6100,44798.97219846616,273273730.4106436
2021-05-05,DGW,23700,23710.00547214833,561927129.6899154
2021-05-05,DBC,17000,17545.033477886376,298265569.1240684
2021-05-05,DGC,13000,25304.568427975202,328959389.5636776
2021-05-05,KDH,10100,22719.217675744112,229464098.52501553
2021-05-05,PDR,6100,44369.39301300142,270653297.37930864
2021-05-06,DGW,23700,23750.46623233971,562886049.7064512
2021-05-06,DBC,17000,17920.99848098394,304656974.176727
2021-05-06,DGC,13000,25540.744399969637,332029677.1996053
2021-05-06,KDH,10100,22657.058393457533,228836289.77392107
2021-05-06,PDR,6100,44062.55073766946,268781559.4997837
2021-05-07,DGW,23700,24074.152313870745,570557409.8387367
2021-05-07,DBC,17000,17858.337647134347,303591740.0012839
2021-05-07,DGC,13000,26526.16828311885,344840187.68054503
2021-05-07,KDH,10100,22563.81947002767,227894576.64727947
2021-05-07,PDR,6100,43510.23464207193,265412431.3166388
2021-05-10,DGW,23700,23871.848512913846,565762809.7560581
2021-05-10,DBC,17000,17827.00723020955,303059122.91356236
2021-05-10,DGC,13000,27069.101552071574,351898320.1769305
2021-05-10,KDH,10100,22657.058393457533,228836289.77392107
2021-05-10,PDR,6100,42896.55009140801,261668955.55758888
2021-05-11,DGW,23700,25085.67131865523,594530410.252129
2021-05-11,DBC,17000,18077.650565607928,307320059.61533475
2021-05-11,DGC,13000,26487.387335336512,344336035.35937464
2021-05-11,KDH,10100,22874.615881460555,231033620.4027516
2021-05-11,PDR,6100,42651.07627114244,260171565.2539689
2021-05-12,DGW,23700,25429.587780281956,602681230.3926823
2021-05-12,DBC,17000,18140.31139945752,308385293.79077786
2021-05-12,DGC,13000,27107.882499853913,352402472.4981009
2021-05-12,KDH,10100,23061.09372832029,232917046.65603495
2021-05-12,PDR,6100,44553.498378200595,271776340.10702366
2021-05-13,DGW,23700,24883.367517698334,589735810.1694505
2021-05-13,DBC,17000,17670.355145585563,300396037.47495455
2021-05-13,DGC,13000,26332.263544207162,342319426.0746931
2021-05-13,KDH,10100,22812.45659917398,230405811.6516572
2021-05-13,PDR,6100,43632.97155220471,266161126.46844873
2021-05-14,DGW,23700,26501.79792535351,628092610.8308781
2021-05-14,DBC,17000,17388.38139326239,295602483.6854606
2021-05-14,DGC,13000,25905.67311860145,336773750.54181886
2021-05-14,KDH,10100,23154.332651750155,233858759.78267658
2021-05-14,PDR,6100,44185.287647802244,269530254.6515937
2021-05-17,DGW,23700,26056.729563248336,617544490.6489856
2021-05-17,DBC,17000,16855.76430554084,286547993.1941943
2021-05-17,DGC,13000,25983.235014166123,337782055.1841596
2021-05-17,KDH,10100,22688.138034600823,229150194.1494683
2021-05-17,PDR,6100,43080.655456607186,262791998.28530383
2021-05-18,DGW,23700,27128.93970831989,642955871.0871813
2021-05-18,DBC,17000,16887.094722465637,287080610.28191584
2021-05-18,DGC,13000,25828.111223036776,335765445.8994781
2021-05-18,KDH,10100,22377.341623167937,226011150.39399615
2021-05-18,PDR,6100,43019.2870015408,262417650.70939887
2021-05-19,DGW,23700,27412.165029659544,649668311.2029312
2021-05-19,DBC,17000,16918.425139390434,287613227.36963737
2021-05-19,DGC,13000,26177.139753077812,340302816.7900116
2021-05-19,KDH,10100,22253.02305859478,224755532.89180726
2021-05-19,PDR,6100,43080.655456607186,262791998.28530383
2021-05-20,DGW,23700,28019.076432530237,664052111.4509666
2021-05-20,DBC,17000,16730.44263784165,284417524.84330803
2021-05-20,DGC,13000,25944.454066383787,337277902.86298925
2021-05-20,KDH,10100,22688.138034600823,229150194.1494683
2021-05-20,PDR,6100,44798.97219846616,273273730.4106436
2021-05-21,DGW,23700,27027.78780784144,640558571.0458422
2021-05-21,DBC,17000,17263.059725563202,293472015.33457446
2021-05-21,DGC,13000,27301.7872387656,354923234.10395277
2021-05-21,KDH,10100,23247.571575180024,234800472.90931824
2021-05-21,PDR,6100,46640.025850457925,284504157.6877933
2021-05-24,DGW,23700,28099.997952912996,665969951.484038
2021-05-24,DBC,17000,17545.033477886376,298265569.1240684
2021-05-24,DGC,13000,27456.91102989495,356939843.3886343
2021-05-24,KDH,10100,23278.651216323313,235114377.28486547
2021-05-24,PDR,6100,46885.49967072349,286001547.9914133
2021-05-25,DGW,23700,28120.228333008683,666449411.4923058
2021-05-25,DBC,17000,17545.033477886376,298265569.1240684
2021-05-25,DGC,13000,27805.93955993599,361477214.27916783
2021-05-25,KDH,10100,23030.014087177,232603142.28048772
2021-05-25,PDR,6100,46517.28894032514,283755462.5359833
2021-05-26,DGW,23700,27897.694151956097,661175351.4013594
2021-05-26,DBC,17000,17357.050976337592,295069866.59773904
2021-05-26,DGC,13000,27883.501455500664,362485518.9215086
2021-05-26,KDH,10100,23061.09372832029,232917046.65603495
2021-05-26,PDR,6100,45903.60438966122,280011986.77693343
2021-05-27,DGW,23700,26906.405527267303,637681810.9962351
2021-05-27,DBC,17000,16918.425139390434,287613227.36963737
2021-05-27,DGC,13000,27728.377664371314,360468909.63682705
2021-05-27,KDH,10100,24242.120091765264,244845412.92682916
2021-05-27,PDR,6100,47560.5526764538,290119371.3263682
2021-05-28,DGW,23700,25692.58272152592,608914210.5001643
2021-05-28,DBC,17000,18077.650565607928,307320059.61533475
2021-05-28,DGC,13000,27612.0348210243,358956452.6733159
2021-05-28,KDH,10100,24242.120091765264,244845412.92682916
2021-05-28,PDR,6100,47744.658041652976,291242414.05408317
2021-05-31,DGW,23700,24478.75991578454,580146610.0040936
2021-05-31,DBC,17000,19080.223907201434,324363806.4224244
2021-05-31,DGC,13000,27805.93955993599,361477214.27916783
2021-05-31,KDH,10100,24521.836862054864,247670552.30675414
2021-05-31,PDR,6100,47253.71040112184,288247633.4468432
2021-06-01,DGW,23700,25287.975119612125,599325010.3348074
2021-06-01,DBC,17000,19236.875991825418,327026891.8610321
2021-06-01,DGC,13000,27534.472925459624,357948148.0309751
2021-06-01,KDH,10100,24583.99614434144,248298361.05784854
2021-06-01,PDR,6100,46517.28894032514,283755462.5359833
2021-06-02,DGW,23700,24984.51941817678,592133110.2107897
2021-06-02,DBC,17000,19894.814747246157,338211850.70318466
2021-06-02,DGC,13000,27805.93955993599,361477214.27916783
2021-06-02,KDH,10100,24552.91650319815,247984456.6823013
2021-06-02,PDR,6100,47315.07885618824,288621981.02274823
2021-06-03,DGW,23700,24681.063716741435,584941210.086772
2021-06-03,DBC,17000,20239.44933341893,344070638.66812176
2021-06-03,DGC,13000,29008.14894118845,377105936.23544985
2021-06-03,KDH,10100,24739.394350057886,249867882.93558466
2021-06-03,PDR,6100,48051.50031698494,293114151.9336081
2021-06-04,DGW,23700,24094.382693966436,571036869.8470045
2021-06-04,DBC,17000,20020.136414945347,340342319.0540709
2021-06-04,DGC,13000,28853.0251500591,375089326.9507683
2021-06-04,KDH,10100,24335.35901519513,245787126.0534708
2021-06-04,PDR,6100,50199.39624430866,306216317.0902828
2021-06-07,DGW,23700,23649.31433186126,560488749.6651119
2021-06-07,DBC,17000,20082.79724879494,341407553.229514
2021-06-07,DGC,13000,28310.091881106375,368031194.4543829
2021-06-07,KDH,10100,24117.80152719211,243589795.42464033
2021-06-07,PDR,6100,51119.92307030454,311831530.7288577
2021-06-08,DGW,23700,23022.17254889488,545625489.4088086
2021-06-08,DBC,17000,19299.536825675015,328092126.03647524
2021-06-08,DGC,13000,27534.472925459624,357948148.0309751
2021-06-08,KDH,10100,23962.403321475664,242020273.5469042
2021-06-08,PDR,6100,50506.23851964062,308088054.96980774
2021-06-09,DGW,23700,23082.863689181948,547063869.4336121
2021-06-09,DBC,17000,19706.832245697376,335016148.1768554
2021-06-09,DGC,13000,27534.472925459624,357948148.0309751
2021-06-09,KDH,10100,24179.960809478685,244217604.17573473
2021-06-09,PDR,6100,50444.87006457423,307713707.3939028
2021-06-10,DGW,23700,24276.45611482764,575352009.9214151
2021-06-10,DBC,17000,19624.546864982847,333617296.7047084
2021-06-10,DGC,13000,28232.5299855417,367022889.8120421
2021-06-10,KDH,10100,24179.960809478685,244217604.17573473
2021-06-10,PDR,6100,51058.55461523814,311457183.1529527
2021-06-11,DGW,23700,25287.975119612125,599325010.3348074
2021-06-11,DBC,17000,19314.685598693643,328349655.1777919
2021-06-11,DGC,13000,28154.968089977025,366014585.16970134
2021-06-11,KDH,10100,25136.94052907752,253883099.34368297
2021-06-11,PDR,6100,53636.02972802661,327179781.3409623
2021-06-14,DGW,23700,25267.744739516438,598845550.3265396
2021-06-14,DBC,17000,19280.256569105954,327764361.67480123
2021-06-14,DGC,13000,28891.806097841436,375593479.2719387
2021-06-14,KDH,10100,25205.247432689146,254572999.0701604
2021-06-14,PDR,6100,56090.76793068229,342153684.377162
2021-06-15,DGW,23700,25287.975119612125,599325010.3348074
2021-06-15,DBC,17000,19280.256569105954,327764361.67480123
2021-06-15,DGC,13000,30869.63443474065,401305247.65162843
2021-06-15,KDH,10100,25205.247432689146,254572999.0701604
2021-06-15,PDR,6100,56765.8209364126,346271507.7121169
2021-06-16,DGW,23700,25490.278920569024,604119610.4174858
2021-06-16,DBC,17000,20622.988723025832,350590808.2914391
2021-06-16,DGC,13000,31412.567703693374,408363380.1480139
2021-06-16,KDH,10100,25205.247432689146,254572999.0701604
2021-06-16,PDR,6100,56458.97866108064,344399769.8325919
2021-06-17,DGW,23700,25672.352341430233,608434750.4918965
2021-06-17,DBC,17000,21070.566107665793,358199623.83031845
2021-06-17,DGC,13000,31722.815285952074,412396598.71737695
2021-06-17,KDH,10100,25205.247432689146,254572999.0701604
2021-06-17,PDR,6100,56274.873295881465,343276727.10487694
2021-06-18,DGW,23700,26076.959943344023,618023950.6572534
2021-06-18,DBC,17000,20932.849989315037,355858449.8183556
2021-06-18,DGC,13000,31645.2533903874,411388294.07503617
2021-06-18,KDH,10100,25512.628498941453,257677547.83930868
2021-06-18,PDR,6100,56520.34711614704,344774117.4084969
2021-06-21,DGW,23700,25490.278920569024,604119610.4174858
2021-06-21,DBC,17000,21414.856403542683,364052558.8602256
2021-06-21,DGC,13000,31528.91054704039,409875837.11152506
2021-06-21,KDH,10100,25512.628498941453,257677547.83930868
2021-06-21,PDR,6100,55538.451835084765,338784556.19401705
2021-06-22,DGW,23700,25085.67131865523,594530410.252129
2021-06-22,DBC,17000,21208.28222601655,360540797.84228134
2021-06-22,DGC,13000,31490.12959925805,409371684.7903546
2021-06-22,KDH,10100,25478.475047135642,257332597.97607
2021-06-22,PDR,6100,54249.71427869053,330923257.10001224
2021-06-23,DGW,23700,24276.45611482764,575352009.9214151
2021-06-23,DBC,17000,20726.2758117889,352346688.8004113
2021-06-23,DGC,13000,30830.853486958313,400801095.33045805
2021-06-23,KDH,10100,25171.093980883335,254228049.2069217
2021-06-23,PDR,6100,52838.23981216351,322313262.85419744
2021-06-24,DGW,23700,24660.833336645745,584461750.0785042
2021-06-24,DBC,17000,20760.704841376588,352931982.303402
2021-06-24,DGC,13000,30792.072539175973,400296943.00928766
2021-06-24,KDH,10100,24727.09910740778,249743700.98481858
2021-06-24,PDR,6100,54617.92500908888,333169342.55544215
2021-06-25,DGW,23700,25389.127020090575,601722310.3761467
2021-06-25,DBC,17000,21793.575729007265,370490787.3931235
2021-06-25,DGC,13000,31412.567703693374,408363380.1480139
2021-06-25,KDH,10100,25341.861239912396,255952798.5231152
2021-06-25,PDR,6100,58300.0323130724,355630197.1097416
2021-06-28,DGW,23700,25024.98017836816,593092030.2273254
2021-06-28,DBC,17000,22103.43699529647,375758428.92004
2021-06-28,DGC,13000,32188.186659340125,418446426.5714216
2021-06-28,KDH,10100,25376.014691718206,256297748.38635388
2021-06-28,PDR,6100,58054.558492806835,354132806.8061217
2021-06-29,DGW,23700,24964.28903808109,591653650.2025218
2021-06-29,DBC,17000,21896.862817770332,372246667.9020957
2021-06-29,DGC,13000,31955.5009726461,415421512.6443993
2021-06-29,KDH,10100,25615.088854358888,258712397.42902476
2021-06-29,PDR,6100,58852.34840866993,358999325.29288656
2021-06-30,DGW,23700,26218.572604013854,621380170.7151283
2021-06-30,DBC,17000,21724.717669831887,369320200.38714206
2021-06-30,DGC,13000,31645.2533903874,411388294.07503617
2021-06-30,KDH,10100,25649.242306164702,259057347.2922635
2021-06-30,PDR,6100,57318.13703201013,349640635.89526176
2021-07-01,DGW,23700,26259.033364205232,622339090.731664
2021-07-01,DBC,17000,21828.004758594954,371076080.89611423
2021-07-01,DGC,13000,32265.7485549048,419454731.2137624
2021-07-01,KDH,10100,25751.702661582138,260092196.88197958
2021-07-01,PDR,6100,58852.34840866993,358999325.29288656
2021-07-02,DGW,23700,26683.871346214717,632407750.9052888
2021-07-02,DBC,17000,20829.562900551966,354102569.3093834
2021-07-02,DGC,13000,32265.7485549048,419454731.2137624
2021-07-02,KDH,10100,25683.395757970513,259402297.15550217
2021-07-02,PDR,6100,58852.34840866993,358999325.29288656
2021-07-05,DGW,23700,27715.620731094892,656860211.326949
2021-07-05,DBC,17000,19865.55007209667,337714351.2256434
2021-07-05,DGC,13000,32459.653293816486,421975492.8196143
2021-07-05,KDH,10100,25136.94052907752,253883099.34368297
2021-07-05,PDR,6100,58300.0323130724,355630197.1097416
2021-07-06,DGW,23700,25793.73462200437,611311510.5415035
2021-07-06,DBC,17000,18935.96627322906,321911426.644894
2021-07-06,DGC,13000,30249.139270223248,393238810.5129022
2021-07-06,KDH,10100,24658.792203796158,249053801.2583412
2021-07-06,PDR,6100,57931.82158267405,353384111.6543117
2021-07-07,DGW,23700,27209.861228702648,644873711.1202527
2021-07-07,DBC,17000,19073.68239157982,324252600.65685695
2021-07-07,DGC,13000,32343.310450469475,420463035.8561032
2021-07-07,KDH,10100,25068.6336254659,253193199.6172056
2021-07-07,PDR,6100,59036.45377386911,360122368.0206016
2021-07-08,DGW,23700,29030.59543731472,688025111.8643589
2021-07-08,DBC,17000,19142.540450755198,325423187.66283834
2021-07-08,DGC,13000,32382.09139825181,420967188.1772735
2021-07-08,KDH,10100,25102.78707727171,253538149.48044428
2021-07-08,PDR,6100,58115.926947873224,354507154.3820267
2021-07-09,DGW,23700,29313.820758654376,694737551.9801087
2021-07-09,DBC,17000,19039.25336199213,323667307.15386623
2021-07-09,DGC,13000,34088.45310067466,443149890.3087706
2021-07-09,KDH,10100,25000.326721854275,252503299.89072818
2021-07-09,PDR,6100,57931.82158267405,353384111.6543117
2021-07-12,DGW,23700,27917.924532051788,661654811.4096273
2021-07-12,DBC,17000,17937.524415186075,304937915.0581633
2021-07-12,DGC,13000,31877.939077081424,414413208.0020585
2021-07-12,KDH,10100,24727.09910740778,249743700.98481858
2021-07-12,PDR,6100,55783.92565535033,340281946.49763703
2021-07-13,DGW,23700,27250.321988894026,645832631.1367884
2021-07-13,DBC,17000,18109.66956312452,307864382.57311684
2021-07-13,DGC,13000,31412.567703693374,408363380.1480139
2021-07-13,KDH,10100,24795.406011019404,250433600.711296
2021-07-13,PDR,6100,53390.555907761045,325682391.03734237
2021-07-14,DGW,23700,26198.342223918164,620900710.7068604
2021-07-14,DBC,17000,17593.23411930918,299084980.02825606
2021-07-14,DGC,13000,30249.139270223248,393238810.5129022
2021-07-14,KDH,10100,25136.94052907752,253883099.34368297
2021-07-14,PDR,6100,53697.398183093,327554128.9168673
2021-07-15,DGW,23700,26805.253626788854,635284510.9548959
2021-07-15,DBC,17000,18316.243740650654,311376143.5910611
2021-07-15,DGC,13000,31335.0058081287,407355075.5056731
2021-07-15,KDH,10100,24829.559462825215,250778550.57453465
2021-07-15,PDR,6100,53513.292817893824,326431086.1891523
2021-07-16,DGW,23700,26339.95488458799,624256930.7647353
2021-07-16,DBC,17000,18557.24694776448,315473198.1119962
2021-07-16,DGC,13000,31839.15812929909,413909055.6808882
2021-07-16,KDH,10100,25239.40088449496,254917948.9333991
2021-07-16,PDR,6100,55354.34646988559,337661513.4663021
2021-07-19,DGW,23700,25085.67131865523,594530410.252129
2021-07-19,DBC,17000,17489.947030546115,297329099.51928395
2021-07-19,DGC,13000,30753.291591393638,399792790.68811727
2021-07-19,KDH,10100,25478.475047135642,257332597.97607
2021-07-19,PDR,6100,53881.50354829218,328677171.64458233
2021-07-20,DGW,23700,25449.818160377643,603160690.4009502
2021-07-20,DBC,17000,17834.23732642301,303182034.5491911
2021-07-20,DGC,13000,31567.691494822724,410379989.4326954
2021-07-20,KDH,10100,25205.247432689146,254572999.0701604
2021-07-20,PDR,6100,55170.24110468641,336538470.7385871
2021-07-21,DGW,23700,27230.09160879834,645353171.1285206
2021-07-21,DBC,17000,17558.805089721493,298499686.5252654
2021-07-21,DGC,13000,31800.37718151675,413404903.3597177
2021-07-21,KDH,10100,25034.480173660086,252848249.75396687
2021-07-21,PDR,6100,54249.71427869053,330923257.10001224
2021-07-22,DGW,23700,28605.757455305236,677956451.6907341
2021-07-22,DBC,17000,17971.953444773764,305523208.561154
2021-07-22,DGC,13000,33506.7388839396,435587605.4912148
2021-07-22,KDH,10100,26776.306215756493,270440692.7791406
2021-07-22,PDR,6100,55292.97801481919,337287165.8903971
2021-07-23,DGW,23700,27917.924532051788,661654811.4096273
2021-07-23,DBC,17000,17730.95023765994,301426154.040219
2021-07-23,DGC,13000,35833.59575087985,465836744.7614381
2021-07-23,KDH,10100,26229.8509868635,264921494.96732137
2021-07-23,PDR,6100,54372.45118882332,331671952.25182223
2021-07-26,DGW,23700,29597.046079994034,701449992.0958586
2021-07-26,DBC,17000,18316.243740650654,311376143.5910611
2021-07-26,DGC,13000,37423.614609955686,486506989.9294239
2021-07-26,KDH,10100,26742.15276395068,270095742.91590184
2021-07-26,PDR,6100,55538.451835084765,338784556.19401705
2021-07-27,DGW,23700,29536.354939706966,700011612.071055
2021-07-27,DBC,17000,18694.963066115237,317814372.123959
2021-07-27,DGC,13000,36066.281437573874,468861658.68846035
2021-07-27,KDH,10100,26810.459667562303,270785642.6423793
2021-07-27,PDR,6100,55108.87264962002,336164123.1626821
2021-07-28,DGW,23700,28423.68403444403,673641311.6163236
2021-07-28,DBC,17000,18935.96627322906,321911426.644894
2021-07-28,DGC,13000,36337.748072050235,472390724.9366531
2021-07-28,KDH,10100,26468.925149504186,267336144.00999227
2021-07-28,PDR,6100,55783.92565535033,340281946.49763703
2021-07-29,DGW,23700,29779.11950085524,705765132.1702691
2021-07-29,DBC,17000,18970.395302816753,322496720.1478848
2021-07-29,DGC,13000,37229.709871044,483986228.323572
2021-07-29,KDH,10100,27186.147637426235,274580091.13800496
2021-07-29,PDR,6100,55783.92565535033,340281946.49763703
2021-07-30,DGW,23700,30102.805582386274,713436492.3025547
2021-07-30,DBC,17000,18901.53724364137,321326133.1419033
2021-07-30,DGC,13000,37035.805132132315,481465466.7177201
2021-07-30,KDH,10100,27800.909769930848,280789188.67630154
2021-07-30,PDR,6100,56765.8209364126,346271507.7121169
2021-08-02,DGW,23700,30244.418243056105,716792712.3604296
2021-08-02,DBC,17000,18591.67597735217,316058491.6149869
2021-08-02,DGC,13000,37656.300296649715,489531903.8564463
2021-08-02,KDH,10100,27527.682155484352,278029589.77039194
2021-08-02,PDR,6100,57440.87394214291,350389331.04707175
2021-08-03,DGW,23700,31761.69675023283,752752212.9805181
2021-08-03,DBC,17000,18419.530829413725,313132024.10003334
2021-08-03,DGC,13000,37578.73840108504,488523599.2141055
2021-08-03,KDH,10100,27971.677028959908,282513937.99249506
2021-08-03,PDR,6100,57624.97930734209,351512373.7747867
2021-08-04,DGW,23700,31883.07903080697,755628973.0301251
2021-08-04,DBC,17000,18488.388888589103,314302611.1060147
2021-08-04,DGC,13000,38587.04304342581,501631559.5645355
2021-08-04,KDH,10100,27732.602866319223,280099288.94982415
2021-08-04,PDR,6100,57563.6108522757,351138026.19888175
2021-08-05,DGW,23700,31357.089148319035,743163012.8151611
2021-08-05,DBC,17000,18660.534036527548,317229078.62096834
2021-08-05,DGC,13000,38625.82399120815,502135711.88570595
2021-08-05,KDH,10100,28005.83048076572,282858887.85573375
2021-08-05,PDR,6100,57563.6108522757,351138026.19888175
2021-08-06,DGW,23700,31356.918154923987,743158960.2716985
2021-08-06,DBC,17000,19108.11142116751,324837894.1598476
2021-08-06,DGC,13000,37927.766931126076,493060970.104639
2021-08-06,KDH,10100,28279.058095212215,285618486.76164335
2021-08-06,PDR,6100,57379.50548707652,350014983.4711668
2021-08-09,DGW,23700,32287.686632720764,765218173.1954821
2021-08-09,DBC,17000,19624.546864982847,333617296.7047084
2021-08-09,DGC,13000,38199.23356560244,496590036.35283166
2021-08-09,KDH,10100,28927.973679522638,292172534.1631786
2021-08-09,PDR,6100,57440.87394214291,350389331.04707175
2021-08-10,DGW,23700,32955.289175878526,781040353.4683211
2021-08-10,DBC,17000,19693.404924158225,334787883.71068984
2021-08-10,DGC,13000,39440.22389463724,512722910.6302841
2021-08-10,KDH,10100,28620.59261327033,289067985.39403033
2021-08-10,PDR,6100,57011.29475667817,347768898.0157369
2021-08-11,DGW,23700,33177.82335693111,786314413.5592674
2021-08-11,DBC,17000,19314.685598693643,328349655.1777919
2021-08-11,DGC,13000,38625.82399120815,502135711.88570595
2021-08-11,KDH,10100,27356.914896455295,276304840.4541985
2021-08-11,PDR,6100,57011.29475667817,347768898.0157369
2021-08-12,DGW,23700,32287.686632720764,765218173.1954821
2021-08-12,DBC,17000,19314.685598693643,328349655.1777919
2021-08-12,DGC,13000,38199.23356560244,496590036.35283166
2021-08-12,KDH,10100,27595.989059095977,278719489.4968694
2021-08-12,PDR,6100,56765.8209364126,346271507.7121169
2021-08-13,DGW,23700,32307.91701281645,765697633.2037499
2021-08-13,DBC,17000,19968.837160859737,339470231.7346155
2021-08-13,DGC,13000,38005.32882669075,494069274.7469797
2021-08-13,KDH,10100,28552.285709658707,288378085.66755295
2021-08-13,PDR,6100,56213.504840815076,342902379.52897197
2021-08-16,DGW,23700,32975.51955597421,781519813.4765888
2021-08-16,DBC,17000,20381.98551591201,346493753.7705042
2021-08-16,DGC,13000,38664.60493899049,502639864.20687634
2021-08-16,KDH,10100,28483.978806047086,287688185.94107556
2021-08-16,PDR,6100,56274.873295881465,343276727.10487694
2021-08-17,DGW,23700,33258.74487731387,788232253.5923387
2021-08-17,DBC,17000,20175.41133838587,342981992.7525598
2021-08-17,DGC,13000,39517.78579020191,513731215.27262485
2021-08-17,KDH,10100,28142.444287988965,284238687.3086885
2021-08-17,PDR,6100,55968.031020549504,341404989.225352
2021-08-18,DGW,23700,33177.82335693111,786314413.5592674
2021-08-18,DBC,17000,20450.843575087387,347664340.77648556
2021-08-18,DGC,13000,40719.99517145437,529359937.2289068
2021-08-18,KDH,10100,28347.364998823836,286308386.48812073
2021-08-18,PDR,6100,54617.92500908888,333169342.55544215
2021-08-19,DGW,23700,33177.82335693111,786314413.5592674
2021-08-19,DBC,17000,20760.704841376588,352931982.303402
2021-08-19,DGC,13000,42193.6711871832,548517725.4333816
2021-08-19,KDH,10100,28381.51845062965,286653336.3513595
2021-08-19,PDR,6100,54188.345823624135,330548909.5241072
2021-08-20,DGW,23700,33906.11704037594,803574973.8569098
2021-08-20,DBC,17000,20140.982308798182,342396699.2495691
2021-08-20,DGC,13000,41689.51886601281,541963745.2581666
2021-08-20,KDH,10100,26912.92002297974,271820492.23209536
2021-08-20,PDR,6100,52224.5552614996,318569787.09514755
2021-08-23,DGW,23700,34189.34236171559,810287413.9726596
2021-08-23,DBC,17000,19968.837160859737,339470231.7346155
2021-08-23,DGC,13000,42310.01403053021,550030182.3968928
2021-08-23,KDH,10100,25956.62337241701,262161896.0614118
2021-08-23,PDR,6100,50444.87006457423,307713707.3939028
2021-08-24,DGW,23700,35328.98710877847,837296994.4780498
2021-08-24,DBC,17000,19658.975894570536,334202590.2076991
2021-08-24,DGC,13000,41689.51886601281,541963745.2581666
2021-08-24,KDH,10100,25956.62337241701,262161896.0614118
2021-08-24,PDR,6100,52776.87135709712,321938915.2782925
2021-08-25,DGW,23700,34596.35834384988,819933692.7492422
2021-08-25,DBC,17000,19899.97910168436,338299644.7286341
2021-08-25,DGC,13000,41844.64265714216,543980354.5428481
2021-08-25,KDH,10100,26229.8509868635,264921494.96732137
2021-08-25,PDR,6100,53267.81899762826,324933695.8855324
2021-08-26,DGW,23700,35003.37432436577,829579971.4874687
2021-08-26,DBC,17000,20140.982308798182,342396699.2495691
2021-08-26,DGC,13000,42930.50919504761,558096619.535619
2021-08-26,KDH,10100,26059.083727834444,263196745.65112787
2021-08-26,PDR,6100,51242.659980437325,312580225.8806677
2021-08-27,DGW,23700,34718.46313800465,822827576.3707101
2021-08-27,DBC,17000,20588.559693438143,350005514.78844845
2021-08-27,DGC,13000,43357.099620653324,563642295.0684932
2021-08-27,KDH,10100,26742.15276395068,270095742.91590184
2021-08-27,PDR,6100,52163.1868064332,318195439.5192425
2021-08-30,DGW,23700,34718.46313800465,822827576.3707101
2021-08-30,DBC,17000,21759.146699419576,369905493.8901328
2021-08-30,DGC,13000,44598.089949688125,579775169.3459456
2021-08-30,KDH,10100,26981.226926591364,272510391.95857275
2021-08-30,PDR,6100,52470.02908176516,320067177.3987675
2021-08-31,DGW,23700,35288.285510726884,836332366.6042272
2021-08-31,DBC,17000,21277.140285191927,361711384.8482627
2021-08-31,DGC,13000,45761.51838315825,594899738.9810572
2021-08-31,KDH,10100,27151.99418562042,274235141.27476627
2021-08-31,PDR,6100,53942.87200335857,329051519.2204873
2021-09-01,DGW,23700,34718.46313800465,822827576.3707101
2021-09-01,DBC,17000,21896.862817770332,372246667.9020957
2021-09-01,DGC,13000,45451.27080089955,590866520.4116942
2021-09-01,KDH,10100,26844.613119368114,271130592.505618
2021-09-01,PDR,6100,52592.76599189795,320815872.55057746
2021-09-06,DGW,23700,37119.85742304835,879740620.9262459
2021-09-06,DBC,17000,21552.572521893442,366393732.8721885
2021-09-06,DGC,13000,44985.8994275115,584816692.5576495
2021-09-06,KDH,10100,27971.677028959908,282513937.99249506
2021-09-06,PDR,6100,52776.87135709712,321938915.2782925
2021-09-07,DGW,23700,37771.08299187376,895174666.9074081
2021-09-07,DBC,17000,21173.85319642886,359955504.3392906
2021-09-07,DGC,13000,44481.747106341114,578262712.3824345
2021-09-07,KDH,10100,27732.602866319223,280099288.94982415
2021-09-07,PDR,6100,50935.817705105364,310708488.00114274
2021-09-08,DGW,23700,37852.48618797693,897103922.6550533
2021-09-08,DBC,17000,21001.708048490415,357029036.82433707
2021-09-08,DGC,13000,44985.8994275115,584816692.5576495
2021-09-08,KDH,10100,27322.76144464948,275959890.5909597
2021-09-08,PDR,6100,51672.239165902065,315200658.9120026
2021-09-09,DGW,23700,38951.42933536981,923148875.2482644
2021-09-09,DBC,17000,21173.85319642886,359955504.3392906
2021-09-09,DGC,13000,44830.775636382146,582800083.2729679
2021-09-09,KDH,10100,27664.2959627076,279409389.22334677
2021-09-09,PDR,6100,50567.60697470701,308462402.54571277
2021-09-10,DGW,23700,41515.63001261986,983920431.2990907
2021-09-10,DBC,17000,21345.998344367305,362881971.8542442
2021-09-10,DGC,13000,45490.051748681886,591370672.7328645
2021-09-10,KDH,10100,27698.449414513412,279754339.08658546
2021-09-10,PDR,6100,50506.23851964062,308088054.96980774
2021-09-13,DGW,23700,44405.44347428262,1052409010.3404981
2021-09-13,DBC,17000,21070.566107665793,358199623.83031845
2021-09-13,DGC,13000,48670.08946683356,632711163.0688363
2021-09-13,KDH,10100,28176.59773979478,284583637.1719273
2021-09-13,PDR,6100,49401.60632844556,301349798.6035179
2021-09-14,DGW,23700,47498.764926203316,1125720728.7510185
2021-09-14,DBC,17000,21104.99513725348,358784917.3333092
2021-09-14,DGC,13000,49562.05126582732,644306666.4557552
2021-09-14,KDH,10100,28176.59773979478,284583637.1719273
2021-09-14,PDR,6100,49401.60632844556,301349798.6035179
2021-09-15,DGW,23700,47824.37771061602,1133437751.7415996
2021-09-15,DBC,17000,21655.85961065651,368149613.3811607
2021-09-15,DGC,13000,49872.29884808602,648339885.0251182
2021-09-15,KDH,10100,28142.444287988965,284238687.3086885
2021-09-15,PDR,6100,50138.02778924227,305841969.51437783
2021-09-16,DGW,23700,44649.653062592144,1058196777.5834339
2021-09-16,DBC,17000,21518.143492305753,365808439.3691978
2021-09-16,DGC,13000,51462.31770716186,669010130.1931043
2021-09-16,KDH,10100,29167.04784216332,294587183.2058495
2021-09-16,PDR,6100,50199.39624430866,306216317.0902828
2021-09-17,DGW,23700,46806.837759326314,1109322054.8960335
2021-09-17,DBC,17000,22275.582143234915,378684896.43499357
2021-09-17,DGC,13000,55030.16490313691,715392143.7407798
2021-09-17,KDH,10100,28688.899516881957,289757885.1205078
2021-09-17,PDR,6100,49094.7640531136,299478060.72399294
2021-09-20,DGW,23700,47620.869720358074,1128614612.3724864
2021-09-20,DBC,17000,22378.869231997982,380440776.9439657
2021-09-20,DGC,13000,57201.89797894781,743624673.7263216
2021-09-20,KDH,10100,28825.513324105203,291137684.57346255
2021-09-20,PDR,6100,50874.44925003897,310334140.4252377
2021-09-21,DGW,23700,47702.272916461254,1130543868.1201317
2021-09-21,DBC,17000,22034.57893612109,374587841.9140585
2021-09-21,DGC,13000,60769.745174922864,790006687.2739972
2021-09-21,KDH,10100,28518.132257852896,288033135.80431426
2021-09-21,PDR,6100,50076.65933417587,305467621.9384728
2021-09-22,DGW,23700,48027.88570087396,1138260891.1107128
2021-09-22,DBC,17000,22103.43699529647,375758428.92004
2021-09-22,DGC,13000,64996.86848319765,844959290.2815695
2021-09-22,KDH,10100,28688.899516881957,289757885.1205078
2021-09-22,PDR,6100,49708.44860377752,303221536.4830429
2021-09-23,DGW,23700,47417.361730100136,1123791473.0033731
2021-09-23,DBC,17000,22034.57893612109,374587841.9140585
2021-09-23,DGC,13000,60459.497592664164,785973468.7046341
2021-09-23,KDH,10100,28688.899516881957,289757885.1205078
2021-09-23,PDR,6100,49462.974783511956,301724146.1794229
2021-09-24,DGW,23700,47295.25693594537,1120897589.3819053
2021-09-24,DBC,17000,21483.714462718064,365223145.86620706
2021-09-24,DGC,13000,57395.8027178595,746145435.3321735
2021-09-24,KDH,10100,28688.899516881957,289757885.1205078
2021-09-24,PDR,6100,49278.86941831278,300601103.45170796
2021-09-27,DGW,23700,45585.78981777867,1080383218.6813545
2021-09-27,DBC,17000,20106.553279210493,341811405.7465784
2021-09-27,DGC,13000,57473.36461342417,747153739.9745142
2021-09-27,KDH,10100,28244.9046434064,285273536.89840466
2021-09-27,PDR,6100,49278.86941831278,300601103.45170796
2021-09-28,DGW,23700,47213.8537398422,1118968333.6342602
2021-09-28,DBC,17000,20485.27260467506,348249634.27947605
2021-09-28,DGC,13000,58947.040629153,766311528.178989
2021-09-28,KDH,10100,28415.67190243546,286998286.2145982
2021-09-28,PDR,6100,49892.553968976696,304344579.21075785
2021-09-29,DGW,23700,46074.208994397726,1091958753.167226
2021-09-29,DBC,17000,20520.89916572667,348855285.8173534
2021-09-29,DGC,13000,55495.53627652496,721441971.5948244
2021-09-29,KDH,10100,28415.67190243546,286998286.2145982
2021-09-29,PDR,6100,49831.185513910306,303970231.6348529
2021-09-30,DGW,23700,48312.796887235076,1145013286.2274714
2021-09-30,DBC,17000,20449.646043623452,347643982.74159867
2021-09-30,DGC,13000,58520.45020354728,760765852.6461147
2021-09-30,KDH,10100,28415.67190243546,286998286.2145982
2021-09-30,PDR,6100,50199.39624430866,306216317.0902828
2021-10-01,DGW,23700,48801.21606385413,1156588820.713343
2021-10-01,DBC,17000,19950.87418890093,339164861.2113158
2021-10-01,DGC,13000,61622.926026134286,801098038.3397458
2021-10-01,KDH,10100,28210.75119160059,284928587.03516597
2021-10-01,PDR,6100,51549.50225576928,314451963.7601926
2021-10-04,DGW,23700,47620.869720358074,1128614612.3724864
2021-10-04,DBC,17000,21090.92414255241,358545710.4233909
2021-10-04,DGC,13000,59683.87863701741,775890422.2812264
2021-10-04,KDH,10100,28074.137384377344,283548787.5822112
2021-10-04,PDR,6100,52347.292171632376,319318482.2469575
2021-10-05,DGW,23700,47417.361730100136,1123791473.0033731
2021-10-05,DBC,17000,20948.417898345975,356123104.2718816
2021-10-05,DGC,13000,58985.821576935334,766815680.5001594
2021-10-05,KDH,10100,28381.51845062965,286653336.3513595
2021-10-05,PDR,6100,51549.50225576928,314451963.7601926
2021-10-06,DGW,23700,47987.18410282237,1137296263.2368903
2021-10-06,DBC,17000,20805.91165413954,353700498.1203722
2021-10-06,DGC,13000,57977.51693459456,753707720.1497293
2021-10-06,KDH,10100,28688.899516881957,289757885.1205078
2021-10-06,PDR,6100,51733.60762096846,315575006.4879076
2021-10-07,DGW,23700,47620.869720358074,1128614612.3724864
2021-10-07,DBC,17000,21019.671020449194,357334407.3476363
2021-10-07,DGC,13000,58171.42167350625,756228481.7555813
2021-10-07,KDH,10100,28927.973679522638,292172534.1631786
2021-10-07,PDR,6100,52408.66062669877,319692829.8228625
2021-10-08,DGW,23700,47173.15214179061,1118003705.7604375
2021-10-08,DBC,17000,20877.164776242756,354911801.1961269
2021-10-08,DGC,13000,58404.10736020027,759253395.6826036
2021-10-08,KDH,10100,29747.656522862122,300451330.8809074
2021-10-08,PDR,6100,53390.555907761045,325682391.03734237
2021-10-11,DGW,23700,47091.74894568743,1116074450.012792
2021-10-11,DBC,17000,20235.8866773138,344010073.5143346
2021-10-11,DGC,13000,58869.47873358832,765303223.5366482
2021-10-11,KDH,10100,29815.963426473747,301141230.60738486
2021-10-11,PDR,6100,54495.188098956096,332420647.40363216
2021-10-12,DGW,23700,47091.74894568743,1116074450.012792
2021-10-12,DBC,17000,20378.392921520233,346432679.66584396
2021-10-12,DGC,13000,62049.51645174,806643713.87262
2021-10-12,KDH,10100,29747.656522862122,300451330.8809074
2021-10-12,PDR,6100,54311.08273375692,331297604.6759172
2021-10-13,DGW,23700,46359.120180758844,1098711148.2839847
2021-10-13,DBC,17000,20235.8866773138,344010073.5143346
2021-10-13,DGC,13000,62670.0116162574,814710151.0113462
2021-10-13,KDH,10100,29747.656522862122,300451330.8809074
2021-10-13,PDR,6100,55599.820290151154,339158903.769922
2021-10-14,DGW,23700,45911.402602191374,1088100241.6719356
2021-10-14,DBC,17000,20307.13979941702,345221376.5900893
2021-10-14,DGC,13000,61196.335600528575,795552362.8068715
2021-10-14,KDH,10100,29918.423781891182,302176080.19710094
2021-10-14,PDR,6100,57072.66321174456,348143245.59164184
2021-10-15,DGW,23700,46521.926572965196,1102569659.7792752
2021-10-15,DBC,17000,20235.8866773138,344010073.5143346
2021-10-15,DGC,13000,61506.583182787275,799585581.3762345
2021-10-15,KDH,10100,29952.577233696993,302521030.0603396
2021-10-15,PDR,6100,56029.3994756159,341779336.801257
2021-10-18,DGW,23700,45707.894611933436,1083277102.3028224
2021-10-18,DBC,17000,20093.380433107362,341587467.36282516
2021-10-18,DGC,13000,60692.183279358185,788998382.6316564
2021-10-18,KDH,10100,30259.9582999493,305625578.8294879
2021-10-18,PDR,6100,57686.347762408484,351886721.35069174
2021-10-19,DGW,23700,46562.62817101679,1103534287.6530979
2021-10-19,DBC,17000,19986.500749952538,339770512.74919313
2021-10-19,DGC,13000,58947.040629153,766311528.178989
2021-10-19,KDH,10100,30430.72555897836,307350328.14568144
2021-10-19,PDR,6100,57379.50548707652,350014983.4711668
2021-10-20,DGW,23700,45911.402602191374,1088100241.6719356
2021-10-20,DBC,17000,20022.127311004147,340376164.2870705
2021-10-20,DGC,13000,61351.459391657925,797568972.091553
2021-10-20,KDH,10100,30259.9582999493,305625578.8294879
2021-10-20,PDR,6100,59159.19068400189,360871063.17241156
2021-10-21,DGW,23700,45952.10420024297,1089064869.5457582
2021-10-21,DBC,17000,20235.8866773138,344010073.5143346
2021-10-21,DGC,13000,62437.325929563376,811685237.0843239
2021-10-21,KDH,10100,30669.79972161904,309764977.18835235
2021-10-21,PDR,6100,59343.29604920107,361994105.9001265
2021-10-22,DGW,23700,45422.98342557232,1076524707.186064
2021-10-22,DBC,17000,20485.27260467506,348249634.27947605
2021-10-22,DGC,13000,61778.049817263636,803114647.6244273
2021-10-22,KDH,10100,31113.794595094598,314249325.41045547
2021-10-22,PDR,6100,60754.77051572808,370604100.14594126
2021-10-25,DGW,23700,45545.088219727084,1079418590.8075318
2021-10-25,DBC,17000,20841.538215191147,354306149.6582495
2021-10-25,DGC,13000,60886.088018269875,791519144.2375084
2021-10-25,KDH,10100,31831.017083016646,321493272.5384681
2021-10-25,PDR,6100,60141.085965064165,366860624.3868914
2021-10-26,DGW,23700,45707.894611933436,1083277102.3028224
2021-10-26,DBC,17000,21696.57568042976,368841786.5673059
2021-10-26,DGC,13000,60847.307070487535,791014991.916338
2021-10-26,KDH,10100,31455.329113152715,317698824.04284245
2021-10-26,PDR,6100,59097.822228935496,360496715.59650654
2021-10-27,DGW,23700,47376.66013204855,1122826845.1295507
2021-10-27,DBC,17000,21874.708485687803,371870044.25669265
2021-10-27,DGC,13000,60420.716644881824,785469316.3834637
2021-10-27,KDH,10100,32787.31373357938,331151868.70915174
2021-10-27,PDR,6100,59588.76986946663,363491496.20374644
2021-10-28,DGW,23700,46806.837759326314,1109322054.8960335
2021-10-28,DBC,17000,21732.20224148137,369447438.1051833
2021-10-28,DGC,13000,59645.09768923507,775386269.960056
2021-10-28,KDH,10100,33811.917287753735,341500364.60631275
2021-10-28,PDR,6100,58484.13767827158,356753239.83745664
2021-10-29,DGW,23700,46196.31378855249,1094852636.7886941
2021-10-29,DBC,17000,21447.1897530685,364602225.8021645
2021-10-29,DGC,13000,59257.2882114117,770344746.7483522
2021-10-29,KDH,10100,34836.52084192809,351848860.5034737
2021-10-29,PDR,6100,58913.71686373632,359373672.8687916
2021-11-01,DGW,23700,46196.31378855249,1094852636.7886941
2021-11-01,DBC,17000,21197.803825707237,360362665.037023
2021-11-01,DGC,13000,60381.935697099485,784965164.0622933
2021-11-01,KDH,10100,33470.382769695614,338050865.9739257
2021-11-01,PDR,6100,57134.03166681095,348517593.1675468
2021-11-02,DGW,23700,45667.19301388185,1082312474.429
2021-11-02,DBC,17000,21660.94911937815,368236135.02942854
2021-11-02,DGC,13000,60420.716644881824,785469316.3834637
2021-11-02,KDH,10100,34426.67942025835,347709462.14460933
2021-11-02,PDR,6100,58484.13767827158,356753239.83745664
2021-11-03,DGW,23700,44771.75785674691,1061090661.2049018
2021-11-03,DBC,17000,21197.803825707237,360362665.037023
2021-11-03,DGC,13000,59528.75484588806,773873812.9965448
2021-11-03,KDH,10100,32240.85850468639,325632670.89733255
2021-11-03,PDR,6100,57379.50548707652,350014983.4711668
2021-11-04,DGW,23700,45178.773837262794,1070736939.9431282
2021-11-04,DBC,17000,21269.056947810455,361573968.11277777
2021-11-04,DGC,13000,60653.402331575846,788494230.310486
2021-11-04,KDH,10100,32411.62576371545,327357420.213526
2021-11-04,PDR,6100,57502.24239720931,350763678.6229768
2021-11-05,DGW,23700,46318.41858270726,1097746520.410162
2021-11-05,DBC,17000,22729.745950926415,386405681.1657491
2021-11-05,DGC,13000,63290.5067807748,822776588.1500723
2021-11-05,KDH,10100,32923.92754080262,332531668.1621065
2021-11-05,PDR,6100,58238.66385800601,355255849.53383666
2021-11-08,DGW,23700,45585.78981777867,1080383218.6813545
2021-11-08,DBC,17000,23584.783416165028,400941318.0748055
2021-11-08,DGC,13000,63561.97341525116,826305654.3982651
2021-11-08,KDH,10100,32821.46718538519,331496818.57239044
2021-11-08,PDR,6100,57134.03166681095,348517593.1675468
2021-11-09,DGW,23700,45585.78981777867,1080383218.6813545
2021-11-09,DBC,17000,23406.65061090698,397913060.3854187
2021-11-09,DGC,13000,61661.706973916625,801602190.6609161
2021-11-09,KDH,10100,33060.54134802587,333911467.6150613
2021-11-09,PDR,6100,56643.084026279816,345522812.56030685
2021-11-10,DGW,23700,44934.56424895326,1064949172.7001923
2021-11-10,DBC,17000,24226.061515093985,411843045.75659776
2021-11-10,DGC,13000,60381.935697099485,784965164.0622933
2021-11-10,KDH,10100,32992.23444441425,333221567.88858396
2021-11-10,PDR,6100,54740.66191922167,333918037.70725214
2021-11-11,DGW,23700,44608.95146454056,1057232149.7096112
2021-11-11,DBC,17000,24724.833369816508,420322167.2868806
2021-11-11,DGC,13000,60071.688114840785,780931945.4929302
2021-11-11,KDH,10100,34016.837998588606,343570063.7857449
2021-11-11,PDR,6100,56397.61020601425,344025422.2566869
2021-11-12,DGW,23700,45463.68502362391,1077489335.0598867
2021-11-12,DBC,17000,24760.459930868117,420927818.824758
2021-11-12,DGC,13000,60304.37380153481,783956859.4199526
2021-11-12,KDH,10100,33811.917287753735,341500364.60631275
2021-11-12,PDR,6100,56090.76793068229,342153684.377162
2021-11-15,DGW,23700,48638.40967164778,1152730309.2180524
2021-11-15,DBC,17000,24261.688076145594,412448697.2944751
2021-11-15,DGC,13000,60110.469062623124,781436097.8141006
2021-11-15,KDH,10100,33675.303480530485,340120565.1533579
2021-11-15,PDR,6100,55845.294110416726,340656294.073542
2021-11-16,DGW,23700,51080.50555474307,1210607981.6474106
2021-11-16,DBC,17000,24226.061515093985,411843045.75659776
2021-11-16,DGC,13000,60886.088018269875,791519144.2375084
2021-11-16,KDH,10100,32958.08099260844,332876618.02534527
2021-11-16,PDR,6100,55538.451835084765,338784556.19401705
2021-11-17,DGW,23700,50836.295966433536,1204820214.4044747
2021-11-17,DBC,17000,24368.567759300422,414265651.90810716
2021-11-17,DGC,13000,63406.84962412181,824289045.1135836
2021-11-17,KDH,10100,32992.23444441425,333221567.88858396
2021-11-17,PDR,6100,55231.609559752804,336912818.3144921
2021-11-18,DGW,23700,53319.09344758041,1263662514.7076557
2021-11-18,DBC,17000,24154.808392990766,410631742.680843
2021-11-18,DGC,13000,65656.14459549739,853529879.741466
2021-11-18,KDH,10100,32514.086119132884,328392269.80324215
2021-11-18,PDR,6100,54986.13573948723,335415428.0108721
2021-11-19,DGW,23700,55354.173350159814,1311893908.3987875
2021-11-19,DBC,17000,23157.26468354572,393673499.6202772
2021-11-19,DGC,13000,65656.14459549739,853529879.741466
2021-11-19,KDH,10100,31352.86875773528,316663974.4531263
2021-11-19,PDR,6100,55661.18874521754,339533251.34582704
2021-11-22,DGW,23700,56982.23727222334,1350479023.3516932
2021-11-22,DBC,17000,23513.53029406181,399730014.99905074
2021-11-22,DGC,13000,63949.78289307454,831347177.609969
2021-11-22,KDH,10100,29371.968552998194,296656882.38528174
2021-11-22,PDR,6100,55783.92565535033,340281946.49763703
2021-11-23,DGW,23700,54743.64937938599,1297424490.291448
2021-11-23,DBC,17000,25152.352102435812,427589985.7414088
2021-11-23,DGC,13000,64570.27805759194,839413614.7486953
2021-11-23,KDH,10100,31079.641143288783,313904375.5472167
2021-11-23,PDR,6100,55661.18874521754,339533251.34582704
2021-11-24,DGW,23700,55883.29412483046,1324434070.758482
2021-11-24,DBC,17000,26898.053593964647,457266911.097399
2021-11-24,DGC,13000,64996.86848319765,844959290.2815695
2021-11-24,KDH,10100,32035.937793851517,323562971.71790034
2021-11-24,PDR,6100,55477.08338001837,338410208.618112
2021-11-25,DGW,23700,55516.979742366166,1315752419.894078
2021-11-25,DBC,17000,26719.9207887066,454238653.4080122
2021-11-25,DGC,13000,64880.52563985064,843446833.3180583
2021-11-25,KDH,10100,31899.32398662827,322183172.26494557
2021-11-25,PDR,6100,57809.08467254126,352635416.5025017
2021-11-26,DGW,23700,54743.64937938599,1297424490.291448
2021-11-26,DBC,17000,27361.19888763556,465140381.08980453
2021-11-26,DGC,13000,62825.13540738675,816726760.2960278
2021-11-26,KDH,10100,31660.249823987586,319768523.2222746
2021-11-26,PDR,6100,58790.979953603535,358624977.7169816
2021-11-29,DGW,23700,55313.47175210823,1310929280.524965
2021-11-29,DBC,17000,28323.116036028998,481492972.612493
2021-11-29,DGC,13000,61971.954556175326,805635409.2302792
2021-11-29,KDH,10100,31216.254950512033,315284175.00017154
2021-11-29,PDR,6100,57686.347762408484,351886721.35069174
2021-11-30,DGW,23700,52505.06148654865,1244369957.231203
2021-11-30,DBC,17000,27895.597303409693,474225154.15796477
2021-11-30,DGC,13000,63368.06867633948,823784892.7924132
2021-11-30,KDH,10100,31728.55672759921,320458422.94875205
2021-11-30,PDR,6100,57440.87394214291,350389331.04707175
2021-12-01,DGW,23700,52912.07746706453,1254016235.9694295
2021-12-01,DBC,17000,27788.717620254865,472408199.5443327
2021-12-01,DGC,13000,63212.94488521013,821768283.5077317
2021-12-01,KDH,10100,31421.175661346904,317353874.17960376
2021-12-01,PDR,6100,57072.66321174456,348143245.59164184
2021-12-02,DGW,23700,52098.045506032766,1234723678.4929767
2021-12-02,DBC,17000,27859.970742358084,473619502.62008744
2021-12-02,DGC,13000,63290.5067807748,822776588.1500723
2021-12-02,KDH,10100,31626.096372181775,319423573.3590359
2021-12-02,PDR,6100,58177.29540293962,354881501.9579317
2021-12-03,DGW,23700,50307.17519176289,1192280052.0447805
2021-12-03,DBC,17000,26684.29422765499,453633001.87013483
2021-12-03,DGC,13000,61467.802235004936,799081429.0550642
2021-12-03,KDH,10100,31455.329113152715,317698824.04284245
2021-12-03,PDR,6100,58238.66385800601,355255849.53383666
2021-12-06,DGW,23700,49248.9336424216,1167199727.325392
2021-12-06,DBC,17000,26328.028617138905,447576486.4913614
2021-12-06,DGC,13000,60265.592853752474,783452707.0987822
2021-12-06,KDH,10100,29576.889263833065,298726581.56471395
2021-12-06,PDR,6100,58668.24304347076,357876282.5651716
2021-12-07,DGW,23700,52586.46468265183,1246299212.9788485
2021-12-07,DBC,17000,26791.17391080982,455449956.4837669
2021-12-07,DGC,13000,63678.31625859818,827818111.3617764
2021-12-07,KDH,10100,30943.027336065537,312524576.09426194
2021-12-07,PDR,6100,60018.34905493138,366111929.23508143
2021-12-08,DGW,23700,51324.71514305259,1216395748.8903465
2021-12-08,DBC,17000,27147.43952132591,461506471.8625404
2021-12-08,DGC,13000,65539.80175215038,852017422.7779549
2021-12-08,KDH,10100,31284.561854123658,315974074.7266489
2021-12-08,PDR,6100,60509.296695462515,369106709.84232134
2021-12-09,DGW,23700,53074.883859270885,1257874747.46472
2021-12-09,DBC,17000,27218.692643429124,462717774.9382951
2021-12-09,DGC,13000,68138.12525356699,885795628.2963709
2021-12-09,KDH,10100,32855.620637191,331841768.4356291
2021-12-09,PDR,6100,60632.0336055953,369855404.9941313
2021-12-10,DGW,23700,52505.06148654865,1244369957.231203
2021-12-10,DBC,17000,28323.116036028998,481492972.612493
2021-12-10,DGC,13000,68836.18231364906,894870370.0774378
2021-12-10,KDH,10100,32650.69992635613,329772069.2561969
2021-12-10,PDR,6100,60570.665150528905,369481057.4182263
2021-12-13,DGW,23700,51691.02952551689,1225077399.7547503
2021-12-13,DBC,17000,28180.60979182256,479070366.4609835
2021-12-13,DGC,13000,69417.89653038413,902432654.8949937
2021-12-13,KDH,10100,33880.224191365356,342190264.3327901
2021-12-13,PDR,6100,60325.19133026334,367983667.1146064
2021-12-14,DGW,23700,50347.87678981448,1193244679.9186032
2021-12-14,DBC,17000,27895.597303409693,474225154.15796477
2021-12-14,DGC,13000,67905.43956687296,882770714.3693484
2021-12-14,KDH,10100,33128.84825163749,334601367.34153867
2021-12-14,PDR,6100,56765.8209364126,346271507.7121169
2021-12-15,DGW,23700,50307.17519176289,1192280052.0447805
2021-12-15,DBC,17000,27111.8129602743,460900820.3246631
2021-12-15,DGC,13000,67091.03966344388,872183515.6247704
2021-12-15,KDH,10100,32923.92754080262,332531668.1621065
2021-12-15,PDR,6100,57686.347762408484,351886721.35069174
2021-12-16,DGW,23700,49940.860809298596,1183598401.1803768
2021-12-16,DBC,17000,27254.319204480733,463323426.47617245
2021-12-16,DGC,13000,67478.84914126724,877225038.8364742
2021-12-16,KDH,10100,33060.54134802587,333911467.6150613
2021-12-16,PDR,6100,59956.98059986499,365737581.6591764
2021-12-17,DGW,23700,50836.295966433536,1204820214.4044747
2021-12-17,DBC,17000,26898.053593964647,457266911.097399
2021-12-17,DGC,13000,66897.13492453219,869662754.0189185
2021-12-17,KDH,10100,34426.67942025835,347709462.14460933
2021-12-17,PDR,6100,58606.87458840436,357501934.9892666
2021-12-20,DGW,23700,50388.578387866066,1194209307.7924259
2021-12-20,DBC,17000,25758.003640313163,437886061.88532376
2021-12-20,DGC,13000,64958.08753541531,844455137.960399
2021-12-20,KDH,10100,34153.45180581185,344949863.2386997
2021-12-20,PDR,6100,58606.87458840436,357501934.9892666
2021-12-21,DGW,23700,49737.35281904066,1178775261.8112636
2021-12-21,DBC,17000,26541.787983448557,451210395.7186255
2021-12-21,DGC,13000,62398.54498178104,811181084.7631534
2021-12-21,KDH,10100,34290.0656130351,346329662.6916545
2021-12-21,PDR,6100,58790.979953603535,358624977.7169816
2021-12-22,DGW,23700,49248.9336424216,1167199727.325392
2021-12-22,DBC,17000,25829.256762416382,439097364.9610785
2021-12-22,DGC,13000,63135.38298964545,820759978.8653908
2021-12-22,KDH,10100,35314.66916720945,356678158.58881545
2021-12-22,PDR,6100,57809.08467254126,352635416.5025017
2021-12-23,DGW,23700,48068.587298925544,1139225518.9845355
2021-12-23,DBC,17000,25081.098980332597,426378682.6656542
2021-12-23,DGC,13000,61661.706973916625,801602190.6609161
2021-12-23,KDH,10100,35314.66916720945,356678158.58881545
2021-12-23,PDR,6100,58177.29540293962,354881501.9579317
2021-12-24,DGW,23700,49452.44163267954,1172022866.6945052
2021-12-24,DBC,17000,25437.364590848683,432435198.04442763
2021-12-24,DGC,13000,62010.73550395766,806139561.5514495
2021-12-24,KDH,10100,34836.52084192809,351848860.5034737
2021-12-24,PDR,6100,57993.190037740445,353758459.23021674
2021-12-27,DGW,23700,52830.67427096135,1252086980.221784
2021-12-27,DBC,17000,25187.97866348742,428195637.27928615
2021-12-27,DGC,13000,62747.57351182208,815718455.653687
2021-12-27,KDH,10100,36202.658914160565,365646855.0330217
2021-12-27,PDR,6100,58054.558492806835,354132806.8061217
2021-12-28,DGW,23700,52505.06148654865,1244369957.231203
2021-12-28,DBC,17000,26007.389567674425,442125622.65046525
2021-12-28,DGC,13000,62747.57351182208,815718455.653687
2021-12-28,KDH,10100,35861.124396102445,362197356.4006347
2021-12-28,PDR,6100,57747.716217474874,352261068.9265967
2021-12-29,DGW,23700,51650.327927465296,1224112771.8809276
2021-12-29,DBC,17000,25472.991151900293,433040849.58230495
2021-12-29,DGC,13000,62045.17530086881,806587278.9112946
2021-12-29,KDH,10100,36202.658914160565,365646855.0330217
2021-12-29,PDR,6100,57072.66321174456,348143245.59164184
2021-12-30,DGW,23700,50551.38478007242,1198067819.2877164
2021-12-30,DBC,17000,25651.123957158336,436069107.2716917
2021-12-30,DGC,13000,61654.95407256146,801514402.9432989
2021-12-30,KDH,10100,35587.89678165595,359437757.4947251
2021-12-30,PDR,6100,57931.82158267405,353384111.6543117
2021-12-31,DGW,23700,50429.27998591766,1195173935.6662486
2021-12-31,DBC,17000,26007.389567674425,442125622.65046525
2021-12-31,DGC,13000,62396.37440634543,811152867.2824906
2021-12-31,KDH,10100,34836.52084192809,351848860.5034737
2021-12-31,PDR,6100,58422.769223205185,356378892.2615516
2022-01-04,DGW,23700,51487.521535258944,1220254260.385637
2022-01-04,DBC,17000,26363.655178190515,448182138.02923876
2022-01-04,DGC,13000,62162.241669361014,808109141.7016932
2022-01-04,KDH,10100,37158.95556472329,375305451.20370525
2022-01-04,PDR,6100,58177.29540293962,354881501.9579317
2022-01-05,DGW,23700,50876.99756448512,1205784842.2782974
2022-01-05,DBC,17000,26541.787983448557,451210395.7186255
2022-01-05,DGC,13000,61147.6664757619,794919664.1849047
2022-01-05,KDH,10100,38046.945311674404,384274147.6479115
2022-01-05,PDR,6100,57563.6108522757,351138026.19888175
2022-01-06,DGW,23700,50144.36879955654,1188421540.54949
2022-01-06,DBC,17000,26399.28173924212,448787789.567116
2022-01-06,DGC,13000,60757.445247454554,789846788.2169092
2022-01-06,KDH,10100,38798.32125140227,391863044.6391629
2022-01-06,PDR,6100,57563.6108522757,351138026.19888175
2022-01-07,DGW,23700,50876.99756448512,1205784842.2782974
2022-01-07,DBC,17000,26648.66766660338,453027350.3322575
2022-01-07,DGC,13000,59781.892176686175,777164598.2969203
2022-01-07,KDH,10100,38661.70744417902,390483245.18620807
2022-01-07,PDR,6100,57072.66321174456,348143245.59164184
2022-01-10,DGW,23700,49574.546426834306,1174916750.315973
2022-01-10,DBC,17000,25508.617712951902,433646501.12018234
2022-01-10,DGC,13000,56582.078104565895,735567015.3593566
2022-01-10,KDH,10100,36954.03485388842,373235752.02427304
2022-01-10,PDR,6100,57379.50548707652,350014983.4711668
2022-01-11,DGW,23700,48882.61925995731,1158518076.4609883
2022-01-11,DBC,17000,25294.85834664225,430012591.8929182
2022-01-11,DGC,13000,55801.635647951196,725421263.4233656
2022-01-11,KDH,10100,36202.658914160565,365646855.0330217
2022-01-11,PDR,6100,56827.18939147899,346645855.28802186
2022-01-12,DGW,23700,49248.9336424216,1167199727.325392
2022-01-12,DBC,17000,25651.123957158336,436069107.2716917
2022-01-12,DGC,13000,58494.16212327192,760424107.6025349
2022-01-12,KDH,10100,36680.80723944193,370476153.1183635
2022-01-12,PDR,6100,55231.609559752804,336912818.3144921
2022-01-13,DGW,23700,49493.14323073113,1172987494.568328
2022-01-13,DBC,17000,25437.364590848683,432435198.04442763
2022-01-13,DGC,13000,57167.40994702692,743176329.31135
2022-01-13,KDH,10100,36544.19343221868,369096353.6654087
2022-01-13,PDR,6100,55538.451835084765,338784556.19401705
2022-01-14,DGW,23700,50062.96560345336,1186492284.8018446
2022-01-14,DBC,17000,25615.49739610673,435463455.7338144
2022-01-14,DGC,13000,56230.878999089284,731001426.9881607
2022-01-14,KDH,10100,36544.19343221868,369096353.6654087
2022-01-14,PDR,6100,56336.24175094786,343651074.68078196
2022-01-17,DGW,23700,47865.079308667606,1134402379.6154222
2022-01-17,DBC,17000,25544.24427400351,434252152.6580597
2022-01-17,DGC,13000,52328.66671601577,680272667.308205
2022-01-17,KDH,10100,34016.837998588606,343570063.7857449
2022-01-17,PDR,6100,53083.713632429084,323810653.1578174
2022-01-18,DGW,23700,45382.28182752073,1075560079.3122413
2022-01-18,DBC,17000,25651.123957158336,436069107.2716917
2022-01-18,DGC,13000,50416.58269730975,655415575.0650268
2022-01-18,KDH,10100,34494.98632386997,348399361.8710867
2022-01-18,PDR,6100,54004.24045842496,329425866.79639226
2022-01-19,DGW,23700,44853.16105285009,1063019916.9525471
2022-01-19,DBC,17000,25651.123957158336,436069107.2716917
2022-01-19,DGC,13000,53928.57375207591,701071458.7769868
2022-01-19,KDH,10100,35451.2829744327,358057958.0417703
2022-01-19,PDR,6100,54617.92500908888,333169342.55544215
2022-01-20,DGW,23700,41719.1380028778,988743570.6682038
2022-01-20,DBC,17000,26363.655178190515,448182138.02923876
2022-01-20,DGC,13000,57674.69754382648,749771068.0697442
2022-01-20,KDH,10100,35314.66916720945,356678158.58881545
2022-01-20,PDR,6100,55231.609559752804,336912818.3144921
2022-01-21,DGW,23700,38829.32454121505,920254991.6267967
2022-01-21,DBC,17000,27218.692643429124,462717774.9382951
2022-01-21,DGC,13000,57752.74178948795,750785643.2633433
2022-01-21,KDH,10100,34699.90703470484,350469061.0505189
2022-01-21,PDR,6100,55108.87264962002,336164123.1626821
2022-01-24,DGW,23700,36143.01906981023,856589551.9545025
2022-01-24,DBC,17000,26007.389567674425,442125622.65046525
2022-01-24,DGC,13000,54630.971963029144,710202635.5193789
2022-01-24,KDH,10100,33538.689673307235,338740765.7004031
2022-01-24,PDR,6100,52408.66062669877,319692829.8228625
2022-01-25,DGW,23700,38666.5181490087,916396480.1315061
2022-01-25,DBC,17000,26256.775495035687,446365183.4156067
2022-01-25,DGC,13000,56269.90112192002,731508714.5849602
2022-01-25,KDH,10100,34085.14490220023,344259963.5122223
2022-01-25,PDR,6100,55231.609559752804,336912818.3144921
2022-01-26,DGW,23700,41352.82362041351,980061919.8038002
2022-01-26,DBC,17000,26114.269250829253,443942577.2640973
2022-01-26,DGC,13000,54045.64012056812,702593321.5673856
2022-01-26,KDH,10100,34426.67942025835,347709462.14460933
2022-01-26,PDR,6100,53267.81899762826,324933695.8855324
2022-01-27,DGW,23700,40701.5980515881,964627873.822638
2022-01-27,DBC,17000,25651.123957158336,436069107.2716917
2022-01-27,DGC,13000,52289.64459318503,679765379.7114054
2022-01-27,KDH,10100,34221.75870942348,345639762.9651771
2022-01-27,PDR,6100,53697.398183093,327554128.9168673
2022-01-28,DGW,23700,42736.677954167506,1012859267.5137699
2022-01-28,DBC,17000,25472.991151900293,433040849.58230495
2022-01-28,DGC,13000,53850.52950641444,700056883.5833877
2022-01-28,KDH,10100,34153.45180581185,344949863.2386997
2022-01-28,PDR,6100,55722.55720028394,339907598.921732
2022-02-07,DGW,23700,45219.47543531438,1071701567.8169508
2022-02-07,DBC,17000,25045.472419280988,425773031.1277768
2022-02-07,DGC,13000,55801.635647951196,725421263.4233656
2022-02-07,KDH,10100,34563.2932274816,349089261.59756416
2022-02-07,PDR,6100,55845.294110416726,340656294.073542
2022-02-08,DGW,23700,44568.24986648897,1056267521.8357886
2022-02-08,DBC,17000,25472.991151900293,433040849.58230495
2022-02-08,DGC,13000,57557.631175334274,748249205.2793455
2022-02-08,KDH,10100,34426.67942025835,347709462.14460933
2022-02-08,PDR,6100,54617.92500908888,333169342.55544215
2022-02-09,DGW,23700,44771.75785674691,1061090661.2049018
2022-02-09,DBC,17000,25294.85834664225,430012591.8929182
2022-02-09,DGC,13000,57362.5205611806,745712767.2953478
2022-02-09,KDH,10100,36270.96581777219,366336754.7594991
2022-02-09,PDR,6100,55722.55720028394,339907598.921732
2022-02-10,DGW,23700,43957.72589571515,1041798103.7284491
2022-02-10,DBC,17000,25686.750518209945,436674758.80956906
2022-02-10,DGC,13000,55801.635647951196,725421263.4233656
2022-02-10,KDH,10100,36066.045106937316,364267055.58006686
2022-02-10,PDR,6100,55231.609559752804,336912818.3144921
2022-02-11,DGW,23700,44771.75785674691,1061090661.2049018
2022-02-11,DBC,17000,26363.655178190515,448182138.02923876
2022-02-11,DGC,13000,56972.29933287325,740639891.3273523
2022-02-11,KDH,10100,36066.045106937316,364267055.58006686
2022-02-11,PDR,6100,55292.97801481919,337287165.8903971
2022-02-14,DGW,23700,44893.862650901676,1063984544.8263698
2022-02-14,DBC,17000,26363.655178190515,448182138.02923876
2022-02-14,DGC,13000,55060.215314167224,715782799.0841739
2022-02-14,KDH,10100,35997.738203325694,363577155.85358953
2022-02-14,PDR,6100,54924.76728442084,335041080.43496716
2022-02-15,DGW,23700,47173.15214179061,1118003705.7604375
2022-02-15,DBC,17000,26363.655178190515,448182138.02923876
2022-02-15,DGC,13000,55177.281682659435,717304661.8745726
2022-02-15,KDH,10100,36544.19343221868,369096353.6654087
2022-02-15,PDR,6100,55231.609559752804,336912818.3144921
2022-02-16,DGW,23700,46806.837759326314,1109322054.8960335
2022-02-16,DBC,17000,27539.331692893604,468168638.77919126
2022-02-16,DGC,13000,55801.635647951196,725421263.4233656
2022-02-16,KDH,10100,36749.11414305355,371166052.8448408
2022-02-16,PDR,6100,55354.34646988559,337661513.4663021
2022-02-17,DGW,23700,46033.50739634614,1090994125.2934036
2022-02-17,DBC,17000,27254.319204480733,463323426.47617245
2022-02-17,DGC,13000,57362.5205611806,745712767.2953478
2022-02-17,KDH,10100,37500.49008278141,378754949.8360923
2022-02-17,PDR,6100,56458.97866108064,344399769.8325919
2022-02-18,DGW,23700,46399.82177881044,1099675776.1578074
2022-02-18,DBC,17000,27396.82544868717,465746032.6276819
2022-02-18,DGC,13000,59001.449720071476,767018846.3609291
2022-02-18,KDH,10100,36885.7279502768,372545852.29779565
2022-02-18,PDR,6100,55968.031020549504,341404989.225352
2022-02-21,DGW,23700,46196.31378855249,1094852636.7886941
2022-02-21,DBC,17000,27610.584814996822,469379941.85494596
2022-02-21,DGC,13000,59118.51608856368,768540709.1513278
2022-02-21,KDH,10100,37022.34175750005,373925651.7507505
2022-02-21,PDR,6100,55968.031020549504,341404989.225352
2022-02-22,DGW,23700,45545.088219727084,1079418590.8075318
2022-02-22,DBC,17000,28287.48947497739,480887321.0746156
2022-02-22,DGC,13000,59703.847931024706,776150023.1033212
2022-02-22,KDH,10100,36817.42104666518,371855952.5713183
2022-02-22,PDR,6100,55108.87264962002,336164123.1626821
2022-02-23,DGW,23700,45422.98342557232,1076524707.186064
2022-02-23,DBC,17000,28180.60979182256,479070366.4609835
2022-02-23,DGC,13000,61264.73284425411,796441526.9753034
2022-02-23,KDH,10100,36954.03485388842,373235752.02427304
2022-02-23,PDR,6100,55231.609559752804,336912818.3144921
2022-02-24,DGW,23700,45992.805798294554,1090029497.419581
2022-02-24,DBC,17000,27361.19888763556,465140381.08980453
2022-02-24,DGC,13000,63176.81686296013,821298619.2184817
2022-02-24,KDH,10100,36066.045106937316,364267055.58006686
2022-02-24,PDR,6100,54372.45118882332,331671952.25182223
2022-02-25,DGW,23700,49208.232044370016,1166235099.4515693
2022-02-25,DBC,17000,27824.344181306475,473013851.08221006
2022-02-25,DGC,13000,63137.79474012939,820791331.6216822
2022-02-25,KDH,10100,36407.57962499544,367716554.2124539
2022-02-25,PDR,6100,53697.398183093,327554128.9168673
2022-02-28,DGW,23700,50022.264005401776,1185527656.9280221
2022-02-28,DBC,17000,27361.19888763556,465140381.08980453
2022-02-28,DGC,13000,63645.08233692895,827386070.3800764
2022-02-28,KDH,10100,36134.35201054894,364956955.30654424
2022-02-28,PDR,6100,52163.1868064332,318195439.5192425
2022-03-01,DGW,23700,51691.02952551689,1225077399.7547503
2022-03-01,DBC,17000,27788.717620254865,472408199.5443327
2022-03-01,DGC,13000,63684.104459759685,827893357.9768759
2022-03-01,KDH,10100,36954.03485388842,373235752.02427304
2022-03-01,PDR,6100,51856.34453110124,316323701.6397176
2022-03-02,DGW,23700,50429.27998591766,1195173935.6662486
2022-03-02,DBC,17000,27432.452009738776,466351684.1655592
2022-03-02,DGC,13000,64776.72389902027,842097410.6872635
2022-03-02,KDH,10100,36680.80723944193,370476153.1183635
2022-03-02,PDR,6100,53513.292817893824,326431086.1891523
2022-03-03,DGW,23700,50266.47359371131,1191315424.170958
2022-03-03,DBC,17000,28323.116036028998,481492972.612493
2022-03-03,DGC,13000,69303.29014738555,900942771.916012
2022-03-03,KDH,10100,37295.56937194654,376685250.6566601
2022-03-03,PDR,6100,54004.24045842496,329425866.79639226
2022-03-04,DGW,23700,49371.03843657637,1170093610.9468598
2022-03-04,DBC,17000,27788.717620254865,472408199.5443327
2022-03-04,DGC,13000,69303.29014738555,900942771.916012
2022-03-04,KDH,10100,37295.56937194654,376685250.6566601
2022-03-04,PDR,6100,55538.451835084765,338784556.19401705
2022-03-07,DGW,23700,48557.00647554461,1150801053.4704072
2022-03-07,DBC,17000,27966.85042551291,475436457.23371947
2022-03-07,DGC,13000,74103.01125556596,963339146.3223574
2022-03-07,KDH,10100,36749.11414305355,371166052.8448408
2022-03-07,PDR,6100,54924.76728442084,335041080.43496716
2022-03-08,DGW,23700,48312.796887235076,1145013286.2274714
2022-03-08,DBC,17000,26684.29422765499,453633001.87013483
2022-03-08,DGC,13000,71020.26355193788,923263426.1751925
2022-03-08,KDH,10100,35587.89678165595,359437757.4947251
2022-03-08,PDR,6100,53451.924362827434,326056738.61324733
2022-03-09,DGW,23700,48027.88570087396,1138260891.1107128
2022-03-09,DBC,17000,26185.522372932468,445153880.339852
2022-03-09,DGC,13000,73751.81215008935,958773557.9511615
2022-03-09,KDH,10100,34973.13464915134,353228659.9564285
2022-03-09,PDR,6100,54004.24045842496,329425866.79639226
2022-03-10,DGW,23700,49004.72405411207,1161411960.082456
2022-03-10,DBC,17000,26078.642689777644,443336925.72621995
2022-03-10,DGC,13000,72971.36969347464,948627806.0151703
2022-03-10,KDH,10100,35178.05535998621,355298359.13586074
2022-03-10,PDR,6100,54065.608913491356,329800214.3722973
2022-03-11,DGW,23700,48434.90168138984,1147907169.8489392
2022-03-11,DBC,17000,26007.389567674425,442125622.65046525
2022-03-11,DGC,13000,73400.61304461272,954207969.5799654
2022-03-11,KDH,10100,34836.52084192809,351848860.5034737
2022-03-11,PDR,6100,53820.135093225785,328302824.0686773
2022-03-14,DGW,23700,46481.22497491361,1101605031.9054525
2022-03-14,DBC,17000,26506.16142239695,450604744.1807481
2022-03-14,DGC,13000,70239.82109532318,913117674.2392013
2022-03-14,KDH,10100,34290.0656130351,346329662.6916545
2022-03-14,PDR,6100,53697.398183093,327554128.9168673
2022-03-15,DGW,23700,45789.297808036616,1085206358.0504677
2022-03-15,DBC,17000,26256.775495035687,446365183.4156067
2022-03-15,DGC,13000,69732.53349852363,906522935.4808072
2022-03-15,KDH,10100,34153.45180581185,344949863.2386997
2022-03-15,PDR,6100,52960.9767222963,323061958.00600743
2022-03-16,DGW,23700,47580.16812230649,1127649984.4986637
2022-03-16,DBC,17000,26470.53486134534,449999092.6428708
2022-03-16,DGC,13000,73751.81215008935,958773557.9511615
2022-03-16,KDH,10100,34563.2932274816,349089261.59756416
2022-03-16,PDR,6100,52654.13444696434,321190220.1264825
2022-03-17,DGW,23700,50876.99756448512,1205784842.2782974
2022-03-17,DBC,17000,26506.16142239695,450604744.1807481
2022-03-17,DGC,13000,72425.05997384434,941525779.6599765
2022-03-17,KDH,10100,35109.74845637458,354608459.4093833
2022-03-17,PDR,6100,53022.34517736269,323436305.5819124
2022-03-18,DGW,23700,50714.19117227877,1201926330.783007
2022-03-18,DBC,17000,26328.028617138905,447576486.4913614
2022-03-18,DGC,13000,73790.83427292008,959280845.5479611
2022-03-18,KDH,10100,34836.52084192809,351848860.5034737
2022-03-18,PDR,6100,52163.1868064332,318195439.5192425
2022-03-21,DGW,23700,51487.521535258944,1220254260.385637
2022-03-21,DBC,17000,26363.655178190515,448182138.02923876
2022-03-21,DGC,13000,77849.13504731652,1012038755.6151148
2022-03-21,KDH,10100,36407.57962499544,367716554.2124539
2022-03-21,PDR,6100,55783.92565535033,340281946.49763703
2022-03-22,DGW,23700,50103.66720150495,1187456912.6756673
2022-03-22,DBC,17000,26684.29422765499,453633001.87013483
2022-03-22,DGC,13000,83273.2101207887,1082551731.5702531
2022-03-22,KDH,10100,36066.045106937316,364267055.58006686
2022-03-22,PDR,6100,56029.3994756159,341779336.801257
2022-03-23,DGW,23700,53604.00463394153,1270414909.8244143
2022-03-23,DBC,17000,27432.452009738776,466351684.1655592
2022-03-23,DGC,13000,88619.24094859941,1152050132.3317924
2022-03-23,KDH,10100,36202.658914160565,365646855.0330217
2022-03-23,PDR,6100,55415.71492495198,338035861.04220706
2022-03-24,DGW,23700,53970.31901640582,1279096560.688818
2022-03-24,DBC,17000,27824.344181306475,473013851.08221006
2022-03-24,DGC,13000,86824.2232983856,1128714902.8790128
2022-03-24,KDH,10100,36270.96581777219,366336754.7594991
2022-03-24,PDR,6100,57624.97930734209,351512373.7747867
2022-03-25,DGW,23700,57714.86603715193,1367842325.0805006
2022-03-25,DBC,17000,27859.970742358084,473619502.62008744
2022-03-25,DGC,13000,87799.77636915397,1141397092.7990017
2022-03-25,KDH,10100,36407.57962499544,367716554.2124539
2022-03-25,PDR,6100,57809.08467254126,352635416.5025017
2022-03-28,DGW,23700,60238.36511635039,1427649253.2575042
2022-03-28,DBC,17000,27183.066082377514,462112123.40041775
2022-03-28,DGC,13000,91662.96652939676,1191618564.8821578
2022-03-28,KDH,10100,36134.35201054894,364956955.30654424
2022-03-28,PDR,6100,57072.66321174456,348143245.59164184
2022-03-29,DGW,23700,57796.2692332551,1369771580.828146
2022-03-29,DBC,17000,27004.93327711947,459083865.711031
2022-03-29,DGC,13000,89165.55066822971,1159152158.6869862
2022-03-29,KDH,10100,36475.88652860706,368406453.9389313
2022-03-29,PDR,6100,56458.97866108064,344399769.8325919
2022-03-30,DGW,23700,59505.7363514218,1410285951.5286968
2022-03-30,DBC,17000,26755.54734975821,454844304.9458896
2022-03-30,DGC,13000,90531.32496730544,1176907224.5749707
2022-03-30,KDH,10100,35929.431299714066,362887256.1271121
2022-03-30,PDR,6100,55661.18874521754,339533251.34582704
2022-03-31,DGW,23700,57796.2692332551,1369771580.828146
2022-03-31,DBC,17000,26719.9207887066,454238653.4080122
2022-03-31,DGC,13000,88970.44005407603,1156615720.7029884
2022-03-31,KDH,10100,36066.045106937316,364267055.58006686
2022-03-31,PDR,6100,54924.76728442084,335041080.43496716
2022-04-01,DGW,23700,59994.15552804086,1421861486.0145683
2022-04-01,DBC,17000,26577.414544500167,451816047.2565028
2022-04-01,DGC,13000,88970.44005407603,1156615720.7029884
2022-04-01,KDH,10100,36612.50033583031,369786253.3918861
2022-04-01,PDR,6100,56888.55784654539,347020202.8639269
2022-04-04,DGW,23700,59668.54274362815,1414144463.0239873
2022-04-04,DBC,17000,26648.66766660338,453027350.3322575
2022-04-04,DGC,13000,86238.89145592457,1121105588.9270194
2022-04-04,KDH,10100,36066.045106937316,364267055.58006686
2022-04-04,PDR,6100,57011.29475667817,347768898.0157369
2022-04-05,DGW,23700,59668.54274362815,1414144463.0239873
2022-04-05,DBC,17000,27788.717620254865,472408199.5443327
2022-04-05,DGC,13000,83897.56408608047,1090668333.1190462
2022-04-05,KDH,10100,35519.589878044324,358747857.76824766
2022-04-05,PDR,6100,57072.66321174456,348143245.59164184
2022-04-06,DGW,23700,60034.85712609245,1422826113.888391
2022-04-06,DBC,17000,27396.82544868717,465746032.6276819
2022-04-06,DGC,13000,84599.9622970337,1099799509.861438
2022-04-06,KDH,10100,34836.52084192809,351848860.5034737
2022-04-06,PDR,6100,57072.66321174456,348143245.59164184
2022-04-07,DGW,23700,55842.59252677888,1323469442.8846593
2022-04-07,DBC,17000,26719.9207887066,454238653.4080122
2022-04-07,DGC,13000,87019.33391253928,1131251340.8630106
2022-04-07,KDH,10100,34904.82774553971,352538760.2299511
2022-04-07,PDR,6100,56827.18939147899,346645855.28802186
2022-04-08,DGW,23700,55964.697320933636,1326363326.506127
2022-04-08,DBC,17000,25971.763006622816,441519971.11258787
2022-04-08,DGC,13000,84287.78531438782,1095741209.0870416
2022-04-08,KDH,10100,34768.21393831647,351158960.7769963
2022-04-08,PDR,6100,55845.294110416726,340656294.073542
2022-04-12,DGW,23700,54051.722212509,1281025816.4364634
2022-04-12,DBC,17000,25366.11146874547,431223894.968673
2022-04-12,DGC,13000,84287.78531438782,1095741209.0870416
2022-04-12,KDH,10100,34221.75870942348,345639762.9651771
2022-04-12,PDR,6100,55231.609559752804,336912818.3144921
2022-04-13,DGW,23700,56086.8021150884,1329257210.1275952
2022-04-13,DBC,17000,25508.617712951902,433646501.12018234
2022-04-13,DGC,13000,90180.12586182881,1172341636.2037745
2022-04-13,KDH,10100,34563.2932274816,349089261.59756416
2022-04-13,PDR,6100,55845.294110416726,340656294.073542
2022-04-14,DGW,23700,58895.21238064798,1395816533.4213572
2022-04-14,DBC,17000,25544.24427400351,434252152.6580597
2022-04-14,DGC,13000,96462.68763757717,1254014939.2885032
2022-04-14,KDH,10100,34221.75870942348,345639762.9651771
2022-04-14,PDR,6100,54924.76728442084,335041080.43496716
2022-04-15,DGW,23700,59180.1235670091,1402568928.5381155
2022-04-15,DBC,17000,24938.59273612616,423956076.5141447
2022-04-15,DGC,13000,96774.86462022304,1258073240.0628996
2022-04-15,KDH,10100,33811.917287753735,341500364.60631275
2022-04-15,PDR,6100,53145.08208749547,324185000.7337224
2022-04-18,DGW,23700,63290.9849702195,1499996343.794202
2022-04-18,DBC,17000,23299.770927752157,396096105.7717867
2022-04-18,DGC,13000,95604.20093530099,1242854612.158913
2022-04-18,KDH,10100,33675.303480530485,340120565.1533579
2022-04-18,PDR,6100,53881.50354829218,328677171.64458233
2022-04-19,DGW,23700,64308.5249215092,1524112040.639768
2022-04-19,DBC,17000,22302.22721830711,379137862.71122086
2022-04-19,DGC,13000,99428.36897271304,1292568796.6452696
2022-04-19,KDH,10100,34221.75870942348,345639762.9651771
2022-04-19,PDR,6100,52654.13444696434,321190220.1264825
2022-04-20,DGW,23700,60238.36511635039,1427649253.2575042
2022-04-20,DBC,17000,21019.671020449194,357334407.3476363
2022-04-20,DGC,13000,94823.7584786863,1232708860.2229218
2022-04-20,KDH,10100,34085.14490220023,344259963.5122223
2022-04-20,PDR,6100,53114.17851282333,323996488.9282223
2022-04-21,DGW,23700,62069.937028671855,1471057507.5795228
2022-04-21,DBC,17000,21304.683508862065,362179619.6506551
2022-04-21,DGC,13000,96384.6433919157,1253000364.0949042
2022-04-21,KDH,10100,32787.31373357938,331151868.70915174
2022-04-21,PDR,6100,53030.534137212584,323486258.23699677
2022-04-22,DGW,23700,57755.567635203515,1368806952.9543233
2022-04-22,DBC,17000,21839.081924636197,371264392.7188153
2022-04-22,DGC,13000,92872.65233714954,1207344480.382944
2022-04-22,KDH,10100,33470.382769695614,338050865.9739257
2022-04-22,PDR,6100,54285.199771373766,331139718.60538
2022-04-25,DGW,23700,53726.10942809629,1273308793.445882
2022-04-25,DBC,17000,20342.766360468624,345827028.1279666
2022-04-25,DGC,13000,86394.97994724751,1123134739.3142176
2022-04-25,KDH,10100,31421.175661346904,317353874.17960376
2022-04-25,PDR,6100,51859.51287866215,316343028.5598391
2022-04-26,DGW,23700,52912.07746706453,1254016235.9694295
2022-04-26,DBC,17000,20663.405409933104,351277891.9688628
2022-04-26,DGC,13000,87019.33391253928,1131251340.8630106
2022-04-26,KDH,10100,32070.091245657328,323907921.581139
2022-04-26,PDR,6100,52445.02350793737,319914643.39841795
2022-04-27,DGW,23700,54580.84298717964,1293565978.7961574
2022-04-27,DBC,17000,21874.708485687803,371870044.25669265
2022-04-27,DGC,13000,88580.21882576868,1151542844.7349927
2022-04-27,KDH,10100,32104.244697463142,324252871.4443777
2022-04-27,PDR,6100,51859.51287866215,316343028.5598391
2022-04-28,DGW,23700,54947.15736964394,1302247629.6605613
2022-04-28,DBC,17000,22088.46785199746,375503953.4839568
2022-04-28,DGC,13000,88970.44005407603,1156615720.7029884
2022-04-28,KDH,10100,32104.244697463142,324252871.4443777
2022-04-28,PDR,6100,51859.51287866215,316343028.5598391
2022-04-29,DGW,23700,56575.22129170746,1340832744.6134667
2022-04-29,DBC,17000,22159.720974100674,376715256.55971146
2022-04-29,DGC,13000,94004.29389924086,1222055820.6901312
2022-04-29,KDH,10100,32719.006829967755,330461968.9826743
2022-04-29,PDR,6100,51943.1572542729,316853259.25106466
2022-05-04,DGW,23700,55598.382938469345,1317681675.6417234
2022-05-04,DBC,17000,20627.778848881495,350672240.4309854
2022-05-04,DGC,13000,93418.96205677983,1214446506.7381377
2022-05-04,KDH,10100,31762.71017940502,320803372.81199074
2022-05-04,PDR,6100,51441.29100060842,313791875.10371137
2022-05-05,DGW,23700,54499.43979107647,1291636723.0485122
2022-05-05,DBC,17000,20627.778848881495,350672240.4309854
2022-05-05,DGC,13000,92404.38686318071,1201257029.2213492
2022-05-05,KDH,10100,31489.48256495853,318043773.90608114
2022-05-05,PDR,6100,51441.29100060842,313791875.10371137
2022-05-06,DGW,23700,50714.19117227877,1201926330.783007
2022-05-06,DBC,17000,19808.367944694495,336742255.0598064
2022-05-06,DGC,13000,90141.10373899808,1171834348.606975
2022-05-06,KDH,10100,31489.48256495853,318043773.90608114
2022-05-06,PDR,6100,51023.0691225547,311240721.64758366
2022-05-09,DGW,23700,47173.15214179061,1118003705.7604375
2022-05-09,DBC,17000,18454.55862473336,313727496.6204671
2022-05-09,DGC,13000,83858.54196324974,1090161045.5222466
2022-05-09,KDH,10100,29303.66164938657,295966982.65880436
2022-05-09,PDR,6100,49601.11473717202,302566799.8967493
2022-05-10,DGW,23700,47620.869720358074,1128614612.3724864
2022-05-10,DBC,17000,17742.027403701184,301614465.8629201
2022-05-10,DGC,13000,82726.90040115842,1075449705.2150595
2022-05-10,KDH,10100,29645.196167444687,299416481.29119134
2022-05-10,PDR,6100,51775.8685030514,315832797.86861354
2022-05-11,DGW,23700,47132.45054373902,1117039077.8866148
2022-05-11,DBC,17000,17955.786770010836,305248375.0901842
2022-05-11,DGC,13000,82726.90040115842,1075449705.2150595
2022-05-11,KDH,10100,29781.809974667936,300796280.74414617
2022-05-11,PDR,6100,50772.13599572246,309710029.573907
2022-05-12,DGW,23700,43835.621101560384,1038904220.1069812
2022-05-12,DBC,17000,16708.85713320453,284050571.26447695
2022-05-12,DGC,13000,76951.62622220961,1000371140.8887249
2022-05-12,KDH,10100,28859.666775911013,291482634.43670124
2022-05-12,PDR,6100,47677.29409812488,290831493.9985618
2022-05-13,DGW,23700,40783.001247691274,966557129.5702832
2022-05-13,DBC,17000,15568.807179553047,264669722.05240178
2022-05-13,DGC,13000,71566.57327156818,930365452.5303863
2022-05-13,KDH,10100,26844.613119368114,271130592.505618
2022-05-13,PDR,6100,44833.38532735954,273483650.49689317
2022-05-16,DGW,23700,37933.88938408011,899033178.4026986
2022-05-16,DBC,17000,14963.155641675698,254373645.90848687
2022-05-16,DGC,13000,70278.84321815391,913624961.8360008
2022-05-16,KDH,10100,26844.613119368114,271130592.505618
2022-05-16,PDR,6100,45669.82908346699,278585957.40914863
2022-05-17,DGW,23700,40579.493257433336,961733990.2011701
2022-05-17,DBC,17000,15996.325912172351,271937540.50693
2022-05-17,DGC,13000,75195.63069482654,977543199.032745
2022-05-17,KDH,10100,28483.978806047086,287688185.94107556
2022-05-17,PDR,6100,47677.29409812488,290831493.9985618
2022-05-18,DGW,23700,43387.903522992914,1028293313.494932
2022-05-18,DBC,17000,16281.338400585222,276782752.8099488
2022-05-18,DGC,13000,79214.90934639226,1029793821.5030994
2022-05-18,KDH,10100,28347.364998823836,286308386.48812073
2022-05-18,PDR,6100,46673.561590795936,284708725.7038552
2022-05-19,DGW,23700,43510.00831714768,1031187197.1164
2022-05-19,DBC,17000,16352.59152268844,277994055.8857035
2022-05-19,DGC,13000,83897.56408608047,1090668333.1190462
2022-05-19,KDH,10100,28347.364998823836,286308386.48812073
2022-05-19,PDR,6100,45167.96282980252,275524573.2617954
2022-05-20,DGW,23700,43957.72589571515,1041798103.7284491
2022-05-20,DBC,17000,16958.24306056579,288290132.02961844
2022-05-20,DGC,13000,83117.12162946576,1080522581.183055
2022-05-20,KDH,10100,28279.058095212215,285618486.76164335
2022-05-20,PDR,6100,45000.674078581025,274504111.8793442
2022-05-23,DGW,23700,44039.12909181832,1043727359.4760942
2022-05-23,DBC,17000,16530.724327946486,281022313.5750902
2022-05-23,DGC,13000,83741.47559475753,1088639182.731848
2022-05-23,KDH,10100,27937.523577154094,282168988.12925637
2022-05-23,PDR,6100,44331.51907369506,270422266.3495399
2022-05-24,DGW,23700,45585.78981777867,1080383218.6813545
2022-05-24,DBC,17000,16566.35088899809,281627965.11296755
2022-05-24,DGC,13000,87019.33391253928,1131251340.8630106
2022-05-24,KDH,10100,27391.068348261106,276649790.3174372
2022-05-24,PDR,6100,44498.807824916556,271442727.731991
2022-05-25,DGW,23700,48760.514465802546,1155624192.8395202
2022-05-25,DBC,17000,16851.363377410962,286473177.41598636
2022-05-25,DGC,13000,89165.55066822971,1159152158.6869862
2022-05-25,KDH,10100,27937.523577154094,282168988.12925637
2022-05-25,PDR,6100,44164.23032247357,269401804.9670888
2022-05-26,DGW,23700,49615.24802488589,1175881378.1897957
2022-05-26,DBC,17000,18027.039892114055,306459678.1659389
2022-05-26,DGC,13000,87760.75424632324,1140889805.202202
2022-05-26,KDH,10100,28313.211547018025,285963436.62488204
2022-05-26,PDR,6100,44833.38532735954,273483650.49689317
2022-05-27,DGW,23700,51691.02952551689,1225077399.7547503
2022-05-27,DBC,17000,18668.31799104301,317361405.8477312
2022-05-27,DGC,13000,83507.34285777311,1085595457.1510503
2022-05-27,KDH,10100,29064.587486745884,293552333.61613345
2022-05-27,PDR,6100,45418.895956634755,277055265.335472
2022-05-30,DGW,23700,51691.02952551689,1225077399.7547503
2022-05-30,DBC,17000,18668.31799104301,317361405.8477312
2022-05-30,DGC,13000,83897.56408608047,1090668333.1190462
2022-05-30,KDH,10100,28962.12713132845,292517484.0264173
2022-05-30,PDR,6100,46255.33971274221,282157572.24772745
2022-05-31,DGW,23700,52098.045506032766,1234723678.4929767
2022-05-31,DBC,17000,18525.811746836578,314938799.6962218
2022-05-31,DGC,13000,87253.46664952369,1134295066.4438078
2022-05-31,KDH,10100,28723.052968687767,290102834.98374647
2022-05-31,PDR,6100,45837.11783468848,279606418.7915997
2022-06-01,DGW,23700,52260.85189823912,1238582189.9882672
2022-06-01,DBC,17000,17777.653964752793,302220117.4007975
2022-06-01,DGC,13000,89672.83826502926,1165746897.4453804
2022-06-01,KDH,10100,28688.899516881957,289757885.1205078
2022-06-01,PDR,6100,45586.18470785624,278075726.7179231
2022-06-02,DGW,23700,53278.39184952882,1262697886.8338332
2022-06-02,DBC,17000,18668.31799104301,317361405.8477312
2022-06-02,DGC,13000,91155.67893259719,1185023826.1237636
2022-06-02,KDH,10100,28005.83048076572,282858887.85573375
2022-06-02,PDR,6100,45335.25158102401,276545034.64424646
2022-06-03,DGW,23700,52423.65829044547,1242440701.4835577
2022-06-03,DBC,17000,18205.172697372098,309487935.85532564
2022-06-03,DGC,13000,97464.17691724961,1267034299.9242449
2022-06-03,KDH,10100,27869.216673542473,281479088.402779
2022-06-03,PDR,6100,44917.02970297028,273993881.1881187
2022-06-06,DGW,23700,52912.07746706453,1254016235.9694295
2022-06-06,DBC,17000,17813.2805258044,302825768.9386748
2022-06-06,DGC,13000,100004.5116761701,1300058651.7902114
2022-06-06,KDH,10100,27766.756318125037,280444238.81306285
2022-06-06,PDR,6100,44917.02970297028,273993881.1881187
2022-06-07,DGW,23700,52912.07746706453,1254016235.9694295
2022-06-07,DBC,17000,17314.508671081876,294346647.4083919
2022-06-07,DGC,13000,105762.6037963899,1374913849.3530686
2022-06-07,KDH,10100,27595.989059095977,278719489.4968694
2022-06-07,PDR,6100,44247.87469808432,269912035.65831435
2022-06-08,DGW,23700,56615.92288975905,1341797372.4872894
2022-06-08,DBC,17000,17813.2805258044,302825768.9386748
2022-06-08,DGC,13000,108387.61638060774,1409039012.9479005
2022-06-08,KDH,10100,28210.75119160059,284928587.03516597
2022-06-08,PDR,6100,44080.585946862826,268891574.27586323
2022-06-09,DGW,23700,56656.62448781064,1342762000.361112
2022-06-09,DBC,17000,17742.027403701184,301614465.8629201
2022-06-09,DGC,13000,106694.05987466074,1387022778.3705897
2022-06-09,KDH,10100,28039.98393257153,283203837.71897244
2022-06-09,PDR,6100,44498.807824916556,271442727.731991
2022-06-10,DGW,23700,54540.14138912805,1292601350.922335
2022-06-10,DBC,17000,17528.268037391532,297980556.63565606
2022-06-10,DGC,13000,107540.83812763424,1398030895.659245
2022-06-10,KDH,10100,27971.677028959908,282513937.99249506
2022-06-10,PDR,6100,44080.585946862826,268891574.27586323
2022-06-13,DGW,23700,50754.89277033036,1202890958.6568296
2022-06-13,DBC,17000,16316.964961636832,277388404.3478261
2022-06-13,DGC,13000,103137.59121217205,1340788685.7582366
2022-06-13,KDH,10100,27254.45454103786,275269990.8644824
2022-06-13,PDR,6100,41822.187805372705,255115345.6127735
2022-06-14,DGW,23700,49208.232044370016,1166235099.4515693
2022-06-14,DBC,17000,15176.91500798535,258007555.13575095
2022-06-14,DGC,13000,106524.70422406604,1384821154.9128585
2022-06-14,KDH,10100,26639.692408533243,269060893.32618576
2022-06-14,PDR,6100,41738.54342976196,254605114.92154795
2022-06-15,DGW,23700,50388.578387866066,1194209307.7924259
2022-06-15,DBC,17000,14571.263470108,247711478.991836
2022-06-15,DGC,13000,106694.05987466074,1387022778.3705897
2022-06-15,KDH,10100,26024.93027602863,262851795.78788915
2022-06-15,PDR,6100,40818.45529804376,248992577.31806692
2022-06-16,DGW,23700,52098.045506032766,1234723678.4929767
2022-06-16,DBC,17000,14678.143153262827,249528433.60546806
2022-06-16,DGC,13000,114061.03067553017,1482793398.7818923
2022-06-16,KDH,10100,26707.999312144868,269750793.05266315
2022-06-16,PDR,6100,42491.34281025866,259197191.14257783
2022-06-17,DGW,23700,51284.013545001006,1215431121.0165238
2022-06-17,DBC,17000,14143.744737488694,240443660.5373078
2022-06-17,DGC,13000,111774.72939250173,1453071482.1025224
2022-06-17,KDH,10100,26639.692408533243,269060893.32618576
2022-06-17,PDR,6100,42073.12093220494,256646037.68645012
2022-06-20,DGW,23700,49655.949622937485,1176846006.0636184
2022-06-20,DBC,17000,13181.827589095257,224091069.01461938
2022-06-20,DGC,13000,105847.28162168725,1376014661.0819342
2022-06-20,KDH,10100,26332.311342280937,265956344.55703747
2022-06-20,PDR,6100,41738.54342976196,254605114.92154795
2022-06-21,DGW,23700,48841.91766190572,1157553448.5871656
2022-06-21,DBC,17000,12291.163562805037,208949780.56768563
2022-06-21,DGC,13000,98734.34429670987,1283546475.8572283
2022-06-21,KDH,10100,26400.61824589256,266646244.28351486
2022-06-21,PDR,6100,42240.40968342643,257666499.0689012
2022-06-22,DGW,23700,45422.98342557232,1076524707.186064
2022-06-22,DBC,17000,12418.339326997184,211111768.55895212
2022-06-22,DGC,13000,94839.16433303177,1232909136.3294132
2022-06-22,KDH,10100,26298.157890475126,265611394.69379878
2022-06-22,PDR,6100,43327.78656636612,264299498.05483335
2022-06-23,DGW,23700,48027.88570087396,1138260891.1107128
2022-06-23,DBC,17000,13278.645967120481,225736981.44104818
2022-06-23,DGC,13000,101444.03470622505,1318772451.1809256
2022-06-23,KDH,10100,26024.93027602863,262851795.78788915
2022-06-23,PDR,6100,43662.3640688091,266340420.81973553
2022-06-24,DGW,23700,48638.40967164778,1152730309.2180524
2022-06-24,DBC,17000,13615.287695864381,231459890.82969448
2022-06-24,DGC,13000,103815.01381455085,1349595179.5891612
2022-06-24,KDH,10100,26264.004438669315,265266444.8305601
2022-06-24,PDR,6100,43913.29719564134,267871112.89341217
2022-06-27,DGW,23700,49574.546426834306,1174916750.315973
2022-06-27,DBC,17000,14550.40360904188,247356861.35371196
2022-06-27,DGC,13000,101613.39035681976,1320974074.6386569
2022-06-27,KDH,10100,26673.845860339057,269405843.18942446
2022-06-27,PDR,6100,43996.94157125208,268381343.58463767
2022-06-28,DGW,23700,49167.53044631842,1165270471.5777466
2022-06-28,DBC,17000,15560.328795273579,264525589.51965085
2022-06-28,DGC,13000,100512.57862795421,1306663522.1634047
2022-06-28,KDH,10100,26810.459667562303,270785642.6423793
2022-06-28,PDR,6100,44331.51907369506,270422266.3495399
2022-06-29,DGW,23700,47254.555337893784,1119932961.5080826
2022-06-29,DBC,17000,15560.328795273579,264525589.51965085
2022-06-29,DGC,13000,100766.61210384626,1309965957.3500013
2022-06-29,KDH,10100,26844.613119368114,271130592.505618
2022-06-29,PDR,6100,43829.65282003059,267360882.2021866
2022-06-30,DGW,23700,47213.8537398422,1118968333.6342602
2022-06-30,DBC,17000,14662.61751862318,249264497.81659406
2022-06-30,DGC,13000,98649.6664714125,1282445664.1283627
2022-06-30,KDH,10100,26571.38550492162,268370993.59970838
2022-06-30,PDR,6100,43327.78656636612,264299498.05483335
2022-07-01,DGW,23700,46925.64896666111,1112137880.5098684
2022-07-01,DBC,17000,15672.542704854879,266433225.98253295
2022-07-01,DGC,13000,94839.16433303177,1232909136.3294132
2022-07-01,KDH,10100,26537.232053115808,268026043.73646966
2022-07-01,PDR,6100,43829.65282003059,267360882.2021866
2022-07-04,DGW,23700,45817.16906981085,1085866906.9545171
2022-07-04,DBC,17000,16757.277164140778,284873711.79039323
2022-07-04,DGC,13000,89927.85046578548,1169062056.0552113
2022-07-04,KDH,10100,26897.873938322387,271668526.7770561
2022-07-04,PDR,6100,43160.49781514463,263279036.67238224
2022-07-05,DGW,23700,42639.5266988401,1010556782.7625103
2022-07-05,DBC,17000,16981.704983303378,288688984.71615744
2022-07-05,DGC,13000,83746.36921907894,1088702799.8480263
2022-07-05,KDH,10100,26447.07158181419,267115422.97632334
2022-07-05,PDR,6100,43495.07531758761,265319959.4372844
2022-07-06,DGW,23700,39683.5803072394,940500853.2815738
2022-07-06,DBC,17000,18141.248715643476,308401228.1659391
2022-07-06,DGC,13000,77903.5992735618,1012746790.5563035
2022-07-06,KDH,10100,26334.37099268714,265977147.02614012
2022-07-06,PDR,6100,43495.07531758761,265319959.4372844
2022-07-07,DGW,23700,41383.249482409796,980783012.7331122
2022-07-07,DBC,17000,18328.271898278974,311580622.27074254
2022-07-07,DGC,13000,83322.9800925922,1083198741.2036986
2022-07-07,KDH,10100,26747.60648615299,270150825.5101452
2022-07-07,PDR,6100,43746.008444419844,266850651.51096106
2022-07-08,DGW,23700,42122.23608030997,998296995.1033463
2022-07-08,DBC,17000,18403.081171333175,312852379.912664
2022-07-08,DGC,13000,82984.2687914028,1078795494.2882364
2022-07-08,KDH,10100,27085.708253534136,273565653.36069477
2022-07-08,PDR,6100,44164.23032247357,269401804.9670888
2022-07-11,DGW,23700,39240.18834849929,929992463.859433
2022-07-11,DBC,17000,19674.838813254573,334472259.82532775
2022-07-11,DGC,13000,80528.61185777966,1046871954.1511356
2022-07-11,KDH,10100,26296.804129644792,265597721.7094124
2022-07-11,PDR,6100,43746.008444419844,266850651.51096106
2022-07-12,DGW,23700,40792.060204089656,966771826.8369248
2022-07-12,DBC,17000,19936.671268944272,338923411.5720526
2022-07-12,DGC,13000,84677.8252973498,1100811728.8655474
2022-07-12,KDH,10100,26747.60648615299,270150825.5101452
2022-07-12,PDR,6100,43996.94157125208,268381343.58463767
2022-07-13,DGW,23700,40348.66824534955,956263437.4147844
2022-07-13,DBC,17000,20722.16863601337,352276866.8122273
2022-07-13,DGC,13000,82137.49053842931,1067787376.999581
2022-07-13,KDH,10100,26559.77217094124,268253698.92650652
2022-07-13,PDR,6100,43913.29719564134,267871112.89341217
2022-07-14,DGW,23700,39461.884327869346,935246658.5705035
2022-07-14,DBC,17000,19712.243449781672,335108138.64628845
2022-07-14,DGC,13000,82137.49053842931,1067787376.999581
2022-07-14,KDH,10100,27649.211199169382,279257033.1116108
2022-07-14,PDR,6100,44164.23032247357,269401804.9670888
2022-07-15,DGW,23700,38796.79638975918,919484074.4372927
2022-07-15,DBC,17000,20123.694451579773,342102805.67685616
2022-07-15,DGC,13000,81121.3566348611,1054577636.2531943
2022-07-15,KDH,10100,27311.109431788234,275842205.2610612
2022-07-15,PDR,6100,44164.23032247357,269401804.9670888
2022-07-18,DGW,23700,40644.262884509626,963269030.3628781
2022-07-18,DBC,17000,20722.16863601337,352276866.8122273
2022-07-18,DGC,13000,78750.3775265353,1023754907.8449589
2022-07-18,KDH,10100,27198.408842661185,274703929.310878
2022-07-18,PDR,6100,44415.16344930581,270932497.0407654
2022-07-19,DGW,23700,41087.65484324973,973777419.7850186
2022-07-19,DBC,17000,20535.14545337787,349097472.7074238
2022-07-19,DGC,13000,82560.87966491605,1073291435.6439086
2022-07-19,KDH,10100,27048.141390491786,273186228.04396707
2022-07-19,PDR,6100,44415.16344930581,270932497.0407654
2022-07-20,DGW,23700,43895.80391527039,1040330552.7919083
2022-07-20,DBC,17000,20161.099088106872,342738684.4978168
2022-07-20,DGC,13000,84677.8252973498,1100811728.8655474
2022-07-20,KDH,10100,27574.077473084682,278498182.4781553
2022-07-20,PDR,6100,44415.16344930581,270932497.0407654
2022-07-21,DGW,23700,46186.66236876093,1094623898.1396341
2022-07-21,DBC,17000,19038.959992293872,323662319.86899585
2022-07-21,DGC,13000,85101.21442383654,1106315787.509875
2022-07-21,KDH,10100,27761.91178829643,280395309.061794
2022-07-21,PDR,6100,44247.87469808432,269912035.65831435
2022-07-22,DGW,23700,45078.18247191067,1068352924.584283
2022-07-22,DBC,17000,19749.648086308775,335744017.46724916
2022-07-22,DGC,13000,83153.6244419975,1080997117.7459674
2022-07-22,KDH,10100,27423.810020915284,276980481.21124434
2022-07-22,PDR,6100,43662.3640688091,266340420.81973553
2022-07-25,DGW,23700,43600.20927611032,1033324959.8438146
2022-07-25,DBC,17000,20572.550089904973,349733351.52838457
2022-07-25,DGC,13000,81714.10141194255,1062283318.3552532
2022-07-25,KDH,10100,27273.542568745885,275462779.94433343
2022-07-25,PDR,6100,43829.65282003059,267360882.2021866
2022-07-26,DGW,23700,44856.48649254062,1063098729.8732127
2022-07-26,DBC,17000,19749.648086308775,335744017.46724916
2022-07-26,DGC,13000,81036.67880956376,1053476824.5243288
2022-07-26,KDH,10100,27837.04551438113,281154159.69524944
2022-07-26,PDR,6100,43746.008444419844,266850651.51096106
2022-07-27,DGW,23700,44634.79051317057,1057844535.1621425
2022-07-27,DBC,17000,19749.648086308775,335744017.46724916
2022-07-27,DGC,13000,81290.71228545581,1056779259.7109256
2022-07-27,KDH,10100,28024.87982959288,283051286.2788881
2022-07-27,PDR,6100,43913.29719564134,267871112.89341217
2022-07-28,DGW,23700,44708.689172960585,1059595933.3991659
2022-07-28,DBC,17000,18403.081171333175,312852379.912664
2022-07-28,DGC,13000,81290.71228545581,1056779259.7109256
2022-07-28,KDH,10100,28550.815912185775,288363240.71307635
2022-07-28,PDR,6100,44498.807824916556,271442727.731991
2022-07-29,DGW,23700,43304.61463695025,1026319366.895721
2022-07-29,DBC,17000,17804.606986899576,302678318.7772928
2022-07-29,DGC,13000,75617.29799053336,983024873.8769337
2022-07-29,KDH,10100,28175.147281762278,284568987.545799
2022-07-29,PDR,6100,43996.94157125208,268381343.58463767
2022-08-01,DGW,23700,45004.28381212065,1066601526.3472594
2022-08-01,DBC,17000,18926.746082712576,321754683.4061138
2022-08-01,DGC,13000,77056.82102058831,1001738673.267648
2022-08-01,KDH,10100,28926.48454260927,292157493.8803536
2022-08-01,PDR,6100,44833.38532735954,273483650.49689317
2022-08-02,DGW,23700,44560.89185338055,1056093136.925119
2022-08-02,DBC,17000,19225.983174929373,326841713.97379935
2022-08-02,DGC,13000,75109.23103874926,976420003.5037404
2022-08-02,KDH,10100,29227.019446948067,295192896.41417545
2022-08-02,PDR,6100,45000.674078581025,274504111.8793442
2022-08-03,DGW,23700,45004.28381212065,1066601526.3472594
2022-08-03,DBC,17000,19076.364628820975,324298198.68995655
2022-08-03,DGC,13000,75363.26451464131,979722438.6903371
2022-08-03,KDH,10100,29264.586309990416,295572321.7309032
2022-08-03,PDR,6100,45000.674078581025,274504111.8793442
2022-08-04,DGW,23700,46482.257007921005,1101629491.0877278
2022-08-04,DBC,17000,19936.671268944272,338923411.5720526
2022-08-04,DGC,13000,76887.46536999362,999537049.809917
2022-08-04,KDH,10100,29302.153173032766,295951747.04763097
2022-08-04,PDR,6100,45167.96282980252,275524573.2617954
2022-08-05,DGW,23700,46482.257007921005,1101629491.0877278
2022-08-05,DBC,17000,19974.075905471374,339559290.39301336
2022-08-05,DGC,13000,76125.36494231746,989629744.2501271
2022-08-05,KDH,10100,29076.751994778668,293675195.14726454
2022-08-05,PDR,6100,45167.96282980252,275524573.2617954
2022-08-08,DGW,23700,47960.23020372135,1136657455.828196
2022-08-08,DBC,17000,20048.885178525572,340831048.0349347
2022-08-08,DGC,13000,77480.21014707506,1007242731.9119759
2022-08-08,KDH,10100,29001.61826869397,292916344.5138091
2022-08-08,PDR,6100,45000.674078581025,274504111.8793442
2022-08-09,DGW,23700,47147.34494603116,1117392075.2209384
2022-08-09,DBC,17000,19076.364628820975,324298198.68995655
2022-08-09,DGC,13000,80613.289683077,1047972765.8800011
2022-08-09,KDH,10100,28813.78395348222,291019217.9301704
2022-08-09,PDR,6100,45000.674078581025,274504111.8793442
2022-08-10,DGW,23700,46408.35834813099,1099878092.8507044
2022-08-10,DBC,17000,18664.913627022874,317303531.65938884
2022-08-10,DGC,13000,79173.76665302206,1029258966.4892868
2022-08-10,KDH,10100,29114.318857821017,294054620.4639923
2022-08-10,PDR,6100,44917.02970297028,273993881.1881187
2022-08-11,DGW,23700,46556.15566771102,1103380889.3247511
2022-08-11,DBC,17000,19225.983174929373,326841713.97379935
2022-08-11,DGC,13000,77056.82102058831,1001738673.267648
2022-08-11,KDH,10100,29302.153173032766,295951747.04763097
2022-08-11,PDR,6100,44833.38532735954,273483650.49689317
2022-08-12,DGW,23700,48403.62216246146,1147165845.2503366
2022-08-12,DBC,17000,20011.480541998473,340195169.21397406
2022-08-12,DGC,13000,77564.88797237241,1008343543.6408414
2022-08-12,KDH,10100,29151.885720863367,294434045.78072
2022-08-12,PDR,6100,45000.674078581025,274504111.8793442
2022-08-15,DGW,23700,51729.061853012245,1225978765.9163902
2022-08-15,DBC,17000,21395.45209350117,363722685.5895199
2022-08-15,DGC,13000,78835.05535183266,1024855719.5738246
2022-08-15,KDH,10100,29151.885720863367,294434045.78072
2022-08-15,PDR,6100,45335.25158102401,276545034.64424646
2022-08-16,DGW,23700,52689.74443028247,1248746942.9976947
2022-08-16,DBC,17000,21058.81036475727,357999776.2008736
2022-08-16,DGC,13000,79258.4444783194,1030359778.2181523
2022-08-16,KDH,10100,29189.452583905717,294813471.09744775
2022-08-16,PDR,6100,45586.18470785624,278075726.7179231
2022-08-17,DGW,23700,52837.54174986251,1252249739.4717414
2022-08-17,DBC,17000,20722.16863601337,352276866.8122273
2022-08-17,DGC,13000,79004.41100242735,1027057343.0315557
2022-08-17,KDH,10100,29527.554351286864,298228298.94799733
2022-08-17,PDR,6100,48681.02660545382,296954262.2932683
2022-08-18,DGW,23700,51655.16319322223,1224227367.6793668
2022-08-18,DBC,17000,21096.21500128437,358635655.0218343
2022-08-18,DGC,13000,79851.18925540085,1038065460.320211
2022-08-18,KDH,10100,29527.554351286864,298228298.94799733
2022-08-18,PDR,6100,48848.31535667532,297974723.67571944
2022-08-19,DGW,23700,52024.65649217232,1232984358.8644838
2022-08-19,DBC,17000,20572.550089904973,349733351.52838457
2022-08-19,DGC,13000,79089.08882772471,1028158154.7604213
2022-08-19,KDH,10100,29076.751994778668,293675195.14726454
2022-08-19,PDR,6100,48179.16035178935,293892878.14591503
2022-08-22,DGW,23700,53354.832368392636,1264509527.1309054
2022-08-22,DBC,17000,20834.38254559467,354184503.2751094
2022-08-22,DGC,13000,78157.63274945386,1016049225.7429001
2022-08-22,KDH,10100,28325.414733931677,286086688.8127099
2022-08-22,PDR,6100,46924.49471762817,286239417.77753186
2022-08-23,DGW,23700,53354.832368392636,1264509527.1309054
2022-08-23,DBC,17000,21245.833547392773,361179170.3056771
2022-08-23,DGC,13000,77564.88797237241,1008343543.6408414
2022-08-23,KDH,10100,28325.414733931677,286086688.8127099
2022-08-23,PDR,6100,47342.7165956819,288790571.23365957
2022-08-24,DGW,23700,54093.818966292805,1282023509.5011394
2022-08-24,DBC,17000,21245.833547392773,361179170.3056771
2022-08-24,DGC,13000,80359.25620718495,1044670330.6934044
2022-08-24,KDH,10100,28362.981596974027,286466114.1294377
2022-08-24,PDR,6100,47175.427844460406,287770109.85120845
2022-08-25,DGW,23700,53798.22432713274,1275017916.553046
2022-08-25,DBC,17000,20909.191818648873,355456260.9170308
2022-08-25,DGC,13000,83322.9800925922,1083198741.2036986
2022-08-25,KDH,10100,28701.08336435517,289880941.9799872
2022-08-25,PDR,6100,47426.36097129264,289300801.9248851
2022-08-26,DGW,23700,53576.52834776269,1269763721.8419757
2022-08-26,DBC,17000,21171.02427433857,359907412.6637557
2022-08-26,DGC,13000,81714.10141194255,1062283318.3552532
2022-08-26,KDH,10100,28813.78395348222,291019217.9301704
2022-08-26,PDR,6100,47091.78346884966,287259879.1599829
2022-08-29,DGW,23700,52468.04845091242,1243492748.2866244
2022-08-29,DBC,17000,21096.21500128437,358635655.0218343
2022-08-29,DGC,13000,82391.52401432135,1071089812.1861775
2022-08-29,KDH,10100,28250.281007846977,285327838.1792545
2022-08-29,PDR,6100,45000.674078581025,274504111.8793442
2022-08-30,DGW,23700,52468.04845091242,1243492748.2866244
2022-08-30,DBC,17000,21545.07063960957,366266200.8733627
2022-08-30,DGC,13000,84762.50312264715,1101912540.5944128
2022-08-30,KDH,10100,28325.414733931677,286086688.8127099
2022-08-30,PDR,6100,46088.05096152072,281137110.8652764
2022-08-31,DGW,23700,52985.33906944255,1255752535.9457884
2022-08-31,DBC,17000,21432.85673002827,364358564.4104806
2022-08-31,DGC,13000,84254.43617086305,1095307670.2212195
2022-08-31,KDH,10100,27799.47865133878,280774734.3785217
2022-08-31,PDR,6100,46171.69533713146,281647341.5565019
2022-09-05,DGW,23700,53428.73102818265,1266260925.3679287
2022-09-05,DBC,17000,20647.35936295917,351005109.1703059
2022-09-05,DGC,13000,85778.63702621534,1115122281.3407993
2022-09-05,KDH,10100,27649.211199169382,279257033.1116108
2022-09-05,PDR,6100,45920.762210299225,280116649.4828253
2022-09-06,DGW,23700,54685.008244612945,1296034695.3973267
2022-09-06,DBC,17000,20011.480541998473,340195169.21397406
2022-09-06,DGC,13000,85185.89224913389,1107416599.2387404
2022-09-06,KDH,10100,27198.408842661185,274703929.310878
2022-09-06,PDR,6100,46004.40658590997,280626880.1740508
2022-09-07,DGW,23700,51802.96051280227,1227730164.1534138
2022-09-07,DBC,17000,18926.746082712576,321754683.4061138
2022-09-07,DGC,13000,79851.18925540085,1038065460.320211
2022-09-07,KDH,10100,26522.20530789889,267874273.6097788
2022-09-07,PDR,6100,45000.674078581025,274504111.8793442
2022-09-08,DGW,23700,53059.23772923256,1257503934.1828117
2022-09-08,DBC,17000,18926.746082712576,321754683.4061138
2022-09-08,DGC,13000,81968.1348878346,1065585753.5418499
2022-09-08,KDH,10100,26672.47276006829,269391974.87668973
2022-09-08,PDR,6100,45167.96282980252,275524573.2617954
2022-09-09,DGW,23700,54315.51494566286,1287277704.2122097
2022-09-09,DBC,17000,19450.410994091973,330656986.89956355
2022-09-09,DGC,13000,83407.65791788955,1084299552.932564
2022-09-09,KDH,10100,26672.47276006829,269391974.87668973
2022-09-09,PDR,6100,44749.74095174879,272973419.80566764
2022-09-12,DGW,23700,57419.258656843595,1360836430.1671932
2022-09-12,DBC,17000,19413.006357564875,330021108.07860285
2022-09-12,DGC,13000,85778.63702621534,1115122281.3407993
2022-09-12,KDH,10100,26897.873938322387,271668526.7770561
2022-09-12,PDR,6100,44833.38532735954,273483650.49689317
2022-09-13,DGW,23700,56901.96803831347,1348576642.5080292
2022-09-13,DBC,17000,20572.550089904973,349733351.52838457
2022-09-13,DGC,13000,86625.41527918885,1126130398.629455
2022-09-13,KDH,10100,26897.873938322387,271668526.7770561
2022-09-13,PDR,6100,43327.78656636612,264299498.05483335
2022-09-14,DGW,23700,57493.15731663361,1362587828.4042165
2022-09-14,DBC,17000,20722.16863601337,352276866.8122273
2022-09-14,DGC,13000,85947.99267681004,1117323904.7985306
2022-09-14,KDH,10100,26822.740212237688,270909676.14360064
2022-09-14,PDR,6100,42574.98718586941,259707421.8338034
2022-09-15,DGW,23700,57345.35999705358,1359085031.9301698
2022-09-15,DBC,17000,20273.312997688172,344646320.9606989
2022-09-15,DGC,13000,84762.50312264715,1101912540.5944128
2022-09-15,KDH,10100,26672.47276006829,269391974.87668973
2022-09-15,PDR,6100,42909.56468831239,261748344.5987056
2022-09-16,DGW,23700,55719.58948167319,1320554270.7156546
2022-09-16,DBC,17000,19674.838813254573,334472259.82532775
2022-09-16,DGC,13000,82560.87966491605,1073291435.6439086
2022-09-16,KDH,10100,25470.333142713098,257250364.7414023
2022-09-16,PDR,6100,44749.74095174879,272973419.80566764
2022-09-19,DGW,23700,51876.85917259228,1229481562.3904371
2022-09-19,DBC,17000,19300.792447983575,328113471.61572075
2022-09-19,DGC,13000,79597.1557795088,1034763025.1336144
2022-09-19,KDH,10100,25282.49882750135,255353238.15776363
2022-09-19,PDR,6100,42658.63156148016,260217652.52502894
2022-09-20,DGW,23700,53576.52834776269,1269763721.8419757
2022-09-20,DBC,17000,19824.457359362972,337015775.1091705
2022-09-20,DGC,13000,81544.74576134785,1060081694.897522
2022-09-20,KDH,10100,25094.6645122896,253456111.57412496
2022-09-20,PDR,6100,43244.142190755374,263789267.3636078
2022-09-21,DGW,23700,53428.73102818265,1266260925.3679287
2022-09-21,DBC,17000,19525.220267146175,331928744.54148495
2022-09-21,DGC,13000,80443.9340324823,1045771142.4222699
2022-09-21,KDH,10100,23629.55685363796,238658524.2217434
2022-09-21,PDR,6100,43160.49781514463,263279036.67238224
2022-09-22,DGW,23700,54537.21092503291,1292531898.92328
2022-09-22,DBC,17000,19712.243449781672,335108138.64628845
2022-09-22,DGC,13000,81290.71228545581,1056779259.7109256
2022-09-22,KDH,10100,23629.55685363796,238658524.2217434
2022-09-22,PDR,6100,43160.49781514463,263279036.67238224
2022-09-23,DGW,23700,53650.4270075527,1271515120.078999
2022-09-23,DBC,17000,19899.266632417173,338287532.75109196
2022-09-23,DGC,13000,79173.76665302206,1029258966.4892868
2022-09-23,KDH,10100,23516.856264510912,237520248.27156022
2022-09-23,PDR,6100,42491.34281025866,259197191.14257783
2022-09-26,DGW,23700,50251.0886572119,1190950801.175922
2022-09-26,DBC,17000,18515.295080914475,314760016.3755461
2022-09-26,DGC,13000,73669.70800869432,957706204.1130261
2022-09-26,KDH,10100,22239.58292107102,224619787.50281733
2022-09-26,PDR,6100,42156.76530781568,257156268.37767565
2022-09-27,DGW,23700,48403.62216246146,1147165845.2503366
2022-09-27,DBC,17000,17280.942075520175,293776015.283843
2022-09-27,DGC,13000,70028.56152090828,910371299.7718076
2022-09-27,KDH,10100,22089.315468901626,223102086.23590642
2022-09-27,PDR,6100,41822.187805372705,255115345.6127735
2022-09-28,DGW,23700,46038.8650491809,1091121101.6655874
2022-09-28,DBC,17000,16083.993706652978,273427893.0131006
2022-09-28,DGC,13000,66048.70373193284,858633148.515127
2022-09-28,KDH,10100,22089.315468901626,223102086.23590642
2022-09-28,PDR,6100,42073.12093220494,256646037.68645012
2022-09-29,DGW,23700,46851.750306871094,1110386482.272845
2022-09-29,DBC,17000,15373.30561263808,261346195.41484734
2022-09-29,DGC,13000,61476.10116587595,799189315.1563873
2022-09-29,KDH,10100,21751.21370152048,219687258.38535684
2022-09-29,PDR,6100,42491.34281025866,259197191.14257783
2022-09-30,DGW,23700,47590.736904771264,1127900464.643079
2022-09-30,DBC,17000,15971.779797071678,271520256.5502185
2022-09-30,DGC,13000,65709.99243074344,854229901.5996647
2022-09-30,KDH,10100,21075.010166758184,212857602.68425766
2022-09-30,PDR,6100,42742.275937090904,260727883.2162545
2022-10-03,DGW,23700,44265.29721422048,1049087543.9770254
2022-10-03,DBC,17000,14887.04533778578,253079770.74235824
2022-10-03,DGC,13000,62492.23506944415,812399055.902774
2022-10-03,KDH,10100,19609.902508106545,198060015.3318761
2022-10-03,PDR,6100,42658.63156148016,260217652.52502894
2022-10-04,DGW,23700,42196.13474009999,1000048393.3403697
2022-10-04,DBC,17000,14961.85461083998,254351528.38427967
2022-10-04,DGC,13000,62746.2685453362,815701491.0893706
2022-10-04,KDH,10100,19647.469371148894,198439440.64860383
2022-10-04,PDR,6100,42742.275937090904,260727883.2162545
2022-10-05,DGW,23700,45078.18247191067,1068352924.584283
2022-10-05,DBC,17000,15672.542704854879,266433225.98253295
2022-10-05,DGC,13000,65032.56982836464,845423407.7687403
2022-10-05,KDH,10100,20661.774673292337,208683924.2002526
2022-10-05,PDR,6100,42909.56468831239,261748344.5987056
2022-10-06,DGW,23700,43304.61463695025,1026319366.895721
2022-10-06,DBC,17000,14587.80824556898,247992740.17467266
2022-10-06,DGC,13000,60629.322912902455,788181197.8677319
2022-10-06,KDH,10100,19722.603097233594,199198291.2820593
2022-10-06,PDR,6100,42491.34281025866,259197191.14257783
2022-10-07,DGW,23700,41678.84412156987,987788605.6812059
2022-10-07,DBC,17000,13577.883059337282,230824012.0087338
2022-10-07,DGC,13000,56988.17642511641,740846293.5265133
2022-10-07,KDH,10100,18783.43152117485,189712658.363866
2022-10-07,PDR,6100,41403.965927318975,252564192.15664575
2022-10-10,DGW,23700,44560.89185338055,1056093136.925119
2022-10-10,DBC,17000,14064.14333418958,239090436.6812229
2022-10-10,DGC,13000,60968.03421409185,792584444.7831941
2022-10-10,KDH,10100,19459.635055937146,196542314.06496516
2022-10-10,PDR,6100,41905.832180983445,255625576.303999
2022-10-11,DGW,23700,44560.89185338055,1056093136.925119
2022-10-11,DBC,17000,13091.622784484982,222557587.3362447
2022-10-11,DGC,13000,59105.12205755016,768366586.748152
2022-10-11,KDH,10100,18332.629164666654,185159554.5631332
2022-10-11,PDR,6100,40818.45529804376,248992577.31806692
2022-10-12,DGW,23700,47295.1422656112,1120894871.6949854
2022-10-12,DBC,17000,12904.599601849482,219378193.2314412
2022-10-12,DGC,13000,62661.59072003885,814600679.360505
2022-10-12,KDH,10100,19609.902508106545,198060015.3318761
2022-10-12,PDR,6100,40692.98873462764,248227231.2812286
2022-10-13,DGW,23700,47516.83824498125,1126149066.4060557
2022-10-13,DBC,17000,13241.241330593382,225101102.6200875
2022-10-13,DGC,13000,63931.75809949909,831112855.2934883
2022-10-13,KDH,10100,19910.437412445342,201095417.86569795
2022-10-13,PDR,6100,40943.92186145987,249757923.35490522
2022-10-14,DGW,23700,50842.27793553204,1204961987.0721092
2022-10-14,DBC,17000,13802.310878499882,234639284.93449798
2022-10-14,DGC,13000,67572.90458728514,878447759.6347069
2022-10-14,KDH,10100,19910.437412445342,201095417.86569795
2022-10-14,PDR,6100,40943.92186145987,249757923.35490522
2022-10-17,DGW,23700,50842.27793553204,1204961987.0721092
2022-10-17,DBC,17000,14288.57115335218,242905709.60698706
2022-10-17,DGC,13000,70367.27282209769,914774546.6872699
2022-10-17,KDH,10100,19234.233877683047,194265762.1645988
2022-10-17,PDR,6100,41487.61030292972,253074422.8478713
2022-10-18,DGW,23700,49142.60876036163,1164679827.6205707
2022-10-18,DBC,17000,13989.334061135381,237818679.03930148
2022-10-18,DGC,13000,69012.42761734009,897161559.0254211
2022-10-18,KDH,10100,19760.169960275944,199577716.59878704
2022-10-18,PDR,6100,41571.25467854046,253584653.53909683
2022-10-19,DGW,23700,49733.79803868177,1178691013.516758
2022-10-19,DBC,17000,14213.761880297981,241633951.9650657
2022-10-19,DGC,13000,69012.42761734009,897161559.0254211
2022-10-19,KDH,10100,19422.068192894796,196162888.74823743
2022-10-19,PDR,6100,41403.965927318975,252564192.15664575
2022-10-20,DGW,23700,48920.91278099158,1159425632.9095004
2022-10-20,DBC,17000,13690.096968918582,232731648.4716159
2022-10-20,DGC,13000,66472.0928584196,864137207.1594547
2022-10-20,KDH,10100,19159.100151598348,193506911.5311433
2022-10-20,PDR,6100,40985.744049265246,250013038.700518
2022-10-21,DGW,23700,45521.57443065078,1078861314.0064235
2022-10-21,DBC,17000,12754.981055741082,216834677.9475984
2022-10-21,DGC,13000,61899.4902923627,804693373.8007151
2022-10-21,KDH,10100,17919.393671200807,180985876.07912815
2022-10-21,PDR,6100,40734.81092243301,248482346.62684137
2022-10-24,DGW,23700,42343.932059680024,1003551189.8144165
2022-10-24,DBC,17000,11894.674415617785,202209465.06550235
2022-10-24,DGC,13000,61814.81246706535,803592562.0718496
2022-10-24,KDH,10100,16679.687190803266,168464840.62711298
2022-10-24,PDR,6100,39312.85653705034,239808424.87600708
2022-10-25,DGW,23700,44708.689172960585,1059595933.3991659
2022-10-25,DBC,17000,11670.246596455185,198394192.13973814
2022-10-25,DGC,13000,63508.368973012344,825608796.6491605
2022-10-25,KDH,10100,15778.082477786875,159358633.02564743
2022-10-25,PDR,6100,39061.9234102181,238277732.8023304
2022-10-26,DGW,23700,44930.38515233064,1064850128.110236
2022-10-26,DBC,17000,10922.153865913186,185676615.72052416
2022-10-26,DGC,13000,64609.18070187789,839919349.1244127
2022-10-26,KDH,10100,16304.01856037977,164670587.45983568
2022-10-26,PDR,6100,38058.19090288916,232154964.50762388
2022-10-27,DGW,23700,47295.1422656112,1120894871.6949854
2022-10-27,DBC,17000,11670.246596455185,198394192.13973814
2022-10-27,DGC,13000,66895.48198490634,869641265.8037823
2022-10-27,KDH,10100,17280.756999480862,174535645.69475672
2022-10-27,PDR,6100,37974.54652727841,231644733.81639832
2022-10-28,DGW,23700,45817.16906981085,1085866906.9545171
2022-10-28,DBC,17000,11595.437323400984,197122434.4978167
2022-10-28,DGC,13000,65540.63678014874,852028278.1419336
2022-10-28,KDH,10100,17280.756999480862,174535645.69475672
2022-10-28,PDR,6100,37305.39152239245,227562888.28659394
2022-10-31,DGW,23700,45078.18247191067,1068352924.584283
2022-10-31,DBC,17000,11034.367775494486,187584252.18340626
2022-10-31,DGC,13000,65117.247653661994,846524219.4976059
2022-10-31,KDH,10100,17055.355821226764,172259093.79439032
2022-10-31,PDR,6100,36552.592141895744,222970812.06556404
2022-11-01,DGW,23700,43600.20927611032,1033324959.8438146
2022-11-01,DBC,17000,11782.460506036485,200301828.60262024
2022-11-01,DGC,13000,63254.3354971203,822306361.4625639
2022-11-01,KDH,10100,17130.489547311463,173017944.42784578
2022-11-01,PDR,6100,35465.21525895605,216337813.0796319
2022-11-02,DGW,23700,43600.20927611032,1033324959.8438146
2022-11-02,DBC,17000,11894.674415617785,202209465.06550235
2022-11-02,DGC,13000,61560.7789911733,800290126.8852528
2022-11-02,KDH,10100,17280.756999480862,174535645.69475672
2022-11-02,PDR,6100,34963.34900529158,213276428.93227863
2022-11-03,DGW,23700,43674.10793590034,1035076358.0808381
2022-11-03,DBC,17000,11969.483688671984,203481222.70742372
2022-11-03,DGC,13000,61984.168117660054,805794185.5295807
2022-11-03,KDH,10100,17318.32386252321,174915071.01148444
2022-11-03,PDR,6100,33708.6833711304,205622968.56389543
2022-11-04,DGW,23700,40644.262884509626,963269030.3628781
2022-11-04,DBC,17000,11258.795594657086,191399525.10917047
2022-11-04,DGC,13000,60121.25596111835,781576327.4945385
2022-11-04,KDH,10100,16116.184245168022,162773460.876197
2022-11-04,PDR,6100,31366.640854029527,191336509.20958012
2022-11-07,DGW,23700,37836.113812488955,896715897.3559883
2022-11-07,DBC,17000,10473.298227587986,178046069.86899576
2022-11-07,DGC,13000,59613.18900933426,774971457.1213454
2022-11-07,KDH,10100,14989.17835389753,151390701.37436506
2022-11-07,PDR,6100,29191.887088150146,178070511.2377159
2022-11-08,DGW,23700,38722.89772996917,917732676.2002693
2022-11-08,DBC,17000,10211.465771898285,173594918.12227085
2022-11-08,DGC,13000,60121.25596111835,781576327.4945385
2022-11-08,KDH,10100,15252.146395193979,154046678.59145918
2022-11-08,PDR,6100,27184.422073492256,165824974.64830276
2022-11-09,DGW,23700,36210.34329710857,858185136.1414732
2022-11-09,DBC,17000,10473.298227587986,178046069.86899576
2022-11-09,DGC,13000,60036.57813582101,780475515.7656732
2022-11-09,KDH,10100,15252.146395193979,154046678.59145918
2022-11-09,PDR,6100,25302.423622250484,154344784.09572795
2022-11-10,DGW,23700,33697.78886424798,798637596.0826771
2022-11-10,DBC,17000,9762.610133573087,165964372.27074248
2022-11-10,DGC,13000,55887.364696250865,726535741.0512612
2022-11-10,KDH,10100,14275.407956092888,144181620.35653818
2022-11-10,PDR,6100,23545.89173442483,143629939.57999146
2022-11-11,DGW,23700,31369.981080862428,743468551.6164396
2022-11-11,DBC,17000,9089.326676085288,154518553.4934499
2022-11-11,DGC,13000,51992.18473257277,675898401.5234461
2022-11-11,KDH,10100,15177.01266910928,153287827.95800373
2022-11-11,PDR,6100,21914.826410015296,133680441.1010933
2022-11-14,DGW,23700,29189.97061705691,691802303.6242489
2022-11-14,DBC,17000,8453.447855124588,143708613.537118
2022-11-14,DGC,13000,48435.71607008408,629664308.9110931
2022-11-14,KDH,10100,15252.146395193979,154046678.59145918
2022-11-14,PDR,6100,20409.22764902188,124496288.65903346
2022-11-15,DGW,23700,27157.75747283143,643638852.1061049
2022-11-15,DBC,17000,7892.3783072180895,134170431.22270752
2022-11-15,DGC,13000,45048.60305819009,585631839.7564712
2022-11-15,KDH,10100,14575.942860431684,147217022.89036
2022-11-15,PDR,6100,18987.273263639207,115822366.90819916
2022-11-16,DGW,23700,29042.173297476875,688299507.1502019
2022-11-16,DBC,17000,8416.043218597488,143072734.7161573
2022-11-16,DGC,13000,48181.68259419203,626361873.7244964
2022-11-16,KDH,10100,15214.579532151629,153667253.27473146
2022-11-16,PDR,6100,17690.78544167265,107913791.19420317
2022-11-17,DGW,23700,30076.75453453712,712819082.4685298
2022-11-17,DBC,17000,8453.447855124588,143708613.537118
2022-11-17,DGC,13000,49959.91692543638,649478920.0306729
2022-11-17,KDH,10100,16191.317971252722,163532311.5096525
2022-11-17,PDR,6100,16477.941995316844,100515446.17143275
2022-11-18,DGW,23700,31776.423709707524,753101241.9200683
2022-11-18,DBC,17000,9014.517403031088,153246795.8515285
2022-11-18,DGC,13000,46488.12608824504,604345639.1471854
2022-11-18,KDH,10100,16604.553464718567,167705989.99365753
2022-11-18,PDR,6100,15348.742924571781,93627331.83988787
2022-11-21,DGW,23700,29559.463916007,700559294.8093659
2022-11-21,DBC,17000,9313.754495247887,158333826.4192141
2022-11-21,DGC,13000,43270.368726945744,562514793.4502947
2022-11-21,KDH,10100,16829.954642972665,169982541.89402393
2022-11-21,PDR,6100,14303.188229437465,87249448.19956854
2022-11-22,DGW,23700,27859.794740836594,660277135.3578273
2022-11-22,DBC,17000,9238.945222193688,157062068.7772927
2022-11-22,DGC,13000,43270.368726945744,562514793.4502947
2022-11-22,KDH,10100,16867.521506015015,170361967.21075165
2022-11-22,PDR,6100,13341.277909913892,81381795.25047474
2022-11-23,DGW,23700,27859.794740836594,660277135.3578273
2022-11-23,DBC,17000,8603.066401232989,146252128.82096082
2022-11-23,DGC,13000,44032.4691546219,572422099.0100846
2022-11-23,KDH,10100,16416.71914950682,165808863.41001886
2022-11-23,PDR,6100,12421.189778195692,75769257.64699373
2022-11-24,DGW,23700,25938.42958629614,614740781.1952186
2022-11-24,DBC,17000,8977.112766503988,152610917.0305678
2022-11-24,DGC,13000,43185.6909016484,561413981.7214292
2022-11-24,KDH,10100,15778.082477786875,159358633.02564743
2022-11-24,PDR,6100,11584.746022088239,70666950.73473826
2022-11-25,DGW,23700,26751.314843986333,634006161.802476
2022-11-25,DBC,17000,9425.968404829187,160241462.88209617
2022-11-25,DGC,13000,42677.6239498643,554809111.3482358
2022-11-25,KDH,10100,16867.521506015015,170361967.21075165
2022-11-25,PDR,6100,10790.124453786157,65819759.16809556
2022-11-28,DGW,23700,28598.78133873677,677791117.7280614
2022-11-28,DBC,17000,10061.847225789887,171051402.83842808
2022-11-28,DGC,13000,45641.34783527154,593337521.85853
2022-11-28,KDH,10100,18032.094260327856,182124152.02931136
2022-11-28,PDR,6100,10037.325073289448,61227682.94706564
2022-11-29,DGW,23700,30594.045153067244,725078870.1276937
2022-11-29,DBC,17000,10735.130683277686,182497221.61572066
2022-11-29,DGC,13000,48774.42737127348,634067555.8265553
2022-11-29,KDH,10100,19271.800740725397,194645187.48132652
2022-11-29,PDR,6100,10706.480078175411,65309528.47687001
2022-11-30,DGW,23700,32700.15695708274,774993719.882861
2022-11-30,DBC,17000,10922.153865913186,185676615.72052416
2022-11-30,DGC,13000,51568.79560608602,670394342.8791183
2022-11-30,KDH,10100,20586.640947207638,207925073.56679714
2022-11-30,PDR,6100,11417.457270866747,69646489.35228716
2022-12-01,DGW,23700,33660.83953435297,797761896.9641654
2022-12-01,DBC,17000,10847.344592858984,184404858.07860273
2022-12-01,DGC,13000,49113.13867246288,638470802.7420175
2022-12-01,KDH,10100,20436.37349503824,206407372.2998862
2022-12-01,PDR,6100,12212.07883916883,74493680.91892986
2022-12-02,DGW,23700,34732.370101308225,823157171.4010049
2022-12-02,DBC,17000,11408.414140765484,193943040.39301324
2022-12-02,DGC,13000,52415.57385905952,681402460.1677737
2022-12-02,KDH,10100,21863.914290647528,220825534.33554003
2022-12-02,PDR,6100,13048.522595276283,79595987.83118533
2022-12-05,DGW,23700,34954.066080678276,828411366.1120751
2022-12-05,DBC,17000,11483.223413819684,195214798.0349346
2022-12-05,DGC,13000,54193.80819030387,704519506.4739503
2022-12-05,KDH,10100,23366.588812341513,236002547.00464928
2022-12-05,PDR,6100,13926.78853918911,84953410.08905357
2022-12-06,DGW,23700,32515.410307607697,770615224.2903024
2022-12-06,DBC,17000,11969.483688671984,203481222.70742372
2022-12-06,DGC,13000,53347.02993733037,693511389.1852949
2022-12-06,KDH,10100,22202.016058028676,224240362.18608963
2022-12-06,PDR,6100,12964.878219665537,79085757.13995978
2022-12-07,DGW,23700,30298.450513907173,718073277.1796
2022-12-07,DBC,17000,11296.200231184184,192035403.93013114
2022-12-07,DGC,13000,53092.99646143832,690208953.9986981
2022-12-07,KDH,10100,22464.98409932512,226896339.4031837
2022-12-07,PDR,6100,13215.811346497774,80616449.21363643
2022-12-08,DGW,23700,32404.56231792267,767988126.9347674
2022-12-08,DBC,17000,11296.200231184184,192035403.93013114
2022-12-08,DGC,13000,54532.519491493265,708922753.3894124
2022-12-08,KDH,10100,22765.519003663918,229931741.93700558
2022-12-08,PDR,6100,13884.966351383737,84698294.74344079
2022-12-09,DGW,23700,32145.917008657612,761858233.1051854
2022-12-09,DBC,17000,11745.055869509384,199665949.78165954
2022-12-09,DGC,13000,53855.09688911447,700116259.5584881
2022-12-09,KDH,10100,22577.68468845217,228034615.3533669
2022-12-09,PDR,6100,13801.321975772991,84188064.05221525
2022-12-12,DGW,23700,30889.639792227314,732084463.0757873
2022-12-12,DBC,17000,12119.102234780383,206024737.99126652
2022-12-12,DGC,13000,55040.58644327737,715527623.7626058
2022-12-12,KDH,10100,20999.876440673484,212098752.0508022
2022-12-12,PDR,6100,12964.878219665537,79085757.13995978
2022-12-13,DGW,23700,32515.410307607697,770615224.2903024
2022-12-13,DBC,17000,12268.720780888783,208568253.27510932
2022-12-13,DGC,13000,55379.29774446676,719930870.6780679
2022-12-13,KDH,10100,20962.309577631135,211719326.73407447
2022-12-13,PDR,6100,12964.878219665537,79085757.13995978
2022-12-14,DGW,23700,32145.917008657612,761858233.1051854
2022-12-14,DBC,17000,11969.483688671984,203481222.70742372
2022-12-14,DGC,13000,57242.209901008464,744148728.7131101
2022-12-14,KDH,10100,21037.443303715834,212478177.36752993
2022-12-14,PDR,6100,12546.65634161181,76534603.68383203
2022-12-15,DGW,23700,32663.207627187734,774118020.7643493
2022-12-15,DBC,17000,11745.055869509384,199665949.78165954
2022-12-15,DGC,13000,57750.27685279256,750753599.0863032
2022-12-15,KDH,10100,21187.710755885233,213995878.63444084
2022-12-15,PDR,6100,12002.967900141964,73218104.19086598
2022-12-16,DGW,23700,33180.498245717856,786377808.4235132
2022-12-16,DBC,17000,11969.483688671984,203481222.70742372
2022-12-16,DGC,13000,57665.59902749521,749652787.3574377
2022-12-16,KDH,10100,20661.774673292337,208683924.2002526
2022-12-16,PDR,6100,12128.434463558084,73983450.22770432
2022-12-19,DGW,23700,31702.525049917505,751349843.6830449
2022-12-19,DBC,17000,12081.697598253284,205388859.17030582
2022-12-19,DGC,13000,55805.41841370514,725470439.3781668
2022-12-19,KDH,10100,20060.70486461474,202613119.1326089
2022-12-19,PDR,6100,11542.923834282865,70411835.38912548
2022-12-20,DGW,23700,30298.450513907173,718073277.1796
2022-12-20,DBC,17000,11520.628050346784,195850676.85589534
2022-12-20,DGC,13000,54742.4580629679,711651954.8185827
2022-12-20,KDH,10100,19384.501329852446,195783463.4315097
2022-12-20,PDR,6100,10790.124453786157,65819759.16809556
2022-12-21,DGW,23700,29263.86927684693,693553701.8612722
2022-12-21,DBC,17000,11146.581685075786,189491888.64628837
2022-12-21,DGC,13000,53413.75762454635,694378849.1191026
2022-12-21,KDH,10100,18858.56524725955,190471508.99732146
2022-12-21,PDR,6100,10037.325073289448,61227682.94706564
2022-12-22,DGW,23700,29485.56525621698,698807896.5723425
2022-12-22,DBC,17000,10622.916773696386,180589585.15283856
2022-12-22,DGC,13000,53413.75762454635,694378849.1191026
2022-12-22,KDH,10100,20173.40545374179,203751395.08279207
2022-12-22,PDR,6100,10706.480078175411,65309528.47687001
2022-12-23,DGW,23700,29116.071957266893,690050905.3872254
2022-12-23,DBC,17000,10585.512137169286,179953706.33187786
2022-12-23,DGC,13000,52262.21724458101,679408824.179553
2022-12-23,KDH,10100,19722.603097233594,199198291.2820593
2022-12-23,PDR,6100,10915.591017202276,66585105.20493388
2022-12-26,DGW,23700,27157.75747283143,643638852.1061049
2022-12-26,DBC,17000,9874.824043154387,167872008.73362458
2022-12-26,DGC,13000,48630.436046228766,632195668.600974
2022-12-26,KDH,10100,18520.463479878403,187056681.14677188
2022-12-26,PDR,6100,10162.791636705566,61993028.98390395
2022-12-27,DGW,23700,28524.882678946753,676039719.4910381
2022-12-27,DBC,17000,10548.107500642185,179317827.51091716
2022-12-27,DGC,13000,51553.57701075618,670196501.1398304
2022-12-27,KDH,10100,19797.736823318293,199957141.91551477
2022-12-27,PDR,6100,10539.19132695392,64289067.09441891
2022-12-28,DGW,23700,28414.034689261727,673412622.1355029
2022-12-28,DBC,17000,10996.963138967385,186948373.36244553
2022-12-28,DGC,13000,52262.21724458101,679408824.179553
2022-12-28,KDH,10100,20323.67290591119,205269096.349703
2022-12-28,PDR,6100,11250.168519645256,68626027.96983606
2022-12-29,DGW,23700,28081.49072020665,665531330.0688976
2022-12-29,DBC,17000,10772.535319804785,183133100.43668136
2022-12-29,DGC,13000,51287.83692307187,666741879.9999343
2022-12-29,KDH,10100,20999.876440673484,212098752.0508022
2022-12-29,PDR,6100,11208.346331839884,68370912.62422329
2022-12-30,DGW,23700,27896.744070731605,661152834.4763391
2022-12-30,DBC,17000,10548.107500642185,179317827.51091716
2022-12-30,DGC,13000,52173.6372153529,678257283.7995877
2022-12-30,KDH,10100,19910.437412445342,201095417.86569795
2022-12-30,PDR,6100,11375.635083061376,69391374.0066744
2023-01-03,DGW,23700,29559.463916007,700559294.8093659
2023-01-03,DBC,17000,11258.795594657086,191399525.10917047
2023-01-03,DGC,13000,52882.27744917773,687469606.8393105
2023-01-03,KDH,10100,21037.443303715834,212478177.36752993
2023-01-03,PDR,6100,12170.256651363456,74238565.57331708
2023-01-04,DGW,23700,29633.362575797015,702310693.0463892
2023-01-04,DBC,17000,11333.604867711285,192671282.75109184
2023-01-04,DGC,13000,53325.177595318244,693227308.7391372
2023-01-04,KDH,10100,20924.742714588785,211339901.41734672
2023-01-04,PDR,6100,12546.65634161181,76534603.68383203
2023-01-05,DGW,23700,29226.91994695192,692678002.7427605
2023-01-05,DBC,17000,11894.674415617785,202209465.06550235
2023-01-05,DGC,13000,53945.23779991497,701288091.3988945
2023-01-05,KDH,10100,20812.042125461736,210201625.46716353
2023-01-05,PDR,6100,12672.122905027929,77299949.72067037
2023-01-06,DGW,23700,28377.08535936672,672536923.0169913
2023-01-06,DBC,17000,11819.865142563584,200937707.4235809
2023-01-06,DGC,13000,51907.89712766859,674802662.6596917
2023-01-06,KDH,10100,20887.175851546435,210960476.100619
2023-01-06,PDR,6100,12337.545402584947,75259026.95576817
2023-01-09,DGW,23700,28524.882678946753,676039719.4910381
2023-01-09,DBC,17000,11296.200231184184,192035403.93013114
2023-01-09,DGC,13000,51022.09683538756,663287258.8600383
2023-01-09,KDH,10100,20999.876440673484,212098752.0508022
2023-01-09,PDR,6100,11919.32352453122,72707873.49964045
2023-01-10,DGW,23700,29374.717266531956,696180799.2168074
2023-01-10,DBC,17000,11894.674415617785,202209465.06550235
2023-01-10,DGC,13000,50047.71651387842,650620314.6804194
2023-01-10,KDH,10100,20962.309577631135,211719326.73407447
2023-01-10,PDR,6100,11919.32352453122,72707873.49964045
2023-01-11,DGW,23700,29263.86927684693,693553701.8612722
2023-01-11,DBC,17000,11819.865142563584,200937707.4235809
2023-01-11,DGC,13000,49959.13648465031,649468774.300454
2023-01-11,KDH,10100,21112.577029800534,213237028.00098538
2023-01-11,PDR,6100,12379.36759039032,75514142.30138095
2023-01-12,DGW,23700,29263.86927684693,693553701.8612722
2023-01-12,DBC,17000,11969.483688671984,203481222.70742372
2023-01-12,DGC,13000,49604.816367737905,644862612.7805928
2023-01-12,KDH,10100,20135.83859069944,203371969.76606435
2023-01-12,PDR,6100,12253.901026974201,74748796.26454262
2023-01-13,DGW,23700,29263.86927684693,693553701.8612722
2023-01-13,DBC,17000,11632.841959928084,197758313.31877744
2023-01-13,DGC,13000,50402.03663079083,655226476.2002808
2023-01-13,KDH,10100,19685.036234191244,198818865.96533155
2023-01-13,PDR,6100,11710.212585504356,71432296.77157657
2023-01-16,DGW,23700,28672.67999852679,679542515.9650849
2023-01-16,DBC,17000,11595.437323400984,197122434.4978167
2023-01-16,DGC,13000,49959.13648465031,649468774.300454
2023-01-16,KDH,10100,19797.736823318293,199957141.91551477
2023-01-16,PDR,6100,11459.27945867212,69901604.69789992
2023-01-17,DGW,23700,29411.666596426963,697056498.335319
2023-01-17,DBC,17000,11745.055869509384,199665949.78165954
2023-01-17,DGC,13000,52085.057186124795,677105743.4196223
2023-01-17,KDH,10100,20135.83859069944,203371969.76606435
2023-01-17,PDR,6100,11793.856961115102,71942527.46280211
2023-01-18,DGW,23700,31443.879740652443,745219949.8534629
2023-01-18,DBC,17000,12530.553236578484,213019405.02183422
2023-01-18,DGC,13000,52439.37730303721,681711904.9394838
2023-01-18,KDH,10100,20887.175851546435,210960476.100619
2023-01-18,PDR,6100,11961.145712336593,72962988.84525321
2023-01-19,DGW,23700,31924.221029287557,756604038.3941151
2023-01-19,DBC,17000,12605.362509632683,214291162.66375563
2023-01-19,DGC,13000,53059.437507633935,689772687.5992411
2023-01-19,KDH,10100,20736.908399377036,209442774.83370808
2023-01-19,PDR,6100,11835.679148920475,72197642.80841489
2023-01-27,DGW,23700,32219.815668447627,763609631.3422087
2023-01-27,DBC,17000,12792.385692268183,217470556.7685591
2023-01-27,DGC,13000,52262.21724458101,679408824.179553
2023-01-27,KDH,10100,20774.475262419386,209822200.1504358
2023-01-27,PDR,6100,11459.27945867212,69901604.69789992
2023-01-30,DGW,23700,31628.626390127487,749598445.4460214
2023-01-30,DBC,17000,12493.148600051383,212383526.20087352
2023-01-30,DGC,13000,51730.73706921238,672499581.899761
2023-01-30,KDH,10100,20849.608988504086,210581050.78389126
2023-01-30,PDR,6100,11459.27945867212,69901604.69789992
2023-01-31,DGW,23700,32515.410307607697,770615224.2903024
2023-01-31,DBC,17000,12567.957873105583,213655283.8427949
2023-01-31,DGC,13000,53413.75762454635,694378849.1191026
2023-01-31,KDH,10100,21037.443303715834,212478177.36752993
2023-01-31,PDR,6100,11584.746022088239,70666950.73473826
2023-02-01,DGW,23700,30520.146493277225,723327471.8906702
2023-02-01,DBC,17000,11707.651232982284,199030070.9606988
2023-02-01,DGC,13000,53148.01753686204,690924227.9792066
2023-02-01,KDH,10100,19910.437412445342,201095417.86569795
2023-02-01,PDR,6100,11626.56820989361,70922066.08035102
2023-02-02,DGW,23700,29928.957214957085,709316285.9944829
2023-02-02,DBC,17000,11071.772412021584,188220131.00436693
2023-02-02,DGC,13000,52350.797273809105,680560364.5595183
2023-02-02,KDH,10100,19985.571138530042,201854268.49915344
2023-02-02,PDR,6100,11501.101646477493,70156720.0435127
2023-02-03,DGW,23700,30520.146493277225,723327471.8906702
2023-02-03,DBC,17000,11146.581685075786,189491888.64628837
2023-02-03,DGC,13000,52085.057186124795,677105743.4196223
2023-02-03,KDH,10100,20248.53917982649,204510245.71624756
2023-02-03,PDR,6100,11459.27945867212,69901604.69789992
2023-02-06,DGW,23700,30335.39984380218,718948976.2981117
2023-02-06,DBC,17000,11146.581685075786,189491888.64628837
2023-02-06,DGC,13000,51376.41695229997,667893420.3798996
2023-02-06,KDH,10100,20549.074084165288,207545648.2500694
2023-02-06,PDR,6100,11501.101646477493,70156720.0435127
2023-02-07,DGW,23700,30298.450513907173,718073277.1796
2023-02-07,DBC,17000,10473.298227587986,178046069.86899576
2023-02-07,DGC,13000,49250.49625082549,640256451.2607313
2023-02-07,KDH,10100,20436.37349503824,206407372.2998862
2023-02-07,PDR,6100,10706.480078175411,65309528.47687001
2023-02-08,DGW,23700,30815.741132437295,730333064.838764
2023-02-08,DBC,17000,10735.130683277686,182497221.61572066
2023-02-08,DGC,13000,48719.01607545687,633347208.9809394
2023-02-08,KDH,10100,20286.10604286884,204889671.0329753
2023-02-08,PDR,6100,10330.080387927057,63013490.36635505
2023-02-09,DGW,23700,30187.602524222148,715446179.8240649
2023-02-09,DBC,17000,10735.130683277686,182497221.61572066
2023-02-09,DGC,13000,48896.176133913075,635650289.74087
2023-02-09,KDH,10100,20248.53917982649,204510245.71624756
2023-02-09,PDR,6100,10079.14726109482,61482798.2926784
2023-02-10,DGW,23700,29337.767936636945,695305100.0982956
2023-02-10,DBC,17000,10473.298227587986,178046069.86899576
2023-02-10,DGC,13000,48719.01607545687,633347208.9809394
2023-02-10,KDH,10100,20661.774673292337,208683924.2002526
2023-02-10,PDR,6100,10079.14726109482,61482798.2926784
2023-02-13,DGW,23700,28820.477318106823,683045312.4391317
2023-02-13,DBC,17000,10174.061135371187,172959039.30131018
2023-02-13,DGC,13000,46238.775257069974,601104078.3419096
2023-02-13,KDH,10100,19534.768782021845,197301164.69842064
2023-02-13,PDR,6100,9409.992256208858,57400952.76287403
2023-02-14,DGW,23700,28968.27463768686,686548108.9131786
2023-02-14,DBC,17000,10211.465771898285,173594918.12227085
2023-02-14,DGC,13000,46947.4154908948,610316401.3816323
2023-02-14,KDH,10100,19985.571138530042,201854268.49915344
2023-02-14,PDR,6100,8866.303814739013,54084453.26990797
2023-02-15,DGW,23700,29374.717266531956,696180799.2168074
2023-02-15,DBC,17000,10548.107500642185,179317827.51091716
2023-02-15,DGC,13000,47478.89566626342,617225643.6614245
2023-02-15,KDH,10100,20661.774673292337,208683924.2002526
2023-02-15,PDR,6100,9117.23694157125,55615145.34358462
2023-02-16,DGW,23700,30039.80520464211,711943383.350018
2023-02-16,DBC,17000,10809.939956331886,183768979.25764206
2023-02-16,DGC,13000,47213.15557857911,613771022.5215285
2023-02-16,KDH,10100,20887.175851546435,210960476.100619
2023-02-16,PDR,6100,9200.881317181995,56125376.03481017
2023-02-17,DGW,23700,29485.56525621698,698807896.5723425
2023-02-17,DBC,17000,10697.726046750586,181861342.79475996
2023-02-17,DGC,13000,46947.4154908948,610316401.3816323
2023-02-17,KDH,10100,20887.175851546435,210960476.100619
2023-02-17,PDR,6100,9159.059129376621,55870260.68919739
2023-02-20,DGW,23700,30150.653194327137,714570480.7055532
2023-02-20,DBC,17000,11183.986321602884,190127767.46724904
2023-02-20,DGC,13000,48453.275987772555,629892587.8410432
2023-02-20,KDH,10100,21262.844481969933,214754729.26789632
2023-02-20,PDR,6100,9786.391946457212,59696990.87338899
2023-02-21,DGW,23700,30889.639792227314,732084463.0757873
2023-02-21,DBC,17000,10959.558502440284,186312494.54148483
2023-02-21,DGC,13000,48364.69595854446,628741047.4610779
2023-02-21,KDH,10100,21112.577029800534,213237028.00098538
2023-02-21,PDR,6100,9786.391946457212,59696990.87338899
2023-02-22,DGW,23700,30667.943812857262,726830268.3647171
2023-02-22,DBC,17000,10473.298227587986,178046069.86899576
2023-02-22,DGC,13000,46947.4154908948,610316401.3816323
2023-02-22,KDH,10100,20135.83859069944,203371969.76606435
2023-02-22,PDR,6100,9200.881317181995,56125376.03481017
2023-02-23,DGW,23700,30224.551854117155,716321878.9425765
2023-02-23,DBC,17000,10435.893591060885,177410191.04803506
2023-02-23,DGC,13000,46061.61519861376,598800997.5819789
2023-02-23,KDH,10100,20023.13800157239,202233693.81588116
2023-02-23,PDR,6100,9117.23694157125,55615145.34358462
2023-02-24,DGW,23700,29448.61592632197,697932197.4538307
2023-02-24,DBC,17000,10174.061135371187,172959039.30131018
2023-02-24,DGC,13000,44821.49478942032,582679432.2624642
2023-02-24,KDH,10100,19534.768782021845,197301164.69842064
2023-02-24,PDR,6100,8824.48162693364,53829337.92429521
2023-02-27,DGW,23700,27711.99742125656,656774338.8837805
2023-02-27,DBC,17000,9874.824043154387,167872008.73362458
2023-02-27,DGC,13000,43758.53443868308,568860947.70288
2023-02-27,KDH,10100,19121.533288556,193127486.21441558
2023-02-27,PDR,6100,8531.72631229603,52043530.505005784
2023-02-28,DGW,23700,26973.010823356384,639260356.5135463
2023-02-28,DBC,17000,9800.014770100186,166600251.09170318
2023-02-28,DGC,13000,44378.5946432798,576921730.3626374
2023-02-28,KDH,10100,19121.533288556,193127486.21441558
2023-02-28,PDR,6100,8448.081936685287,51533299.81378025
2023-03-01,DGW,23700,27896.744070731605,661152834.4763391
2023-03-01,DBC,17000,10211.465771898285,173594918.12227085
2023-03-01,DGC,13000,44555.754701736005,579224811.122568
2023-03-01,KDH,10100,18520.463479878403,187056681.14677188
2023-03-01,PDR,6100,8699.015063517521,53063991.88745688
2023-03-02,DGW,23700,27490.30144188651,651520144.1727103
2023-03-02,DBC,17000,10099.251862316987,171687281.65938878
2023-03-02,DGC,13000,45175.81490633273,587285593.7823255
2023-03-02,KDH,10100,18708.29779509015,188953807.73041052
2023-03-02,PDR,6100,8782.659439128267,53574222.57868243
2023-03-03,DGW,23700,27194.70680272644,644514551.2246166
2023-03-03,DBC,17000,9987.037952735687,169779645.19650668
2023-03-03,DGC,13000,44555.754701736005,579224811.122568
2023-03-03,KDH,10100,18295.062301624304,184780129.24640548
2023-03-03,PDR,6100,8782.659439128267,53574222.57868243
2023-03-06,DGW,23700,26603.5175244063,630503365.3284293
2023-03-06,DBC,17000,9987.037952735687,169779645.19650668
2023-03-06,DGC,13000,44821.49478942032,582679432.2624642
2023-03-06,KDH,10100,19459.635055937146,196542314.06496516
2023-03-06,PDR,6100,9368.170068403486,57145837.417261265
2023-03-07,DGW,23700,25938.42958629614,614740781.1952186
2023-03-07,DBC,17000,9949.633316208587,169143766.37554598
2023-03-07,DGC,13000,44821.49478942032,582679432.2624642
2023-03-07,KDH,10100,19384.501329852446,195783463.4315097
2023-03-07,PDR,6100,9451.814444014231,57656068.10848681
2023-03-08,DGW,23700,25753.682936821097,610362285.60266
2023-03-08,DBC,17000,10099.251862316987,171687281.65938878
2023-03-08,DGC,13000,44821.49478942032,582679432.2624642
2023-03-08,KDH,10100,19459.635055937146,196542314.06496516
2023-03-08,PDR,6100,9911.858509873331,60462336.91022732
2023-03-09,DGW,23700,27527.250771781517,652395843.291222
2023-03-09,DBC,17000,10660.321410223485,181225463.97379926
2023-03-09,DGC,13000,45973.035169385665,597649457.2020136
2023-03-09,KDH,10100,19534.768782021845,197301164.69842064
2023-03-09,PDR,6100,10037.325073289448,61227682.94706564
2023-03-10,DGW,23700,27342.504122306473,648017347.6986634
2023-03-10,DBC,17000,10585.512137169286,179953706.33187786
2023-03-10,DGC,13000,46593.09537398239,605710239.8617711
2023-03-10,KDH,10100,19910.437412445342,201095417.86569795
2023-03-10,PDR,6100,9828.214134262586,59952106.21900177
2023-03-13,DGW,23700,26677.416184196318,632254763.5654527
2023-03-13,DBC,17000,10248.870408425386,174230796.94323155
2023-03-13,DGC,13000,45884.45514015756,596497916.8220483
2023-03-13,KDH,10100,19910.437412445342,201095417.86569795
2023-03-13,PDR,6100,9870.036322067957,60207221.56461454
2023-03-14,DGW,23700,25605.885617241063,606859489.1286132
2023-03-14,DBC,17000,9949.633316208587,169143766.37554598
2023-03-14,DGC,13000,45707.295081701355,594194836.0621176
2023-03-14,KDH,10100,19384.501329852446,195783463.4315097
2023-03-14,PDR,6100,9870.036322067957,60207221.56461454
2023-03-15,DGW,23700,26307.92288524623,623497772.3803357
2023-03-15,DBC,17000,10361.084318006686,176138433.40611365
2023-03-15,DGC,13000,46504.51534475428,604558699.4818057
2023-03-15,KDH,10100,19948.004275487692,201474843.18242568
2023-03-15,PDR,6100,10246.436012316311,62503259.6751295
2023-03-16,DGW,23700,25642.83494713607,607735188.2471249
2023-03-16,DBC,17000,10024.442589262786,170415524.01746735
2023-03-16,DGC,13000,46061.61519861376,598800997.5819789
2023-03-16,KDH,10100,19722.603097233594,199198291.2820593
2023-03-16,PDR,6100,10204.61382451094,62248144.32951673
2023-03-17,DGW,23700,25827.581596611115,612113683.8396834
2023-03-17,DBC,17000,9987.037952735687,169779645.19650668
2023-03-17,DGC,13000,46504.51534475428,604558699.4818057
2023-03-17,KDH,10100,20098.27172765709,202992544.44933662
2023-03-17,PDR,6100,10204.61382451094,62248144.32951673
2023-03-20,DGW,23700,25125.54432860595,595475400.587961
2023-03-20,DBC,17000,9949.633316208587,169143766.37554598
2023-03-20,DGC,13000,44821.49478942032,582679432.2624642
2023-03-20,KDH,10100,19346.934466810097,195404038.11478198
2023-03-20,PDR,6100,9870.036322067957,60207221.56461454
2023-03-21,DGW,23700,25125.54432860595,595475400.587961
2023-03-21,DBC,17000,10211.465771898285,173594918.12227085
2023-03-21,DGC,13000,45175.81490633273,587285593.7823255
2023-03-21,KDH,10100,19685.036234191244,198818865.96533155
2023-03-21,PDR,6100,9702.747570846466,59186760.18216345
2023-03-22,DGW,23700,24164.86175133572,572707223.5066565
2023-03-22,DBC,17000,10174.061135371187,172959039.30131018
2023-03-22,DGC,13000,44821.49478942032,582679432.2624642
2023-03-22,KDH,10100,19609.902508106545,198060015.3318761
2023-03-22,PDR,6100,9953.680697678703,60717452.255840085
2023-03-23,DGW,23700,24608.253710075827,583215612.9287971
2023-03-23,DBC,17000,10174.061135371187,172959039.30131018
2023-03-23,DGC,13000,44821.49478942032,582679432.2624642
2023-03-23,KDH,10100,19647.469371148894,198439440.64860383
2023-03-23,PDR,6100,10037.325073289448,61227682.94706564
2023-03-24,DGW,23700,24460.45639049579,579712816.4547502
2023-03-24,DBC,17000,10248.870408425386,174230796.94323155
2023-03-24,DGC,13000,44821.49478942032,582679432.2624642
2023-03-24,KDH,10100,19985.571138530042,201854268.49915344
2023-03-24,PDR,6100,10330.080387927057,63013490.36635505
2023-03-27,DGW,23700,24164.86175133572,572707223.5066565
2023-03-27,DBC,17000,10323.679681479585,175502554.58515295
2023-03-27,DGC,13000,45175.81490633273,587285593.7823255
2023-03-27,KDH,10100,20060.70486461474,202613119.1326089
2023-03-27,PDR,6100,10539.19132695392,64289067.09441891
2023-03-28,DGW,23700,24017.064431755687,569204427.0326098
2023-03-28,DBC,17000,10323.679681479585,175502554.58515295
2023-03-28,DGC,13000,45795.87511092945,595346376.4420829
2023-03-28,KDH,10100,20098.27172765709,202992544.44933662
2023-03-28,PDR,6100,10413.724763537803,63523721.0575806
2023-03-29,DGW,23700,23241.128503960503,550814745.5438639
2023-03-29,DBC,17000,10398.488954533786,176774312.22707435
2023-03-29,DGC,13000,45973.035169385665,597649457.2020136
2023-03-29,KDH,10100,20323.67290591119,205269096.349703
2023-03-29,PDR,6100,10371.90257573243,63268605.711967826
2023-03-30,DGW,23700,21615.35798858012,512283984.3293488
2023-03-30,DBC,17000,10398.488954533786,176774312.22707435
2023-03-30,DGC,13000,45441.554994017046,590740214.9222215
2023-03-30,KDH,10100,20286.10604286884,204889671.0329753
2023-03-30,PDR,6100,10371.90257573243,63268605.711967826
2023-03-31,DGW,23700,21208.91535973502,502651294.02571994
2023-03-31,DBC,17000,10323.679681479585,175502554.58515295
2023-03-31,DGC,13000,45441.554994017046,590740214.9222215
2023-03-31,KDH,10100,20736.908399377036,209442774.83370808
2023-03-31,PDR,6100,10455.546951343176,63778836.40319338
2023-04-03,DGW,23700,22095.69927721523,523668072.87000096
2023-04-03,DBC,17000,10398.488954533786,176774312.22707435
2023-04-03,DGC,13000,46061.61519861376,598800997.5819789
2023-04-03,KDH,10100,22014.181742816927,222343235.60245097
2023-04-03,PDR,6100,11082.879768423765,67605566.58738497
2023-04-04,DGW,23700,23573.67247301558,558696037.6104692
2023-04-04,DBC,17000,10847.344592858984,184404858.07860273
2023-04-04,DGC,13000,47301.73560780721,614922562.9014938
2023-04-04,KDH,10100,21901.481153689878,221204959.65226775
2023-04-04,PDR,6100,10999.23539281302,67095335.89615942
2023-04-05,DGW,23700,24164.86175133572,572707223.5066565
2023-04-05,DBC,17000,10922.153865913186,185676615.72052416
2023-04-05,DGC,13000,48010.37584163204,624134885.9412166
2023-04-05,KDH,10100,21788.78056456283,220066683.70208457
2023-04-05,PDR,6100,11208.346331839884,68370912.62422329
2023-04-06,DGW,23700,23351.97649364553,553441842.899399
2023-04-06,DBC,17000,10660.321410223485,181225463.97379926
2023-04-06,DGC,13000,47035.9955201229,611467941.7615978
2023-04-06,KDH,10100,21413.11193413933,216272430.53480724
2023-04-06,PDR,6100,11291.99070745063,68881143.31544885
2023-04-07,DGW,23700,23130.280514275477,548187648.1883287
2023-04-07,DBC,17000,10660.321410223485,181225463.97379926
2023-04-07,DGC,13000,46593.09537398239,605710239.8617711
2023-04-07,KDH,10100,21075.010166758184,212857602.68425766
2023-04-07,PDR,6100,11291.99070745063,68881143.31544885
2023-04-10,DGW,23700,24719.101699760853,585842710.2843323
2023-04-10,DBC,17000,11146.581685075786,189491888.64628837
2023-04-10,DGC,13000,46681.67540321049,606861780.2417363
2023-04-10,KDH,10100,21300.411345012282,215134154.58462405
2023-04-10,PDR,6100,11041.057580618393,67350451.2417722
2023-04-11,DGW,23700,25273.341648185982,598978197.0620078
2023-04-11,DBC,17000,11258.795594657086,191399525.10917047
2023-04-11,DGC,13000,46770.25543243859,608013320.6217017
2023-04-11,KDH,10100,21413.11193413933,216272430.53480724
2023-04-11,PDR,6100,11291.99070745063,68881143.31544885
2023-04-12,DGW,23700,24977.747009025912,591972604.1139141
2023-04-12,DBC,17000,11371.009504238384,193307161.5720525
2023-04-12,DGC,13000,46947.4154908948,610316401.3816323
2023-04-12,KDH,10100,22427.41723628277,226516914.08645597
2023-04-12,PDR,6100,11835.679148920475,72197642.80841489
2023-04-13,DGW,23700,25162.493658500956,596351099.7064726
2023-04-13,DBC,17000,11146.581685075786,189491888.64628837
2023-04-13,DGC,13000,49294.786265439456,640832221.4507129
2023-04-13,KDH,10100,22352.28351019807,225758063.45300052
2023-04-13,PDR,6100,11710.212585504356,71432296.77157657
2023-04-14,DGW,23700,24238.76041112574,574458621.74368
2023-04-14,DBC,17000,10996.963138967385,186948373.36244553
2023-04-14,DGC,13000,49023.93579145353,637311165.2888958
2023-04-14,KDH,10100,21488.24566022403,217031281.16826272
2023-04-14,PDR,6100,11208.346331839884,68370912.62422329
2023-04-17,DGW,23700,24127.912421440713,571831524.3881449
2023-04-17,DBC,17000,11745.055869509384,199665949.78165954
2023-04-17,DGC,13000,48121.10087816709,625574311.4161721
2023-04-17,KDH,10100,21939.048016732228,221584384.9689955
2023-04-17,PDR,6100,11626.56820989361,70922066.08035102
2023-04-18,DGW,23700,25162.493658500956,596351099.7064726
2023-04-18,DBC,17000,11670.246596455185,198394192.13973814
2023-04-18,DGC,13000,48753.085317467594,633790109.1270788
2023-04-18,KDH,10100,21788.78056456283,220066683.70208457
2023-04-18,PDR,6100,11626.56820989361,70922066.08035102
2023-04-19,DGW,23700,26381.821545036248,625249170.617359
2023-04-19,DBC,17000,11745.055869509384,199665949.78165954
2023-04-19,DGC,13000,48753.085317467594,633790109.1270788
2023-04-19,KDH,10100,21375.54507109698,215893005.2180795
2023-04-19,PDR,6100,11459.27945867212,69901604.69789992
2023-04-20,DGW,23700,25790.632266716108,611237984.7211717
2023-04-20,DBC,17000,11857.269779090684,201573586.24454162
2023-04-20,DGC,13000,48391.95135215302,629095367.5779892
2023-04-20,KDH,10100,21375.54507109698,215893005.2180795
2023-04-20,PDR,6100,11208.346331839884,68370912.62422329
2023-04-21,DGW,23700,25458.088297661026,603356692.6545663
2023-04-21,DBC,17000,11782.460506036485,200301828.60262024
2023-04-21,DGC,13000,46947.415490894724,610316401.3816314
2023-04-21,KDH,10100,21337.978208054632,215513579.90135178
2023-04-21,PDR,6100,10873.768829396902,66329989.8593211
2023-04-24,DGW,23700,25051.64566881593,593724002.3509376
2023-04-24,DBC,17000,11221.390958129985,190763646.28820974
2023-04-24,DGC,13000,46315.43105159421,602100603.6707247
2023-04-24,KDH,10100,21225.277618927583,214375303.9511686
2023-04-24,PDR,6100,11041.057580618393,67350451.2417722
2023-04-25,DGW,23700,24312.659070915757,576210019.9807035
2023-04-25,DBC,17000,11445.818777292585,194578919.21397394
2023-04-25,DGC,13000,46495.998034251505,604447974.4452696
2023-04-25,KDH,10100,21300.411345012282,215134154.58462405
2023-04-25,PDR,6100,10831.94664159153,66074874.51370834
2023-04-26,DGW,23700,24829.94968944588,588469807.6398673
2023-04-26,DBC,17000,11595.437323400984,197122434.4978167
2023-04-26,DGC,13000,46405.71454292286,603274289.0579972
2023-04-26,KDH,10100,21262.844481969933,214754729.26789632
2023-04-26,PDR,6100,10957.413205007648,66840220.55054665
2023-04-27,DGW,23700,24645.203039970835,584091312.0473088
2023-04-27,DBC,17000,11558.032686873885,196486555.67685604
2023-04-27,DGC,13000,46586.28152558015,605621659.832542
2023-04-27,KDH,10100,21600.94624935108,218169557.1184459
2023-04-27,PDR,6100,11501.101646477493,70156720.0435127
2023-04-28,DGW,23700,25347.240307976,600729595.2990313
2023-04-28,DBC,17000,10959.558502440284,186312494.54148483
2023-04-28,DGC,13000,46495.998034251505,604447974.4452696
2023-04-28,KDH,10100,22389.85037324042,226137488.76972824
2023-04-28,PDR,6100,11835.679148920475,72197642.80841489
2023-05-04,DGW,23700,24793.00035955087,587594108.5213556
2023-05-04,DBC,17000,11071.772412021584,188220131.00436693
2023-05-04,DGC,13000,46044.580577608285,598579547.5089077
2023-05-04,KDH,10100,22878.219592790967,231070017.88718876
2023-05-04,PDR,6100,11459.27945867212,69901604.69789992
2023-05-05,DGW,23700,24793.00035955087,587594108.5213556
2023-05-05,DBC,17000,11071.772412021584,188220131.00436693
2023-05-05,DGC,13000,46405.71454292286,603274289.0579972
2023-05-05,KDH,10100,22690.38527757922,229172891.3035501
2023-05-05,PDR,6100,11291.99070745063,68881143.31544885
2023-05-08,DGW,23700,24312.659070915757,576210019.9807035
2023-05-08,DBC,17000,11296.200231184184,192035403.93013114
2023-05-08,DGC,13000,46676.56501690879,606795345.2198143
2023-05-08,KDH,10100,22502.55096236747,227275764.71991146
2023-05-08,PDR,6100,11333.812895256002,69136258.66106161
2023-05-09,DGW,23700,24645.203039970835,584091312.0473088
2023-05-09,DBC,17000,11371.009504238384,193307161.5720525
2023-05-09,DGC,13000,46676.56501690879,606795345.2198143
2023-05-09,KDH,10100,22164.449194986326,223860936.86936188
2023-05-09,PDR,6100,11250.168519645256,68626027.96983606
2023-05-10,DGW,23700,25495.037627556037,604232391.7730781
2023-05-10,DBC,17000,11445.818777292585,194578919.21397394
2023-05-10,DGC,13000,46225.14756026557,600926918.2834524
2023-05-10,KDH,10100,22389.85037324042,226137488.76972824
2023-05-10,PDR,6100,11501.101646477493,70156720.0435127
2023-05-11,DGW,23700,25347.240307976,600729595.2990313
2023-05-11,DBC,17000,11595.437323400984,197122434.4978167
2023-05-11,DGC,13000,47127.98247355201,612663772.1561761
2023-05-11,KDH,10100,22502.55096236747,227275764.71991146
2023-05-11,PDR,6100,11668.390397698984,71177181.4259638
2023-05-12,DGW,23700,25162.493658500956,596351099.7064726
2023-05-12,DBC,17000,12006.888325199083,204117101.52838442
2023-05-12,DGC,13000,46766.84850823743,607969030.6070867
2023-05-12,KDH,10100,22765.519003663918,229931741.93700558
2023-05-12,PDR,6100,11668.390397698984,71177181.4259638
2023-05-15,DGW,23700,24756.05102965586,586718409.402844
2023-05-15,DBC,17000,11745.055869509384,199665949.78165954
2023-05-15,DGC,13000,46495.998034251505,604447974.4452696
2023-05-15,KDH,10100,22389.85037324042,226137488.76972824
2023-05-15,PDR,6100,11542.923834282865,70411835.38912548
2023-05-16,DGW,23700,24312.659070915757,576210019.9807035
2023-05-16,DBC,17000,12530.553236578484,213019405.02183422
2023-05-16,DGC,13000,46225.14756026557,600926918.2834524
2023-05-16,KDH,10100,22126.882331943976,223481511.55263415
2023-05-16,PDR,6100,11375.635083061376,69391374.0066744
2023-05-17,DGW,23700,24312.659070915757,576210019.9807035
2023-05-17,DBC,17000,12754.981055741082,216834677.9475984
2023-05-17,DGC,13000,45864.013594951,596232176.734363
2023-05-17,KDH,10100,21413.11193413933,216272430.53480724
2023-05-17,PDR,6100,11208.346331839884,68370912.62422329
2023-05-18,DGW,23700,24386.557730705772,577961418.2177268
2023-05-18,DBC,17000,12904.599601849482,219378193.2314412
2023-05-18,DGC,13000,45502.87962963642,591537435.1852735
2023-05-18,KDH,10100,22014.181742816927,222343235.60245097
2023-05-18,PDR,6100,11041.057580618393,67350451.2417722
2023-05-19,DGW,23700,24423.507060600783,578837117.3362385
2023-05-19,DBC,17000,13540.478422810182,230188133.18777308
2023-05-19,DGC,13000,45322.31264697913,589190064.4107287
2023-05-19,KDH,10100,22126.882331943976,223481511.55263415
2023-05-19,PDR,6100,11166.52414403451,68115797.27861051
2023-05-22,DGW,23700,25236.392318290975,598102497.9434961
2023-05-22,DBC,17000,13652.692332391482,232095769.65065518
2023-05-22,DGC,13000,45502.87962963642,591537435.1852735
2023-05-22,KDH,10100,22239.58292107102,224619787.50281733
2023-05-22,PDR,6100,11208.346331839884,68370912.62422329
2023-05-23,DGW,23700,24977.747009025912,591972604.1139141
2023-05-23,DBC,17000,14363.38042640638,244177467.24890846
2023-05-23,DGC,13000,46405.71454292286,603274289.0579972
2023-05-23,KDH,10100,21939.048016732228,221584384.9689955
2023-05-23,PDR,6100,11375.635083061376,69391374.0066744
2023-05-24,DGW,23700,24608.253710075827,583215612.9287971
2023-05-24,DBC,17000,14363.38042640638,244177467.24890846
2023-05-24,DGC,13000,45864.013594951,596232176.734363
2023-05-24,KDH,10100,21976.614879774577,221963810.28572324
2023-05-24,PDR,6100,11417.457270866747,69646489.35228716
2023-05-25,DGW,23700,24275.709741020746,575334320.8621917
2023-05-25,DBC,17000,14101.547970716681,239726315.5021836
2023-05-25,DGC,13000,45773.73010362235,595058491.3470906
2023-05-25,KDH,10100,22089.315468901626,223102086.23590642
2023-05-25,PDR,6100,11333.812895256002,69136258.66106161
2023-05-26,DGW,23700,24460.45639049579,579712816.4547502
2023-05-26,DBC,17000,14438.18969946058,245449224.89082986
2023-05-26,DGC,13000,45412.59613830778,590363749.7980012
2023-05-26,KDH,10100,22389.85037324042,226137488.76972824
2023-05-26,PDR,6100,11208.346331839884,68370912.62422329
2023-05-29,DGW,23700,25199.442988395967,597226798.8249844
2023-05-29,DBC,17000,14288.57115335218,242905709.60698706
2023-05-29,DGC,13000,46495.998034251505,604447974.4452696
2023-05-29,KDH,10100,22502.55096236747,227275764.71991146
2023-05-29,PDR,6100,11459.27945867212,69901604.69789992
2023-05-30,DGW,23700,26344.872215141237,624373471.4988474
2023-05-30,DBC,17000,14213.761880297981,241633951.9650657
2023-05-30,DGC,13000,48572.51833481031,631442738.352534
2023-05-30,KDH,10100,22615.25155149452,228414040.67009464
2023-05-30,PDR,6100,12128.434463558084,73983450.22770432
2023-05-31,DGW,23700,26160.125565666192,619994975.9062887
2023-05-31,DBC,17000,14961.85461083998,254351528.38427967
2023-05-31,DGC,13000,48391.95135215302,629095367.5779892
2023-05-31,KDH,10100,22314.71664715572,225378638.1362728
2023-05-31,PDR,6100,12212.07883916883,74493680.91892986
2023-06-01,DGW,23700,26751.314843986333,634006161.802476
2023-06-01,DBC,17000,14662.61751862318,249264497.81659406
2023-06-01,DGC,13000,49294.786265439456,640832221.4507129
2023-06-01,KDH,10100,22089.315468901626,223102086.23590642
2023-06-01,PDR,6100,12463.011966001064,76024372.99260649
2023-06-02,DGW,23700,27601.149431571535,654147241.5282453
2023-06-02,DBC,17000,14812.23606473158,251808013.10043687
2023-06-02,DGC,13000,50829.6056180264,660784873.0343431
2023-06-02,KDH,10100,22089.315468901626,223102086.23590642
2023-06-02,PDR,6100,12504.834153806438,76279488.33821927
2023-06-05,DGW,23700,27675.048091361554,655898639.7652688
2023-06-05,DBC,17000,14325.975789879281,243541588.4279478
2023-06-05,DGC,13000,53357.54337522842,693648063.8779695
2023-06-05,KDH,10100,22427.41723628277,226516914.08645597
2023-06-05,PDR,6100,12295.723214779575,75003911.6101554
2023-06-06,DGW,23700,27564.200101676524,653271542.4097337
2023-06-06,DBC,17000,14550.40360904188,247356861.35371196
2023-06-06,DGC,13000,53989.52781452893,701863861.588876
2023-06-06,KDH,10100,22389.85037324042,226137488.76972824
2023-06-06,PDR,6100,12504.834153806438,76279488.33821927
2023-06-07,DGW,23700,28081.49072020665,665531330.0688976
2023-06-07,DBC,17000,14700.02215515028,249900376.63755476
2023-06-07,DGC,13000,54531.22876250079,708905973.9125103
2023-06-07,KDH,10100,22878.219592790967,231070017.88718876
2023-06-07,PDR,6100,13341.277909913892,81381795.25047474
2023-06-08,DGW,23700,27416.40278209649,649768745.9356868
2023-06-08,DBC,17000,14700.02215515028,249900376.63755476
2023-06-08,DGC,13000,53267.25988389978,692474378.4906971
2023-06-08,KDH,10100,22840.652729748617,230690592.57046103
2023-06-08,PDR,6100,13634.0332245515,83167602.66976415
2023-06-09,DGW,23700,28340.13602947171,671661223.8984795
2023-06-09,DBC,17000,14438.18969946058,245449224.89082986
2023-06-09,DGC,13000,56968.88302837417,740595479.3688642
2023-06-09,KDH,10100,22878.219592790967,231070017.88718876
2023-06-09,PDR,6100,14135.899478215973,86228986.81711744
2023-06-12,DGW,23700,30298.450513907173,718073277.1796
2023-06-12,DBC,17000,14213.761880297981,241633951.9650657
2023-06-12,DGC,13000,58232.851906975186,757027074.7906774
2023-06-12,KDH,10100,22953.353318875666,231828868.52064422
2023-06-12,PDR,6100,14805.054483101936,90310832.34692182
2023-06-13,DGW,23700,30076.75453453712,712819082.4685298
2023-06-13,DBC,17000,14325.975789879281,243541588.4279478
2023-06-13,DGC,13000,56607.74906305959,735900737.8197747
2023-06-13,KDH,10100,23028.487044960366,232587719.1540997
2023-06-13,PDR,6100,14805.054483101936,90310832.34692182
2023-06-14,DGW,23700,29485.56525621698,698807896.5723425
2023-06-14,DBC,17000,14213.761880297981,241633951.9650657
2023-06-14,DGC,13000,55524.34716711587,721816513.1725063
2023-06-14,KDH,10100,23178.754497129765,234105420.4210106
2023-06-14,PDR,6100,14177.721666021345,86484102.1627302
2023-06-15,DGW,23700,29189.97061705691,691802303.6242489
2023-06-15,DBC,17000,15186.282430002579,258166801.31004384
2023-06-15,DGC,13000,56427.18208040231,733553367.04523
2023-06-15,KDH,10100,23028.487044960366,232587719.1540997
2023-06-15,PDR,6100,14470.476980658954,88269909.58201961
2023-06-16,DGW,23700,28820.477318106823,683045312.4391317
2023-06-16,DBC,17000,15148.87779347548,257530922.48908317
2023-06-16,DGC,13000,55434.06367578723,720642827.785234
2023-06-16,KDH,10100,23066.053908002716,232967144.47082743
2023-06-16,PDR,6100,14094.0772904106,85973871.47150466
2023-06-19,DGW,23700,29707.261235587033,704062091.2834127
2023-06-19,DBC,17000,15597.73343180068,265161468.34061155
2023-06-19,DGC,13000,55253.49669312994,718295457.0106893
2023-06-19,KDH,10100,22840.652729748617,230690592.57046103
2023-06-19,PDR,6100,13508.566661135383,82402256.63292584
2023-06-20,DGW,23700,30298.450513907173,718073277.1796
2023-06-20,DBC,17000,15896.970524017479,270248498.9082971
2023-06-20,DGC,13000,56788.316045716885,738248108.5943195
2023-06-20,KDH,10100,22990.920181918016,232208293.83737198
2023-06-20,PDR,6100,14386.83260504821,87759678.89079408
2023-06-21,DGW,23700,30298.450513907173,718073277.1796
2023-06-21,DBC,17000,15784.756614436179,268340862.44541505
2023-06-21,DGC,13000,57510.58397634603,747637591.6924984
2023-06-21,KDH,10100,22990.920181918016,232208293.83737198
2023-06-21,PDR,6100,14470.476980658954,88269909.58201961
2023-06-22,DGW,23700,30815.741132437295,730333064.838764
2023-06-22,DBC,17000,15896.970524017479,270248498.9082971
2023-06-22,DGC,13000,59587.104276904836,774632355.5997629
2023-06-22,KDH,10100,23554.423127553262,237899673.58828795
2023-06-22,PDR,6100,14512.299168464328,88525024.92763239
2023-06-23,DGW,23700,30298.450513907173,718073277.1796
2023-06-23,DBC,17000,15747.351977909078,267704983.62445432
2023-06-23,DGC,13000,58955.11983760433,766416557.8888563
2023-06-23,KDH,10100,23779.82430580736,240176225.48865435
2023-06-23,PDR,6100,14345.010417242836,87504563.5451813
2023-06-26,DGW,23700,31628.626390127487,749598445.4460214
2023-06-26,DBC,17000,16233.612252761379,275971408.2969434
2023-06-26,DGC,13000,58593.985872289755,761721816.3397669
2023-06-26,KDH,10100,23629.55685363796,238658524.2217434
2023-06-26,PDR,6100,14428.654792853582,88014794.23640685
2023-06-27,DGW,23700,31406.930410757435,744344250.7349513
2023-06-27,DBC,17000,16083.993706652978,273427893.0131006
2023-06-27,DGC,13000,59135.68682026162,768763928.663401
2023-06-27,KDH,10100,23667.12371668031,239037949.53847113
2023-06-27,PDR,6100,14219.543853826719,86739217.50834298
2023-06-28,DGW,23700,31185.234431387384,739090056.023881
2023-06-28,DBC,17000,16383.230798869778,278514923.5807862
2023-06-28,DGC,13000,59045.403328932975,767590243.2761286
2023-06-28,KDH,10100,23629.55685363796,238658524.2217434
2023-06-28,PDR,6100,14219.543853826719,86739217.50834298
2023-06-29,DGW,23700,29855.058555167067,707564887.7574595
2023-06-29,DBC,17000,15709.947341381978,267069104.80349362
2023-06-29,DGC,13000,56878.59953704553,739421793.9815918
2023-06-29,KDH,10100,23103.620771045065,233346569.78755516
2023-06-29,PDR,6100,13801.321975772991,84188064.05221525
2023-06-30,DGW,23700,30741.842472647277,728581666.6017405
2023-06-30,DBC,17000,15934.375160544578,270884377.7292578
2023-06-30,DGC,13000,57600.867467674674,748811277.0797708
2023-06-30,KDH,10100,23141.187634087415,233725995.1042829
2023-06-30,PDR,6100,14052.255102605228,85718756.1258919
2023-07-03,DGW,23700,30889.639792227314,732084463.0757873
2023-07-03,DBC,17000,15971.779797071678,271520256.5502185
2023-07-03,DGC,13000,57600.867467674674,748811277.0797708
2023-07-03,KDH,10100,22840.652729748617,230690592.57046103
2023-07-03,PDR,6100,13968.610726994482,85208525.43466634
2023-07-04,DGW,23700,31259.133091177402,740841454.2609044
2023-07-04,DBC,17000,17056.514256357576,289960742.3580788
2023-07-04,DGC,13000,58503.70238096111,760548130.9524945
2023-07-04,KDH,10100,22840.652729748617,230690592.57046103
2023-07-04,PDR,6100,14219.543853826719,86739217.50834298
2023-07-05,DGW,23700,31961.170359182568,757479737.5126269
2023-07-05,DBC,17000,17393.155985101475,295683651.7467251
2023-07-05,DGC,13000,60128.8052248767,781674467.9233971
2023-07-05,KDH,10100,23103.620771045065,233346569.78755516
2023-07-05,PDR,6100,14512.299168464328,88525024.92763239
2023-07-06,DGW,23700,31776.423709707524,753101241.9200683
2023-07-06,DBC,17000,17954.225533007975,305221834.0611356
2023-07-06,DGC,13000,60941.356646834494,792237636.4088484
2023-07-06,KDH,10100,22690.38527757922,229172891.3035501
2023-07-06,PDR,6100,14135.899478215973,86228986.81711744
2023-07-07,DGW,23700,33993.38350340805,805643189.0307708
2023-07-07,DBC,17000,18290.867261751875,310944743.4497819
2023-07-07,DGC,13000,61212.20712082042,795758692.5706655
2023-07-07,KDH,10100,22690.38527757922,229172891.3035501
2023-07-07,PDR,6100,14470.476980658954,88269909.58201961
2023-07-10,DGW,23700,35360.50870952337,838044056.4157038
2023-07-10,DBC,17000,18178.653352170575,309037106.9868998
2023-07-10,DGC,13000,61212.20712082042,795758692.5706655
2023-07-10,KDH,10100,22765.519003663918,229931741.93700558
2023-07-10,PDR,6100,15474.209487987899,94392677.87672618
2023-07-11,DGW,23700,35766.95133836847,847676746.7193327
2023-07-11,DBC,17000,19225.983174929373,326841713.97379935
2023-07-11,DGC,13000,60128.8052248767,781674467.9233971
2023-07-11,KDH,10100,22840.652729748617,230690592.57046103
2023-07-11,PDR,6100,15390.565112377155,93882447.18550065
2023-07-12,DGW,23700,36210.34329710857,858185136.1414732
2023-07-12,DBC,17000,19001.555355766774,323026441.04803514
2023-07-12,DGC,13000,61121.92362949178,794585007.1833931
2023-07-12,KDH,10100,22953.353318875666,231828868.52064422
2023-07-12,PDR,6100,15976.075741652372,97454062.02407947
2023-07-13,DGW,23700,37244.924534168815,882704711.459801
2023-07-13,DBC,17000,19562.624903673273,332564623.36244565
2023-07-13,DGC,13000,64281.84582599431,835663995.737926
2023-07-13,KDH,10100,23817.39116884971,240555650.80538207
2023-07-13,PDR,6100,16059.720117263118,97964292.71530502
2023-07-14,DGW,23700,36949.32989500875,875699118.5117073
2023-07-14,DBC,17000,19450.410994091973,330656986.89956355
2023-07-14,DGC,13000,64642.979791308884,840358737.2870154
2023-07-14,KDH,10100,23667.12371668031,239037949.53847113
2023-07-14,PDR,6100,15808.78699043088,96433600.64162837
2023-07-17,DGW,23700,36468.988606373634,864315029.9710552
2023-07-17,DBC,17000,18926.746082712576,321754683.4061138
2023-07-17,DGC,13000,64462.4128086516,838011366.5124708
2023-07-17,KDH,10100,24418.460977527306,246626455.87302577
2023-07-17,PDR,6100,16310.653244095354,99494984.78898166
2023-07-18,DGW,23700,36210.34329710857,858185136.1414732
2023-07-18,DBC,17000,18664.913627022874,317303531.65938884
2023-07-18,DGC,13000,63920.71186067974,830969254.1888366
2023-07-18,KDH,10100,24456.027840569655,247005881.18975353
2023-07-18,PDR,6100,16101.54230506849,98219408.06091778
2023-07-19,DGW,23700,36468.988606373634,864315029.9710552
2023-07-19,DBC,17000,18777.127536604174,319211168.12227094
2023-07-19,DGC,13000,64101.27884333702,833316624.9633813
2023-07-19,KDH,10100,24193.059799273207,244349903.97265938
2023-07-19,PDR,6100,15725.142614820135,95923369.95040283
2023-07-20,DGW,23700,37983.91113206899,900218693.8300351
2023-07-20,DBC,17000,18590.104353968676,316031774.0174675
2023-07-20,DGC,13000,65816.66517858126,855616647.3215563
2023-07-20,KDH,10100,24117.926073188508,243591053.33920392
2023-07-20,PDR,6100,16268.83105628998,99239869.44336888
2023-07-21,DGW,23700,40570.364224719604,961517632.1258546
2023-07-21,DBC,17000,19487.815630619072,331292865.72052425
2023-07-21,DGC,13000,65906.94866990989,856790332.7088286
2023-07-21,KDH,10100,24681.429018823754,249282433.0901199
2023-07-21,PDR,6100,17398.030127035043,106127983.77491376
2023-07-24,DGW,23700,40274.76958555954,954512039.1777611
2023-07-24,DBC,17000,19001.555355766774,323026441.04803514
2023-07-24,DGC,13000,65274.96423060939,848574534.9979221
2023-07-24,KDH,10100,25733.301184009546,259906341.95849642
2023-07-24,PDR,6100,17858.074192894142,108934252.57665427
2023-07-25,DGW,23700,39535.78298765936,936998056.8075268
2023-07-25,DBC,17000,18814.532173131276,319847046.9432317
2023-07-25,DGC,13000,65274.96423060939,848574534.9979221
2023-07-25,KDH,10100,25658.167457924847,259147491.32504094
2023-07-25,PDR,6100,17858.074192894142,108934252.57665427
2023-07-26,DGW,23700,38722.89772996917,917732676.2002693
2023-07-26,DBC,17000,19450.410994091973,330656986.89956355
2023-07-26,DGC,13000,65004.11375662346,845053478.836105
2023-07-26,KDH,10100,26296.804129644792,265597721.7094124
2023-07-26,PDR,6100,18025.362944115634,109954713.95910536
2023-07-27,DGW,23700,39979.174946399464,947506446.2296673
2023-07-27,DBC,17000,19001.555355766774,323026441.04803514
2023-07-27,DGC,13000,64372.12931732296,836837681.1251985
2023-07-27,KDH,10100,26672.47276006829,269391974.87668973
2023-07-27,PDR,6100,18401.76263436399,112250752.06962034
2023-07-28,DGW,23700,39535.78298765936,936998056.8075268
2023-07-28,DBC,17000,18777.127536604174,319211168.12227094
2023-07-28,DGC,13000,65545.81470459532,852095591.1597393
2023-07-28,KDH,10100,27611.644336127032,278877607.794883
2023-07-28,PDR,6100,18276.296070947872,111485406.03278202
2023-07-31,DGW,23700,39979.174946399464,947506446.2296673
2023-07-31,DBC,17000,18590.104353968676,316031774.0174675
2023-07-31,DGC,13000,65004.11375662346,845053478.836105
2023-07-31,KDH,10100,28175.147281762278,284568987.545799
2023-07-31,PDR,6100,18150.82950753175,110720059.99594368
2023-08-01,DGW,23700,39240.18834849929,929992463.859433
2023-08-01,DBC,17000,18590.104353968676,316031774.0174675
2023-08-01,DGC,13000,67170.91754851092,873221928.1306419
2023-08-01,KDH,10100,26973.007664407087,272427377.41051155
2023-08-01,PDR,6100,17439.852314840417,106383099.12052654
2023-08-02,DGW,23700,39905.27628660945,945755047.992644
2023-08-02,DBC,17000,19076.364628820975,324298198.68995655
2023-08-02,DGC,13000,66900.06707452498,869700871.9688247
2023-08-02,KDH,10100,26897.873938322387,271668526.7770561
2023-08-02,PDR,6100,17899.896380699516,109189367.92226705
2023-08-03,DGW,23700,41383.249482409796,980783012.7331122
2023-08-03,DBC,17000,19525.220267146175,331928744.54148495
2023-08-03,DGC,13000,66900.06707452498,869700871.9688247
2023-08-03,KDH,10100,26484.63844485654,267494848.29305106
2023-08-03,PDR,6100,17899.896380699516,109189367.92226705
2023-08-04,DGW,23700,41383.249482409796,980783012.7331122
2023-08-04,DBC,17000,19450.410994091973,330656986.89956355
2023-08-04,DGC,13000,67261.20103983955,874395613.5179142
2023-08-04,KDH,10100,27048.141390491786,273186228.04396707
2023-08-04,PDR,6100,18778.16232461234,114546790.18013528
2023-08-07,DGW,23700,41531.04680198983,984285809.207159
2023-08-07,DBC,17000,19562.624903673273,332564623.36244565
2023-08-07,DGC,13000,66719.5000918677,867353501.19428
2023-08-07,KDH,10100,27048.141390491786,273186228.04396707
2023-08-07,PDR,6100,18819.984512417715,114801905.52574806
2023-08-08,DGW,23700,40718.16154429964,965020428.5999014
2023-08-08,DBC,17000,20909.191818648873,355456260.9170308
2023-08-08,DGC,13000,67351.4845311682,875569298.9051867
2023-08-08,KDH,10100,26484.63844485654,267494848.29305106
2023-08-08,PDR,6100,18401.76263436399,112250752.06962034
2023-08-09,DGW,23700,41235.452162829766,977280216.2590655
2023-08-09,DBC,17000,20422.93154379657,347189836.2445417
2023-08-09,DGC,13000,66809.78358319633,868527186.5815523
2023-08-09,KDH,10100,26672.47276006829,269391974.87668973
2023-08-09,PDR,6100,17983.54075631026,109699598.61349258
2023-08-10,DGW,23700,40274.76958555954,954512039.1777611
2023-08-10,DBC,17000,19338.197084510673,328749350.43668145
2023-08-10,DGC,13000,66990.35056585362,870874557.356097
2023-08-10,KDH,10100,26221.670403560092,264838871.07595694
2023-08-10,PDR,6100,17983.54075631026,109699598.61349258
2023-08-11,DGW,23700,39609.681647449375,938749455.0445502
2023-08-11,DBC,17000,19637.434176727475,333836381.00436705
2023-08-11,DGC,13000,66177.79914389583,860311388.8706458
2023-08-11,KDH,10100,27386.243157872934,276601055.89451665
2023-08-11,PDR,6100,18359.940446558616,111995636.72400756
2023-08-14,DGW,23700,40274.76958555954,954512039.1777611
2023-08-14,DBC,17000,19525.220267146175,331928744.54148495
2023-08-14,DGC,13000,66268.08263522448,861485074.2579182
2023-08-14,KDH,10100,27423.810020915284,276980481.21124434
2023-08-14,PDR,6100,19070.91763924995,116332597.59942469
2023-08-15,DGW,23700,39905.27628660945,945755047.992644
2023-08-15,DBC,17000,19600.029540200372,333200502.18340635
2023-08-15,DGC,13000,68976.58737508378,896695635.8760891
2023-08-15,KDH,10100,27048.141390491786,273186228.04396707
2023-08-15,PDR,6100,18736.34013680697,114291674.83452253
2023-08-16,DGW,23700,39166.28968870927,928241065.6224097
2023-08-16,DBC,17000,19562.624903673273,332564623.36244565
2023-08-16,DGC,13000,68344.60293578327,888479838.1651826
2023-08-16,KDH,10100,26710.03962311064,269771400.19341743
2023-08-16,PDR,6100,19070.91763924995,116332597.59942469
2023-08-17,DGW,23700,39683.5803072394,940500853.2815738
2023-08-17,DBC,17000,19076.364628820975,324298198.68995655
2023-08-17,DGC,13000,68254.31944445464,887306152.7779104
2023-08-17,KDH,10100,26672.47276006829,269391974.87668973
2023-08-17,PDR,6100,19112.739827055324,116587712.94503747
2023-08-18,DGW,23700,36912.38056511374,874823419.3931956
2023-08-18,DBC,17000,17767.202350372478,302042439.95633215
2023-08-18,DGC,13000,63649.8613866938,827448198.0270194
2023-08-18,KDH,10100,24906.830197077852,251558984.9904863
2023-08-18,PDR,6100,17816.252005088772,108679137.2310415
2023-08-21,DGW,23700,35877.799328053494,850303844.0748678
2023-08-21,DBC,17000,16682.467891086577,283601954.14847183
2023-08-21,DGC,13000,63198.443930050584,821579771.0906576
2023-08-21,KDH,10100,25507.900005755448,257629790.05813003
2023-08-21,PDR,6100,17147.097000202808,104597291.70123713
2023-08-22,DGW,23700,38353.40443101908,908975685.0151522
2023-08-22,DBC,17000,17580.179167736977,298863045.8515286
2023-08-22,DGC,13000,64101.27884333702,833316624.9633813
2023-08-22,KDH,10100,25583.033731840147,258388640.69158548
2023-08-22,PDR,6100,17314.3857514243,105617753.08368823
2023-08-23,DGW,23700,37983.91113206899,900218693.8300351
2023-08-23,DBC,17000,17056.514256357576,289960742.3580788
2023-08-23,DGC,13000,65365.24772193804,849748220.3851945
2023-08-23,KDH,10100,25169.7982383743,254214962.20758042
2023-08-23,PDR,6100,17565.318878256534,107148445.15736486
2023-08-24,DGW,23700,39757.47896702941,942252251.5185971
2023-08-24,DBC,17000,17280.942075520175,293776015.283843
2023-08-24,DGC,13000,67802.90198781142,881437725.8415484
2023-08-24,KDH,10100,25921.135499221295,261803468.5421351
2023-08-24,PDR,6100,18485.407009974733,112760982.76084587
2023-08-25,DGW,23700,40644.262884509626,963269030.3628781
2023-08-25,DBC,17000,17393.155985101475,295683651.7467251
2023-08-25,DGC,13000,72046.22608025766,936600939.0433496
2023-08-25,KDH,10100,25958.702362263644,262182893.85886282
2023-08-25,PDR,6100,18485.407009974733,112760982.76084587
2023-08-28,DGW,23700,42048.33742051996,996545596.866323
2023-08-28,DBC,17000,17767.202350372478,302042439.95633215
2023-08-28,DGC,13000,75657.56573340342,983548354.5342444
2023-08-28,KDH,10100,26672.47276006829,269391974.87668973
2023-08-28,PDR,6100,18819.984512417715,114801905.52574806
2023-08-29,DGW,23700,42343.932059680024,1003551189.8144165
2023-08-29,DBC,17000,17804.606986899576,302678318.7772928
2023-08-29,DGC,13000,74935.29780277426,974158871.4360654
2023-08-29,KDH,10100,26672.47276006829,269391974.87668973
2023-08-29,PDR,6100,20074.650146578897,122455365.89413127
2023-08-30,DGW,23700,43009.01999779018,1019313773.9476273
2023-08-30,DBC,17000,17580.179167736977,298863045.8515286
2023-08-30,DGC,13000,75567.28224207477,982374669.146972
2023-08-30,KDH,10100,26935.440801364737,272047952.09378386
2023-08-30,PDR,6100,20241.938897800388,123475827.27658236
2023-08-31,DGW,23700,42787.32401842013,1014059579.236557
2023-08-31,DBC,17000,18552.699717441574,315395895.19650674
2023-08-31,DGC,13000,78998.05491256324,1026974713.8633221
2023-08-31,KDH,10100,27799.47865133878,280774734.3785217
2023-08-31,PDR,6100,20743.80515146486,126537211.42393565
2023-09-05,DGW,23700,43600.20927611032,1033324959.8438146
2023-09-05,DBC,17000,19151.173901875172,325569956.33187795
2023-09-05,DGC,13000,82157.97710906576,1068053702.4178549
2023-09-05,KDH,10100,27273.542568745885,275462779.94433343
2023-09-05,PDR,6100,20827.449527075605,127047442.1151612
2023-09-06,DGW,23700,44265.29721422048,1049087543.9770254
2023-09-06,DBC,17000,19375.601721037772,329385229.25764215
2023-09-06,DGC,13000,81977.41012640847,1065706331.6433102
2023-09-06,KDH,10100,27386.243157872934,276601055.89451665
2023-09-06,PDR,6100,21371.137968545452,130363941.60812725
2023-09-07,DGW,23700,43452.41195653029,1029822163.3697679
2023-09-07,DBC,17000,19375.601721037772,329385229.25764215
2023-09-07,DGC,13000,80352.30728249288,1044579994.6724075
2023-09-07,KDH,10100,27386.243157872934,276601055.89451665
2023-09-07,PDR,6100,21412.960156350822,130619056.95374002
2023-09-08,DGW,23700,44265.29721422048,1049087543.9770254
2023-09-08,DBC,17000,19450.410994091973,330656986.89956355
2023-09-08,DGC,13000,83421.94598766677,1084485297.839668
2023-09-08,KDH,10100,27198.408842661185,274703929.310878
2023-09-08,PDR,6100,21412.960156350822,130619056.95374002
2023-09-11,DGW,23700,44339.1958740105,1050838942.2140487
2023-09-11,DBC,17000,18702.318263549976,317939410.4803496
2023-09-11,DGC,13000,82067.69361773712,1066880017.0305827
2023-09-11,KDH,10100,26146.536677475393,264080020.44250146
2023-09-11,PDR,6100,20660.160775854114,126026980.7327101
2023-09-12,DGW,23700,45817.16906981085,1085866906.9545171
2023-09-12,DBC,17000,19225.983174929373,326841713.97379935
2023-09-12,DGC,13000,83241.37900500948,1082137927.0651233
2023-09-12,KDH,10100,26447.07158181419,267115422.97632334
2023-09-12,PDR,6100,21998.47078562604,134190671.79231884
2023-09-13,DGW,23700,45373.77711107074,1075358517.5323765
2023-09-13,DBC,17000,18627.508990495775,316667652.8384282
2023-09-13,DGC,13000,81977.41012640847,1065706331.6433102
2023-09-13,KDH,10100,26522.20530789889,267874273.6097788
2023-09-13,PDR,6100,21956.64859782067,133935556.44670609
2023-09-14,DGW,23700,43969.70257506041,1042081951.0289316
2023-09-14,DBC,17000,18253.462625224776,310308864.6288212
2023-09-14,DGC,13000,81977.41012640847,1065706331.6433102
2023-09-14,KDH,10100,25996.269225305994,262562319.17559054
2023-09-14,PDR,6100,21245.67140512933,129598595.57128891
2023-09-15,DGW,23700,43526.310616320305,1031573561.6067913
2023-09-15,DBC,17000,18515.295080914475,314760016.3755461
2023-09-15,DGC,13000,81977.41012640847,1065706331.6433102
2023-09-15,KDH,10100,25996.269225305994,262562319.17559054
2023-09-15,PDR,6100,21873.004222209922,133425325.75548053
2023-09-18,DGW,23700,43230.71597716024,1024567968.6586976
2023-09-18,DBC,17000,18103.844079116374,307765349.34497833
2023-09-18,DGC,13000,80532.87426515018,1046927365.4469523
2023-09-18,KDH,10100,25921.135499221295,261803468.5421351
2023-09-18,PDR,6100,21496.60453196157,131129287.64496557
2023-09-19,DGW,23700,44560.89185338055,1056093136.925119
2023-09-19,DBC,17000,18178.653352170575,309037106.9868998
2023-09-19,DGC,13000,83783.07995298135,1089180039.3887575
2023-09-19,KDH,10100,25545.466868797797,258009215.37485775
2023-09-19,PDR,6100,21580.248907572313,131639518.33619112
2023-09-20,DGW,23700,46260.561028550954,1096375296.3766575
2023-09-20,DBC,17000,19001.555355766774,323026441.04803514
2023-09-20,DGC,13000,86581.8681841693,1125564286.394201
2023-09-20,KDH,10100,26672.47276006829,269391974.87668973
2023-09-20,PDR,6100,22583.98141490126,137762286.6308977
2023-09-21,DGW,23700,45078.18247191067,1068352924.584283
2023-09-21,DBC,17000,18777.127536604174,319211168.12227094
2023-09-21,DGC,13000,84866.48184892508,1103264264.036026
2023-09-21,KDH,10100,26146.536677475393,264080020.44250146
2023-09-21,PDR,6100,21956.64859782067,133935556.44670609
2023-09-22,DGW,23700,42861.22267821015,1015810977.4735806
2023-09-22,DBC,17000,17804.606986899576,302678318.7772928
2023-09-22,DGC,13000,88477.82150207082,1150211679.5269206
2023-09-22,KDH,10100,24794.129607950803,250420709.0403031
2023-09-22,PDR,6100,20492.872024632623,125006519.350259
2023-09-25,DGW,23700,39905.27628660945,945755047.992644
2023-09-25,DBC,17000,16570.253981505277,281694317.68558973
2023-09-25,DGC,13000,82338.54409172304,1070401073.1923996
2023-09-25,KDH,10100,23667.12371668031,239037949.53847113
2023-09-25,PDR,6100,19070.91763924995,116332597.59942469
2023-09-26,DGW,23700,39905.27628660945,945755047.992644
2023-09-26,DBC,17000,15784.756614436179,268340862.44541505
2023-09-26,DGC,13000,81706.55965242254,1062185275.481493
2023-09-26,KDH,10100,23667.12371668031,239037949.53847113
2023-09-26,PDR,6100,18359.940446558616,111995636.72400756
2023-09-27,DGW,23700,42122.23608030997,998296995.1033463
2023-09-27,DBC,17000,16682.467891086577,283601954.14847183
2023-09-27,DGC,13000,82699.67805703763,1075095814.7414892
2023-09-27,KDH,10100,24343.327251442606,245867605.23957032
2023-09-27,PDR,6100,19614.606080719797,119649097.09239076
2023-09-28,DGW,23700,42048.33742051996,996545596.866323
2023-09-28,DBC,17000,16495.44470845108,280422560.0436683
2023-09-28,DGC,13000,84776.19835759643,1102090578.6487536
2023-09-28,KDH,10100,24606.295292739054,248523582.45666444
2023-09-28,PDR,6100,19781.89483194129,120669558.47484186
2023-09-29,DGW,23700,42787.32401842013,1014059579.236557
2023-09-29,DBC,17000,16383.230798869778,278514923.5807862
2023-09-29,DGC,13000,84415.06439228186,1097395837.0996642
2023-09-29,KDH,10100,24531.161566654355,247764731.823209
2023-09-29,PDR,6100,20032.827958773523,122200250.5485185
2023-10-02,DGW,23700,42787.32401842013,1014059579.236557
2023-10-02,DBC,17000,16794.681800667877,285509590.61135393
2023-10-02,DGC,13000,84595.63137493914,1099743207.874209
2023-10-02,KDH,10100,24418.460977527306,246626455.87302577
2023-10-02,PDR,6100,20325.58327341113,123986057.9678079
2023-10-03,DGW,23700,39831.37762681943,944003649.7556204
2023-10-03,DBC,17000,15934.375160544578,270884377.7292578
2023-10-03,DGC,13000,82157.97710906576,1068053702.4178549
2023-10-03,KDH,10100,23716.06869898591,239532293.8597577
2023-10-03,PDR,6100,18903.628888028463,115312136.21697362
2023-10-04,DGW,23700,41087.65484324973,973777419.7850186
2023-10-04,DBC,17000,16233.612252761379,275971408.2969434
2023-10-04,DGC,13000,85317.8993055683,1109132690.9723878
2023-10-04,KDH,10100,23963.97185611817,242036115.7467935
2023-10-04,PDR,6100,19572.783892914424,119393981.74677798
2023-10-05,DGW,23700,40644.262884509626,963269030.3628781
2023-10-05,DBC,17000,16383.230798869778,278514923.5807862
2023-10-05,DGC,13000,83963.64693563864,1091527410.1633022
2023-10-05,KDH,10100,23468.165541853654,237028471.9727219
2023-10-05,PDR,6100,18903.628888028463,115312136.21697362
2023-10-06,DGW,23700,42861.22267821015,1015810977.4735806
2023-10-06,DBC,17000,16682.467891086577,283601954.14847183
2023-10-06,DGC,13000,85769.31676221151,1115001117.9087496
2023-10-06,KDH,10100,24377.143784671927,246209152.22518647
2023-10-06,PDR,6100,19321.85076608219,117863289.67310135
2023-10-09,DGW,23700,43452.41195653029,1029822163.3697679
2023-10-09,DBC,17000,16719.872527613676,284237832.9694325
2023-10-09,DGC,13000,87574.98658878438,1138474825.654197
2023-10-09,KDH,10100,24377.143784671927,246209152.22518647
2023-10-09,PDR,6100,19740.072644135915,120414443.12922908
2023-10-10,DGW,23700,43230.71597716024,1024567968.6586976
2023-10-10,DBC,17000,16682.467891086577,283601954.14847183
2023-10-10,DGC,13000,86040.16723619743,1118522174.0705667
2023-10-10,KDH,10100,24294.509398961178,245374544.92950788
2023-10-10,PDR,6100,19405.495141692933,118373520.3643269
2023-10-11,DGW,23700,43969.70257506041,1042081951.0289316
2023-10-11,DBC,17000,16757.277164140778,284873711.79039323
2023-10-11,DGC,13000,87574.98658878438,1138474825.654197
2023-10-11,KDH,10100,24129.24062753967,243705330.33815068
2023-10-11,PDR,6100,19614.606080719797,119649097.09239076
2023-10-12,DGW,23700,44856.48649254062,1063098729.8732127
2023-10-12,DBC,17000,17056.514256357576,289960742.3580788
2023-10-12,DGC,13000,88387.53801074218,1149037994.1396484
2023-10-12,KDH,10100,24748.998520370315,249964885.05574018
2023-10-12,PDR,6100,20367.405461216506,124241173.31342068
2023-10-13,DGW,23700,44856.48649254062,1063098729.8732127
2023-10-13,DBC,17000,17280.942075520175,293776015.283843
2023-10-13,DGC,13000,89651.50688934319,1165469589.5614614
2023-10-13,KDH,10100,26443.003427440737,267074334.61715144
2023-10-13,PDR,6100,21789.359846599178,132915095.06425498
2023-10-16,DGW,23700,43729.4390932306,1036387706.5095651
2023-10-16,DBC,17000,16794.681800667877,285509590.61135393
2023-10-16,DGC,13000,87484.70309745574,1137301140.2669246
2023-10-16,KDH,10100,26195.100270308478,264570512.73011562
2023-10-16,PDR,6100,20911.093902686353,127557672.80638675
2023-10-17,DGW,23700,40799.11585502443,966939045.764079
2023-10-17,DBC,17000,15709.947341381978,267069104.80349362
2023-10-17,DGC,13000,81435.7091784366,1058664219.3196759
2023-10-17,KDH,10100,24459.77817038268,247043759.52086508
2023-10-17,PDR,6100,20032.827958773523,122200250.5485185
2023-10-18,DGW,23700,42001.29974762183,995430804.0186374
2023-10-18,DBC,17000,15111.47315694838,256895043.66812244
2023-10-18,DGC,13000,82248.26060039441,1069227387.8051273
2023-10-18,KDH,10100,24129.24062753967,243705330.33815068
2023-10-18,PDR,6100,19238.20639047144,117353058.98187579
2023-10-19,DGW,23700,40273.16040201306,954473901.5277096
2023-10-19,DBC,17000,14812.23606473158,251808013.10043687
2023-10-19,DGC,13000,81074.57521312204,1053969477.7705865
2023-10-19,KDH,10100,24087.923434684297,243288026.6903114
2023-10-19,PDR,6100,18819.984512417715,114801905.52574806
2023-10-20,DGW,23700,40949.3888415991,970500515.5458987
2023-10-20,DBC,17000,15709.947341381978,267069104.80349362
2023-10-20,DGC,13000,82067.69361773712,1066880017.0305827
2023-10-20,KDH,10100,24955.584484647195,252051403.2949367
2023-10-20,PDR,6100,19614.606080719797,119649097.09239076
2023-10-23,DGW,23700,39672.06845571436,940228022.4004303
2023-10-23,DBC,17000,15485.51952221938,263253831.87772945
2023-10-23,DGC,13000,78998.05491256324,1026974713.8633221
2023-10-23,KDH,10100,24914.267291791817,251634099.64709735
2023-10-23,PDR,6100,19489.13951730368,118883751.05555245
2023-10-24,DGW,23700,40573.706375162415,961596841.0913492
2023-10-24,DBC,17000,16046.589070125878,272792014.1921399
2023-10-24,DGC,13000,81164.85870445069,1055143163.157859
2023-10-24,KDH,10100,25286.122027490204,255389832.47765106
2023-10-24,PDR,6100,19907.361395357406,121434904.51168017
2023-10-25,DGW,23700,40573.706375162415,961596841.0913492
2023-10-25,DBC,17000,16308.421525815578,277243165.9388648
2023-10-25,DGC,13000,80623.15775647882,1048101050.8342246
2023-10-25,KDH,10100,24996.90167750257,252468706.94277596
2023-10-25,PDR,6100,20325.58327341113,123986057.9678079
2023-10-26,DGW,23700,37793.65612353091,895709650.1276827
2023-10-26,DBC,17000,15186.282430002579,258166801.31004384
2023-10-26,DGC,13000,76740.96762934714,997632579.1815128
2023-10-26,KDH,10100,24625.046941804187,248712974.11222228
2023-10-26,PDR,6100,18903.628888028463,115312136.21697362
2023-10-27,DGW,23700,36478.7674910025,864546789.5367593
2023-10-27,DBC,17000,15410.710249165179,261982074.23580804
2023-10-27,DGC,13000,76740.96762934714,997632579.1815128
2023-10-27,KDH,10100,24459.77817038268,247043759.52086508
2023-10-27,PDR,6100,19614.606080719797,119649097.09239076
2023-10-30,DGW,23700,33961.69496587669,804892170.6912775
2023-10-30,DBC,17000,14512.99897251478,246720982.53275126
2023-10-30,DGC,13000,73581.0454328446,956553590.6269798
2023-10-30,KDH,10100,23633.434313275156,238697686.56407908
2023-10-30,PDR,6100,18819.984512417715,114801905.52574806
2023-10-31,DGW,23700,31594.895427325544,748799021.6276155
2023-10-31,DBC,17000,13503.073786283081,229552254.36681238
2023-10-31,DGC,13000,71323.95814962852,927211455.9451708
2023-10-31,KDH,10100,23633.434313275156,238697686.56407908
2023-10-31,PDR,6100,17523.49669045116,106893329.81175208
2023-11-01,DGW,23700,32909.784059853955,779961882.2185388
2023-11-01,DBC,17000,13914.52478808118,236546921.39738005
2023-11-01,DGC,13000,72497.64353690088,942469365.9797115
2023-11-01,KDH,10100,23633.434313275156,238697686.56407908
2023-11-01,PDR,6100,17565.318878256534,107148445.15736486
2023-11-02,DGW,23700,35163.87885847409,833383928.945836
2023-11-02,DBC,17000,14812.23606473158,251808013.10043687
2023-11-02,DGC,13000,77463.2355599763,1007022062.2796918
2023-11-02,KDH,10100,24790.31571322569,250382188.70357946
2023-11-02,PDR,6100,18778.16232461234,114546790.18013528
2023-11-03,DGW,23700,35163.87885847409,833383928.945836
2023-11-03,DBC,17000,14587.80824556898,247992740.17467266
2023-11-03,DGC,13000,77463.2355599763,1007022062.2796918
2023-11-03,KDH,10100,24129.24062753967,243705330.33815068
2023-11-03,PDR,6100,18861.80670022309,115057020.87136084
2023-11-06,DGW,23700,35314.151845048764,836945398.7276556
2023-11-06,DBC,17000,14662.61751862318,249264497.81659406
2023-11-06,DGC,13000,79810.60633452103,1037537882.3487734
2023-11-06,KDH,10100,24583.72974894881,248295670.46438298
2023-11-06,PDR,6100,19070.91763924995,116332597.59942469
2023-11-07,DGW,23700,35239.01535176143,835164663.8367459
2023-11-07,DBC,17000,14887.04533778578,253079770.74235824
2023-11-07,DGC,13000,79449.47236920646,1032843140.7996839
2023-11-07,KDH,10100,24211.875013250425,244539937.6338293
2023-11-07,PDR,6100,18610.87357339085,113526328.7976842
2023-11-08,DGW,23700,37643.38313695624,892148180.3458629
2023-11-08,DBC,17000,15896.970524017479,270248498.9082971
2023-11-08,DGC,13000,83963.64693563864,1091527410.1633022
2023-11-08,KDH,10100,25657.976763188588,259145565.30820474
2023-11-08,PDR,6100,19907.361395357406,121434904.51168017
2023-11-09,DGW,23700,37943.92911010559,899271119.9095025
2023-11-09,DBC,17000,16233.612252761379,275971408.2969434
2023-11-09,DGC,13000,83783.07995298135,1089180039.3887575
2023-11-09,KDH,10100,26360.369041729984,266239727.32147285
2023-11-09,PDR,6100,21287.493592934705,129853710.9169017
2023-11-10,DGW,23700,37154.99593058854,880573403.5549484
2023-11-10,DBC,17000,16345.826162342677,277879044.7598255
2023-11-10,DGC,13000,83963.64693563864,1091527410.1633022
2023-11-10,KDH,10100,25905.879920320847,261649387.19524056
2023-11-10,PDR,6100,21454.782344156196,130874172.2993528
2023-11-13,DGW,23700,37943.92911010559,899271119.9095025
2023-11-13,DBC,17000,17206.132802465978,292504257.64192164
2023-11-13,DGC,13000,84234.49740962457,1095048466.3251195
2023-11-13,KDH,10100,26277.73465601923,265405120.02579424
2023-11-13,PDR,6100,22082.115161236787,134700902.4835444
2023-11-14,DGW,23700,37868.79261681825,897490385.0185926
2023-11-14,DBC,17000,17280.942075520175,293776015.283843
2023-11-14,DGC,13000,84415.06439228186,1097395837.0996642
2023-11-14,KDH,10100,26401.68623458536,266657030.96931213
2023-11-14,PDR,6100,22082.115161236787,134700902.4835444
2023-11-15,DGW,23700,38319.61157654228,908174794.364052
2023-11-15,DBC,17000,17131.323529411777,291232500.0000002
2023-11-15,DGC,13000,84866.48184892508,1103264264.036026
2023-11-15,KDH,10100,26401.68623458536,266657030.96931213
2023-11-15,PDR,6100,22123.93734904216,134956017.82915717
2023-11-16,DGW,23700,38845.56702955364,920639938.6004213
2023-11-16,DBC,17000,17804.606986899576,302678318.7772928
2023-11-16,DGC,13000,86491.58469284065,1124390601.0069284
2023-11-16,KDH,10100,26443.003427440737,267074334.61715144
2023-11-16,PDR,6100,22918.55891734424,139803209.39579985
2023-11-17,DGW,23700,37943.92911010559,899271119.9095025
2023-11-17,DBC,17000,17954.225533007975,305221834.0611356
2023-11-17,DGC,13000,84234.49740962457,1095048466.3251195
2023-11-17,KDH,10100,26029.831498886975,262901298.13875845
2023-11-17,PDR,6100,23545.89173442483,143629939.57999146
2023-11-20,DGW,23700,38319.61157654228,908174794.364052
2023-11-20,DBC,17000,17916.820896480876,304585955.2401749
2023-11-20,DGC,13000,84234.49740962457,1095048466.3251195
2023-11-20,KDH,10100,26112.46588459773,263735905.43443707
2023-11-20,PDR,6100,23838.64704906244,145415746.9992809
2023-11-21,DGW,23700,39822.341442289035,943789492.1822501
2023-11-21,DBC,17000,17916.820896480876,304585955.2401749
2023-11-21,DGC,13000,85679.03327088286,1113827432.5214772
2023-11-21,KDH,10100,26443.003427440737,267074334.61715144
2023-11-21,PDR,6100,23713.18048564632,144650400.96244255
2023-11-22,DGW,23700,39822.341442289035,943789492.1822501
2023-11-22,DBC,17000,17954.225533007975,305221834.0611356
2023-11-22,DGC,13000,86852.71865815524,1129085342.556018
2023-11-22,KDH,10100,26690.906584572993,269578156.5041872
2023-11-22,PDR,6100,23922.291424673185,145925977.69050643
2023-11-23,DGW,23700,37192.56417723221,881463771.0004034
2023-11-23,DBC,17000,17954.225533007975,305221834.0611356
2023-11-23,DGC,13000,83873.36344430999,1090353724.7760298
2023-11-23,KDH,10100,25864.56272746547,261232083.54740125
2023-11-23,PDR,6100,22249.403912458278,135721363.8659955
2023-11-24,DGW,23700,38169.33858996761,904613324.5822322
2023-11-24,DBC,17000,17954.225533007975,305221834.0611356
2023-11-24,DGC,13000,86220.73421885473,1120869544.8451116
2023-11-24,KDH,10100,25947.197113176222,262066690.84307984
2023-11-24,PDR,6100,22960.381105149612,140058324.74141264
2023-11-27,DGW,23700,37417.973657094226,886805975.6731331
2023-11-27,DBC,17000,17355.751348574377,295047772.9257644
2023-11-27,DGC,13000,85047.04883158236,1105611634.8105707
2023-11-27,KDH,10100,25864.56272746547,261232083.54740125
2023-11-27,PDR,6100,22249.403912458278,135721363.8659955
2023-11-28,DGW,23700,37380.405410450556,885915608.2276782
2023-11-28,DBC,17000,17654.988440791178,300134803.49345005
2023-11-28,DGC,13000,85137.33232291101,1106785320.197843
2023-11-28,KDH,10100,25864.56272746547,261232083.54740125
2023-11-28,PDR,6100,22583.98141490126,137762286.6308977
2023-11-29,DGW,23700,38695.29404297897,917078468.8186015
2023-11-29,DBC,17000,18103.844079116374,307765349.34497833
2023-11-29,DGC,13000,86491.58469284065,1124390601.0069284
2023-11-29,KDH,10100,26071.14869174235,263318601.78659773
2023-11-29,PDR,6100,22834.914541733495,139292978.70457432
2023-11-30,DGW,23700,37943.92911010559,899271119.9095025
2023-11-30,DBC,17000,18477.890444387376,314124137.5545854
2023-11-30,DGC,13000,85317.8993055683,1109132690.9723878
2023-11-30,KDH,10100,25781.92834175472,260397476.25172266
2023-11-30,PDR,6100,22751.27016612275,138782748.0133488
2023-12-01,DGW,23700,38695.29404297897,917078468.8186015
2023-12-01,DBC,17000,18777.127536604174,319211168.12227094
2023-12-01,DGC,13000,85859.60025354015,1116174803.296022
2023-12-01,KDH,10100,26071.14869174235,263318601.78659773
2023-12-01,PDR,6100,22583.98141490126,137762286.6308977
2023-12-04,DGW,23700,40122.88741543839,950912431.7458898
2023-12-04,DBC,17000,19188.578538402275,326205835.15283865
2023-12-04,DGC,13000,88026.4040454276,1144343252.5905588
2023-12-04,KDH,10100,26938.80974170525,272081978.391223
2023-12-04,PDR,6100,23713.18048564632,144650400.96244255
2023-12-05,DGW,23700,39070.976509415654,925982143.273151
2023-12-05,DBC,17000,19188.578538402275,326205835.15283865
2023-12-05,DGC,13000,87845.83706277031,1141995881.816014
2023-12-05,KDH,10100,26525.63781315149,267908941.91283005
2023-12-05,PDR,6100,23378.602983203342,142609478.19754037
2023-12-06,DGW,23700,40498.569881875075,959816106.2004393
2023-12-06,DBC,17000,19338.197084510673,328749350.43668145
2023-12-06,DGC,13000,88477.82150207082,1150211679.5269206
2023-12-06,KDH,10100,26484.320620296112,267491638.26499072
2023-12-06,PDR,6100,24089.580175894676,146946439.07295752
2023-12-07,DGW,23700,39822.341442289035,943789492.1822501
2023-12-07,DBC,17000,18851.936809658375,320482925.76419234
2023-12-07,DGC,13000,87755.55357144168,1140822196.4287417
2023-12-07,KDH,10100,26195.100270308478,264570512.73011562
2023-12-07,PDR,6100,23964.11361247856,146181093.03611922
2023-12-08,DGW,23700,39972.61442886371,947350961.9640698
2023-12-08,DBC,17000,19038.959992293872,323662319.86899585
2023-12-08,DGC,13000,88297.25451941353,1147864308.7523758
2023-12-08,KDH,10100,26236.417463163856,264987816.37795496
2023-12-08,PDR,6100,24005.93580028393,146436208.38173196
2023-12-11,DGW,23700,39972.61442886371,947350961.9640698
2023-12-11,DBC,17000,19225.983174929373,326841713.97379935
2023-12-11,DGC,13000,88297.25451941353,1147864308.7523758
2023-12-11,KDH,10100,25947.197113176222,262066690.84307984
2023-12-11,PDR,6100,23253.13641978722,141844132.16070205
2023-12-12,DGW,23700,39521.79546913968,936666552.6186104
2023-12-12,DBC,17000,19562.624903673273,332564623.36244565
2023-12-12,DGC,13000,87574.98658878438,1138474825.654197
2023-12-12,KDH,10100,25947.197113176222,262066690.84307984
2023-12-12,PDR,6100,22625.80360270663,138017401.97651044
2023-12-13,DGW,23700,38695.29404297897,917078468.8186015
2023-12-13,DBC,17000,19151.173901875172,325569956.33187795
2023-12-13,DGC,13000,86581.8681841693,1125564286.394201
2023-12-13,KDH,10100,25781.92834175472,260397476.25172266
2023-12-13,PDR,6100,22040.292973431413,134445787.13793162
2023-12-14,DGW,23700,37417.973657094226,886805975.6731331
2023-12-14,DBC,17000,18702.318263549976,317939410.4803496
2023-12-14,DGC,13000,85769.31676221151,1115001117.9087496
2023-12-14,KDH,10100,25327.43922034558,255807136.12549034
2023-12-14,PDR,6100,21831.18203440455,133170210.40986776
2023-12-15,DGW,23700,38094.20209668027,902832589.6913223
2023-12-15,DBC,17000,19001.555355766774,323026441.04803514
2023-12-15,DGC,13000,84234.49740962457,1095048466.3251195
2023-12-15,KDH,10100,25079.536063213323,253303314.23845458
2023-12-15,PDR,6100,21998.47078562604,134190671.79231884
2023-12-18,DGW,23700,37192.56417723221,881463771.0004034
2023-12-18,DBC,17000,18851.936809658375,320482925.76419234
2023-12-18,DGC,13000,84685.91486626779,1100916893.2614813
2023-12-18,KDH,10100,25038.21887035795,252886010.59061527
2023-12-18,PDR,6100,21998.47078562604,134190671.79231884
2023-12-19,DGW,23700,38094.20209668027,902832589.6913223
2023-12-19,DBC,17000,18926.746082712576,321754683.4061138
2023-12-19,DGC,13000,86084.91125723039,1119103846.343995
2023-12-19,KDH,10100,24872.950098936442,251216795.99925807
2023-12-19,PDR,6100,22165.75953684753,135211133.17476994
2023-12-20,DGW,23700,38695.29404297897,917078468.8186015
2023-12-20,DBC,17000,19225.983174929373,326841713.97379935
2023-12-20,DGC,13000,85432.04627478118,1110616601.5721555
2023-12-20,KDH,10100,24625.046941804187,248712974.11222228
2023-12-20,PDR,6100,22082.115161236787,134700902.4835444
2023-12-21,DGW,23700,38695.29404297897,917078468.8186015
2023-12-21,DBC,17000,19787.052722835873,336379896.28820986
2023-12-21,DGC,13000,84872.44771839616,1103341820.33915
2023-12-21,KDH,10100,24831.632906081068,250799492.3514188
2023-12-21,PDR,6100,22082.115161236787,134700902.4835444
2023-12-22,DGW,23700,38620.157549691634,915297733.9276917
2023-12-22,DBC,17000,19600.029540200372,333200502.18340635
2023-12-22,DGC,13000,84406.1155880753,1097279502.644979
2023-12-22,KDH,10100,24831.632906081068,250799492.3514188
2023-12-22,PDR,6100,22416.69266367977,136741825.24844658
2023-12-25,DGW,23700,39672.06845571436,940228022.4004303
2023-12-25,DBC,17000,19674.838813254573,334472259.82532775
2023-12-25,DGC,13000,85618.57912690954,1113041528.649824
2023-12-25,KDH,10100,25038.21887035795,252886010.59061527
2023-12-25,PDR,6100,23044.02548076036,140568555.4326382
2023-12-26,DGW,23700,39446.65897585235,934885817.7277006
2023-12-26,DBC,17000,20086.289815052674,341466926.85589546
2023-12-26,DGC,13000,87577.17407425714,1138503262.9653428
2023-12-26,KDH,10100,25368.756413200957,256224439.77332968
2023-12-26,PDR,6100,23253.13641978722,141844132.16070205
2023-12-27,DGW,23700,39446.65897585235,934885817.7277006
2023-12-27,DBC,17000,20385.526907269472,346553957.423581
2023-12-27,DGC,13000,87763.70692638548,1140928190.0430112
2023-12-27,KDH,10100,25327.43922034558,255807136.12549034
2023-12-27,PDR,6100,23127.669856371103,141078786.12386373
2023-12-28,DGW,23700,39221.249495990334,929543613.054971
2023-12-28,DBC,17000,20422.93154379657,347189836.2445417
2023-12-28,DGC,13000,87670.4405003213,1139715726.5041769
2023-12-28,KDH,10100,25327.43922034558,255807136.12549034
2023-12-28,PDR,6100,23169.492044176477,141333901.46947652
2023-12-29,DGW,23700,39296.38598927767,931324347.9458808
2023-12-29,DBC,17000,20497.74081685077,348461593.8864631
2023-12-29,DGC,13000,88043.50620457799,1144565580.659514
2023-12-29,KDH,10100,25947.197113176222,262066690.84307984
2023-12-29,PDR,6100,23294.958607592594,142099247.5063148
2024-01-02,DGW,23700,39296.38598927767,931324347.9458808
2024-01-02,DBC,17000,20572.550089904973,349733351.52838457
2024-01-02,DGC,13000,87483.90764819297,1137290799.4265087
2024-01-02,KDH,10100,25492.707991767085,257476350.71684757
2024-01-02,PDR,6100,22583.98141490126,137762286.6308977
2024-01-03,DGW,23700,42001.29974762183,995430804.0186374
2024-01-03,DBC,17000,20385.526907269472,346553957.423581
2024-01-03,DGC,13000,87670.4405003213,1139715726.5041769
2024-01-03,KDH,10100,25451.390798911707,257059047.06900823
2024-01-03,PDR,6100,23002.203292954986,140313440.0870254
2024-01-04,DGW,23700,41325.07130803579,979404190.0004482
2024-01-04,DBC,17000,20198.503724633974,343374563.31877756
2024-01-04,DGC,13000,89535.76902160473,1163964997.2808616
2024-01-04,KDH,10100,25575.34237747784,258310958.01252615
2024-01-04,PDR,6100,23002.203292954986,140313440.0870254
2024-01-05,DGW,23700,41775.890267759816,990088599.3459077
2024-01-05,DBC,17000,20273.312997688172,344646320.9606989
2024-01-05,DGC,13000,89069.43689128388,1157902679.5866904
2024-01-05,KDH,10100,25616.659570333213,258728261.66036546
2024-01-05,PDR,6100,23085.84766856573,140823670.77825096
2024-01-08,DGW,23700,42602.39169392054,1009676683.1459167
2024-01-08,DBC,17000,19824.457359362972,337015775.1091705
2024-01-08,DGC,13000,87763.70692638548,1140928190.0430112
2024-01-08,KDH,10100,25781.92834175472,260397476.25172266
2024-01-08,PDR,6100,23545.89173442483,143629939.57999146
2024-01-09,DGW,23700,41926.1632543345,993650069.1277276
2024-01-09,DBC,17000,19300.792447983575,328113471.61572075
2024-01-09,DGC,13000,87577.17407425714,1138503262.9653428
2024-01-09,KDH,10100,25410.073606056332,256641743.42116895
2024-01-09,PDR,6100,23922.291424673185,145925977.69050643
2024-01-10,DGW,23700,40949.3888415991,970500515.5458987
2024-01-10,DBC,17000,19712.243449781672,335108138.64628845
2024-01-10,DGC,13000,86271.44410935874,1121528773.4216635
2024-01-10,KDH,10100,24831.632906081068,250799492.3514188
2024-01-10,PDR,6100,23420.425171008712,142864593.54315314
2024-01-11,DGW,23700,41099.661828173776,974061985.3277185
2024-01-11,DBC,17000,19600.029540200372,333200502.18340635
2024-01-11,DGC,13000,86271.44410935874,1121528773.4216635
2024-01-11,KDH,10100,24996.90167750257,252468706.94277596
2024-01-11,PDR,6100,23253.13641978722,141844132.16070205
2024-01-12,DGW,23700,41174.798321461116,975842720.2186284
2024-01-12,DBC,17000,19076.364628820975,324298198.68995655
2024-01-12,DGC,13000,85432.04627478118,1110616601.5721555
2024-01-12,KDH,10100,24707.681327514936,249547581.40790084
2024-01-12,PDR,6100,23085.84766856573,140823670.77825096
2024-01-15,DGW,23700,41174.798321461116,975842720.2186284
2024-01-15,DBC,17000,18590.104353968676,316031774.0174675
2024-01-15,DGC,13000,85338.77984871702,1109404138.0333214
2024-01-15,KDH,10100,24666.36413465956,249130277.76006156
2024-01-15,PDR,6100,22583.98141490126,137762286.6308977
2024-01-16,DGW,23700,42076.43624090917,997211538.9095473
2024-01-16,DBC,17000,19562.624903673273,332564623.36244565
2024-01-16,DGC,13000,87204.10837000045,1133653408.810006
2024-01-16,KDH,10100,24459.77817038268,247043759.52086508
2024-01-16,PDR,6100,23127.669856371103,141078786.12386373
2024-01-17,DGW,23700,41325.07130803579,979404190.0004482
2024-01-17,DBC,17000,19562.624903673273,332564623.36244565
2024-01-17,DGC,13000,85618.57912690954,1113041528.649824
2024-01-17,KDH,10100,24914.267291791817,251634099.64709735
2024-01-17,PDR,6100,23085.84766856573,140823670.77825096
2024-01-18,DGW,23700,41700.75377447248,988307864.4549979
2024-01-18,DBC,17000,19375.601721037772,329385229.25764215
2024-01-18,DGC,13000,85991.64483116622,1117891382.805161
2024-01-18,KDH,10100,25864.56272746547,261232083.54740125
2024-01-18,PDR,6100,23378.602983203342,142609478.19754037
2024-01-19,DGW,23700,41700.75377447248,988307864.4549979
2024-01-19,DBC,17000,19188.578538402275,326205835.15283865
2024-01-19,DGC,13000,85618.57912690954,1113041528.649824
2024-01-19,KDH,10100,25947.197113176222,262066690.84307984
2024-01-19,PDR,6100,23085.84766856573,140823670.77825096
2024-01-22,DGW,23700,41550.4807878978,984746394.673178
2024-01-22,DBC,17000,19674.838813254573,334472259.82532775
2024-01-22,DGC,13000,85338.77984871702,1109404138.0333214
2024-01-22,KDH,10100,25781.92834175472,260397476.25172266
2024-01-22,PDR,6100,23420.425171008712,142864593.54315314
2024-01-23,DGW,23700,41024.52533488644,972281250.4368087
2024-01-23,DBC,17000,19338.197084510673,328749350.43668145
2024-01-23,DGC,13000,83566.71775349775,1086367330.7954707
2024-01-23,KDH,10100,25657.976763188588,259145565.30820474
2024-01-23,PDR,6100,23253.13641978722,141844132.16070205
2024-01-24,DGW,23700,40273.16040201306,954473901.5277096
2024-01-24,DBC,17000,19151.173901875172,325569956.33187795
2024-01-24,DGC,13000,83286.91847530524,1082729940.1789682
2024-01-24,KDH,10100,25534.02518462246,257893654.36468685
2024-01-24,PDR,6100,23085.84766856573,140823670.77825096
2024-01-25,DGW,23700,41325.07130803579,979404190.0004482
2024-01-25,DBC,17000,19038.959992293872,323662319.86899585
2024-01-25,DGC,13000,82074.45493647101,1066967914.1741232
2024-01-25,KDH,10100,25781.92834175472,260397476.25172266
2024-01-25,PDR,6100,23169.492044176477,141333901.46947652
2024-01-26,DGW,23700,40949.3888415991,970500515.5458987
2024-01-26,DBC,17000,19151.173901875172,325569956.33187795
2024-01-26,DGC,13000,82913.85277104855,1077880086.023631
2024-01-26,KDH,10100,25740.61114889934,259980172.60388336
2024-01-26,PDR,6100,23838.64704906244,145415746.9992809
2024-01-29,DGW,23700,40874.25234831176,968719780.6549888
2024-01-29,DBC,17000,19450.410994091973,330656986.89956355
2024-01-29,DGC,13000,83846.51703169027,1090004721.4119735
2024-01-29,KDH,10100,25740.61114889934,259980172.60388336
2024-01-29,PDR,6100,23587.713922230203,143885054.92560422
2024-01-30,DGW,23700,41325.07130803579,979404190.0004482
2024-01-30,DBC,17000,20198.503724633974,343374563.31877756
2024-01-30,DGC,13000,84312.84916201113,1096067039.1061447
2024-01-30,KDH,10100,25616.659570333213,258728261.66036546
2024-01-30,PDR,6100,23796.824861257068,145160631.6536681
2024-01-31,DGW,23700,40648.84286844975,963377575.982259
2024-01-31,DBC,17000,19712.243449781672,335108138.64628845
2024-01-31,DGC,13000,84312.84916201113,1096067039.1061447
2024-01-31,KDH,10100,25534.02518462246,257893654.36468685
2024-01-31,PDR,6100,23420.425171008712,142864593.54315314
2024-02-01,DGW,23700,41249.934814748456,977623455.1095384
2024-02-01,DBC,17000,20198.503724633974,343374563.31877756
2024-02-01,DGC,13000,84499.38201413947,1098491966.183813
2024-02-01,KDH,10100,25203.48764177945,254555225.18197244
2024-02-01,PDR,6100,23629.536110035577,144140170.27121702
2024-02-02,DGW,23700,41550.4807878978,984746394.673178
2024-02-02,DBC,17000,19974.075905471374,339559290.39301336
2024-02-02,DGC,13000,84592.64844020364,1099704429.7226474
2024-02-02,KDH,10100,25203.48764177945,254555225.18197244
2024-02-02,PDR,6100,24675.090805169893,150518053.91153634
2024-02-05,DGW,23700,41700.75377447248,988307864.4549979
2024-02-05,DBC,17000,19749.648086308775,335744017.46724916
2024-02-05,DGC,13000,84685.91486626782,1100916893.2614818
2024-02-05,KDH,10100,25492.707991767085,257476350.71684757
2024-02-05,PDR,6100,24842.379556391385,151538515.29398745
2024-02-06,DGW,23700,42076.43624090917,997211538.9095473
2024-02-06,DBC,17000,20235.908361161073,344010442.13973826
2024-02-06,DGC,13000,89162.70331734806,1159115143.1255248
2024-02-06,KDH,10100,25699.293956043966,259562868.95604405
2024-02-06,PDR,6100,25051.49049541825,152814092.02205133
2024-02-07,DGW,23700,41775.890267759816,990088599.3459077
2024-02-07,DBC,17000,21358.047456974073,363086806.7685592
2024-02-07,DGC,13000,89722.30187373309,1166389924.35853
2024-02-07,KDH,10100,25781.92834175472,260397476.25172266
2024-02-07,PDR,6100,25135.134871028993,153324322.71327686
2024-02-15,DGW,23700,43203.48364021924,1023922562.273196
2024-02-15,DBC,17000,21245.833547392773,361179170.3056771
2024-02-15,DGC,13000,88976.17046521971,1156690216.047856
2024-02-15,KDH,10100,25988.514306031597,262483994.4909191
2024-02-15,PDR,6100,24842.379556391385,151538515.29398745
2024-02-16,DGW,23700,42902.937667069884,1016799622.7095562
2024-02-16,DBC,17000,21582.47527613667,366902079.69432336
2024-02-16,DGC,13000,89069.43689128388,1157902679.5866904
2024-02-16,KDH,10100,25947.197113176222,262066690.84307984
2024-02-16,PDR,6100,24842.379556391385,151538515.29398745
2024-02-19,DGW,23700,43053.21065364456,1020361092.491376
2024-02-19,DBC,17000,22442.78191625997,381527292.5764195
2024-02-19,DGC,13000,90095.36757798977,1171239778.5138671
2024-02-19,KDH,10100,25864.56272746547,261232083.54740125
2024-02-19,PDR,6100,24549.624241753776,149752707.87469804
2024-02-20,DGW,23700,42226.70922748384,1000773008.691367
2024-02-20,DBC,17000,22218.35409709737,377712019.65065527
2024-02-20,DGC,13000,92053.96252533737,1196701512.8293858
2024-02-20,KDH,10100,26195.100270308478,264570512.73011562
2024-02-20,PDR,6100,24675.090805169893,150518053.91153634
2024-02-21,DGW,23700,42527.2552006332,1007895948.2550068
2024-02-21,DBC,17000,22293.16337015157,378983777.29257673
2024-02-21,DGC,13000,94851.95530726253,1233075418.994413
2024-02-21,KDH,10100,27104.078513126755,273751192.98258024
2024-02-21,PDR,6100,24675.090805169893,150518053.91153634
2024-02-22,DGW,23700,42076.43624090917,997211538.9095473
2024-02-22,DBC,17000,22517.59118931417,382799050.21834093
2024-02-22,DGC,13000,94385.62317694166,1227013101.3002417
2024-02-22,KDH,10100,26773.540970283746,270412763.79986584
2024-02-22,PDR,6100,24340.51330272691,148477131.14663416
2024-02-23,DGW,23700,40949.3888415991,970500515.5458987
2024-02-23,DBC,17000,21320.64282044697,362450927.9475985
2024-02-23,DGC,13000,93266.42606417161,1212463538.834231
2024-02-23,KDH,10100,26236.417463163856,264987816.37795496
2024-02-23,PDR,6100,23420.425171008712,142864593.54315314
2024-02-26,DGW,23700,41174.798321461116,975842720.2186284
2024-02-26,DBC,17000,21844.30773182637,371353231.4410483
2024-02-26,DGC,13000,99795.07588866362,1297335986.552627
2024-02-26,KDH,10100,26236.417463163856,264987816.37795496
2024-02-26,PDR,6100,23629.536110035577,144140170.27121702
2024-02-27,DGW,23700,41700.75377447248,988307864.4549979
2024-02-27,DBC,17000,22218.35409709737,377712019.65065527
2024-02-27,DGC,13000,104085.3314876155,1353109309.3390017
2024-02-27,KDH,10100,26938.80974170525,272081978.391223
2024-02-27,PDR,6100,24131.40236370005,147201554.4185703
2024-02-28,DGW,23700,41625.61728118514,986527129.5640879
2024-02-28,DBC,17000,22592.40046236837,384070807.8602623
2024-02-28,DGC,13000,103059.40080090963,1339772210.4118252
2024-02-28,KDH,10100,26773.540970283746,270412763.79986584
2024-02-28,PDR,6100,24005.93580028393,146436208.38173196
2024-02-29,DGW,23700,41926.1632543345,993650069.1277276
2024-02-29,DBC,17000,22367.97264320577,380255534.9344981
2024-02-29,DGC,13000,104458.3971918722,1357959163.4943385
2024-02-29,KDH,10100,28632.81464877567,289191427.9526343
2024-02-29,PDR,6100,24256.868927116167,147966900.45540863
2024-03-01,DGW,23700,44480.80402610398,1054195055.4186643
2024-03-01,DBC,17000,22218.35409709737,377712019.65065527
2024-03-01,DGC,13000,106323.72571315563,1382208434.271023
2024-03-01,KDH,10100,28880.71780590793,291695249.8396701
2024-03-01,PDR,6100,24256.868927116167,147966900.45540863
2024-03-04,DGW,23700,44330.531039529305,1050633585.6368445
2024-03-04,DBC,17000,21993.92627793477,373896746.72489107
2024-03-04,DGC,13000,104551.66361793637,1359171627.0331728
2024-03-04,KDH,10100,29707.06166301545,300041322.79645604
2024-03-04,PDR,6100,24549.624241753776,149752707.87469804
2024-03-05,DGW,23700,44480.80402610398,1054195055.4186643
2024-03-05,DBC,17000,22255.75873362447,378347898.47161597
2024-03-05,DGC,13000,105764.1271567706,1374933653.0380177
2024-03-05,KDH,10100,29748.37885587083,300458626.44429535
2024-03-05,PDR,6100,24256.868927116167,147966900.45540863
2024-03-06,DGW,23700,43353.75662679391,1027484032.0550157
2024-03-06,DBC,17000,21732.09382224507,369445594.9781662
2024-03-06,DGC,13000,105391.06145251391,1370083798.882681
2024-03-06,KDH,10100,29707.06166301545,300041322.79645604
2024-03-06,PDR,6100,23713.18048564632,144650400.96244255
2024-03-07,DGW,23700,43579.166106655925,1032826236.7277454
2024-03-07,DBC,17000,21769.49845877217,370081473.79912686
2024-03-07,DGC,13000,112759.10911158347,1465868418.4505851
2024-03-07,KDH,10100,30161.55078442459,304631662.92268836
2024-03-07,PDR,6100,23964.11361247856,146181093.03611922
2024-03-08,DGW,23700,45307.30545226469,1073783139.2186732
2024-03-08,DBC,17000,21993.92627793477,373896746.72489107
2024-03-08,DGC,13000,111360.11272062089,1447681465.3680716
2024-03-08,KDH,10100,30120.233591569213,304214359.27484906
2024-03-08,PDR,6100,23420.425171008712,142864593.54315314
2024-03-11,DGW,23700,44555.94051939132,1055975790.3095742
2024-03-11,DBC,17000,22891.63755458517,389157838.4279479
2024-03-11,DGC,13000,110054.38275572249,1430706975.8243923
2024-03-11,KDH,10100,30120.233591569213,304214359.27484906
2024-03-11,PDR,6100,22918.55891734424,139803209.39579985
2024-03-12,DGW,23700,47636.53674417217,1128985920.8368804
2024-03-12,DBC,17000,22966.446827639367,390429596.0698692
2024-03-12,DGC,13000,110893.78059030004,1441619147.6739006
2024-03-12,KDH,10100,30244.18517013534,305466270.2183669
2024-03-12,PDR,6100,22960.381105149612,140058324.74141264
2024-03-13,DGW,23700,49514.94907635561,1173504293.109628
2024-03-13,DBC,17000,23938.967377343968,406962445.41484743
2024-03-13,DGC,13000,118634.89395362628,1542253621.3971417
2024-03-13,KDH,10100,31070.529027242865,313812343.17515296
2024-03-13,PDR,6100,23545.89173442483,143629939.57999146
2024-03-14,DGW,23700,49665.22206293029,1177065762.8914478
2024-03-14,DBC,17000,23639.730285127167,401875414.8471618
2024-03-14,DGC,13000,119567.55821426799,1554378256.7854838
2024-03-14,KDH,10100,30987.89464153211,312977735.87947434
2024-03-14,PDR,6100,23504.06954661946,143374824.2343787
2024-03-15,DGW,23700,51844.180368263085,1228707074.7278352
2024-03-15,DBC,17000,23564.92101207297,400603657.2052405
2024-03-15,DGC,13000,118448.36110149794,1539828694.3194733
2024-03-15,KDH,10100,30739.991484399856,310473913.99243855
2024-03-15,PDR,6100,23504.06954661946,143374824.2343787
2024-03-18,DGW,23700,48913.85713005691,1159258413.9823487
2024-03-18,DBC,17000,22891.63755458517,389157838.4279479
2024-03-18,DGC,13000,110240.91560785084,1433131902.902061
2024-03-18,KDH,10100,30739.991484399856,310473913.99243855
2024-03-18,PDR,6100,24340.51330272691,148477131.14663416
2024-03-19,DGW,23700,48237.62869047087,1143231799.9641595
2024-03-19,DBC,17000,22891.63755458517,389157838.4279479
2024-03-19,DGC,13000,110987.0470163642,1442831611.2127347
2024-03-19,KDH,10100,30244.18517013534,305466270.2183669
2024-03-19,PDR,6100,24005.93580028393,146436208.38173196
2024-03-20,DGW,23700,49439.81258306828,1171723558.218718
2024-03-20,DBC,17000,23190.874646801967,394244868.9956334
2024-03-20,DGC,13000,114531.17120680273,1488905225.6884356
2024-03-20,KDH,10100,30202.867977279966,305048966.5705277
2024-03-20,PDR,6100,24047.757988089303,146691323.72734475
2024-03-21,DGW,23700,49815.49504950496,1180627232.6732676
2024-03-21,DBC,17000,23602.32564860007,401239536.0262012
2024-03-21,DGC,13000,114717.70405893108,1491330152.766104
2024-03-21,KDH,10100,30739.991484399856,310473913.99243855
2024-03-21,PDR,6100,25720.64550030421,156895937.55185568
2024-03-22,DGW,23700,50341.45050251633,1193092376.909637
2024-03-22,DBC,17000,23602.32564860007,401239536.0262012
2024-03-22,DGC,13000,115277.3026153161,1498604933.9991093
2024-03-22,KDH,10100,30657.357098689103,309639306.69675994
2024-03-22,PDR,6100,26347.9783173848,160722667.7360473
2024-03-25,DGW,23700,48688.447650194896,1153916209.309619
2024-03-25,DBC,17000,22929.04219111227,389793717.2489086
2024-03-25,DGC,13000,111919.71127700592,1454956246.6010768
2024-03-25,KDH,10100,30492.0883272676,307970092.10540277
2024-03-25,PDR,6100,26306.15612957943,160467552.39043453
2024-03-26,DGW,23700,48913.85713005691,1159258413.9823487
2024-03-26,DBC,17000,23564.92101207297,400603657.2052405
2024-03-26,DGC,13000,112572.57625945512,1463443491.3729165
2024-03-26,KDH,10100,31896.87288435039,322158416.13193893
2024-03-26,PDR,6100,26766.20019543853,163273821.19217503
2024-03-27,DGW,23700,49289.539596493596,1168162088.4368982
2024-03-27,DBC,17000,23714.53955818137,403147172.48908323
2024-03-27,DGC,13000,112572.57625945512,1463443491.3729165
2024-03-27,KDH,10100,31731.604112928882,320489201.5405817
2024-03-27,PDR,6100,26849.844571049274,163784051.88340056
2024-03-28,DGW,23700,49439.81258306828,1171723558.218718
2024-03-28,DBC,17000,24088.585923452367,409505960.69869024
2024-03-28,DGC,13000,115557.10189350862,1502242324.615612
2024-03-28,KDH,10100,31318.43218437512,316316165.06218874
2024-03-28,PDR,6100,26849.844571049274,163784051.88340056
2024-03-29,DGW,23700,49665.22206293029,1177065762.8914478
2024-03-29,DBC,17000,24238.204469560766,412049475.98253304
2024-03-29,DGC,13000,115090.76976318775,1496180006.9214408
2024-03-29,KDH,10100,31235.79779866437,315481557.7665101
2024-03-29,PDR,6100,26640.73363202241,162508475.1553367
2024-04-01,DGW,23700,49364.676089780936,1169942823.3278081
2024-04-01,DBC,17000,23938.967377343968,406962445.41484743
2024-04-01,DGC,13000,112199.51055519845,1458593637.2175798
2024-04-01,KDH,10100,31401.066570085874,317150772.3578673
2024-04-01,PDR,6100,27477.177388129865,167610782.06759217
2024-04-02,DGW,23700,50641.99647566568,1200215316.4732766
2024-04-02,DBC,17000,24125.990559979466,410141839.51965094
2024-04-02,DGC,13000,114344.63835467439,1486480298.6107671
2024-04-02,KDH,10100,31442.383762941252,317568076.00570667
2024-04-02,PDR,6100,27560.82176374061,168121012.7588177
2024-04-03,DGW,23700,49289.539596493596,1168162088.4368982
2024-04-03,DBC,17000,23901.56274081687,406326566.5938868
2024-04-03,DGC,13000,114158.10550254604,1484055371.5330985
2024-04-03,KDH,10100,31194.480605808993,315064254.1186708
2024-04-03,PDR,6100,26975.31113446539,164549397.92023888
2024-04-04,DGW,23700,49439.81258306828,1171723558.218718
2024-04-04,DBC,17000,24238.204469560766,412049475.98253304
2024-04-04,DGC,13000,114344.63835467439,1486480298.6107671
2024-04-04,KDH,10100,30863.943062965984,311725824.9359564
2024-04-04,PDR,6100,27184.422073492256,165824974.64830276
2024-04-05,DGW,23700,47937.082717321515,1136108860.4005198
2024-04-05,DBC,17000,22854.232918058067,388521959.6069871
2024-04-05,DGC,13000,111639.9119988134,1451318855.9845743
2024-04-05,KDH,10100,30161.55078442459,304631662.92268836
2024-04-05,PDR,6100,26933.488946660018,164294282.57462612
2024-04-08,DGW,23700,45983.53389185073,1089809753.2368624
2024-04-08,DBC,17000,22816.82828153097,387886080.7860265
2024-04-08,DGC,13000,108189.05423443906,1406457705.0477078
2024-04-08,KDH,10100,29624.4272773047,299206715.5007775
2024-04-08,PDR,6100,26640.73363202241,162508475.1553367
2024-04-09,DGW,23700,46960.30830458613,1112959306.8186913
2024-04-09,DBC,17000,22966.446827639367,390429596.0698692
2024-04-09,DGC,13000,109121.71849508077,1418582340.43605
2024-04-09,KDH,10100,29748.37885587083,300458626.44429535
2024-04-09,PDR,6100,26933.488946660018,164294282.57462612
2024-04-10,DGW,23700,46584.62583814944,1104055632.3641417
2024-04-10,DBC,17000,23041.25610069357,391701353.7117907
2024-04-10,DGC,13000,109961.11632965833,1429494512.2855582
2024-04-10,KDH,10100,29748.37885587083,300458626.44429535
2024-04-10,PDR,6100,26431.62269299555,161232898.42727286
2024-04-11,DGW,23700,47185.71778444814,1118301511.491421
2024-04-11,DBC,17000,23190.874646801967,394244868.9956334
2024-04-11,DGC,13000,111826.44485094176,1453743783.0622427
2024-04-11,KDH,10100,29954.96482014771,302545144.6834919
2024-04-11,PDR,6100,26431.62269299555,161232898.42727286
2024-04-12,DGW,23700,47786.80973074684,1132547390.6187
2024-04-12,DBC,17000,23116.06537374777,392973111.3537121
2024-04-12,DGC,13000,111173.57986849255,1445256538.2904031
2024-04-12,KDH,10100,30120.233591569213,304214359.27484906
2024-04-12,PDR,6100,26724.378007633157,163018705.84656227
2024-04-15,DGW,23700,44480.80402610398,1054195055.4186643
2024-04-15,DBC,17000,21507.66600308247,365630322.052402
2024-04-15,DGC,13000,103618.99935729466,1347046991.6448305
2024-04-15,KDH,10100,28013.05675594503,282931873.2350448
2024-04-15,PDR,6100,24884.20174419676,151793630.63960022
2024-04-16,DGW,23700,44330.531039529305,1050633585.6368445
2024-04-16,DBC,17000,20497.74081685077,348461593.8864631
2024-04-16,DGC,13000,105857.39358283477,1376146116.576852
2024-04-16,KDH,10100,28302.277105932662,285852998.7699199
2024-04-16,PDR,6100,24382.335490532285,148732246.49224693
2024-04-17,DGW,23700,41775.890267759816,990088599.3459077
2024-04-17,DBC,17000,20684.763999486273,351640987.99126667
2024-04-17,DGC,13000,103618.99935729466,1347046991.6448305
2024-04-17,KDH,10100,28095.69114165578,283766480.5307234
2024-04-17,PDR,6100,23420.425171008712,142864593.54315314
2024-04-19,DGW,23700,40198.02390872572,952693166.6367996
2024-04-19,DBC,17000,19450.410994091973,330656986.89956355
2024-04-19,DGC,13000,100727.74014930533,1309460621.9409692
2024-04-19,KDH,10100,27269.347284548257,275420407.5739374
2024-04-19,PDR,6100,21914.826410015296,133680441.1010933
2024-04-22,DGW,23700,42452.11870734586,1006115213.3640968
2024-04-22,DBC,17000,20796.977909067573,353548624.4541487
2024-04-22,DGC,13000,102593.06867058876,1333709892.717654
2024-04-22,KDH,10100,27641.202020246645,279176140.4044911
2024-04-22,PDR,6100,22291.22610026365,135976479.21160826
2024-04-23,DGW,23700,41325.07130803579,979404190.0004482
2024-04-23,DBC,17000,20198.503724633974,343374563.31877756
2024-04-23,DGC,13000,102593.06867058876,1333709892.717654
2024-04-23,KDH,10100,27641.202020246645,279176140.4044911
2024-04-23,PDR,6100,21162.027029518587,129088364.88006338
2024-04-24,DGW,23700,44105.12155966729,1045291380.9641148
2024-04-24,DBC,17000,20946.59645517597,356092139.7379915
2024-04-24,DGC,13000,108468.85351263157,1410095095.6642103
2024-04-24,KDH,10100,28550.180263064918,288356820.65695566
2024-04-24,PDR,6100,22625.80360270663,138017401.97651044
2024-04-25,DGW,23700,43804.57558651794,1038168441.4004751
2024-04-25,DBC,17000,20722.16863601337,352276866.8122273
2024-04-25,DGC,13000,108282.32066050323,1407670168.5865421
2024-04-25,KDH,10100,28591.497455920296,288774124.30479497
2024-04-25,PDR,6100,22333.04828806902,136231594.55722103
2024-04-26,DGW,23700,44330.531039529305,1050633585.6368445
2024-04-26,DBC,17000,20946.59645517597,356092139.7379915
2024-04-26,DGC,13000,110800.51416423586,1440406684.1350663
2024-04-26,KDH,10100,28922.034998763305,292112553.48750937
2024-04-26,PDR,6100,22123.93734904216,134956017.82915717
2024-05-02,DGW,23700,44555.94051939132,1055975790.3095742
2024-05-02,DBC,17000,21208.42891086567,360543291.4847164
2024-05-02,DGC,13000,112106.24412913427,1457381173.6787455
2024-05-02,KDH,10100,28922.034998763305,292112553.48750937
2024-05-02,PDR,6100,21956.64859782067,133935556.44670609
2024-05-03,DGW,23700,44330.531039529305,1050633585.6368445
2024-05-03,DBC,17000,20871.78718212177,354820382.0960701
2024-05-03,DGC,13000,110987.0470163642,1442831611.2127347
2024-05-03,KDH,10100,29665.744470160076,299624019.1486168
2024-05-03,PDR,6100,22542.159227095886,137507171.2852849
2024-05-06,DGW,23700,45833.26090527606,1086248283.4550426
2024-05-06,DBC,17000,21582.47527613667,366902079.69432336
2024-05-06,DGC,13000,114251.37192861021,1485267835.0719328
2024-05-06,KDH,10100,29500.47569873857,297954804.55725956
2024-05-06,PDR,6100,23336.780795397968,142354362.8519276
2024-05-07,DGW,23700,45908.3973985634,1088029018.3459525
2024-05-07,DBC,17000,22068.73555098897,375168504.3668125
2024-05-07,DGC,13000,114251.37192861021,1485267835.0719328
2024-05-07,KDH,10100,29831.01324158158,301293233.73997396
2024-05-07,PDR,6100,23085.84766856573,140823670.77825096
2024-05-08,DGW,23700,46208.94337171275,1095151957.9095922
2024-05-08,DBC,17000,21919.11700488057,372624989.08296967
2024-05-08,DGC,13000,115184.03618925193,1497392470.4602752
2024-05-08,KDH,10100,29748.37885587083,300458626.44429535
2024-05-08,PDR,6100,22709.447978317377,138527632.667736
2024-05-09,DGW,23700,46058.67038513807,1091590488.1277723
2024-05-09,DBC,17000,21619.87991266377,367537958.5152841
2024-05-09,DGC,13000,116396.49972808616,1513154496.46512
2024-05-09,KDH,10100,29748.37885587083,300458626.44429535
2024-05-09,PDR,6100,22458.51485148514,136996940.59405935
2024-05-10,DGW,23700,45382.44194555203,1075563874.1095831
2024-05-10,DBC,17000,22966.446827639367,390429596.0698692
2024-05-10,DGC,13000,115463.83546744444,1501029861.0767777
2024-05-10,KDH,10100,29748.37885587083,300458626.44429535
2024-05-10,PDR,6100,23328.712871287134,142305148.5148515
2024-05-13,DGW,23700,44781.34999925333,1061317994.982304
2024-05-13,DBC,17000,23340.49319291037,396788384.2794763
2024-05-13,DGC,13000,114344.63835467439,1486480298.6107671
2024-05-13,KDH,10100,29996.282013003085,302962448.33133113
2024-05-13,PDR,6100,23606.435643564364,143999257.42574263
2024-05-14,DGW,23700,45758.12441198872,1084467548.5641327
2024-05-14,DBC,17000,23153.47001027487,393608990.1746728
2024-05-14,DGC,13000,115930.1675977653,1507092178.770949
2024-05-14,KDH,10100,29665.744470160076,299624019.1486168
2024-05-14,PDR,6100,23421.287128712876,142869851.48514855
2024-05-15,DGW,23700,46434.35285157476,1100494162.582322
2024-05-15,DBC,17000,23078.660737220667,392337232.5327513
2024-05-15,DGC,13000,117608.96326692039,1528916522.469965
2024-05-15,KDH,10100,30078.916398713838,303797055.62700975
2024-05-15,PDR,6100,23606.435643564364,143999257.42574263
2024-05-16,DGW,23700,46434.35285157476,1100494162.582322
2024-05-16,DBC,17000,23490.11173901877,399331899.5633191
2024-05-16,DGC,13000,117515.69684085622,1527704058.931131
2024-05-16,KDH,10100,30409.453941556847,307135484.80972415
2024-05-16,PDR,6100,23884.15841584159,145693366.3366337
2024-05-17,DGW,23700,48087.355703896195,1139670330.18234
2024-05-17,DBC,17000,24986.297200102767,424767052.40174705
2024-05-17,DGC,13000,117702.22969298456,1530128986.0087993
2024-05-17,KDH,10100,30492.0883272676,307970092.10540277
2024-05-17,PDR,6100,24115.594059405947,147105123.76237628
2024-05-20,DGW,23700,48087.355703896195,1139670330.18234
2024-05-20,DBC,17000,25846.603840226064,439392265.2838431
2024-05-20,DGC,13000,116209.96687595782,1510729569.3874516
2024-05-20,KDH,10100,30492.0883272676,307970092.10540277
2024-05-20,PDR,6100,23884.15841584159,145693366.3366337
2024-05-21,DGW,23700,48688.447650194896,1153916209.309619
2024-05-21,DBC,17000,26220.650205497066,445751053.4934501
2024-05-21,DGC,13000,117515.69684085622,1527704058.931131
2024-05-21,KDH,10100,30161.55078442459,304631662.92268836
2024-05-21,PDR,6100,23606.435643564364,143999257.42574263
2024-05-22,DGW,23700,47937.082717321515,1136108860.4005198
2024-05-22,DBC,17000,25696.985294117665,436848750.0000003
2024-05-22,DGC,13000,117422.43041479205,1526491595.3922966
2024-05-22,KDH,10100,30244.18517013534,305466270.2183669
2024-05-22,PDR,6100,24532.17821782179,149646287.12871292
2024-05-23,DGW,23700,48012.219210608855,1137889595.2914298
2024-05-23,DBC,17000,26669.505843822262,453381599.34497845
2024-05-23,DGC,13000,119007.95965788297,1547103475.5524786
2024-05-23,KDH,10100,30533.405520122975,308387395.7532421
2024-05-23,PDR,6100,24578.46534653466,149928638.6138614
2024-05-24,DGW,23700,47335.990771022814,1121862981.2732408
2024-05-24,DBC,17000,26033.627022861565,442571659.3886466
2024-05-24,DGC,13000,118448.36110149794,1539828694.3194733
2024-05-24,KDH,10100,29417.84131302782,297120197.261581
2024-05-24,PDR,6100,24023.019801980205,146540420.79207924
2024-05-27,DGW,23700,47260.854277735474,1120082246.3823307
2024-05-27,DBC,17000,26071.031659388664,443207538.2096073
2024-05-27,DGC,13000,117795.49611904874,1531341449.5476336
2024-05-27,KDH,10100,29583.110084449323,298789411.8529382
2024-05-27,PDR,6100,23560.14851485149,143716905.9405941
2024-05-28,DGW,23700,48463.03817033288,1148574004.6368892
2024-05-28,DBC,17000,26482.482661186765,450202205.240175
2024-05-28,DGC,13000,118355.09467543376,1538616230.780639
2024-05-28,KDH,10100,29954.96482014771,302545144.6834919
2024-05-28,PDR,6100,23699.009900990106,144563960.39603963
2024-05-29,DGW,23700,47786.80973074684,1132547390.6187
2024-05-29,DBC,17000,26258.054842024165,446386932.3144108
2024-05-29,DGC,13000,118075.29539724125,1534978840.1641362
2024-05-29,KDH,10100,29500.47569873857,297954804.55725956
2024-05-29,PDR,6100,23513.861386138622,143434554.4554456
2024-05-30,DGW,23700,48012.219210608855,1137889595.2914298
2024-05-30,DBC,17000,26781.719753403562,455289235.80786055
2024-05-30,DGC,13000,116583.03258021451,1515579423.5427885
2024-05-30,KDH,10100,29789.696048726204,300875930.09213465
2024-05-30,PDR,6100,23143.56435643565,141175742.57425746
2024-05-31,DGW,23700,48838.72063676957,1157477679.0914388
2024-05-31,DBC,17000,26594.696570768065,452109841.7030571
2024-05-31,DGC,13000,117515.69684085622,1527704058.931131
2024-05-31,KDH,10100,29913.647627292332,302127841.0356526
2024-05-31,PDR,6100,23328.712871287134,142305148.5148515
2024-06-03,DGW,23700,48538.17466362022,1150354739.5277994
2024-06-03,DBC,17000,26632.101207295163,452745720.52401775
2024-06-03,DGC,13000,116956.0982844712,1520429277.6981256
2024-06-03,KDH,10100,31401.066570085874,317150772.3578673
2024-06-03,PDR,6100,24069.306930693077,146822772.27722776
2024-06-04,DGW,23700,48387.90167704554,1146793269.7459793
2024-06-04,DBC,17000,26856.529026457763,456560993.44978195
2024-06-04,DGC,13000,115650.3683195728,1503454788.1544464
2024-06-04,KDH,10100,30987.89464153211,312977735.87947434
2024-06-04,PDR,6100,23884.15841584159,145693366.3366337
2024-06-05,DGW,23700,47786.80973074684,1132547390.6187
2024-06-05,DBC,17000,26332.864115078366,447658689.9563322
2024-06-05,DGC,13000,114717.70405893108,1491330152.766104
2024-06-05,KDH,10100,30616.039905833728,309222003.04892063
2024-06-05,PDR,6100,23884.15841584159,145693366.3366337
2024-06-06,DGW,23700,47861.94622403418,1134328125.5096102
2024-06-06,DBC,17000,26071.031659388664,443207538.2096073
2024-06-06,DGC,13000,112759.10911158347,1465868418.4505851
2024-06-06,KDH,10100,30161.55078442459,304631662.92268836
2024-06-06,PDR,6100,23837.87128712872,145411014.8514852
2024-06-07,DGW,23700,48463.03817033288,1148574004.6368892
2024-06-07,DBC,17000,26445.078024659662,449566326.41921425
2024-06-07,DGC,13000,113598.50694616101,1476780590.3000932
2024-06-07,KDH,10100,30822.62587011061,311308521.2881172
2024-06-07,PDR,6100,23699.009900990106,144563960.39603963
2024-06-10,DGW,23700,48387.90167704554,1146793269.7459793
2024-06-10,DBC,17000,26931.338299511965,457832751.0917034
2024-06-10,DGC,13000,113318.7076679685,1473143199.6835904
2024-06-10,KDH,10100,30822.62587011061,311308521.2881172
2024-06-10,PDR,6100,23606.435643564364,143999257.42574263
2024-06-11,DGW,23700,48312.76518375821,1145012534.8550696
2024-06-11,DBC,17000,26669.505843822262,453381599.34497845
2024-06-11,DGC,13000,113785.03979828936,1479205517.3777616
2024-06-11,KDH,10100,30739.991484399856,310473913.99243855
2024-06-11,PDR,6100,23467.57425742575,143152202.97029707
2024-06-12,DGW,23700,49590.08556964295,1175285028.0005379
2024-06-12,DBC,17000,26744.315116876463,454653356.98689985
2024-06-12,DGC,13000,114904.23691105942,1493755079.8437724
2024-06-12,KDH,10100,31359.7493772305,316733468.71002805
2024-06-12,PDR,6100,23884.15841584159,145693366.3366337
2024-06-13,DGW,23700,49214.40310320626,1166381353.5459883
2024-06-13,DBC,17000,27155.766118674564,461648024.0174676
2024-06-13,DGC,13000,114997.50333712359,1494967543.3826067
2024-06-13,KDH,10100,31896.87288435039,322158416.13193893
2024-06-13,PDR,6100,24347.029702970303,148516881.18811885
2024-06-14,DGW,23700,47411.127264310155,1123643716.1641507
2024-06-14,DBC,17000,26332.864115078366,447658689.9563322
2024-06-14,DGC,13000,113505.24052009684,1475568126.7612588
2024-06-14,KDH,10100,30987.89464153211,312977735.87947434
2024-06-14,PDR,6100,23699.009900990106,144563960.39603963
2024-06-17,DGW,23700,46584.62583814944,1104055632.3641417
2024-06-17,DBC,17000,25884.008476753166,440028144.1048038
2024-06-17,DGC,13000,113318.7076679685,1473143199.6835904
2024-06-17,KDH,10100,31029.21183438749,313395039.52731365
2024-06-17,PDR,6100,23143.56435643565,141175742.57425746
2024-06-18,DGW,23700,46659.762331436774,1105836367.2550516
2024-06-18,DBC,17000,26407.673388132564,448930447.5982536
2024-06-18,DGC,13000,121246.35388342309,1576202600.4845002
2024-06-18,KDH,10100,31235.79779866437,315481557.7665101
2024-06-18,PDR,6100,23050.99009900991,140611039.60396045
2024-06-19,DGW,23700,46960.30830458613,1112959306.8186913
2024-06-19,DBC,17000,26856.529026457763,456560993.44978195
2024-06-19,DGC,13000,119567.55821426799,1554378256.7854838
2024-06-19,KDH,10100,31153.163412953618,314646950.4708315
2024-06-19,PDR,6100,22726.98019801981,138634579.20792085
2024-06-20,DGW,23700,47260.854277735474,1120082246.3823307
2024-06-20,DBC,17000,27155.766118674564,461648024.0174676
2024-06-20,DGC,13000,121246.35388342309,1576202600.4845002
2024-06-20,KDH,10100,31029.21183438749,313395039.52731365
2024-06-20,PDR,6100,22634.405940594064,138069876.23762378
2024-06-21,DGW,23700,47937.082717321515,1136108860.4005198
2024-06-21,DBC,17000,27529.812483945563,468006812.22707456
2024-06-21,DGC,13000,122925.14955257818,1598026944.1835163
2024-06-21,KDH,10100,30987.89464153211,312977735.87947434
2024-06-21,PDR,6100,22310.396039603966,136093415.84158418
2024-06-24,DGW,23700,45682.98791870139,1082686813.6732228
2024-06-24,DBC,17000,26071.031659388664,443207538.2096073
2024-06-24,DGC,13000,116209.96687595782,1510729569.3874516
2024-06-24,KDH,10100,30285.50236299072,305883573.8662063
2024-06-24,PDR,6100,22402.97029702971,136658118.81188124
2024-06-25,DGW,23700,45908.3973985634,1088029018.3459525
2024-06-25,DBC,17000,25958.817749807364,441299901.7467252
2024-06-25,DGC,13000,116303.233302022,1511942032.926286
2024-06-25,KDH,10100,30657.357098689103,309639306.69675994
2024-06-25,PDR,6100,22402.97029702971,136658118.81188124
2024-06-26,DGW,23700,46509.4893448621,1102274897.4732318
2024-06-26,DBC,17000,26931.338299511965,457832751.0917034
2024-06-26,DGC,13000,116583.03258021451,1515579423.5427885
2024-06-26,KDH,10100,30574.72271297835,308804699.4010813
2024-06-26,PDR,6100,22217.821782178224,135528712.87128717
2024-06-27,DGW,23700,46434.35285157476,1100494162.582322
2024-06-27,DBC,17000,26332.864115078366,447658689.9563322
2024-06-27,DGC,13000,115463.83546744444,1501029861.0767777
2024-06-27,KDH,10100,30987.89464153211,312977735.87947434
2024-06-27,PDR,6100,22495.544554455453,137222821.78217825
2024-06-28,DGW,23700,45983.53389185073,1089809753.2368624
2024-06-28,DBC,17000,25435.152838427966,432397598.25327545
2024-06-28,DGC,13000,114251.37192861021,1485267835.0719328
2024-06-28,KDH,10100,30492.0883272676,307970092.10540277
2024-06-28,PDR,6100,21940.099009900998,133834603.96039608
2024-07-01,DGW,23700,47260.854277735474,1120082246.3823307
2024-07-01,DBC,17000,25809.199203698965,438756386.4628824
2024-07-01,DGC,13000,113785.03979828936,1479205517.3777616
2024-07-01,KDH,10100,30574.72271297835,308804699.4010813
2024-07-01,PDR,6100,22217.821782178224,135528712.87128717
2024-07-02,DGW,23700,47636.53674417217,1128985920.8368804
2024-07-02,DBC,17000,25884.008476753166,440028144.1048038
2024-07-02,DGC,13000,114997.50333712359,1494967543.3826067
2024-07-02,KDH,10100,31318.43218437512,316316165.06218874
2024-07-02,PDR,6100,22680.693069306937,138352227.72277233
2024-07-03,DGW,23700,48012.219210608855,1137889595.2914298
2024-07-03,DBC,17000,25771.794567171866,438120507.6419217
2024-07-03,DGC,13000,116396.49972808616,1513154496.46512
2024-07-03,KDH,10100,31277.114991519746,315898861.41434944
2024-07-03,PDR,6100,22449.25742574258,136940470.29702973
2024-07-04,DGW,23700,47561.40025088483,1127205185.9459705
2024-07-04,DBC,17000,25509.962111482164,433669355.8951968
2024-07-04,DGC,13000,116583.03258021451,1515579423.5427885
2024-07-04,KDH,10100,31359.7493772305,316733468.71002805
2024-07-04,PDR,6100,22310.396039603966,136093415.84158418
2024-07-05,DGW,23700,48463.03817033288,1148574004.6368892
2024-07-05,DBC,17000,26370.268751605465,448294568.7772929
2024-07-05,DGC,13000,116583.03258021451,1515579423.5427885
2024-07-05,KDH,10100,31648.969727218133,319654594.24490315
2024-07-05,PDR,6100,21986.386138613867,134116955.44554459
2024-07-08,DGW,23700,48913.85713005691,1159258413.9823487
2024-07-08,DBC,17000,26482.482661186765,450202205.240175
2024-07-08,DGC,13000,118728.16037969045,1543466084.9359758
2024-07-08,KDH,10100,30739.991484399856,310473913.99243855
2024-07-08,PDR,6100,21338.36633663367,130164034.65346539
2024-07-09,DGW,23700,49064.13011663158,1162819883.7641685
2024-07-09,DBC,17000,27305.384664782963,464191539.30131036
2024-07-09,DGC,13000,119381.02536213966,1551953329.7078154
2024-07-09,KDH,10100,30987.89464153211,312977735.87947434
2024-07-09,PDR,6100,21569.801980198026,131575792.07920796
2024-07-10,DGW,23700,48087.355703896195,1139670330.18234
2024-07-10,DBC,17000,26931.338299511965,457832751.0917034
2024-07-10,DGC,13000,117982.02897117707,1533766376.625302
2024-07-10,KDH,10100,31318.43218437512,316316165.06218874
2024-07-10,PDR,6100,21384.653465346542,130446386.13861391
2024-07-11,DGW,23700,48463.03817033288,1148574004.6368892
2024-07-11,DBC,17000,25846.603840226064,439392265.2838431
2024-07-11,DGC,13000,117702.22969298456,1530128986.0087993
2024-07-11,KDH,10100,31855.55569149501,321741112.4840996
2024-07-11,PDR,6100,21893.811881188125,133552252.47524756
2024-07-12,DGW,23700,48763.584143482236,1155696944.200529
2024-07-12,DBC,17000,25435.152838427966,432397598.25327545
2024-07-12,DGC,13000,117049.36471053536,1521641741.2369597
2024-07-12,KDH,10100,31401.066570085874,317150772.3578673
2024-07-12,PDR,6100,21616.0891089109,131858143.56435649
2024-07-15,DGW,23700,48688.447650194896,1153916209.309619
2024-07-15,DBC,17000,26261.25181950508,446441280.9315864
2024-07-15,DGC,13000,116956.0982844712,1520429277.6981256
2024-07-15,KDH,10100,31235.79779866437,315481557.7665101
2024-07-15,PDR,6100,21430.94059405941,130728737.62376241
2024-07-16,DGW,23700,48087.355703896195,1139670330.18234
2024-07-16,DBC,17000,26087.33624454147,443484716.157205
2024-07-16,DGC,13000,116956.0982844712,1520429277.6981256
2024-07-16,KDH,10100,31235.79779866437,315481557.7665101
2024-07-16,PDR,6100,20736.63366336634,126493465.34653468
2024-07-17,DGW,23700,48087.355703896195,1139670330.18234
2024-07-17,DBC,17000,24869.927219796202,422788762.73653543
2024-07-17,DGC,13000,115463.83546744444,1501029861.0767777
2024-07-17,KDH,10100,30492.0883272676,307970092.10540277
2024-07-17,PDR,6100,19394.306930693074,118305272.27722774
2024-07-18,DGW,23700,49214.40310320626,1166381353.5459883
2024-07-18,DBC,17000,25130.800582241616,427223609.89810747
2024-07-18,DGC,13000,114717.70405893108,1491330152.766104
2024-07-18,KDH,10100,30409.453941556847,307135484.80972415
2024-07-18,PDR,6100,19533.16831683169,119152326.7326733
2024-07-19,DGW,23700,50266.31400922899,1191311642.018727
2024-07-19,DBC,17000,24478.617176128082,416136491.9941774
2024-07-19,DGC,13000,113132.17481584016,1470718272.605922
2024-07-19,KDH,10100,30244.18517013534,305466270.2183669
2024-07-19,PDR,6100,18746.287128712876,114352351.48514855
2024-07-22,DGW,23700,50040.90452936698,1185969437.3459973
2024-07-22,DBC,17000,23304.687045123716,396179679.76710314
2024-07-22,DGC,13000,106323.72571315563,1382208434.271023
2024-07-22,KDH,10100,29831.01324158158,301293233.73997396
2024-07-22,PDR,6100,18607.42574257426,113505297.02970299
2024-07-23,DGW,23700,46584.62583814944,1104055632.3641417
2024-07-23,DBC,17000,21695.967976710323,368831455.6040755
2024-07-23,DGC,13000,101100.80585356202,1314310476.0963063
2024-07-23,KDH,10100,29335.206927317067,296285589.9659024
2024-07-23,PDR,6100,18005.693069306937,109834727.72277232
2024-07-24,DGW,23700,44029.98506637995,1043510646.0732049
2024-07-24,DBC,17000,23043.8136826783,391744832.6055311
2024-07-24,DGC,13000,102593.06867058876,1333709892.717654
2024-07-24,KDH,10100,29748.37885587083,300458626.44429535
2024-07-24,PDR,6100,18700.000000000004,114070000.00000001
2024-07-25,DGW,23700,44856.486492540665,1063098729.8732138
2024-07-25,DBC,17000,23130.771470160103,393223114.99272174
2024-07-25,DGC,13000,103525.73293123048,1345834528.1059961
2024-07-25,KDH,10100,29748.37885587083,300458626.44429535
2024-07-25,PDR,6100,18561.138613861393,113222945.5445545
2024-07-26,DGW,23700,45307.30545226469,1073783139.2186732
2024-07-26,DBC,17000,24435.13828238718,415397350.80058205
2024-07-26,DGC,13000,105577.59430464226,1372508725.9603493
2024-07-26,KDH,10100,29748.37885587083,300458626.44429535
2024-07-26,PDR,6100,18375.990099009905,112093539.60396042
2024-07-29,DGW,23700,45382.44194555203,1075563874.1095831
2024-07-29,DBC,17000,24348.180494905373,413919068.41339135
2024-07-29,DGC,13000,105391.06145251391,1370083798.882681
2024-07-29,KDH,10100,29913.647627292332,302127841.0356526
2024-07-29,PDR,6100,18098.26732673268,110399430.69306934
2024-07-30,DGW,23700,44931.622985828006,1064879464.7641237
2024-07-30,DBC,17000,22652.503639010178,385092561.863173
2024-07-30,DGC,13000,104831.46289612888,1362809017.6496754
2024-07-30,KDH,10100,29748.37885587083,300458626.44429535
2024-07-30,PDR,6100,17589.108910891093,107293564.35643567
2024-07-31,DGW,23700,44631.07701267865,1057756525.200484
2024-07-31,DBC,17000,22304.672489082957,379179432.31441027
2024-07-31,DGC,13000,104458.3971918722,1357959163.4943385
2024-07-31,KDH,10100,29954.96482014771,302545144.6834919
2024-07-31,PDR,6100,17589.108910891093,107293564.35643567
2024-08-01,DGW,23700,41775.890267759816,990088599.3459077
2024-08-01,DBC,17000,22826.419213973786,388049126.63755435
2024-08-01,DGC,13000,98862.4116280219,1285211351.1642847
2024-08-01,KDH,10100,28756.7662273418,290443338.8961522
2024-08-01,PDR,6100,16385.64356435644,99952425.74257429
2024-08-02,DGW,23700,43428.89312008125,1029264766.9459257
2024-08-02,DBC,17000,24391.659388646276,414658209.6069867
2024-08-02,DGC,13000,99888.3423147278,1298548450.0914614
2024-08-02,KDH,10100,28922.034998763305,292112553.48750937
2024-08-02,PDR,6100,16663.36633663367,101646534.65346539
2024-08-05,DGW,23700,40799.11585502443,966939045.764079
2024-08-05,DBC,17000,23478.602620087324,399136244.54148453
2024-08-05,DGC,13000,94385.62317694166,1227013101.3002417
2024-08-05,KDH,10100,28508.863070209543,287939517.0091164
2024-08-05,PDR,6100,15737.623762376243,95999504.95049508
2024-08-06,DGW,23700,42076.43624090917,997211538.9095473
2024-08-06,DBC,17000,24261.222707423567,412440786.02620065
2024-08-06,DGC,13000,98862.4116280219,1285211351.1642847
2024-08-06,KDH,10100,29169.93815589556,294616375.37454516
2024-08-06,PDR,6100,16200.495049504954,98823019.80198023
2024-08-07,DGW,23700,42001.29974762183,995430804.0186374
2024-08-07,DBC,17000,24043.828238719056,408745080.05822396
2024-08-07,DGC,13000,98862.4116280219,1285211351.1642847
2024-08-07,KDH,10100,29500.47569873857,297954804.55725956
2024-08-07,PDR,6100,16478.217821782182,100517128.71287131
2024-08-08,DGW,23700,42001.29974762183,995430804.0186374
2024-08-08,DBC,17000,23478.602620087324,399136244.54148453
2024-08-08,DGC,13000,96997.08310673847,1260962080.3876002
2024-08-08,KDH,10100,29128.620963040186,294199071.7267059
2024-08-08,PDR,6100,16015.34653465347,97693613.86138617
2024-08-09,DGW,23700,43879.71207980528,1039949176.291385
2024-08-09,DBC,17000,23739.47598253274,403571091.7030566
2024-08-09,DGC,13000,99328.74375834275,1291273668.858456
2024-08-09,KDH,10100,29459.158505883195,297537500.90942025
2024-08-09,PDR,6100,16385.64356435644,99952425.74257429
2024-08-12,DGW,23700,44330.531039529305,1050633585.6368445
2024-08-12,DBC,17000,24087.30713245996,409484221.2518193
2024-08-12,DGC,13000,101287.33870569036,1316735403.1739748
2024-08-12,KDH,10100,29500.47569873857,297954804.55725956
2024-08-12,PDR,6100,16200.495049504954,98823019.80198023
2024-08-13,DGW,23700,44330.531039529305,1050633585.6368445
2024-08-13,DBC,17000,24087.30713245996,409484221.2518193
2024-08-13,DGC,13000,101660.40440994705,1321585257.3293116
2024-08-13,KDH,10100,29583.110084449323,298789411.8529382
2024-08-13,PDR,6100,16802.22772277228,102493589.10891092
2024-08-14,DGW,23700,44180.258052954625,1047072115.8550246
2024-08-14,DBC,17000,23522.081513828227,399875385.7350799
2024-08-14,DGC,13000,100354.67444504864,1304610767.7856324
2024-08-14,KDH,10100,29500.47569873857,297954804.55725956
2024-08-14,PDR,6100,16570.792079207924,101081831.68316834
2024-08-15,DGW,23700,44180.258052954625,1047072115.8550246
2024-08-15,DBC,17000,23348.16593886462,396918820.9606985
2024-08-15,DGC,13000,99328.74375834275,1291273668.858456
2024-08-15,KDH,10100,29335.206927317067,296285589.9659024
2024-08-15,PDR,6100,16293.069306930698,99387722.77227725
2024-08-16,DGW,23700,45457.57843883937,1077344609.000493
2024-08-16,DBC,17000,23826.433770014544,405049374.0902473
2024-08-16,DGC,13000,103339.20007910214,1343409601.028328
2024-08-16,KDH,10100,30698.67429154448,310056610.34459925
2024-08-16,PDR,6100,17403.96039603961,106164158.41584161
2024-08-19,DGW,23700,45607.85142541405,1080906078.7823129
2024-08-19,DBC,17000,24739.490538573496,420571339.15574944
2024-08-19,DGC,13000,103432.4665051663,1344622064.567162
2024-08-19,KDH,10100,30657.357098689103,309639306.69675994
2024-08-19,PDR,6100,17727.970297029708,108140618.81188121
2024-08-20,DGW,23700,45833.26090527606,1086248283.4550426
2024-08-20,DBC,17000,24739.490538573496,420571339.15574944
2024-08-20,DGC,13000,104458.3971918722,1357959163.4943385
2024-08-20,KDH,10100,31194.480605808993,315064254.1186708
2024-08-20,PDR,6100,18931.43564356436,115481757.4257426
2024-08-21,DGW,23700,46584.62583814944,1104055632.3641417
2024-08-21,DBC,17000,24652.53275109169,419093056.76855874
2024-08-21,DGC,13000,105204.52860038557,1367658871.8050125
2024-08-21,KDH,10100,31153.163412953618,314646950.4708315
2024-08-21,PDR,6100,19440.594059405947,118587623.76237628
2024-08-22,DGW,23700,46584.62583814944,1104055632.3641417
2024-08-22,DBC,17000,24304.70160116447,413179927.219796
2024-08-22,DGC,13000,105391.06145251391,1370083798.882681
2024-08-22,KDH,10100,31070.529027242865,313812343.17515296
2024-08-22,PDR,6100,19810.891089108918,120846435.6435644
2024-08-23,DGW,23700,46509.4893448621,1102274897.4732318
2024-08-23,DBC,17000,24391.659388646276,414658209.6069867
2024-08-23,DGC,13000,105297.79502644973,1368871335.3438466
2024-08-23,KDH,10100,30905.260255821362,312143128.5837958
2024-08-23,PDR,6100,19996.039603960402,121975841.58415845
2024-08-26,DGW,23700,45682.98791870139,1082686813.6732228
2024-08-26,DBC,17000,23956.87045123725,407266797.67103326
2024-08-26,DGC,13000,103525.73293123048,1345834528.1059961
2024-08-26,KDH,10100,31153.163412953618,314646950.4708315
2024-08-26,PDR,6100,20273.762376237628,123669950.49504954
2024-08-27,DGW,23700,45682.98791870139,1082686813.6732228
2024-08-27,DBC,17000,24435.13828238718,415397350.80058205
2024-08-27,DGC,13000,102220.00296633207,1328860038.562317
2024-08-27,KDH,10100,30987.89464153211,312977735.87947434
2024-08-27,PDR,6100,20134.900990099017,122822896.03960401
2024-08-28,DGW,23700,45682.98791870139,1082686813.6732228
2024-08-28,DBC,17000,24739.490538573496,420571339.15574944
2024-08-28,DGC,13000,102593.06867058876,1333709892.717654
2024-08-28,KDH,10100,30946.577448676737,312560432.23163503
2024-08-28,PDR,6100,20273.762376237628,123669950.49504954
2024-08-29,DGW,23700,45682.98791870139,1082686813.6732228
2024-08-29,DBC,17000,25043.842794759814,425745327.5109168
2024-08-29,DGC,13000,103805.53220942299,1349471918.722499
2024-08-29,KDH,10100,31153.163412953618,314646950.4708315
2024-08-29,PDR,6100,19857.178217821787,121128787.1287129
2024-08-30,DGW,23700,46509.4893448621,1102274897.4732318
2024-08-30,DBC,17000,24739.490538573496,420571339.15574944
2024-08-30,DGC,13000,106043.92643496311,1378571043.6545205
2024-08-30,KDH,10100,31153.163412953618,314646950.4708315
2024-08-30,PDR,6100,19949.75247524753,121693490.09900993
2024-09-04,DGW,23700,46058.67038513807,1091590488.1277723
2024-09-04,DBC,17000,24261.222707423567,412440786.02620065
2024-09-04,DGC,13000,107442.92282592569,1396757996.737034
2024-09-04,KDH,10100,31401.066570085874,317150772.3578673
2024-09-04,PDR,6100,20736.63366336634,126493465.34653468
2024-09-05,DGW,23700,46284.07986500009,1096932692.800502
2024-09-05,DBC,17000,24478.617176128082,416136491.9941774
2024-09-05,DGC,13000,106043.92643496311,1378571043.6545205
2024-09-05,KDH,10100,31359.7493772305,316733468.71002805
2024-09-05,PDR,6100,20227.47524752476,123387599.00990103
2024-09-06,DGW,23700,46584.62583814944,1104055632.3641417
2024-09-06,DBC,17000,24261.222707423567,412440786.02620065
2024-09-06,DGC,13000,106323.72571315563,1382208434.271023
2024-09-06,KDH,10100,31235.79779866437,315481557.7665101
2024-09-06,PDR,6100,19996.039603960402,121975841.58415845
2024-09-09,DGW,23700,46960.30830458613,1112959306.8186913
2024-09-09,DBC,17000,25174.27947598252,427962751.0917028
2024-09-09,DGC,13000,105857.39358283477,1376146116.576852
2024-09-09,KDH,10100,31070.529027242865,313812343.17515296
2024-09-09,PDR,6100,20088.613861386144,122540544.55445547
2024-09-10,DGW,23700,46885.17181129879,1111178571.9277813
2024-09-10,DBC,17000,25739.50509461425,437571586.60844225
2024-09-10,DGC,13000,105391.06145251391,1370083798.882681
2024-09-10,KDH,10100,30822.62587011061,311308521.2881172
2024-09-10,PDR,6100,19348.019801980205,118022920.79207925
2024-09-11,DGW,23700,46284.07986500009,1096932692.800502
2024-09-11,DBC,17000,25348.19505094613,430919315.8660842
2024-09-11,DGC,13000,105297.79502644973,1368871335.3438466
2024-09-11,KDH,10100,30822.62587011061,311308521.2881172
2024-09-11,PDR,6100,19579.45544554456,119434678.21782182
2024-09-12,DGW,23700,45532.714932126706,1079125343.891403
2024-09-12,DBC,17000,25435.152838427934,432397598.25327486
2024-09-12,DGC,13000,105857.39358283477,1376146116.576852
2024-09-12,KDH,10100,30698.67429154448,310056610.34459925
2024-09-12,PDR,6100,19579.45544554456,119434678.21782182
2024-09-13,DGW,23700,45601.659125188526,1080759321.266968
2024-09-13,DBC,17000,25609.068413391546,435354163.02765626
2024-09-13,DGC,13000,105857.39358283477,1376146116.576852
2024-09-13,KDH,10100,30781.30867725523,310891217.6402778
2024-09-13,PDR,6100,19903.46534653466,121411138.61386143
2024-09-16,DGW,23700,45503.16742081447,1078425067.873303
2024-09-16,DBC,17000,25435.152838427934,432397598.25327486
2024-09-16,DGC,13000,104551.66361793637,1359171627.0331728
2024-09-16,KDH,10100,31111.84622009824,314229646.8229922
2024-09-16,PDR,6100,19162.871287128717,116893514.85148518
2024-09-17,DGW,23700,46192.609351432875,1094764841.6289592
2024-09-17,DBC,17000,25826.462882096057,439049868.99563295
2024-09-17,DGC,13000,106137.19286102729,1379783507.1933548
2024-09-17,KDH,10100,31648.969727218133,319654594.24490315
2024-09-17,PDR,6100,20134.900990099017,122822896.03960401
2024-09-18,DGW,23700,46635.82202111613,1105268981.9004524
2024-09-18,DBC,17000,25609.068413391546,435354163.02765626
2024-09-18,DGC,13000,105950.66000889894,1377358580.1156862
2024-09-18,KDH,10100,31401.066570085874,317150772.3578673
2024-09-18,PDR,6100,20134.900990099017,122822896.03960401
2024-09-19,DGW,23700,46783.55957767722,1108770361.99095
2024-09-19,DBC,17000,26087.33624454147,443484716.157205
2024-09-19,DGC,13000,106883.32426954065,1389483215.5040286
2024-09-19,KDH,10100,31401.066570085874,317150772.3578673
2024-09-19,PDR,6100,20736.63366336634,126493465.34653468
2024-09-20,DGW,23700,47177.526395173445,1118107375.5656106
2024-09-20,DBC,17000,26261.25181950508,446441280.9315864
2024-09-20,DGC,13000,107536.18925198985,1397970460.2758682
2024-09-20,KDH,10100,31277.114991519746,315898861.41434944
2024-09-20,PDR,6100,20551.485148514857,125364059.40594064
2024-09-23,DGW,23700,47079.03469079939,1115773122.1719456
2024-09-23,DBC,17000,25826.462882096057,439049868.99563295
2024-09-23,DGC,13000,107256.38997379734,1394333069.6593654
2024-09-23,KDH,10100,31318.43218437512,316316165.06218874
2024-09-23,PDR,6100,20551.485148514857,125364059.40594064
2024-09-24,DGW,23700,47177.526395173445,1118107375.5656106
2024-09-24,DBC,17000,25869.94177583696,439789010.1892283
2024-09-24,DGC,13000,107722.7221041182,1400395387.3535366
2024-09-24,KDH,10100,31814.238498639636,321323808.8362603
2024-09-24,PDR,6100,20875.495049504956,127340519.80198023
2024-09-25,DGW,23700,47571.49321266967,1127444389.1402712
2024-09-25,DBC,17000,25869.94177583696,439789010.1892283
2024-09-25,DGC,13000,107722.7221041182,1400395387.3535366
2024-09-25,KDH,10100,32392.6791986149,327166059.9060105
2024-09-25,PDR,6100,21430.94059405941,130728737.62376241
2024-09-26,DGW,23700,46980.54298642533,1113438868.7782803
2024-09-26,DBC,17000,25652.54730713245,436093304.2212516
2024-09-26,DGC,13000,107349.65639986152,1395545533.1981997
2024-09-26,KDH,10100,32516.63077718103,328417970.84952843
2024-09-26,PDR,6100,21106.930693069313,128752277.22772281
2024-09-27,DGW,23700,46586.5761689291,1104101855.2036197
2024-09-27,DBC,17000,25217.758369723422,428701892.28529817
2024-09-27,DGC,13000,107256.38997379734,1394333069.6593654
2024-09-27,KDH,10100,32186.093234338023,325079541.666814
2024-09-27,PDR,6100,21106.930693069313,128752277.22772281
2024-09-30,DGW,23700,46143.36349924585,1093597714.9321265
2024-09-30,DBC,17000,25217.758369723422,428701892.28529817
2024-09-30,DGC,13000,107722.7221041182,1400395387.3535366
2024-09-30,KDH,10100,32144.776041482644,324662238.0189747
2024-09-30,PDR,6100,20829.207920792087,127058168.31683174
2024-10-01,DGW,23700,46685.06787330316,1106436108.5972848
2024-10-01,DBC,17000,25652.54730713245,436093304.2212516
2024-10-01,DGC,13000,108189.05423443906,1406457705.0477078
2024-10-01,KDH,10100,32475.313584325653,328000667.2016891
2024-10-01,PDR,6100,20782.920792079214,126775816.8316832
2024-10-02,DGW,23700,45897.134238310704,1087762081.4479637
2024-10-02,DBC,17000,25739.50509461425,437571586.60844225
2024-10-02,DGC,13000,108189.05423443906,1406457705.0477078
2024-10-02,KDH,10100,31896.87288435039,322158416.13193893
2024-10-02,PDR,6100,19625.74257425743,119717029.70297033
2024-10-03,DGW,23700,45503.16742081447,1078425067.873303
2024-10-03,DBC,17000,25217.758369723422,428701892.28529817
2024-10-03,DGC,13000,106883.32426954065,1389483215.5040286
2024-10-03,KDH,10100,30905.260255821362,312143128.5837958
2024-10-03,PDR,6100,19070.297029702975,116328811.88118815
2024-10-04,DGW,23700,45306.184012066355,1073756561.0859725
2024-10-04,DBC,17000,25087.321688500713,426484468.7045121
2024-10-04,DGC,13000,105857.39358283477,1376146116.576852
2024-10-04,KDH,10100,30946.577448676737,312560432.23163503
2024-10-04,PDR,6100,19255.445544554463,117458217.82178222
2024-10-07,DGW,23700,45010.70889894418,1066753800.9049772
2024-10-07,DBC,17000,25304.71615720523,430180174.67248887
2024-10-07,DGC,13000,106323.72571315563,1382208434.271023
2024-10-07,KDH,10100,31194.480605808993,315064254.1186708
2024-10-07,PDR,6100,19486.881188118816,118869975.24752478
2024-10-08,DGW,23700,44222.77526395173,1048079773.7556559
2024-10-08,DBC,17000,25478.631732168837,433136739.4468702
2024-10-08,DGC,13000,106230.45928709145,1380995970.732189
2024-10-08,KDH,10100,30987.89464153211,312977735.87947434
2024-10-08,PDR,6100,19486.881188118816,118869975.24752478
2024-10-09,DGW,23700,44813.72549019607,1062085294.1176468
2024-10-09,DBC,17000,26261.25181950508,446441280.9315864
2024-10-09,DGC,13000,107256.38997379734,1394333069.6593654
2024-10-09,KDH,10100,31153.163412953618,314646950.4708315
2024-10-09,PDR,6100,19579.45544554456,119434678.21782182
2024-10-10,DGW,23700,44616.742081447956,1057416787.3303165
2024-10-10,DBC,17000,26261.25181950508,446441280.9315864
2024-10-10,DGC,13000,108002.52138231072,1404032777.9700394
2024-10-10,KDH,10100,30987.89464153211,312977735.87947434
2024-10-10,PDR,6100,19255.445544554463,117458217.82178222
2024-10-11,DGW,23700,44961.463046757155,1065586674.2081445
2024-10-11,DBC,17000,26348.209606986886,447919563.3187771
2024-10-11,DGC,13000,107722.7221041182,1400395387.3535366
2024-10-11,KDH,10100,30987.89464153211,312977735.87947434
2024-10-11,PDR,6100,19672.029702970303,119999381.18811885
2024-10-14,DGW,23700,44813.72549019607,1062085294.1176468
2024-10-14,DBC,17000,26869.956331877715,456789257.64192116
2024-10-14,DGC,13000,108375.58708656741,1408882632.1253762
2024-10-14,KDH,10100,30863.943062965984,311725824.9359564
2024-10-14,PDR,6100,19348.019801980205,118022920.79207925
2024-10-15,DGW,23700,44419.75867269984,1052748280.5429863
2024-10-15,DBC,17000,26435.16739446869,449397845.7059678
2024-10-15,DGC,13000,107629.45567805403,1399182923.8147023
2024-10-15,KDH,10100,30450.77113441222,307552788.45756346
2024-10-15,PDR,6100,18607.42574257426,113505297.02970299
2024-10-16,DGW,23700,45355.42986425338,1074923687.7828052
2024-10-16,DBC,17000,26043.85735080057,442745574.96360964
2024-10-16,DGC,13000,107442.92282592569,1396757996.737034
2024-10-16,KDH,10100,30078.916398713838,303797055.62700975
2024-10-16,PDR,6100,18237.128712871294,111246485.1485149
2024-10-17,DGW,23700,45355.42986425338,1074923687.7828052
2024-10-17,DBC,17000,25522.11062590974,433875880.64046556
2024-10-17,DGC,13000,106883.32426954065,1389483215.5040286
2024-10-17,KDH,10100,30315.2572347267,306184098.0707397
2024-10-17,PDR,6100,19486.881188118816,118869975.24752478
2024-10-18,DGW,23700,44764.47963800904,1060918167.4208143
2024-10-18,DBC,17000,25652.54730713245,436093304.2212516
2024-10-18,DGC,13000,106323.72571315563,1382208434.271023
2024-10-18,KDH,10100,29815.305466237955,301134585.2090033
2024-10-18,PDR,6100,19348.019801980205,118022920.79207925
2024-10-21,DGW,23700,44764.47963800904,1060918167.4208143
2024-10-21,DBC,17000,25304.71615720523,430180174.67248887
2024-10-21,DGC,13000,105391.06145251391,1370083798.882681
2024-10-21,KDH,10100,29542.60450160773,298380305.4662381
2024-10-21,PDR,6100,19070.297029702975,116328811.88118815
2024-10-22,DGW,23700,43237.85822021116,1024737239.8190044
2024-10-22,DBC,17000,24696.011644832593,419832197.9621541
2024-10-22,DGC,13000,103618.99935729466,1347046991.6448305
2024-10-22,KDH,10100,29724.40514469455,300216491.96141493
2024-10-22,PDR,6100,19348.019801980205,118022920.79207925
2024-10-23,DGW,23700,42843.89140271492,1015400226.2443436
2024-10-23,DBC,17000,25087.321688500713,426484468.7045121
2024-10-23,DGC,13000,103525.73293123048,1345834528.1059961
2024-10-23,KDH,10100,30269.807073955,305725051.4469455
2024-10-23,PDR,6100,19996.039603960402,121975841.58415845
2024-10-24,DGW,23700,42252.94117647058,1001394705.8823527
2024-10-24,DBC,17000,24348.180494905373,413919068.41339135
2024-10-24,DGC,13000,103059.40080090963,1339772210.4118252
2024-10-24,KDH,10100,30587.958199356926,308938377.81350493
2024-10-24,PDR,6100,19764.603960396045,120564084.15841587
2024-10-25,DGW,23700,41908.22021116138,993224819.0045247
2024-10-25,DBC,17000,24087.30713245996,409484221.2518193
2024-10-25,DGC,13000,101753.67083601122,1322797720.868146
2024-10-25,KDH,10100,30133.456591639886,304347911.57556283
2024-10-25,PDR,6100,20042.326732673275,122258193.06930697
2024-10-28,DGW,23700,42154.44947209652,999060452.4886876
2024-10-28,DBC,17000,24435.13828238718,415397350.80058205
2024-10-28,DGC,13000,103059.40080090963,1339772210.4118252
2024-10-28,KDH,10100,30451.607717041814,307561237.94212234
2024-10-28,PDR,6100,19996.039603960402,121975841.58415845
2024-10-29,DGW,23700,42942.38310708898,1017734479.6380088
2024-10-29,DBC,17000,24435.13828238718,415397350.80058205
2024-10-29,DGC,13000,104644.93004400055,1360384090.5720072
2024-10-29,KDH,10100,30451.607717041814,307561237.94212234
2024-10-29,PDR,6100,19579.45544554456,119434678.21782182
2024-10-30,DGW,23700,42351.43288084464,1003728959.2760179
2024-10-30,DBC,17000,24087.30713245996,409484221.2518193
2024-10-30,DGC,13000,103898.79863548717,1350684382.2613332
2024-10-30,KDH,10100,30451.607717041814,307561237.94212234
2024-10-30,PDR,6100,19672.029702970303,119999381.18811885
2024-10-31,DGW,23700,42400.678733031666,1004896085.9728504
2024-10-31,DBC,17000,24348.180494905373,413919068.41339135
2024-10-31,DGC,13000,104738.19647006471,1361596554.1108413
2024-10-31,KDH,10100,30451.607717041814,307561237.94212234
2024-10-31,PDR,6100,19486.881188118816,118869975.24752478
2024-11-01,DGW,23700,41957.46606334841,994391945.7013572
2024-11-01,DBC,17000,24174.264919941765,410962503.63901
2024-11-01,DGC,13000,103898.79863548717,1350684382.2613332
2024-11-01,KDH,10100,30133.456591639886,304347911.57556283
2024-11-01,PDR,6100,19348.019801980205,118022920.79207925
2024-11-04,DGW,23700,41661.99095022624,987389185.5203619
2024-11-04,DBC,17000,23913.39155749635,406527656.477438
2024-11-04,DGC,13000,103059.40080090963,1339772210.4118252
2024-11-04,KDH,10100,29997.106109324774,302970771.70418024
2024-11-04,PDR,6100,19394.306930693074,118305272.27722774
2024-11-05,DGW,23700,41366.51583710407,980386425.3393664
2024-11-05,DBC,17000,23956.87045123725,407266797.67103326
2024-11-05,DGC,13000,102966.13437484545,1338559746.8729908
2024-11-05,KDH,10100,29951.655948553067,302511725.080386
2024-11-05,PDR,6100,19579.45544554456,119434678.21782182
2024-11-06,DGW,23700,43139.36651583709,1022402986.4253391
2024-11-06,DBC,17000,24304.70160116447,413179927.219796
2024-11-06,DGC,13000,104178.59791367968,1354321772.8778358
2024-11-06,KDH,10100,30360.707395498408,306643144.69453394
2024-11-06,PDR,6100,19718.316831683172,120281732.67326735
2024-11-07,DGW,23700,42794.645550527894,1014233099.5475111
2024-11-07,DBC,17000,24348.180494905373,413919068.41339135
2024-11-07,DGC,13000,104924.72932219306,1364021481.1885097
2024-11-07,KDH,10100,30542.508038585223,308479331.18971074
2024-11-07,PDR,6100,20088.613861386144,122540544.55445547
2024-11-08,DGW,23700,42745.399698340865,1013065972.8506786
2024-11-08,DBC,17000,23956.87045123725,407266797.67103326
2024-11-08,DGC,13000,104365.13076580802,1356746699.9555042
2024-11-08,KDH,10100,30497.05787781352,308020284.56591654
2024-11-08,PDR,6100,19764.603960396045,120564084.15841587
2024-11-11,DGW,23700,42449.924585218694,1006063212.6696831
2024-11-11,DBC,17000,24087.30713245996,409484221.2518193
2024-11-11,DGC,13000,107442.92282592569,1396757996.737034
2024-11-11,KDH,10100,30451.607717041814,307561237.94212234
2024-11-11,PDR,6100,19301.732673267332,117740569.30693072
2024-11-12,DGW,23700,41858.97435897435,992057692.3076922
2024-11-12,DBC,17000,24478.617176128082,416136491.9941774
2024-11-12,DGC,13000,107815.98853018237,1401607850.8923707
2024-11-12,KDH,10100,30406.15755627011,307102191.31832814
2024-11-12,PDR,6100,19162.871287128717,116893514.85148518
2024-11-13,DGW,23700,42400.678733031666,1004896085.9728504
2024-11-13,DBC,17000,24261.222707423567,412440786.02620065
2024-11-13,DGC,13000,108748.6527908241,1413732486.2807133
2024-11-13,KDH,10100,30451.607717041814,307561237.94212234
2024-11-13,PDR,6100,19533.16831683169,119152326.7326733
2024-11-14,DGW,23700,41661.99095022624,987389185.5203619
2024-11-14,DBC,17000,23261.208151382813,395440538.5735078
2024-11-14,DGC,13000,108468.85351263157,1410095095.6642103
2024-11-14,KDH,10100,30315.2572347267,306184098.0707397
2024-11-14,PDR,6100,18977.722772277233,115764108.91089112
2024-11-15,DGW,23700,40578.582202111604,961712398.190045
2024-11-15,DBC,17000,22695.98253275108,385831703.05676836
2024-11-15,DGC,13000,105577.59430464226,1372508725.9603493
2024-11-15,KDH,10100,29678.954983922842,299757445.3376207
2024-11-15,PDR,6100,18468.56435643565,112658242.57425746
2024-11-18,DGW,23700,39889.140271493205,945372624.434389
2024-11-18,DBC,17000,22913.377001455592,389527409.02474505
2024-11-18,DGC,13000,105391.06145251391,1370083798.882681
2024-11-18,KDH,10100,29633.50482315114,299298398.7138265
2024-11-18,PDR,6100,18746.287128712876,114352351.48514855
2024-11-19,DGW,23700,39938.38612368023,946539751.1312215
2024-11-19,DBC,17000,22522.06695778747,382875138.28238696
2024-11-19,DGC,13000,102037.70949720671,1326490223.4636872
2024-11-19,KDH,10100,29088.10289389069,293789839.228296
2024-11-19,PDR,6100,18607.42574257426,113505297.02970299
2024-11-20,DGW,23700,40381.59879336349,957043891.4027147
2024-11-20,DBC,17000,22782.940320232887,387309985.44395906
2024-11-20,DGC,13000,101654.46927374303,1321508100.5586593
2024-11-20,KDH,10100,29588.054662379436,298839352.0900323
2024-11-20,PDR,6100,19348.019801980205,118022920.79207925
2024-11-21,DGW,23700,40824.81146304675,967548031.674208
2024-11-21,DBC,17000,23087.2925764192,392483973.7991264
2024-11-21,DGC,13000,102516.75977653632,1332717877.0949721
2024-11-21,KDH,10100,29815.305466237955,301134585.2090033
2024-11-21,PDR,6100,19486.881188118816,118869975.24752478
2024-11-22,DGW,23700,40824.81146304675,967548031.674208
2024-11-22,DBC,17000,22826.419213973786,388049126.63755435
2024-11-22,DGC,13000,101462.84916201117,1319017039.1061454
2024-11-22,KDH,10100,29633.50482315114,299298398.7138265
2024-11-22,PDR,6100,19209.15841584159,117175866.3366337
2024-11-25,DGW,23700,40135.36953242835,951208257.9185518
2024-11-25,DBC,17000,22956.855895196495,390266550.2183404
2024-11-25,DGC,13000,102516.75977653632,1332717877.0949721
2024-11-25,KDH,10100,29815.305466237955,301134585.2090033
2024-11-25,PDR,6100,19394.306930693074,118305272.27722774
2024-11-26,DGW,23700,40233.861236802404,953542511.312217
2024-11-26,DBC,17000,23087.2925764192,392483973.7991264
2024-11-26,DGC,13000,102229.32960893855,1328981284.916201
2024-11-26,KDH,10100,30178.90675241159,304806958.19935703
2024-11-26,PDR,6100,19718.316831683172,120281732.67326735
2024-11-27,DGW,23700,40775.565610859725,966380904.9773755
2024-11-27,DBC,17000,23130.771470160103,393223114.99272174
2024-11-27,DGC,13000,102420.9497206704,1331472346.368715
2024-11-27,KDH,10100,30133.456591639886,304347911.57556283
2024-11-27,PDR,6100,19718.316831683172,120281732.67326735
2024-11-28,DGW,23700,40529.336349924575,960545271.4932125
2024-11-28,DBC,17000,23043.8136826783,391744832.6055311
2024-11-28,DGC,13000,103187.43016759778,1341436592.178771
2024-11-28,KDH,10100,30042.556270096477,303429818.32797444
2024-11-28,PDR,6100,19579.45544554456,119434678.21782182
2024-11-29,DGW,23700,42597.66214177978,1009564592.7601808
2024-11-29,DBC,17000,23391.644832605518,397657962.1542938
2024-11-29,DGC,13000,104912.01117318436,1363856145.2513967
2024-11-29,KDH,10100,30133.456591639886,304347911.57556283
2024-11-29,PDR,6100,19625.74257425743,119717029.70297033
2024-12-02,DGW,23700,42351.43288084464,1003728959.2760179
2024-12-02,DBC,17000,23565.56040756913,400614526.92867523
2024-12-02,DGC,13000,105199.44134078213,1367592737.4301677
2024-12-02,KDH,10100,29860.75562700966,301593631.8327976
2024-12-02,PDR,6100,19301.732673267332,117740569.30693072
2024-12-03,DGW,23700,41711.23680241327,988556312.2171944
2024-12-03,DBC,17000,23217.72925764191,394701397.37991244
2024-12-03,DGC,13000,105295.25139664805,1368838268.1564245
2024-12-03,KDH,10100,29906.205787781364,302052678.4565918
2024-12-03,PDR,6100,19162.871287128717,116893514.85148518
2024-12-04,DGW,23700,42105.203619909495,997893325.791855
2024-12-04,DBC,17000,22782.940320232887,387309985.44395906
2024-12-04,DGC,13000,103379.05027932962,1343927653.631285
2024-12-04,KDH,10100,29860.75562700966,301593631.8327976
2024-12-04,PDR,6100,18885.14851485149,115199405.94059409
2024-12-05,DGW,23700,42794.645550527894,1014233099.5475111
2024-12-05,DBC,17000,23609.039301310033,401353668.1222706
2024-12-05,DGC,13000,105391.06145251397,1370083798.8826816
2024-12-05,KDH,10100,30269.807073955,305725051.4469455
2024-12-05,PDR,6100,20181.188118811886,123105247.5247525
2024-12-06,DGW,23700,42499.17043740572,1007230339.3665156
2024-12-06,DBC,17000,23652.518195050932,402092809.3158659
2024-12-06,DGC,13000,110373.1843575419,1434851396.6480448
2024-12-06,KDH,10100,30724.30868167204,310315517.6848876
2024-12-06,PDR,6100,20366.336633663374,124234653.46534657
2024-12-09,DGW,23700,42252.94117647058,1001394705.8823527
2024-12-09,DBC,17000,23739.47598253274,403571091.7030566
2024-12-09,DGC,13000,111139.66480446928,1444815642.4581008
2024-12-09,KDH,10100,31269.71061093249,315824077.17041814
2024-12-09,PDR,6100,20551.485148514857,125364059.40594064
2024-12-10,DGW,23700,42154.44947209652,999060452.4886876
2024-12-10,DBC,17000,23695.997088791835,402831950.5094612
2024-12-10,DGC,13000,111331.28491620113,1447306703.9106147
2024-12-10,KDH,10100,31360.610932475898,316742170.4180066
2024-12-10,PDR,6100,20366.336633663374,124234653.46534657
2024-12-11,DGW,23700,41858.97435897435,992057692.3076922
2024-12-11,DBC,17000,23652.518195050932,402092809.3158659
2024-12-11,DGC,13000,111618.71508379889,1451043296.0893855
2024-12-11,KDH,10100,31360.610932475898,316742170.4180066
2024-12-11,PDR,6100,20227.47524752476,123387599.00990103
2024-12-12,DGW,23700,41366.51583710407,980386425.3393664
2024-12-12,DBC,17000,23652.518195050932,402092809.3158659
2024-12-12,DGC,13000,111522.90502793297,1449797765.3631287
2024-12-12,KDH,10100,31406.061093247605,317201217.0418008
2024-12-12,PDR,6100,20042.326732673275,122258193.06930697
2024-12-13,DGW,23700,40775.565610859725,966380904.9773755
2024-12-13,DBC,17000,23261.208151382813,395440538.5735078
2024-12-13,DGC,13000,110085.75418994414,1431114804.4692738
2024-12-13,KDH,10100,31315.160771704195,316283123.7942124
2024-12-13,PDR,6100,19903.46534653466,121411138.61386143
2024-12-16,DGW,23700,40381.59879336349,957043891.4027147
2024-12-16,DBC,17000,23304.687045123716,396179679.76710314
2024-12-16,DGC,13000,110660.61452513967,1438587988.8268156
2024-12-16,KDH,10100,31451.511254019308,317660263.665595
2024-12-16,PDR,6100,19903.46534653466,121411138.61386143
2024-12-17,DGW,23700,41071.040723981896,973383665.158371
2024-12-17,DBC,17000,23652.518195050932,402092809.3158659
2024-12-17,DGC,13000,111139.66480446928,1444815642.4581008
2024-12-17,KDH,10100,31815.112540192942,321332636.6559487
2024-12-17,PDR,6100,19718.316831683172,120281732.67326735
2024-12-18,DGW,23700,41071.040723981896,973383665.158371
2024-12-18,DBC,17000,24913.406113537105,423527903.9301308
2024-12-18,DGC,13000,111331.28491620113,1447306703.9106147
2024-12-18,KDH,10100,31815.112540192942,321332636.6559487
2024-12-18,PDR,6100,19996.039603960402,121975841.58415845
2024-12-19,DGW,23700,40480.09049773755,959378144.7963798
2024-12-19,DBC,17000,24652.53275109169,419093056.76855874
2024-12-19,DGC,13000,111139.66480446928,1444815642.4581008
2024-12-19,KDH,10100,32360.514469453392,326841196.14147925
2024-12-19,PDR,6100,19486.881188118816,118869975.24752478
2024-12-20,DGW,23700,40726.3197586727,965213778.2805429
2024-12-20,DBC,17000,24696.011644832593,419832197.9621541
2024-12-20,DGC,13000,110564.80446927375,1437342458.1005588
2024-12-20,KDH,10100,32587.765273311914,329136429.2604503
2024-12-20,PDR,6100,19440.594059405947,118587623.76237628
2024-12-23,DGW,23700,40923.30316742081,969882285.0678732
2024-12-23,DBC,17000,25043.842794759814,425745327.5109168
2024-12-23,DGC,13000,111618.71508379889,1451043296.0893855
2024-12-23,KDH,10100,32633.215434083617,329595475.8842445
2024-12-23,PDR,6100,19255.445544554463,117458217.82178222
2024-12-24,DGW,23700,40775.565610859725,966380904.9773755
2024-12-24,DBC,17000,25130.800582241616,427223609.89810747
2024-12-24,DGC,13000,113534.91620111733,1475953910.6145253
2024-12-24,KDH,10100,32678.66559485532,330054522.50803876
2024-12-24,PDR,6100,18700.000000000004,114070000.00000001
2024-12-25,DGW,23700,40726.3197586727,965213778.2805429
2024-12-25,DBC,17000,24869.927219796202,422788762.73653543
2024-12-25,DGC,13000,114013.96648044694,1482181564.2458103
2024-12-25,KDH,10100,32633.215434083617,329595475.8842445
2024-12-25,PDR,6100,18931.43564356436,115481757.4257426
2024-12-26,DGW,23700,40381.59879336349,957043891.4027147
2024-12-26,DBC,17000,24782.9694323144,421310480.3493448
2024-12-26,DGC,13000,112672.62569832403,1464744134.0782125
2024-12-26,KDH,10100,32587.765273311914,329136429.2604503
2024-12-26,PDR,6100,19209.15841584159,117175866.3366337
2024-12-27,DGW,23700,40233.861236802404,953542511.312217
2024-12-27,DBC,17000,24826.4483260553,422049621.5429401
2024-12-27,DGC,13000,112097.7653631285,1457270949.7206707
2024-12-27,KDH,10100,32542.315112540207,328677382.6366561
2024-12-27,PDR,6100,19070.297029702975,116328811.88118815
2024-12-30,DGW,23700,39987.63197586726,947706877.8280541
2024-12-30,DBC,17000,24435.13828238718,415397350.80058205
2024-12-30,DGC,13000,111235.4748603352,1446061173.1843576
2024-12-30,KDH,10100,32860.466237942135,331890709.00321555
2024-12-30,PDR,6100,19440.594059405947,118587623.76237628
2024-12-31,DGW,23700,39593.66515837103,938369864.2533935
2024-12-31,DBC,17000,24130.78602620086,410223362.44541466
2024-12-31,DGC,13000,111714.52513966481,1452288826.8156426
2024-12-31,KDH,10100,32815.01607717043,331431662.37942135
2024-12-31,PDR,6100,19162.871287128717,116893514.85148518
2025-01-02,DGW,23700,40677.07390648566,964046651.5837102
2025-01-02,DBC,17000,24609.053857350787,418353915.5749634
2025-01-02,DGC,13000,111714.52513966481,1452288826.8156426
2025-01-02,KDH,10100,31951.463022508055,322709776.52733135
2025-01-02,PDR,6100,19162.871287128717,116893514.85148518
2025-01-03,DGW,23700,39593.66515837103,938369864.2533935
2025-01-03,DBC,17000,24130.78602620086,410223362.44541466
2025-01-03,DGC,13000,110660.61452513967,1438587988.8268156
2025-01-03,KDH,10100,31633.311897106123,319496450.16077185
2025-01-03,PDR,6100,18931.43564356436,115481757.4257426
2025-01-06,DGW,23700,38214.78129713423,905690316.7420812
2025-01-06,DBC,17000,23043.8136826783,391744832.6055311
2025-01-06,DGC,13000,107786.31284916202,1401222067.0391061
2025-01-06,KDH,10100,31633.311897106123,319496450.16077185
2025-01-06,PDR,6100,18144.55445544555,110681782.17821784
2025-01-07,DGW,23700,37229.86425339366,882347782.8054297
2025-01-07,DBC,17000,23261.208151382813,395440538.5735078
2025-01-07,DGC,13000,107594.69273743017,1398731005.5865922
2025-01-07,KDH,10100,30769.758842443745,310774564.30868185
2025-01-07,PDR,6100,17450.24752475248,106446509.90099014
2025-01-08,DGW,23700,37328.355957767715,884682036.1990949
2025-01-08,DBC,17000,23435.12372634642,398397103.3478891
2025-01-08,DGC,13000,107690.5027932961,1399976536.3128493
2025-01-08,KDH,10100,30724.30868167204,310315517.6848876
2025-01-08,PDR,6100,17866.831683168322,108987673.26732677
2025-01-09,DGW,23700,37229.86425339366,882347782.8054297
2025-01-09,DBC,17000,23130.771470160103,393223114.99272174
2025-01-09,DGC,13000,107498.88268156425,1397485474.8603354
2025-01-09,KDH,10100,30860.65916398715,311692657.55627024
2025-01-09,PDR,6100,17589.108910891093,107293564.35643567
2025-01-10,DGW,23700,36835.89743589743,873010769.230769
2025-01-10,DBC,17000,23087.2925764192,392483973.7991264
2025-01-10,DGC,13000,105391.06145251397,1370083798.8826816
2025-01-10,KDH,10100,30906.109324758858,312151704.18006444
2025-01-10,PDR,6100,16709.65346534654,101928886.13861388
2025-01-13,DGW,23700,36934.38914027149,875345022.6244342
2025-01-13,DBC,17000,23522.081513828227,399875385.7350799
2025-01-13,DGC,13000,105870.11173184359,1376311452.5139666
2025-01-13,KDH,10100,31315.160771704195,316283123.7942124
2025-01-13,PDR,6100,17357.673267326736,105881806.93069309
2025-01-14,DGW,23700,36885.14328808446,874177895.9276017
2025-01-14,DBC,17000,23130.771470160103,393223114.99272174
2025-01-14,DGC,13000,104337.15083798884,1356382960.8938549
2025-01-14,KDH,10100,31042.45980707397,313528844.0514471
2025-01-14,PDR,6100,17033.663366336637,103905346.53465348
2025-01-15,DGW,23700,36688.159879336345,869509389.1402714
2025-01-15,DBC,17000,23087.2925764192,392483973.7991264
2025-01-15,DGC,13000,104720.39106145252,1361365083.7988827
2025-01-15,KDH,10100,31087.909967845673,313987890.6752413
2025-01-15,PDR,6100,17403.96039603961,106164158.41584161
2025-01-16,DGW,23700,36786.6515837104,871843642.5339365
2025-01-16,DBC,17000,23174.250363901006,393962256.1863171
2025-01-16,DGC,13000,105199.44134078213,1367592737.4301677
2025-01-16,KDH,10100,31224.260450160786,315365030.54662395
2025-01-16,PDR,6100,17218.811881188125,105034752.47524756
2025-01-17,DGW,23700,37131.3725490196,880013529.4117645
2025-01-17,DBC,17000,23174.250363901006,393962256.1863171
2025-01-17,DGC,13000,105199.44134078213,1367592737.4301677
2025-01-17,KDH,10100,31269.71061093249,315824077.17041814
2025-01-17,PDR,6100,17450.24752475248,106446509.90099014
2025-01-20,DGW,23700,37722.32277526394,894019049.7737554
2025-01-20,DBC,17000,23130.771470160103,393223114.99272174
2025-01-20,DGC,13000,105295.25139664805,1368838268.1564245
2025-01-20,KDH,10100,31406.061093247605,317201217.0418008
2025-01-20,PDR,6100,17403.96039603961,106164158.41584161
2025-01-21,DGW,23700,37032.880844645544,877679276.0180994
2025-01-21,DBC,17000,22739.461426491984,386570844.2503637
2025-01-21,DGC,13000,104432.96089385476,1357628491.620112
2025-01-21,KDH,10100,31269.71061093249,315824077.17041814
2025-01-21,PDR,6100,17033.663366336637,103905346.53465348
2025-01-22,DGW,23700,36688.159879336345,869509389.1402714
2025-01-22,DBC,17000,22130.75691411935,376222867.5400289
2025-01-22,DGC,13000,104432.96089385476,1357628491.620112
2025-01-22,KDH,10100,31178.810289389083,314905983.92282975
2025-01-22,PDR,6100,16987.37623762377,103622995.04950498
2025-01-23,DGW,23700,36983.634992458516,876512149.3212668
2025-01-23,DBC,17000,22304.672489082957,379179432.31441027
2025-01-23,DGC,13000,106349.16201117319,1382539106.1452515
2025-01-23,KDH,10100,31406.061093247605,317201217.0418008
2025-01-23,PDR,6100,17218.811881188125,105034752.47524756
2025-01-24,DGW,23700,37426.84766214177,887016289.59276
2025-01-24,DBC,17000,22087.278020378446,375483726.3464336
2025-01-24,DGC,13000,106732.40223463687,1387521229.0502794
2025-01-24,KDH,10100,31587.86173633442,319037403.53697765
2025-01-24,PDR,6100,17681.68316831684,107858267.32673271
2025-02-03,DGW,23700,37574.58521870286,890517669.6832577
2025-02-03,DBC,17000,22391.630276564763,380657714.70160097
2025-02-03,DGC,13000,105774.30167597767,1375065921.7877097
2025-02-03,KDH,10100,31406.061093247605,317201217.0418008
2025-02-03,PDR,6100,17311.386138613867,105599455.44554459
2025-02-04,DGW,23700,38017.797888386114,901021809.9547509
2025-02-04,DBC,17000,23043.8136826783,391744832.6055311
2025-02-04,DGC,13000,106828.21229050281,1388766759.7765365
2025-02-04,KDH,10100,31587.86173633442,319037403.53697765
2025-02-04,PDR,6100,17635.396039603966,107575915.84158419
2025-02-05,DGW,23700,37968.552036199086,899854683.2579184
2025-02-05,DBC,17000,22913.377001455592,389527409.02474505
2025-02-05,DGC,13000,107019.83240223465,1391257821.2290504
2025-02-05,KDH,10100,31678.76205787783,319955496.7845661
2025-02-05,PDR,6100,18283.415841584163,111528836.6336634
2025-02-06,DGW,23700,38461.01055806938,911525950.2262442
2025-02-06,DBC,17000,22826.419213973786,388049126.63755435
2025-02-06,DGC,13000,106732.40223463687,1387521229.0502794
2025-02-06,KDH,10100,31451.511254019308,317660263.665595
2025-02-06,PDR,6100,18329.702970297036,111811188.11881192
2025-02-07,DGW,23700,38214.78129713423,905690316.7420812
2025-02-07,DBC,17000,22826.419213973786,388049126.63755435
2025-02-07,DGC,13000,106444.97206703911,1383784636.8715084
2025-02-07,KDH,10100,31406.061093247605,317201217.0418008
2025-02-07,PDR,6100,18005.693069306937,109834727.72277232
2025-02-10,DGW,23700,37426.84766214177,887016289.59276
2025-02-10,DBC,17000,22782.940320232887,387309985.44395906
2025-02-10,DGC,13000,103091.62011173186,1340191061.4525142
2025-02-10,KDH,10100,30906.109324758858,312151704.18006444
2025-02-10,PDR,6100,17403.96039603961,106164158.41584161
2025-02-11,DGW,23700,37082.12669683257,878846402.714932
2025-02-11,DBC,17000,23478.602620087324,399136244.54148453
2025-02-11,DGC,13000,103953.91061452514,1351400837.9888268
2025-02-11,KDH,10100,31042.45980707397,313528844.0514471
2025-02-11,PDR,6100,17496.53465346535,106728861.38613863
2025-02-12,DGW,23700,37229.86425339366,882347782.8054297
2025-02-12,DBC,17000,23261.208151382813,395440538.5735078
2025-02-12,DGC,13000,103858.10055865922,1350155307.26257
2025-02-12,KDH,10100,30906.109324758858,312151704.18006444
2025-02-12,PDR,6100,17357.673267326736,105881806.93069309
2025-02-13,DGW,23700,37180.61840120663,881180656.1085972
2025-02-13,DBC,17000,23478.602620087324,399136244.54148453
2025-02-13,DGC,13000,103953.91061452514,1351400837.9888268
2025-02-13,KDH,10100,30724.30868167204,310315517.6848876
2025-02-13,PDR,6100,17542.821782178224,107011212.87128717
2025-02-14,DGW,23700,37279.11010558069,883514909.5022622
2025-02-14,DBC,17000,23869.912663755447,405788515.2838426
2025-02-14,DGC,13000,103474.86033519554,1345173184.357542
2025-02-14,KDH,10100,30769.758842443745,310774564.30868185
2025-02-14,PDR,6100,17681.68316831684,107858267.32673271
2025-02-17,DGW,23700,37131.3725490196,880013529.4117645
2025-02-17,DBC,17000,23782.95487627364,404310232.8966519
2025-02-17,DGC,13000,102133.51955307263,1327735754.1899443
2025-02-17,KDH,10100,30769.758842443745,310774564.30868185
2025-02-17,PDR,6100,17681.68316831684,107858267.32673271
2025-02-18,DGW,23700,37229.86425339366,882347782.8054297
2025-02-18,DBC,17000,23652.518195050932,402092809.3158659
2025-02-18,DGC,13000,102995.81005586594,1338945530.726257
2025-02-18,KDH,10100,30769.758842443745,310774564.30868185
2025-02-18,PDR,6100,17774.25742574258,108422970.29702973
2025-02-19,DGW,23700,38214.78129713423,905690316.7420812
2025-02-19,DBC,17000,24174.264919941765,410962503.63901
2025-02-19,DGC,13000,103474.86033519554,1345173184.357542
2025-02-19,KDH,10100,31087.909967845673,313987890.6752413
2025-02-19,PDR,6100,18098.26732673268,110399430.69306934
2025-02-20,DGW,23700,38165.5354449472,904523190.0452486
2025-02-20,DBC,17000,24217.743813682668,411701644.83260536
2025-02-20,DGC,13000,105678.49162011174,1373820391.0614526
2025-02-20,KDH,10100,31087.909967845673,313987890.6752413
2025-02-20,PDR,6100,17959.405940594064,109552376.2376238
2025-02-21,DGW,23700,38165.5354449472,904523190.0452486
2025-02-21,DBC,17000,24304.70160116447,413179927.219796
2025-02-21,DGC,13000,104912.01117318436,1363856145.2513967
2025-02-21,KDH,10100,30587.958199356926,308938377.81350493
2025-02-21,PDR,6100,17727.970297029708,108140618.81188121
2025-02-24,DGW,23700,38608.74811463046,915027330.316742
2025-02-24,DBC,17000,24696.011644832593,419832197.9621541
2025-02-24,DGC,13000,104912.01117318436,1363856145.2513967
2025-02-24,KDH,10100,30587.958199356926,308938377.81350493
2025-02-24,PDR,6100,17913.11881188119,109270024.75247526
2025-02-25,DGW,23700,38313.27300150829,908024570.1357465
2025-02-25,DBC,17000,24609.053857350787,418353915.5749634
2025-02-25,DGC,13000,105103.6312849162,1366347206.7039106
2025-02-25,KDH,10100,30315.2572347267,306184098.0707397
2025-02-25,PDR,6100,18005.693069306937,109834727.72277232
2025-02-26,DGW,23700,38559.502262443435,913860203.6199094
2025-02-26,DBC,17000,24956.885007278008,424267045.1237261
2025-02-26,DGC,13000,105391.06145251397,1370083798.8826816
2025-02-26,KDH,10100,30178.90675241159,304806958.19935703
2025-02-26,PDR,6100,17774.25742574258,108422970.29702973
2025-02-27,DGW,23700,38707.23981900452,917361583.7104071
2025-02-27,DBC,17000,25609.068413391546,435354163.02765626
2025-02-27,DGC,13000,106157.54189944135,1380048044.6927376
2025-02-27,KDH,10100,30451.607717041814,307561237.94212234
2025-02-27,PDR,6100,18329.702970297036,111811188.11881192
2025-02-28,DGW,23700,39199.698340874806,929032850.6787329
2025-02-28,DBC,17000,25739.50509461425,437571586.60844225
2025-02-28,DGC,13000,106828.21229050281,1388766759.7765365
2025-02-28,KDH,10100,30451.607717041814,307561237.94212234
2025-02-28,PDR,6100,18422.277227722778,112375891.08910894
2025-03-03,DGW,23700,39298.19004524886,931367104.0723981
2025-03-03,DBC,17000,26435.16739446869,449397845.7059678
2025-03-03,DGC,13000,108552.7932960894,1411186312.849162
2025-03-03,KDH,10100,30542.508038585223,308479331.18971074
2025-03-03,PDR,6100,18607.42574257426,113505297.02970299
2025-03-04,DGW,23700,39150.45248868778,927865723.9819003
2025-03-04,DBC,17000,26522.125181950494,450876128.0931584
2025-03-04,DGC,13000,107307.26256983241,1394994413.4078214
2025-03-04,KDH,10100,30678.858520900336,309856471.0610934
2025-03-04,PDR,6100,18607.42574257426,113505297.02970299
2025-03-05,DGW,23700,38411.76470588235,910358823.5294117
2025-03-05,DBC,17000,26478.646288209595,450136986.89956313
2025-03-05,DGC,13000,105391.06145251397,1370083798.8826816
2025-03-05,KDH,10100,30451.607717041814,307561237.94212234
2025-03-05,PDR,6100,18098.26732673268,110399430.69306934
2025-03-06,DGW,23700,40381.59879336349,957043891.4027147
2025-03-06,DBC,17000,26956.91411935952,458267540.02911186
2025-03-06,DGC,13000,106444.97206703911,1383784636.8715084
2025-03-06,KDH,10100,30497.05787781352,308020284.56591654
2025-03-06,PDR,6100,18514.85148514852,112940594.05940597
2025-03-07,DGW,23700,40135.36953242835,951208257.9185518
2025-03-07,DBC,17000,26652.561863173203,453093551.6739445
2025-03-07,DGC,13000,106540.78212290503,1385030167.5977654
2025-03-07,KDH,10100,30497.05787781352,308020284.56591654
2025-03-07,PDR,6100,18792.57425742575,114634702.97029707
2025-03-10,DGW,23700,40036.87782805429,948874004.5248867
2025-03-10,DBC,17000,26217.77292576418,445702139.7379911
2025-03-10,DGC,13000,105870.11173184359,1376311452.5139666
2025-03-10,KDH,10100,30133.456591639886,304347911.57556283
2025-03-10,PDR,6100,18885.14851485149,115199405.94059409
2025-03-11,DGW,23700,40874.05731523378,968715158.3710406
2025-03-11,DBC,17000,26782.998544395912,455310975.2547305
2025-03-11,DGC,13000,104528.77094972068,1358874022.3463688
2025-03-11,KDH,10100,29860.75562700966,301593631.8327976
2025-03-11,PDR,6100,19070.297029702975,116328811.88118815
2025-03-12,DGW,23700,40529.336349924575,960545271.4932125
2025-03-12,DBC,17000,26217.77292576418,445702139.7379911
2025-03-12,DGC,13000,105391.06145251397,1370083798.8826816
2025-03-12,KDH,10100,29451.704180064324,297462212.2186497
2025-03-12,PDR,6100,18977.722772277233,115764108.91089112
2025-03-13,DGW,23700,39593.66515837103,938369864.2533935
2025-03-13,DBC,17000,26391.68850072779,448658704.51237243
2025-03-13,DGC,13000,104337.15083798884,1356382960.8938549
2025-03-13,KDH,10100,29406.254019292617,297003165.5948554
2025-03-13,PDR,6100,18329.702970297036,111811188.11881192
2025-03-14,DGW,23700,39692.15686274509,940704117.6470586
2025-03-14,DBC,17000,25522.11062590974,433875880.64046556
2025-03-14,DGC,13000,102516.75977653632,1332717877.0949721
2025-03-14,KDH,10100,29224.4533762058,295166979.0996786
2025-03-14,PDR,6100,18700.000000000004,114070000.00000001
2025-03-17,DGW,23700,39889.140271493205,945372624.434389
2025-03-17,DBC,17000,25565.589519650643,434615021.8340609
2025-03-17,DGC,13000,102516.75977653632,1332717877.0949721
2025-03-17,KDH,10100,30178.90675241159,304806958.19935703
2025-03-17,PDR,6100,19255.445544554463,117458217.82178222
2025-03-18,DGW,23700,39495.17345399698,936035610.8597283
2025-03-18,DBC,17000,25565.589519650643,434615021.8340609
2025-03-18,DGC,13000,102804.18994413408,1336454469.273743
2025-03-18,KDH,10100,29633.50482315114,299298398.7138265
2025-03-18,PDR,6100,18977.722772277233,115764108.91089112
2025-03-19,DGW,23700,38707.23981900452,917361583.7104071
2025-03-19,DBC,17000,25696.026200873348,436832445.4148469
2025-03-19,DGC,13000,103379.05027932962,1343927653.631285
2025-03-19,KDH,10100,29633.50482315114,299298398.7138265
2025-03-19,PDR,6100,19024.009900990106,116046460.39603965
2025-03-20,DGW,23700,38411.76470588235,910358823.5294117
2025-03-20,DBC,17000,25565.589519650643,434615021.8340609
2025-03-20,DGC,13000,101941.89944134079,1325244692.7374303
2025-03-20,KDH,10100,29451.704180064324,297462212.2186497
2025-03-20,PDR,6100,18700.000000000004,114070000.00000001
2025-03-21,DGW,23700,38657.99396681749,916194457.0135746
2025-03-21,DBC,17000,25000.36390101891,425006186.3173215
2025-03-21,DGC,13000,100504.74860335197,1306561731.8435755
2025-03-21,KDH,10100,29451.704180064324,297462212.2186497
2025-03-21,PDR,6100,18792.57425742575,114634702.97029707
2025-03-24,DGW,23700,38854.977375565606,920862963.8009049
2025-03-24,DBC,17000,26087.33624454147,443484716.157205
2025-03-24,DGC,13000,99642.45810055867,1295351955.3072627
2025-03-24,KDH,10100,29633.50482315114,299298398.7138265
2025-03-24,PDR,6100,18514.85148514852,112940594.05940597
2025-03-25,DGW,23700,38707.23981900452,917361583.7104071
2025-03-25,DBC,17000,26000.378457059665,442006433.7700143
2025-03-25,DGC,13000,99834.07821229051,1297843016.7597766
2025-03-25,KDH,10100,29769.85530546625,300675538.58520913
2025-03-25,PDR,6100,18607.42574257426,113505297.02970299
2025-03-26,DGW,23700,38264.027149321264,906857443.438914
2025-03-26,DBC,17000,25565.589519650643,434615021.8340609
2025-03-26,DGC,13000,100121.50837988827,1301579608.9385476
2025-03-26,KDH,10100,29088.10289389069,293789839.228296
2025-03-26,PDR,6100,18329.702970297036,111811188.11881192
2025-03-27,DGW,23700,38116.28959276017,903356063.3484161
2025-03-27,DBC,17000,25739.50509461425,437571586.60844225
2025-03-27,DGC,13000,100696.36871508381,1309052793.2960894
2025-03-27,KDH,10100,29497.154340836027,297921258.8424439
2025-03-27,PDR,6100,18144.55445544555,110681782.17821784
2025-03-28,DGW,23700,37426.84766214177,887016289.59276
2025-03-28,DBC,17000,25913.420669577863,440528151.38282365
2025-03-28,DGC,13000,98588.54748603352,1281651117.318436
2025-03-28,KDH,10100,29588.054662379436,298839352.0900323
2025-03-28,PDR,6100,17866.831683168322,108987673.26732677
2025-03-31,DGW,23700,37032.880844645544,877679276.0180994
2025-03-31,DBC,17000,25869.94177583696,439789010.1892283
2025-03-31,DGC,13000,95426.81564245811,1240548603.3519554
2025-03-31,KDH,10100,29633.50482315114,299298398.7138265
2025-03-31,PDR,6100,17913.11881188119,109270024.75247526
2025-04-01,DGW,23700,37131.3725490196,880013529.4117645
2025-04-01,DBC,17000,25782.983988355154,438310727.8020376
2025-04-01,DGC,13000,94085.4748603352,1223111173.1843576
2025-04-01,KDH,10100,29633.50482315114,299298398.7138265
2025-04-01,PDR,6100,18005.693069306937,109834727.72277232
2025-04-02,DGW,23700,37722.32277526394,894019049.7737554
2025-04-02,DBC,17000,25478.631732168837,433136739.4468702
2025-04-02,DGC,13000,93031.56424581006,1209410335.195531
2025-04-02,KDH,10100,29042.652733118983,293330792.6045017
2025-04-02,PDR,6100,18051.980198019806,110117079.20792082
2025-04-03,DGW,23700,35112.292609351425,832161334.8416288
2025-04-03,DBC,17000,23695.997088791835,402831950.5094612
2025-04-03,DGC,13000,86612.2905027933,1125959776.5363128
2025-04-03,KDH,10100,27042.845659164,273132741.1575564
2025-04-03,PDR,6100,16802.22772277228,102493589.10891092
2025-04-04,DGW,23700,32699.245852187025,774972126.6968325
2025-04-04,DBC,17000,22043.799126637543,374744585.15283823
2025-04-04,DGC,13000,80959.49720670392,1052473463.687151
2025-04-04,KDH,10100,25452.090032154352,257066109.32475895
2025-04-04,PDR,6100,16061.633663366341,97975965.34653468
2025-04-08,DGW,23700,30433.936651583706,721284298.6425339
2025-04-08,DBC,17000,20522.037845705956,348874643.3770012
2025-04-08,DGC,13000,75306.70391061452,978987150.8379889
2025-04-08,KDH,10100,23679.53376205789,239163290.9967847
2025-04-08,PDR,6100,14950.74257425743,91199529.70297033
2025-04-09,DGW,23700,28316.365007541473,671097850.6787329
2025-04-09,DBC,17000,19087.234352256175,324482983.988355
2025-04-09,DGC,13000,70037.15083798883,910482960.8938547
2025-04-09,KDH,10100,22043.327974276537,222637612.54019302
2025-04-09,PDR,6100,13932.425742574262,84987797.02970299
2025-04-10,DGW,23700,30286.19909502262,717782918.5520362
2025-04-10,DBC,17000,20391.60116448325,346657219.79621524
2025-04-10,DGC,13000,74923.46368715084,974005027.932961
2025-04-10,KDH,10100,23543.183279742778,237786151.12540206
2025-04-10,PDR,6100,14904.45544554456,90917178.2178218
2025-04-11,DGW,23700,32403.77073906485,767969366.515837
2025-04-11,DBC,17000,21782.92576419213,370309737.9912662
2025-04-11,DGC,13000,80097.20670391062,1041263687.150838
2025-04-11,KDH,10100,24997.588424437312,252475643.08681685
2025-04-11,PDR,6100,15737.623762376243,95999504.95049508
2025-04-14,DGW,23700,33979.63800904977,805317420.8144796
2025-04-14,DBC,17000,22913.377001455592,389527409.02474505
2025-04-14,DGC,13000,85654.18994413408,1113504469.273743
2025-04-14,KDH,10100,25270.289389067537,255229922.82958212
2025-04-14,PDR,6100,15876.485148514856,96846559.40594062
2025-04-15,DGW,23700,32994.72096530919,781974886.8778279
2025-04-15,DBC,17000,22522.06695778747,382875138.28238696
2025-04-15,DGC,13000,85750.0,1114750000.0
2025-04-15,KDH,10100,24588.536977491975,248344223.47266895
2025-04-15,PDR,6100,15274.75247524753,93175990.09900993
2025-04-16,DGW,23700,31714.32880844645,751629592.760181
2025-04-16,DBC,17000,22565.54585152837,383614279.4759823
2025-04-16,DGC,13000,83929.60893854749,1091084916.2011173
2025-04-16,KDH,10100,24361.286173633453,246048990.35369787
2025-04-16,PDR,6100,15274.75247524753,93175990.09900993
2025-04-17,DGW,23700,31812.820512820508,753963846.153846
2025-04-17,DBC,17000,22782.940320232887,387309985.44395906
2025-04-17,DGC,13000,83546.36871508381,1086102793.2960894
2025-04-17,KDH,10100,24452.18649517686,246967083.60128626
2025-04-17,PDR,6100,15321.0396039604,93458341.58415844
2025-04-18,DGW,23700,31960.558069381594,757465226.2443438
2025-04-18,DBC,17000,23304.687045123716,396179679.76710314
2025-04-18,DGC,13000,84791.89944134079,1102294692.7374303
2025-04-18,KDH,10100,24406.736334405156,246508036.97749206
2025-04-18,PDR,6100,15182.178217821787,92611287.1287129
2025-04-21,DGW,23700,31221.870286576162,739958325.7918551
2025-04-21,DBC,17000,23695.997088791835,402831950.5094612
2025-04-21,DGC,13000,83450.55865921789,1084857262.5698326
2025-04-21,KDH,10100,24543.086816720268,247885176.84887472
2025-04-21,PDR,6100,15182.178217821787,92611287.1287129
2025-04-22,DGW,23700,31123.378582202105,737624072.3981899
2025-04-22,DBC,17000,23522.081513828227,399875385.7350799
2025-04-22,DGC,13000,84504.46927374302,1098558100.5586593
2025-04-22,KDH,10100,23815.884244373003,240540430.86816734
2025-04-22,PDR,6100,14163.861386138618,86399554.45544557
2025-04-23,DGW,23700,32206.787330316736,763300859.7285067
2025-04-23,DBC,17000,24478.617176128082,416136491.9941774
2025-04-23,DGC,13000,86995.53072625698,1130941899.4413407
2025-04-23,KDH,10100,24406.736334405156,246508036.97749206
2025-04-23,PDR,6100,14441.584158415846,88093663.36633666
2025-04-24,DGW,23700,32256.033182503765,764467986.4253392
2025-04-24,DBC,17000,24304.70160116447,413179927.219796
2025-04-24,DGC,13000,87762.01117318436,1140906145.2513967
2025-04-24,KDH,10100,24633.987138263677,248803270.09646314
2025-04-24,PDR,6100,14719.306930693074,89787772.27722774
2025-04-25,DGW,23700,32256.033182503765,764467986.4253392
2025-04-25,DBC,17000,23652.518195050932,402092809.3158659
2025-04-25,DGC,13000,87378.77094972068,1135924022.3463688
2025-04-25,KDH,10100,24724.887459807087,249721363.34405157
2025-04-25,PDR,6100,14534.158415841588,88658366.33663368
2025-04-28,DGW,23700,32354.52488687782,766802239.8190044
2025-04-28,DBC,17000,23652.518195050932,402092809.3158659
2025-04-28,DGC,13000,87666.20111731844,1139660614.5251398
2025-04-28,KDH,10100,24270.385852090043,245130897.10610944
2025-04-28,PDR,6100,14534.158415841588,88658366.33663368
2025-04-29,DGW,23700,32157.541478129708,762133733.031674
2025-04-29,DBC,17000,23869.912663755447,405788515.2838426
2025-04-29,DGC,13000,87187.15083798884,1133432960.8938549
2025-04-29,KDH,10100,23952.234726688115,241917570.73954996
2025-04-29,PDR,6100,14256.43564356436,86964257.4257426
2025-05-05,DGW,23700,32453.01659125188,769136493.2126695
2025-05-05,DBC,17000,24435.13828238718,415397350.80058205
2025-05-05,DGC,13000,89869.83240223465,1168307821.2290504
2025-05-05,KDH,10100,24679.43729903538,249262316.72025734
2025-05-05,PDR,6100,14487.871287128717,88376014.85148518
2025-05-06,DGW,23700,32699.245852187025,774972126.6968325
2025-05-06,DBC,17000,23956.87045123725,407266797.67103326
2025-05-06,DGC,13000,89390.78212290503,1162080167.5977654
2025-05-06,KDH,10100,24633.987138263677,248803270.09646314
2025-05-06,PDR,6100,14950.74257425743,91199529.70297033
2025-05-07,DGW,23700,32453.01659125188,769136493.2126695
2025-05-07,DBC,17000,23956.87045123725,407266797.67103326
2025-05-07,DGC,13000,88241.06145251397,1147133798.8826816
2025-05-07,KDH,10100,25997.491961414802,262574668.8102895
2025-05-07,PDR,6100,15367.326732673271,93740693.06930695
2025-05-08,DGW,23700,33339.4419306184,790144773.755656
2025-05-08,DBC,17000,24000.349344978153,408005938.8646286
2025-05-08,DGC,13000,88336.87150837989,1148379329.6089385
2025-05-08,KDH,10100,26179.29260450162,264410855.30546638
2025-05-08,PDR,6100,15367.326732673271,93740693.06930695
2025-05-09,DGW,23700,32994.72096530919,781974886.8778279
2025-05-09,DBC,17000,24348.180494905373,413919068.41339135
2025-05-09,DGC,13000,87857.82122905029,1142151675.9776537
2025-05-09,KDH,10100,25861.14147909969,261197528.93890688
2025-05-09,PDR,6100,15413.613861386142,94023044.55445547
2025-05-12,DGW,23700,32797.73755656108,777306380.0904976
2025-05-12,DBC,17000,24869.927219796202,422788762.73653543
2025-05-12,DGC,13000,87953.6312849162,1143397206.7039106
2025-05-12,KDH,10100,25724.790996784577,259820389.06752422
2025-05-12,PDR,6100,15321.0396039604,93458341.58415844
2025-05-13,DGW,23700,33290.19607843136,788977647.0588233
2025-05-13,DBC,17000,25087.321688500713,426484468.7045121
2025-05-13,DGC,13000,87762.01117318436,1140906145.2513967
2025-05-13,KDH,10100,26542.893890675252,268083228.29582006
2025-05-13,PDR,6100,15274.75247524753,93175990.09900993
2025-05-14,DGW,23700,34078.12971342383,807651674.2081447
2025-05-14,DBC,17000,25261.237263464325,429441033.4788935
2025-05-14,DGC,13000,89869.83240223465,1168307821.2290504
2025-05-14,KDH,10100,26633.79421221866,269001321.54340845
2025-05-14,PDR,6100,15552.475247524757,94870099.00990102
2025-05-15,DGW,23700,33881.14630467571,802983167.4208144
2025-05-15,DBC,17000,25261.237263464325,429441033.4788935
2025-05-15,DGC,13000,89582.40223463687,1164571229.0502794
2025-05-15,KDH,10100,26679.244372990364,269460368.16720265
2025-05-15,PDR,6100,15552.475247524757,94870099.00990102
2025-05-16,DGW,23700,33191.704374057306,786643393.6651582
2025-05-16,DBC,17000,24782.9694323144,421310480.3493448
2025-05-16,DGC,13000,88049.44134078213,1144642737.4301677
2025-05-16,KDH,10100,26088.39228295821,263492762.05787793
2025-05-16,PDR,6100,15274.75247524753,93175990.09900993
2025-05-19,DGW,23700,32551.508295625936,771470746.6063347
2025-05-19,DBC,17000,23739.47598253274,403571091.7030566
2025-05-19,DGC,13000,85750.0,1114750000.0
2025-05-19,KDH,10100,26315.643086816734,265787995.176849
2025-05-19,PDR,6100,15459.900990099015,94305396.039604
2025-05-20,DGW,23700,32846.98340874811,778473506.7873302
2025-05-20,DBC,17000,24087.30713245996,409484221.2518193
2025-05-20,DGC,13000,86133.2402234637,1119732122.905028
2025-05-20,KDH,10100,26451.993569131846,267165135.04823163
2025-05-20,PDR,6100,15413.613861386142,94023044.55445547
2025-05-21,DGW,23700,32600.754147812964,772637873.3031672
2025-05-21,DBC,17000,24261.222707423567,412440786.02620065
2025-05-21,DGC,13000,85079.32960893855,1106031284.916201
2025-05-21,KDH,10100,26270.192926045027,265328948.55305478
2025-05-21,PDR,6100,15506.188118811886,94587747.5247525
2025-05-22,DGW,23700,32649.999999999993,773804999.9999999
2025-05-22,DBC,17000,24000.349344978153,408005938.8646286
2025-05-22,DGC,13000,85079.32960893855,1106031284.916201
2025-05-22,KDH,10100,25679.340836012874,259361342.44373003
2025-05-22,PDR,6100,15182.178217821787,92611287.1287129
2025-05-23,DGW,23700,32000.0,758400000.0
2025-05-23,DBC,17000,24261.222707423567,412440786.02620065
2025-05-23,DGC,13000,84121.22905027933,1093575977.6536312
2025-05-23,KDH,10100,25588.440514469465,258443249.1961416
2025-05-23,PDR,6100,14904.45544554456,90917178.2178218
2025-05-26,DGW,23700,32500.0,770250000.0
2025-05-26,DBC,17000,24782.9694323144,421310480.3493448
2025-05-26,DGC,13000,86229.05027932962,1120977653.631285
2025-05-26,KDH,10100,26406.54340836014,266706088.4244374
2025-05-26,PDR,6100,15274.75247524753,93175990.09900993
2025-05-27,DGW,23700,33700.0,798690000.0
2025-05-27,DBC,17000,24782.9694323144,421310480.3493448
2025-05-27,DGC,13000,87953.6312849162,1143397206.7039106
2025-05-27,KDH,10100,27270.09646302252,275427974.27652746
2025-05-27,PDR,6100,16293.069306930698,99387722.77227725
2025-05-28,DGW,23700,33400.0,791580000.0
2025-05-28,DBC,17000,24609.053857350787,418353915.5749634
2025-05-28,DGC,13000,86899.72067039106,1129696368.7150838
2025-05-28,KDH,10100,26770.144694533774,270378461.4147911
2025-05-28,PDR,6100,16015.34653465347,97693613.86138617
2025-05-29,DGW,23700,33500.0,793950000.0
2025-05-29,DBC,17000,24522.09606986898,416875633.1877727
2025-05-29,DGC,13000,85750.0,1114750000.0
2025-05-29,KDH,10100,26997.395498392296,272673694.5337622
2025-05-29,PDR,6100,16246.782178217827,99105371.28712875
2025-05-30,DGW,23700,32600.0,772620000.0
2025-05-30,DBC,17000,23826.433770014544,405049374.0902473
2025-05-30,DGC,13000,86133.2402234637,1119732122.905028
2025-05-30,KDH,10100,26724.69453376207,269919414.7909969
2025-05-30,PDR,6100,15830.198019801985,96564207.9207921
2025-06-02,DGW,23700,33250.0,788025000.0
2025-06-02,DBC,17000,23869.912663755447,405788515.2838426
2025-06-02,DGC,13000,85366.75977653632,1109767877.0949721
2025-06-02,KDH,10100,27815.49839228297,280936533.762058
2025-06-02,PDR,6100,16894.801980198026,103058292.07920796
2025-06-03,DGW,23700,34150.0,809355000.0
2025-06-03,DBC,17000,24130.78602620086,410223362.44541466
2025-06-03,DGC,13000,86708.10055865922,1127205307.26257
2025-06-03,KDH,10100,27724.59807073956,280018440.51446956
2025-06-03,PDR,6100,16987.37623762377,103622995.04950498
2025-06-04,DGW,23700,35250.0,835425000.0
2025-06-04,DBC,17000,25782.983988355154,438310727.8020376
2025-06-04,DGC,13000,86324.86033519554,1122223184.357542
2025-06-04,KDH,10100,27724.59807073956,280018440.51446956
2025-06-04,PDR,6100,17079.95049504951,104187698.01980202
2025-06-05,DGW,23700,34950.0,828315000.0
2025-06-05,DBC,17000,25565.589519650643,434615021.8340609
2025-06-05,DGC,13000,86803.91061452514,1128450837.9888268
2025-06-05,KDH,10100,27497.347266881043,277723207.3954985
2025-06-05,PDR,6100,16894.801980198026,103058292.07920796
2025-06-06,DGW,23700,33700.0,798690000.0
2025-06-06,DBC,17000,25913.420669577863,440528151.38282365
2025-06-06,DGC,13000,86037.43016759778,1118486592.178771
2025-06-06,KDH,10100,26906.495176848886,271755601.28617376
2025-06-06,PDR,6100,16478.217821782182,100517128.71287131
2025-06-09,DGW,23700,34700.0,822390000.0
2025-06-09,DBC,17000,26304.730713245983,447180422.12518173
2025-06-09,DGC,13000,84408.6592178771,1097312569.8324022
2025-06-09,KDH,10100,27133.74598070741,274050834.4051448
2025-06-09,PDR,6100,16385.64356435644,99952425.74257429
2025-06-10,DGW,23700,37100.0,879270000.0
2025-06-10,DBC,17000,25913.420669577863,440528151.38282365
2025-06-10,DGC,13000,87474.5810055866,1137169553.0726259
2025-06-10,KDH,10100,26997.395498392296,272673694.5337622
2025-06-10,PDR,6100,16431.930693069313,100234777.22772281
2025-06-11,DGW,23700,38800.0,919560000.0
2025-06-11,DBC,17000,26696.040756914106,453832692.8675398
2025-06-11,DGC,13000,88815.9217877095,1154606983.2402236
2025-06-11,KDH,10100,26633.79421221866,269001321.54340845
2025-06-11,PDR,6100,16061.633663366341,97975965.34653468
2025-06-12,DGW,23700,40300.0,955110000.0
2025-06-12,DBC,17000,26609.0829694323,452354410.4803491
2025-06-12,DGC,13000,89007.54189944135,1157098044.6927376
2025-06-12,KDH,10100,26997.395498392296,272673694.5337622
2025-06-12,PDR,6100,16107.920792079212,98258316.83168319
2025-06-13,DGW,23700,40300.0,955110000.0
2025-06-13,DBC,17000,26391.68850072779,448658704.51237243
2025-06-13,DGC,13000,88815.9217877095,1154606983.2402236
2025-06-13,KDH,10100,26588.34405144696,268542274.91961426
2025-06-13,PDR,6100,15506.188118811886,94587747.5247525
2025-06-16,DGW,23700,40450.0,958665000.0
2025-06-16,DBC,17000,26739.51965065501,454571834.0611352
2025-06-16,DGC,13000,93893.85474860336,1220620111.7318437
2025-06-16,KDH,10100,26724.69453376207,269919414.7909969
2025-06-16,PDR,6100,15922.772277227727,97128910.89108913
2025-06-17,DGW,23700,41000.0,971700000.0
2025-06-17,DBC,17000,26478.646288209595,450136986.89956313
2025-06-17,DGC,13000,94564.52513966481,1229338826.8156426
2025-06-17,KDH,10100,26997.395498392296,272673694.5337622
2025-06-17,PDR,6100,16617.079207920797,101364183.16831686
2025-06-18,DGW,23700,41000.0,971700000.0
2025-06-18,DBC,17000,26478.646288209595,450136986.89956313
2025-06-18,DGC,13000,93318.99441340783,1213146927.3743017
2025-06-18,KDH,10100,27270.09646302252,275427974.27652746
2025-06-18,PDR,6100,16570.792079207924,101081831.68316834
2025-06-19,DGW,23700,43850.0,1039245000.0
2025-06-19,DBC,17000,26043.85735080057,442745574.96360964
2025-06-19,DGC,13000,93318.99441340783,1213146927.3743017
2025-06-19,KDH,10100,27270.09646302252,275427974.27652746
2025-06-19,PDR,6100,16524.504950495055,100799480.19801983
2025-06-20,DGW,23700,44500.0,1054650000.0
2025-06-20,DBC,17000,26609.0829694323,452354410.4803491
2025-06-20,DGC,13000,92744.1340782123,1205673743.0167599
2025-06-20,KDH,10100,27451.897106109336,277264160.7717043
2025-06-20,PDR,6100,16663.36633663367,101646534.65346539
2025-06-23,DGW,23700,43000.0,1019100000.0
2025-06-23,DBC,17000,27696.05531295486,470832940.3202326
2025-06-23,DGC,13000,92360.8938547486,1200691620.1117318
2025-06-23,KDH,10100,26815.59485530548,270837508.03858536
2025-06-23,PDR,6100,16570.792079207924,101081831.68316834
2025-06-24,DGW,23700,43000.0,1019100000.0
2025-06-24,DBC,17000,27652.57641921396,470093799.12663734
2025-06-24,DGC,13000,92456.70391061454,1201937150.837989
2025-06-24,KDH,10100,26861.045016077183,271296554.66237956
2025-06-24,PDR,6100,16570.792079207924,101081831.68316834
2025-06-25,DGW,23700,43900.0,1040430000.0
2025-06-25,DBC,17000,27478.66084425035,467137234.35225594
2025-06-25,DGC,13000,93127.37430167598,1210655865.9217877
2025-06-25,KDH,10100,26861.045016077183,271296554.66237956
2025-06-25,PDR,6100,16385.64356435644,99952425.74257429
2025-06-26,DGW,23700,46000.0,1090200000.0
2025-06-26,DBC,17000,27739.534206695764,471572081.513828
2025-06-26,DGC,13000,92648.32402234638,1204428212.290503
2025-06-26,KDH,10100,26179.29260450162,264410855.30546638
2025-06-26,PDR,6100,16339.356435643569,99670074.25742577
2025-06-27,DGW,23700,44800.0,1061760000.0
2025-06-27,DBC,17000,27826.49199417757,473050363.9010187
2025-06-27,DGC,13000,94756.14525139665,1231829888.2681565
2025-06-27,KDH,10100,26361.093247588436,266247041.8006432
2025-06-27,PDR,6100,16339.356435643569,99670074.25742577
2025-06-30,DGW,23700,44000.0,1042800000.0
2025-06-30,DBC,17000,29565.647743813668,502616011.6448324
2025-06-30,DGC,13000,97438.82681564246,1266704748.603352
2025-06-30,KDH,10100,26724.69453376207,269919414.7909969
2025-06-30,PDR,6100,16709.65346534654,101928886.13861388
2025-07-01,DGW,23700,43800.0,1038060000.0
2025-07-01,DBC,17000,30174.352256186303,512963988.35516715
2025-07-01,DGC,13000,96672.3463687151,1256740502.7932963
2025-07-01,KDH,10100,26770.144694533774,270378461.4147911
2025-07-01,PDR,6100,16293.069306930698,99387722.77227725
2025-07-02,DGW,23700,44700.0,1059390000.0
2025-07-02,DBC,17000,30087.394468704497,511485705.96797645
2025-07-02,DGC,13000,97534.63687150838,1267950279.329609
2025-07-02,KDH,10100,26542.893890675252,268083228.29582006
2025-07-02,PDR,6100,16431.930693069313,100234777.22772281
2025-07-03,DGW,23700,43750.0,1036875000.0
2025-07-03,DBC,17000,29826.521106259082,507050858.8064044
2025-07-03,DGC,13000,98684.35754189944,1282896648.0446928
2025-07-03,KDH,10100,26679.244372990364,269460368.16720265
2025-07-03,PDR,6100,16524.504950495055,100799480.19801983
2025-07-04,DGW,23700,43800.0,1038060000.0
2025-07-04,DBC,17000,30087.394468704497,511485705.96797645
2025-07-04,DGC,13000,97726.25698324024,1270441340.782123
2025-07-04,KDH,10100,26997.395498392296,272673694.5337622
2025-07-04,PDR,6100,16987.37623762377,103622995.04950498
2025-07-07,DGW,23700,44050.0,1043985000.0
2025-07-07,DBC,17000,30217.831149927206,513703129.5487625
2025-07-07,DGC,13000,97917.87709497208,1272932402.234637
2025-07-07,KDH,10100,27270.09646302252,275427974.27652746
2025-07-07,PDR,6100,17542.821782178224,107011212.87128717
2025-07-08,DGW,23700,44150.0,1046355000.0
2025-07-08,DBC,17000,30217.831149927206,513703129.5487625
2025-07-08,DGC,13000,98301.11731843576,1277914525.139665
2025-07-08,KDH,10100,27542.797427652746,278182254.0192927
2025-07-08,PDR,6100,17450.24752475248,106446509.90099014
2025-07-09,DGW,23700,44200.0,1047540000.0
2025-07-09,DBC,17000,29565.647743813668,502616011.6448324
2025-07-09,DGC,13000,97822.06703910616,1271686871.50838
2025-07-09,KDH,10100,28179.099678456605,284608906.7524117
2025-07-09,PDR,6100,17589.108910891093,107293564.35643567
2025-07-10,DGW,23700,44700.0,1059390000.0
2025-07-10,DBC,17000,29174.337700145545,495963740.9024743
2025-07-10,DGC,13000,97247.20670391062,1264213687.1508381
2025-07-10,KDH,10100,28042.749196141493,283231766.88102907
2025-07-10,PDR,6100,17681.68316831684,107858267.32673271
2025-07-11,DGW,23700,44000.0,1042800000.0
2025-07-11,DBC,17000,29304.774381368254,498181164.48326033
2025-07-11,DGC,13000,99355.0279329609,1291615363.1284916
2025-07-11,KDH,10100,27542.797427652746,278182254.0192927
2025-07-11,PDR,6100,17357.673267326736,105881806.93069309
2025-07-14,DGW,23700,44600.0,1057020000.0
2025-07-14,DBC,17000,29652.605531295474,504094294.0320231
2025-07-14,DGC,13000,99546.64804469275,1294106424.5810056
2025-07-14,KDH,10100,28406.350482315127,286904139.8713828
2025-07-14,PDR,6100,18190.84158415842,110964133.66336636
2025-07-15,DGW,23700,44000.0,1042800000.0
2025-07-15,DBC,17000,29217.816593886448,496702882.09606963
2025-07-15,DGC,13000,98109.49720670392,1275423463.687151
2025-07-15,KDH,10100,28360.90032154342,286445093.2475886
2025-07-15,PDR,6100,17959.405940594064,109552376.2376238
2025-07-16,DGW,23700,44200.0,1047540000.0
2025-07-16,DBC,17000,29217.816593886448,496702882.09606963
2025-07-16,DGC,13000,97726.25698324024,1270441340.782123
2025-07-16,KDH,10100,28270.000000000015,285527000.0000001
2025-07-16,PDR,6100,18561.138613861393,113222945.5445545
2025-07-17,DGW,23700,44500.0,1054650000.0
2025-07-17,DBC,17000,29565.647743813668,502616011.6448324
2025-07-17,DGC,13000,98780.16759776536,1284142178.7709498
2025-07-17,KDH,10100,28950.0,292395000.0
2025-07-17,PDR,6100,19348.019801980205,118022920.79207925
2025-07-18,DGW,23700,46600.0,1104420000.0
2025-07-18,DBC,17000,29304.774381368254,498181164.48326033
2025-07-18,DGC,13000,98301.11731843576,1277914525.139665
2025-07-18,KDH,10100,29000.0,292900000.0
2025-07-18,PDR,6100,19024.009900990106,116046460.39603965
2025-07-21,DGW,23700,46000.0,1090200000.0
2025-07-21,DBC,17000,28609.112081513813,486354905.3857348
2025-07-21,DGC,13000,97822.06703910616,1271686871.50838
2025-07-21,KDH,10100,28250.0,285325000.0
2025-07-21,PDR,6100,18514.85148514852,112940594.05940597
2025-07-22,DGW,23700,46450.0,1100865000.0
2025-07-22,DBC,17000,29435.21106259096,500398588.0640463
2025-07-22,DGC,13000,98013.687150838,1274177932.9608939
2025-07-22,KDH,10100,28400.0,286840000.0
2025-07-22,PDR,6100,18885.14851485149,115199405.94059409
2025-07-23,DGW,23700,48000.0,1137600000.0
2025-07-23,DBC,17000,30043.915574963594,510746564.7743811
2025-07-23,DGC,13000,101271.22905027933,1316525977.6536312
2025-07-23,KDH,10100,28500.0,287850000.0
2025-07-23,PDR,6100,18700.000000000004,114070000.00000001
2025-07-24,DGW,23700,47000.0,1113900000.0
2025-07-24,DBC,17000,29826.521106259082,507050858.8064044
2025-07-24,DGC,13000,100792.17877094973,1310298324.0223465
2025-07-24,KDH,10100,28800.0,290880000.0
2025-07-24,PDR,6100,18700.000000000004,114070000.00000001
2025-07-25,DGW,23700,46450.0,1100865000.0
2025-07-25,DBC,17000,31174.366812227057,529964235.80785996
2025-07-25,DGC,13000,100792.17877094973,1310298324.0223465
2025-07-25,KDH,10100,28700.0,289870000.0
2025-07-25,PDR,6100,19209.15841584159,117175866.3366337
2025-07-28,DGW,23700,46500.0,1102050000.0
2025-07-28,DBC,17000,31261.324599708863,531442518.19505066
2025-07-28,DGC,13000,101079.60893854749,1314034916.2011173
2025-07-28,KDH,10100,29300.0,295930000.0
2025-07-28,PDR,6100,20551.485148514857,125364059.40594064
2025-07-29,DGW,23700,43250.0,1025025000.0
2025-07-29,DBC,17000,29087.379912663742,494485458.51528364
2025-07-29,DGC,13000,97247.20670391062,1264213687.1508381
2025-07-29,KDH,10100,27500.0,277750000.0
2025-07-29,PDR,6100,19116.584158415848,116611163.36633667
2025-07-30,DGW,23700,43000.0,1019100000.0
2025-07-30,DBC,17000,29696.084425036373,504833435.22561836
2025-07-30,DGC,13000,99546.64804469275,1294106424.5810056
2025-07-30,KDH,10100,27600.0,278760000.0
2025-07-30,PDR,6100,19209.15841584159,117175866.3366337
2025-07-31,DGW,23700,42550.0,1008435000.0
2025-07-31,DBC,17000,29217.816593886448,496702882.09606963
2025-07-31,DGC,13000,98588.54748603352,1281651117.318436
2025-07-31,KDH,10100,27400.0,276740000.0
2025-07-31,PDR,6100,19162.871287128717,116893514.85148518
2025-08-01,DGW,23700,43400.0,1028580000.0
2025-08-01,DBC,17000,29739.563318777276,505572576.4192137
2025-08-01,DGC,13000,97343.01675977654,1265459217.877095
2025-08-01,KDH,10100,27700.0,279770000.0
2025-08-01,PDR,6100,18700.000000000004,114070000.00000001
2025-08-04,DGW,23700,44700.0,1059390000.0
2025-08-04,DBC,17000,30000.43668122269,510007423.58078575
2025-08-04,DGC,13000,98875.97765363129,1285387709.4972067
2025-08-04,KDH,10100,27900.0,281790000.0
2025-08-04,PDR,6100,19200.0,117120000.0
2025-08-05,DGW,23700,43700.0,1035690000.0
2025-08-05,DBC,17000,29435.21106259096,500398588.0640463
2025-08-05,DGC,13000,99163.40782122906,1289124301.6759777
2025-08-05,KDH,10100,27900.0,281790000.0
2025-08-05,PDR,6100,19000.0,115900000.0
2025-08-06,DGW,23700,46700.0,1106790000.0
2025-08-06,DBC,17000,29869.999999999985,507789999.99999976
2025-08-06,DGC,13000,101846.08938547487,1323999162.0111732
2025-08-06,KDH,10100,28100.0,283810000.0
2025-08-06,PDR,6100,19500.0,118950000.0
2025-08-07,DGW,23700,46450.0,1100865000.0
2025-08-07,DBC,17000,30250.0,514250000.0
2025-08-07,DGC,13000,101846.08938547487,1323999162.0111732
2025-08-07,KDH,10100,29900.0,301990000.0
2025-08-07,PDR,6100,19950.0,121695000.0
2025-08-08,DGW,23700,45800.0,1085460000.0
2025-08-08,DBC,17000,30950.0,526150000.0
2025-08-08,DGC,13000,102995.81005586594,1338945530.726257
2025-08-08,KDH,10100,31700.0,320170000.0
2025-08-08,PDR,6100,21300.0,129930000.0
2025-08-11,DGW,23700,47300.0,1121010000.0
2025-08-11,DBC,17000,31000.0,527000000.0
2025-08-11,DGC,13000,101846.08938547487,1323999162.0111732
2025-08-11,KDH,10100,32000.0,323200000.0
2025-08-11,PDR,6100,22700.0,138470000.0
2025-08-12,DGW,23700,48150.0,1141155000.0
2025-08-12,DBC,17000,31250.0,531250000.0
2025-08-12,DGC,13000,103379.05027932962,1343927653.631285
2025-08-12,KDH,10100,34200.0,345420000.0
2025-08-12,PDR,6100,23900.0,145790000.0
2025-08-13,DGW,23700,46600.0,1104420000.0
2025-08-13,DBC,17000,30950.0,526150000.0
2025-08-13,DGC,13000,102037.70949720671,1326490223.4636872
2025-08-13,KDH,10100,36200.0,365620000.0
2025-08-13,PDR,6100,24200.0,147620000.0
2025-08-14,DGW,23700,46350.0,1098495000.0
2025-08-14,DBC,17000,31250.0,531250000.0
2025-08-14,DGC,13000,101462.84916201117,1319017039.1061454
2025-08-14,KDH,10100,36100.0,364610000.0
2025-08-14,PDR,6100,24550.0,149755000.0
2025-08-15,DGW,23700,45400.0,1075980000.0
2025-08-15,DBC,17000,30350.0,515950000.0
2025-08-15,DGC,13000,99259.21787709498,1290369832.4022348
2025-08-15,KDH,10100,35500.0,358550000.0
2025-08-15,PDR,6100,24000.0,146400000.0
2025-08-18,DGW,23700,44600.0,1057020000.0
2025-08-18,DBC,17000,29450.0,500650000.0
2025-08-18,DGC,13000,99067.59776536314,1287878770.9497209
2025-08-18,KDH,10100,37000.0,373700000.0
2025-08-18,PDR,6100,25650.0,156465000.0
2025-08-19,DGW,23700,44950.0,1065315000.0
2025-08-19,DBC,17000,29300.0,498100000.0
2025-08-19,DGC,13000,97917.87709497208,1272932402.234637
2025-08-19,KDH,10100,36800.0,371680000.0
2025-08-19,PDR,6100,25700.0,156770000.0
2025-08-20,DGW,23700,43050.0,1020285000.0
2025-08-20,DBC,17000,28400.0,482800000.0
2025-08-20,DGC,13000,94851.95530726257,1233075418.9944134
2025-08-20,KDH,10100,36500.0,368650000.0
2025-08-20,PDR,6100,24500.0,149450000.0
2025-08-21,DGW,23700,41500.0,983550000.0
2025-08-21,DBC,17000,27450.0,466650000.0
2025-08-21,DGC,13000,92648.32402234638,1204428212.290503
2025-08-21,KDH,10100,35900.0,362590000.0
2025-08-21,PDR,6100,23750.0,144875000.0
2025-08-22,DGW,23700,42000.0,995400000.0
2025-08-22,DBC,17000,27500.0,467500000.0
2025-08-22,DGC,13000,94660.33519553073,1230584357.5418994
2025-08-22,KDH,10100,34000.0,343400000.0
2025-08-22,PDR,6100,24000.0,146400000.0
2025-08-25,DGW,23700,40500.0,959850000.0
2025-08-25,DBC,17000,26250.0,446250000.0
2025-08-25,DGC,13000,92935.75418994414,1208164804.4692738
2025-08-25,KDH,10100,33650.0,339865000.0
2025-08-25,PDR,6100,23200.0,141520000.0
2025-08-26,DGW,23700,42600.0,1009620000.0
2025-08-26,DBC,17000,27450.0,466650000.0
2025-08-26,DGC,13000,94851.95530726257,1233075418.9944134
2025-08-26,KDH,10100,35500.0,358550000.0
2025-08-26,PDR,6100,24400.0,148840000.0
2025-08-27,DGW,23700,41550.0,984735000.0
2025-08-27,DBC,17000,27300.0,464100000.0
2025-08-27,DGC,13000,94564.52513966481,1229338826.8156426
2025-08-27,KDH,10100,36000.0,363600000.0
2025-08-27,PDR,6100,24550.0,149755000.0
2025-08-28,DGW,23700,42100.0,997770000.0
2025-08-28,DBC,17000,27600.0,469200000.0
2025-08-28,DGC,13000,95522.62569832403,1241794134.0782125
2025-08-28,KDH,10100,35900.0,362590000.0
2025-08-28,PDR,6100,24400.0,148840000.0
2025-08-29,DGW,23700,42000.0,995400000.0
2025-08-29,DBC,17000,27750.0,471750000.0
2025-08-29,DGC,13000,94085.4748603352,1223111173.1843576
2025-08-29,KDH,10100,36500.0,368650000.0
2025-08-29,PDR,6100,24550.0,149755000.0
2025-09-03,DGW,23700,43150.0,1022655000.0
2025-09-03,DBC,17000,28200.0,479400000.0
2025-09-03,DGC,13000,93510.61452513967,1215637988.8268156
2025-09-03,KDH,10100,37000.0,373700000.0
2025-09-03,PDR,6100,26250.0,160125000.0
2025-09-04,DGW,23700,44000.0,1042800000.0
2025-09-04,DBC,17000,28000.0,476000000.0
2025-09-04,DGC,13000,95139.38547486035,1236812011.1731846
2025-09-04,KDH,10100,36750.0,371175000.0
2025-09-04,PDR,6100,26000.0,158600000.0
2025-09-05,DGW,23700,43100.0,1021470000.0
2025-09-05,DBC,17000,27750.0,471750000.0
2025-09-05,DGC,13000,93798.04469273744,1219374581.0055869
2025-09-05,KDH,10100,35450.0,358045000.0
2025-09-05,PDR,6100,25100.0,153110000.0
2025-09-08,DGW,23700,41300.0,978810000.0
2025-09-08,DBC,17000,26900.0,457300000.0
2025-09-08,DGC,13000,92169.27374301676,1198200558.6592178
2025-09-08,KDH,10100,34800.0,351480000.0
2025-09-08,PDR,6100,23400.0,142740000.0
2025-09-09,DGW,23700,41750.0,989475000.0
2025-09-09,DBC,17000,28450.0,483650000.0
2025-09-09,DGC,13000,91594.41340782124,1190727374.301676
2025-09-09,KDH,10100,34800.0,351480000.0
2025-09-09,PDR,6100,23650.0,144265000.0
2025-09-10,DGW,23700,42600.0,1009620000.0
2025-09-10,DBC,17000,29400.0,499800000.0
2025-09-10,DGC,13000,91881.843575419,1194463966.480447
2025-09-10,KDH,10100,34700.0,350470000.0
2025-09-10,PDR,6100,23400.0,142740000.0
2025-09-11,DGW,23700,43750.0,1036875000.0
2025-09-11,DBC,17000,29400.0,499800000.0
2025-09-11,DGC,13000,92935.75418994414,1208164804.4692738
2025-09-11,KDH,10100,35000.0,353500000.0
2025-09-11,PDR,6100,23400.0,142740000.0
2025-09-12,DGW,23700,45200.0,1071240000.0
2025-09-12,DBC,17000,29150.0,495550000.0
2025-09-12,DGC,13000,93414.80446927375,1214392458.1005588
2025-09-12,KDH,10100,34800.0,351480000.0
2025-09-12,PDR,6100,23650.0,144265000.0
2025-09-15,DGW,23700,45500.0,1078350000.0
2025-09-15,DBC,17000,29300.0,498100000.0
2025-09-15,DGC,13000,95331.00558659219,1239303072.6256986
2025-09-15,KDH,10100,34850.0,351985000.0
2025-09-15,PDR,6100,23850.0,145485000.0
2025-09-16,DGW,23700,45350.0,1074795000.0
2025-09-16,DBC,17000,29000.0,493000000.0
2025-09-16,DGC,13000,95810.0558659218,1245530726.2569833
2025-09-16,KDH,10100,34300.0,346430000.0
2025-09-16,PDR,6100,23600.0,143960000.0
2025-09-17,DGW,23700,45000.0,1066500000.0
2025-09-17,DBC,17000,28200.0,479400000.0
2025-09-17,DGC,13000,95618.43575418995,1243039664.8044693
2025-09-17,KDH,10100,33500.0,338350000.0
2025-09-17,PDR,6100,23300.0,142130000.0
2025-09-18,DGW,23700,43500.0,1030950000.0
2025-09-18,DBC,17000,27900.0,474300000.0
2025-09-18,DGC,13000,94660.33519553073,1230584357.5418994
2025-09-18,KDH,10100,33400.0,337340000.0
2025-09-18,PDR,6100,23450.0,143045000.0
2025-09-19,DGW,23700,43200.0,1023840000.0
2025-09-19,DBC,17000,27850.0,473450000.0
2025-09-19,DGC,13000,92648.32402234638,1204428212.290503
2025-09-19,KDH,10100,34300.0,346430000.0
2025-09-19,PDR,6100,23500.0,143350000.0
2025-09-22,DGW,23700,41750.0,989475000.0
2025-09-22,DBC,17000,27200.0,462400000.0
2025-09-22,DGC,13000,91977.65363128492,1195709497.206704
2025-09-22,KDH,10100,34000.0,343400000.0
2025-09-22,PDR,6100,24000.0,146400000.0
2025-09-23,DGW,23700,41900.0,993030000.0
2025-09-23,DBC,17000,27200.0,462400000.0
2025-09-23,DGC,13000,91977.65363128492,1195709497.206704
2025-09-23,KDH,10100,33400.0,337340000.0
2025-09-23,PDR,6100,23650.0,144265000.0
2025-09-24,DGW,23700,42950.0,1017915000.0
2025-09-24,DBC,17000,27550.0,468350000.0
2025-09-24,DGC,13000,92935.75418994414,1208164804.4692738
2025-09-24,KDH,10100,33950.0,342895000.0
2025-09-24,PDR,6100,24950.0,152195000.0
2025-09-25,DGW,23700,42400.0,1004880000.0
2025-09-25,DBC,17000,27700.0,470900000.0
2025-09-25,DGC,13000,92456.70391061454,1201937150.837989
2025-09-25,KDH,10100,33700.0,340370000.0
2025-09-25,PDR,6100,24800.0,151280000.0
2025-09-26,DGW,23700,41500.0,983550000.0
2025-09-26,DBC,17000,27200.0,462400000.0
2025-09-26,DGC,13000,91402.7932960894,1188236312.849162
2025-09-26,KDH,10100,34500.0,348450000.0
2025-09-26,PDR,6100,24550.0,149755000.0
2025-09-29,DGW,23700,41000.0,971700000.0
2025-09-29,DBC,17000,27800.0,472600000.0
2025-09-29,DGC,13000,90061.45251396649,1170798882.6815643
2025-09-29,KDH,10100,34250.0,345925000.0
2025-09-29,PDR,6100,23900.0,145790000.0
2025-09-30,DGW,23700,41200.0,976440000.0
2025-09-30,DBC,17000,27250.0,463250000.0
2025-09-30,DGC,13000,87953.6312849162,1143397206.7039106
2025-09-30,KDH,10100,33800.0,341380000.0
2025-09-30,PDR,6100,23450.0,143045000.0
2025-10-01,DGW,23700,41650.0,987105000.0
2025-10-01,DBC,17000,27400.0,465800000.0
2025-10-01,DGC,13000,88336.87150837989,1148379329.6089385
2025-10-01,KDH,10100,33700.0,340370000.0
2025-10-01,PDR,6100,23650.0,144265000.0
2025-10-02,DGW,23700,40850.0,968145000.0
2025-10-02,DBC,17000,26950.0,458150000.0
2025-10-02,DGC,13000,87953.6312849162,1143397206.7039106
2025-10-02,KDH,10100,33000.0,333300000.0
2025-10-02,PDR,6100,22900.0,139690000.0
2025-10-03,DGW,23700,40000.0,948000000.0
2025-10-03,DBC,17000,26900.0,457300000.0
2025-10-03,DGC,13000,87666.20111731844,1139660614.5251398
2025-10-03,KDH,10100,31750.0,320675000.0
2025-10-03,PDR,6100,21600.0,131760000.0
2025-10-06,DGW,23700,41750.0,989475000.0
2025-10-06,DBC,17000,27600.0,469200000.0
2025-10-06,DGC,13000,88911.73184357543,1155852513.9664805
2025-10-06,KDH,10100,33000.0,333300000.0
2025-10-06,PDR,6100,23100.0,140910000.0
2025-10-07,DGW,23700,41050.0,972885000.0
2025-10-07,DBC,17000,27200.0,462400000.0
2025-10-07,DGC,13000,89103.35195530727,1158343575.4189944
2025-10-07,KDH,10100,32250.0,325725000.0
2025-10-07,PDR,6100,22750.0,138775000.0
2025-10-08,DGW,23700,41250.0,977625000.0
2025-10-08,DBC,17000,27500.0,467500000.0
2025-10-08,DGC,13000,90444.69273743017,1175781005.5865922
2025-10-08,KDH,10100,32400.0,327240000.0
2025-10-08,PDR,6100,22700.0,138470000.0
2025-10-09,DGW,23700,40900.0,969330000.0
2025-10-09,DBC,17000,27800.0,472600000.0
2025-10-09,DGC,13000,89582.40223463687,1164571229.0502794
2025-10-09,KDH,10100,32450.0,327745000.0
2025-10-09,PDR,6100,23300.0,142130000.0
2025-10-10,DGW,23700,41100.0,974070000.0
2025-10-10,DBC,17000,27650.0,470050000.0
2025-10-10,DGC,13000,90348.88268156425,1174535474.8603354
2025-10-10,KDH,10100,32450.0,327745000.0
2025-10-10,PDR,6100,23650.0,144265000.0
2025-10-13,DGW,23700,40050.0,949185000.0
2025-10-13,DBC,17000,27450.0,466650000.0
2025-10-13,DGC,13000,91881.843575419,1194463966.480447
2025-10-13,KDH,10100,32550.0,328755000.0
2025-10-13,PDR,6100,24650.0,150365000.0
2025-10-14,DGW,23700,40000.0,948000000.0
2025-10-14,DBC,17000,27200.0,462400000.0
2025-10-14,DGC,13000,92169.27374301676,1198200558.6592178
2025-10-14,KDH,10100,31900.0,322190000.0
2025-10-14,PDR,6100,24900.0,151890000.0
2025-10-15,DGW,23700,40900.0,969330000.0
2025-10-15,DBC,17000,27000.0,459000000.0
2025-10-15,DGC,13000,91019.5530726257,1183254189.944134
2025-10-15,KDH,10100,34100.0,344410000.0
2025-10-15,PDR,6100,25500.0,155550000.0
2025-10-16,DGW,23700,40800.0,966960000.0
2025-10-16,DBC,17000,27000.0,459000000.0
2025-10-16,DGC,13000,91019.5530726257,1183254189.944134
2025-10-16,KDH,10100,34200.0,345420000.0
2025-10-16,PDR,6100,26300.0,160430000.0
2025-10-17,DGW,23700,40200.0,952740000.0
2025-10-17,DBC,17000,26900.0,457300000.0
2025-10-17,DGC,13000,89294.97206703911,1160834636.8715084
2025-10-17,KDH,10100,33900.0,342390000.0
2025-10-17,PDR,6100,26000.0,158600000.0
2025-10-20,DGW,23700,37400.0,886380000.0
2025-10-20,DBC,17000,25050.0,425850000.0
2025-10-20,DGC,13000,83354.74860335197,1083611731.8435755
2025-10-20,KDH,10100,31550.0,318655000.0
2025-10-20,PDR,6100,24200.0,147620000.0
2025-10-21,DGW,23700,37550.0,889935000.0
2025-10-21,DBC,17000,25700.0,436900000.0
2025-10-21,DGC,13000,85462.56983240224,1111013407.821229
2025-10-21,KDH,10100,31750.0,320675000.0
2025-10-21,PDR,6100,23300.0,142130000.0
2025-10-22,DGW,23700,39000.0,924300000.0
2025-10-22,DBC,17000,25600.0,435200000.0
2025-10-22,DGC,13000,87187.15083798884,1133432960.8938549
2025-10-22,KDH,10100,32200.0,325220000.0
2025-10-22,PDR,6100,24250.0,147925000.0
2025-10-23,DGW,23700,39000.0,924300000.0
2025-10-23,DBC,17000,25700.0,436900000.0
2025-10-23,DGC,13000,87187.15083798884,1133432960.8938549
2025-10-23,KDH,10100,33550.0,338855000.0
2025-10-23,PDR,6100,23600.0,143960000.0
2025-10-24,DGW,23700,39600.0,938520000.0
2025-10-24,DBC,17000,25550.0,434350000.0
2025-10-24,DGC,13000,88528.49162011174,1150870391.0614526
2025-10-24,KDH,10100,33800.0,341380000.0
2025-10-24,PDR,6100,23650.0,144265000.0
2025-10-27,DGW,23700,39050.0,925485000.0
2025-10-27,DBC,17000,25550.0,434350000.0
2025-10-27,DGC,13000,89007.54189944135,1157098044.6927376
2025-10-27,KDH,10100,32500.0,328250000.0
2025-10-27,PDR,6100,22050.0,134505000.0
2025-10-28,DGW,23700,40050.0,949185000.0
2025-10-28,DBC,17000,25800.0,438600000.0
2025-10-28,DGC,13000,90061.45251396649,1170798882.6815643
2025-10-28,KDH,10100,33500.0,338350000.0
2025-10-28,PDR,6100,23000.0,140300000.0
2025-10-29,DGW,23700,39800.0,943260000.0
2025-10-29,DBC,17000,26750.0,454750000.0
2025-10-29,DGC,13000,90444.69273743017,1175781005.5865922
2025-10-29,KDH,10100,34400.0,347440000.0
2025-10-29,PDR,6100,23000.0,140300000.0
2025-10-30,DGW,23700,40650.0,963405000.0
2025-10-30,DBC,17000,26400.0,448800000.0
2025-10-30,DGC,13000,89678.2122905028,1165816759.7765362
2025-10-30,KDH,10100,35850.0,362085000.0
2025-10-30,PDR,6100,23400.0,142740000.0
2025-10-31,DGW,23700,39850.0,944445000.0
2025-10-31,DBC,17000,26550.0,451350000.0
2025-10-31,DGC,13000,91977.65363128492,1195709497.206704
2025-10-31,KDH,10100,35850.0,362085000.0
2025-10-31,PDR,6100,22550.0,137555000.0
2025-11-03,DGW,23700,40100.0,950370000.0
2025-11-03,DBC,17000,25800.0,438600000.0
2025-11-03,DGC,13000,91498.60335195532,1189481843.5754192
2025-11-03,KDH,10100,34000.0,343400000.0
2025-11-03,PDR,6100,21400.0,130540000.0
2025-11-04,DGW,23700,40550.0,961035000.0
2025-11-04,DBC,17000,26350.0,447950000.0
2025-11-04,DGC,13000,90636.31284916202,1178272067.0391061
2025-11-04,KDH,10100,35600.0,359560000.0
2025-11-04,PDR,6100,22850.0,139385000.0
2025-11-05,DGW,23700,39800.0,943260000.0
2025-11-05,DBC,17000,25800.0,438600000.0
2025-11-05,DGC,13000,91019.5530726257,1183254189.944134
2025-11-05,KDH,10100,34950.0,352995000.0
2025-11-05,PDR,6100,22450.0,136945000.0
2025-11-06,DGW,23700,38800.0,919560000.0
2025-11-06,DBC,17000,25750.0,437750000.0
2025-11-06,DGC,13000,91019.5530726257,1183254189.944134
2025-11-06,KDH,10100,34100.0,344410000.0
2025-11-06,PDR,6100,22000.0,134200000.0
2025-11-07,DGW,23700,38500.0,912450000.0
2025-11-07,DBC,17000,25100.0,426700000.0
2025-11-07,DGC,13000,89199.16201117319,1159589106.1452515
2025-11-07,KDH,10100,32500.0,328250000.0
2025-11-07,PDR,6100,21150.0,129015000.0
2025-11-10,DGW,23700,38700.0,917190000.0
2025-11-10,DBC,17000,25150.0,427550000.0
2025-11-10,DGC,13000,87666.20111731844,1139660614.5251398
2025-11-10,KDH,10100,32000.0,323200000.0
2025-11-10,PDR,6100,20800.0,126880000.0
2025-11-11,DGW,23700,39450.0,934965000.0
2025-11-11,DBC,17000,25150.0,427550000.0
2025-11-11,DGC,13000,87953.6312849162,1143397206.7039106
2025-11-11,KDH,10100,33000.0,333300000.0
2025-11-11,PDR,6100,21200.0,129320000.0
2025-11-12,DGW,23700,40300.0,955110000.0
2025-11-12,DBC,17000,25400.0,431800000.0
2025-11-12,DGC,13000,89582.40223463687,1164571229.0502794
2025-11-12,KDH,10100,34100.0,344410000.0
2025-11-12,PDR,6100,22200.0,135420000.0
2025-11-13,DGW,23700,39400.0,933780000.0
2025-11-13,DBC,17000,26050.0,442850000.0
2025-11-13,DGC,13000,95810.0558659218,1245530726.2569833
2025-11-13,KDH,10100,34450.0,347945000.0
2025-11-13,PDR,6100,22000.0,134200000.0
2025-11-14,DGW,23700,39950.0,946815000.0
2025-11-14,DBC,17000,26150.0,444550000.0
2025-11-14,DGC,13000,95235.19553072627,1238057541.8994415
2025-11-14,KDH,10100,34650.0,349965000.0
2025-11-14,PDR,6100,22200.0,135420000.0
2025-11-17,DGW,23700,42700.0,1011990000.0
2025-11-17,DBC,17000,26450.0,449650000.0
2025-11-17,DGC,13000,94851.95530726257,1233075418.9944134
2025-11-17,KDH,10100,35100.0,354510000.0
2025-11-17,PDR,6100,23050.0,140605000.0
2025-11-18,DGW,23700,44850.0,1062945000.0
2025-11-18,DBC,17000,26550.0,451350000.0
2025-11-18,DGC,13000,94660.33519553073,1230584357.5418994
2025-11-18,KDH,10100,35400.0,357540000.0
2025-11-18,PDR,6100,23000.0,140300000.0
2025-11-19,DGW,23700,43500.0,1030950000.0
2025-11-19,DBC,17000,27200.0,462400000.0
2025-11-19,DGC,13000,92552.51396648046,1203182681.564246
2025-11-19,KDH,10100,34600.0,349460000.0
2025-11-19,PDR,6100,22800.0,139080000.0
2025-11-20,DGW,23700,44400.0,1052280000.0
2025-11-20,DBC,17000,26900.0,457300000.0
2025-11-20,DGC,13000,93127.37430167598,1210655865.9217877
2025-11-20,KDH,10100,34650.0,349965000.0
2025-11-20,PDR,6100,22800.0,139080000.0
2025-11-21,DGW,23700,44900.0,1064130000.0
2025-11-21,DBC,17000,27000.0,459000000.0
2025-11-21,DGC,13000,92744.1340782123,1205673743.0167599
2025-11-21,KDH,10100,34850.0,351985000.0
2025-11-21,PDR,6100,22600.0,137860000.0
2025-11-24,DGW,23700,43900.0,1040430000.0
2025-11-24,DBC,17000,27200.0,462400000.0
2025-11-24,DGC,13000,91977.65363128492,1195709497.206704
2025-11-24,KDH,10100,34850.0,351985000.0
2025-11-24,PDR,6100,22300.0,136030000.0
2025-11-25,DGW,23700,43750.0,1036875000.0
2025-11-25,DBC,17000,26500.0,450500000.0
2025-11-25,DGC,13000,90061.45251396649,1170798882.6815643
2025-11-25,KDH,10100,34500.0,348450000.0
2025-11-25,PDR,6100,21800.0,132980000.0
2025-11-26,DGW,23700,43450.0,1029765000.0
2025-11-26,DBC,17000,27150.0,461550000.0
2025-11-26,DGC,13000,91786.03351955308,1193218435.75419
2025-11-26,KDH,10100,35400.0,357540000.0
2025-11-26,PDR,6100,22600.0,137860000.0
2025-11-27,DGW,23700,44150.0,1046355000.0
2025-11-27,DBC,17000,26700.0,453900000.0
2025-11-27,DGC,13000,91019.5530726257,1183254189.944134
2025-11-27,KDH,10100,35400.0,357540000.0
2025-11-27,PDR,6100,22500.0,137250000.0
2025-11-28,DGW,23700,43700.0,1035690000.0
2025-11-28,DBC,17000,26650.0,453050000.0
2025-11-28,DGC,13000,90348.88268156425,1174535474.8603354
2025-11-28,KDH,10100,35000.0,353500000.0
2025-11-28,PDR,6100,22500.0,137250000.0
2025-12-01,DGW,23700,43600.0,1033320000.0
2025-12-01,DBC,17000,27500.0,467500000.0
2025-12-01,DGC,13000,91019.5530726257,1183254189.944134
2025-12-01,KDH,10100,34150.0,344915000.0
2025-12-01,PDR,6100,21900.0,133590000.0
2025-12-02,DGW,23700,43100.0,1021470000.0
2025-12-02,DBC,17000,27550.0,468350000.0
2025-12-02,DGC,13000,92744.1340782123,1205673743.0167599
2025-12-02,KDH,10100,33550.0,338855000.0
2025-12-02,PDR,6100,22000.0,134200000.0
2025-12-03,DGW,23700,44700.0,1059390000.0
2025-12-03,DBC,17000,27600.0,469200000.0
2025-12-03,DGC,13000,92935.75418994414,1208164804.4692738
2025-12-03,KDH,10100,34200.0,345420000.0
2025-12-03,PDR,6100,22150.0,135115000.0
2025-12-04,DGW,23700,44000.0,1042800000.0
2025-12-04,DBC,17000,27400.0,465800000.0
2025-12-04,DGC,13000,92935.75418994414,1208164804.4692738
2025-12-04,KDH,10100,34450.0,347945000.0
2025-12-04,PDR,6100,22600.0,137860000.0
2025-12-05,DGW,23700,43550.0,1032135000.0
2025-12-05,DBC,17000,27950.0,475150000.0
2025-12-05,DGC,13000,91019.5530726257,1183254189.944134
2025-12-05,KDH,10100,33950.0,342895000.0
2025-12-05,PDR,6100,22200.0,135420000.0
2025-12-08,DGW,23700,42500.0,1007250000.0
2025-12-08,DBC,17000,27600.0,469200000.0
2025-12-08,DGC,13000,90061.45251396649,1170798882.6815643
2025-12-08,KDH,10100,33400.0,337340000.0
2025-12-08,PDR,6100,22050.0,134505000.0
2025-12-09,DGW,23700,41500.0,983550000.0
2025-12-09,DBC,17000,27300.0,464100000.0
2025-12-09,DGC,13000,90923.74301675978,1182008659.2178771
2025-12-09,KDH,10100,33300.0,336330000.0
2025-12-09,PDR,6100,21850.0,133285000.0
2025-12-10,DGW,23700,41650.0,987105000.0
2025-12-10,DBC,17000,26800.0,455600000.0
2025-12-10,DGC,13000,91019.5530726257,1183254189.944134
2025-12-10,KDH,10100,32500.0,328250000.0
2025-12-10,PDR,6100,21400.0,130540000.0
2025-12-11,DGW,23700,41250.0,977625000.0
2025-12-11,DBC,17000,27300.0,464100000.0
2025-12-11,DGC,13000,90636.31284916202,1178272067.0391061
2025-12-11,KDH,10100,32500.0,328250000.0
2025-12-11,PDR,6100,21150.0,129015000.0
2025-12-12,DGW,23700,39200.0,929040000.0
2025-12-12,DBC,17000,26600.0,452200000.0
2025-12-12,DGC,13000,88145.25139664805,1145888268.1564245
2025-12-12,KDH,10100,30500.0,308050000.0
2025-12-12,PDR,6100,19700.0,120170000.0
2025-12-15,DGW,23700,38400.0,910080000.0
2025-12-15,DBC,17000,27700.0,470900000.0
2025-12-15,DGC,13000,89103.35195530727,1158343575.4189944
2025-12-15,KDH,10100,29600.0,298960000.0
2025-12-15,PDR,6100,19000.0,115900000.0
2025-12-16,DGW,23700,40300.0,955110000.0
2025-12-16,DBC,17000,27950.0,475150000.0
2025-12-16,DGC,13000,82875.69832402235,1077384078.2122905
2025-12-16,KDH,10100,31600.0,319160000.0
2025-12-16,PDR,6100,19500.0,118950000.0
2025-12-17,DGW,23700,39950.0,946815000.0
2025-12-17,DBC,17000,28650.0,487050000.0
2025-12-17,DGC,13000,77127.09497206705,1002652234.6368716
2025-12-17,KDH,10100,31700.0,320170000.0
2025-12-17,PDR,6100,19200.0,117120000.0
2025-12-18,DGW,23700,40450.0,958665000.0
2025-12-18,DBC,17000,28600.0,486200000.0
2025-12-18,DGC,13000,71761.73184357543,932902513.9664806
2025-12-18,KDH,10100,32100.0,324210000.0
2025-12-18,PDR,6100,19050.0,116205000.0
2025-12-19,DGW,23700,40150.0,951555000.0
2025-12-19,DBC,17000,27900.0,474300000.0
2025-12-19,DGC,13000,67258.6592178771,874362569.8324022
2025-12-19,KDH,10100,32650.0,329765000.0
2025-12-19,PDR,6100,19300.0,117730000.0
2025-12-22,DGW,23700,40500.0,959850000.0
2025-12-22,DBC,17000,28200.0,479400000.0
2025-12-22,DGC,13000,71474.30167597767,929165921.7877096
2025-12-22,KDH,10100,33150.0,334815000.0
2025-12-22,PDR,6100,20500.0,125050000.0
2025-12-23,DGW,23700,39800.0,943260000.0
2025-12-23,DBC,17000,28000.0,476000000.0
2025-12-23,DGC,13000,68600.0,891800000.0
2025-12-23,KDH,10100,33000.0,333300000.0
2025-12-23,PDR,6100,20150.0,122915000.0
2025-12-24,DGW,23700,40000.0,948000000.0
2025-12-24,DBC,17000,28400.0,482800000.0
2025-12-24,DGC,13000,65000.0,845000000.0
2025-12-24,KDH,10100,32950.0,332795000.0
2025-12-24,PDR,6100,20050.0,122305000.0
2025-12-25,DGW,23700,39600.0,938520000.0
2025-12-25,DBC,17000,27800.0,472600000.0
2025-12-25,DGC,13000,64600.0,839800000.0
2025-12-25,KDH,10100,32150.0,324715000.0
2025-12-25,PDR,6100,19500.0,118950000.0
2025-12-26,DGW,23700,39050.0,925485000.0
2025-12-26,DBC,17000,27550.0,468350000.0
2025-12-26,DGC,13000,60900.0,791700000.0
2025-12-26,KDH,10100,32050.0,323705000.0
2025-12-26,PDR,6100,19350.0,118035000.0
2025-12-29,DGW,23700,40100.0,950370000.0
2025-12-29,DBC,17000,27300.0,464100000.0
2025-12-29,DGC,13000,61000.0,793000000.0
2025-12-29,KDH,10100,31700.0,320170000.0
2025-12-29,PDR,6100,19600.0,119560000.0
2025-12-30,DGW,23700,39600.0,938520000.0
2025-12-30,DBC,17000,27450.0,466650000.0
2025-12-30,DGC,13000,65200.0,847600000.0
2025-12-30,KDH,10100,31500.0,318150000.0
2025-12-30,PDR,6100,19400.0,118340000.0
2025-12-31,DGW,23700,39000.0,924300000.0
2025-12-31,DBC,17000,27050.0,459850000.0
2025-12-31,DGC,13000,68500.0,890500000.0
2025-12-31,KDH,10100,31500.0,318150000.0
2025-12-31,PDR,6100,18800.0,114680000.0
