date,nav,cash,deployed_pct,open_slots
2019-01-02,1000000000.0,1000000000.0,0.0,0
2019-01-03,1000000000.0,1000000000.0,0.0,0
2019-01-04,1000000000.0,1000000000.0,0.0,0
2019-01-07,1000000000.0,1000000000.0,0.0,0
2019-01-08,1000000000.0,1000000000.0,0.0,0
2019-01-09,1000000000.0,1000000000.0,0.0,0
2019-01-10,1000000000.0,1000000000.0,0.0,0
2019-01-11,1000000000.0,1000000000.0,0.0,0
2019-01-14,1000000000.0,1000000000.0,0.0,0
2019-01-15,1000000000.0,1000000000.0,0.0,0
2019-01-16,1000000000.0,1000000000.0,0.0,0
2019-01-17,1000000000.0,1000000000.0,0.0,0
2019-01-18,1000000000.0,1000000000.0,0.0,0
2019-01-21,1000000000.0,1000000000.0,0.0,0
2019-01-22,1000000000.0,1000000000.0,0.0,0
2019-01-23,1000000000.0,1000000000.0,0.0,0
2019-01-24,1000000000.0,1000000000.0,0.0,0
2019-01-25,1000000000.0,1000000000.0,0.0,0
2019-01-28,1000000000.0,1000000000.0,0.0,0
2019-01-29,1000000000.0,1000000000.0,0.0,0
2019-01-30,1000000000.0,1000000000.0,0.0,0
2019-01-31,1000000000.0,1000000000.0,0.0,0
2019-02-01,1000000000.0,1000000000.0,0.0,0
2019-02-11,1000000000.0,1000000000.0,0.0,0
2019-02-12,1000000000.0,1000000000.0,0.0,0
2019-02-13,1000000000.0,1000000000.0,0.0,0
2019-02-14,1000000000.0,1000000000.0,0.0,0
2019-02-15,1000000000.0,1000000000.0,0.0,0
2019-02-18,1000000000.0,1000000000.0,0.0,0
2019-02-19,1000000000.0,1000000000.0,0.0,0
2019-02-20,1000000000.0,1000000000.0,0.0,0
2019-02-21,1000000000.0,1000000000.0,0.0,0
2019-02-22,1000000000.0,1000000000.0,0.0,0
2019-02-25,1000000000.0,1000000000.0,0.0,0
2019-02-26,1000000000.0,1000000000.0,0.0,0
2019-02-27,1000000000.0,1000000000.0,0.0,0
2019-02-28,1000000000.0,1000000000.0,0.0,0
2019-03-01,1000000000.0,1000000000.0,0.0,0
2019-03-04,1000000000.0,1000000000.0,0.0,0
2019-03-05,1000000000.0,1000000000.0,0.0,0
2019-03-06,1000000000.0,1000000000.0,0.0,0
2019-03-07,1000000000.0,1000000000.0,0.0,0
2019-03-08,1000000000.0,1000000000.0,0.0,0
2019-03-11,1000000000.0,1000000000.0,0.0,0
2019-03-12,1000000000.0,1000000000.0,0.0,0
2019-03-13,1000000000.0,1000000000.0,0.0,0
2019-03-14,1000000000.0,1000000000.0,0.0,0
2019-03-15,1000000000.0,1000000000.0,0.0,0
2019-03-18,1000000000.0,1000000000.0,0.0,0
2019-03-19,1000000000.0,1000000000.0,0.0,0
2019-03-20,1000000000.0,1000000000.0,0.0,0
2019-03-21,1000000000.0,1000000000.0,0.0,0
2019-03-22,1000000000.0,1000000000.0,0.0,0
2019-03-25,1000000000.0,1000000000.0,0.0,0
2019-03-26,1000000000.0,1000000000.0,0.0,0
2019-03-27,1000000000.0,1000000000.0,0.0,0
2019-03-28,1000000000.0,1000000000.0,0.0,0
2019-03-29,1000000000.0,1000000000.0,0.0,0
2019-04-01,1000000000.0,1000000000.0,0.0,0
2019-04-02,1000000000.0,1000000000.0,0.0,0
2019-04-03,1000000000.0,1000000000.0,0.0,0
2019-04-04,1000000000.0,1000000000.0,0.0,0
2019-04-05,1000000000.0,1000000000.0,0.0,0
2019-04-08,1000000000.0,1000000000.0,0.0,0
2019-04-09,1000000000.0,1000000000.0,0.0,0
2019-04-10,1000000000.0,1000000000.0,0.0,0
2019-04-11,1000000000.0,1000000000.0,0.0,0
2019-04-12,1000000000.0,1000000000.0,0.0,0
2019-04-16,1000000000.0,1000000000.0,0.0,0
2019-04-17,1000000000.0,1000000000.0,0.0,0
2019-04-18,1000000000.0,1000000000.0,0.0,0
2019-04-19,1000000000.0,1000000000.0,0.0,0
2019-04-22,1000000000.0,1000000000.0,0.0,0
2019-04-23,1000000000.0,1000000000.0,0.0,0
2019-04-24,1000000000.0,1000000000.0,0.0,0
2019-04-25,1000000000.0,1000000000.0,0.0,0
2019-04-26,1000000000.0,1000000000.0,0.0,0
2019-05-02,1000000000.0,1000000000.0,0.0,0
2019-05-03,1000000000.0,1000000000.0,0.0,0
2019-05-06,1000000000.0,1000000000.0,0.0,0
2019-05-07,1000000000.0,1000000000.0,0.0,0
2019-05-08,1000000000.0,1000000000.0,0.0,0
2019-05-09,1000000000.0,1000000000.0,0.0,0
2019-05-10,1000000000.0,1000000000.0,0.0,0
2019-05-13,1000000000.0,1000000000.0,0.0,0
2019-05-14,1000000000.0,1000000000.0,0.0,0
2019-05-15,1000000000.0,1000000000.0,0.0,0
2019-05-16,1000000000.0,1000000000.0,0.0,0
2019-05-17,1000000000.0,1000000000.0,0.0,0
2019-05-20,1000000000.0,1000000000.0,0.0,0
2019-05-21,1000000000.0,1000000000.0,0.0,0
2019-05-22,1000000000.0,1000000000.0,0.0,0
2019-05-23,1000000000.0,1000000000.0,0.0,0
2019-05-24,1000000000.0,1000000000.0,0.0,0
2019-05-27,1000000000.0,1000000000.0,0.0,0
2019-05-28,1000000000.0,1000000000.0,0.0,0
2019-05-29,1000000000.0,1000000000.0,0.0,0
2019-05-30,1000000000.0,1000000000.0,0.0,0
2019-05-31,1000000000.0,1000000000.0,0.0,0
2019-06-03,1000000000.0,1000000000.0,0.0,0
2019-06-04,1000000000.0,1000000000.0,0.0,0
2019-06-05,1000000000.0,1000000000.0,0.0,0
2019-06-06,1000000000.0,1000000000.0,0.0,0
2019-06-07,1000000000.0,1000000000.0,0.0,0
2019-06-10,1000000000.0,1000000000.0,0.0,0
2019-06-11,1000000000.0,1000000000.0,0.0,0
2019-06-12,1000000000.0,1000000000.0,0.0,0
2019-06-13,1000000000.0,1000000000.0,0.0,0
2019-06-14,1000000000.0,1000000000.0,0.0,0
2019-06-17,1000000000.0,1000000000.0,0.0,0
2019-06-18,1000000000.0,1000000000.0,0.0,0
2019-06-19,1000000000.0,1000000000.0,0.0,0
2019-06-20,1000000000.0,1000000000.0,0.0,0
2019-06-21,1000000000.0,1000000000.0,0.0,0
2019-06-24,1000000000.0,1000000000.0,0.0,0
2019-06-25,1000000000.0,1000000000.0,0.0,0
2019-06-26,1000000000.0,1000000000.0,0.0,0
2019-06-27,1000000000.0,1000000000.0,0.0,0
2019-06-28,1000000000.0,1000000000.0,0.0,0
2019-07-01,1000000000.0,1000000000.0,0.0,0
2019-07-02,1000000000.0,1000000000.0,0.0,0
2019-07-03,1000000000.0,1000000000.0,0.0,0
2019-07-04,1000000000.0,1000000000.0,0.0,0
2019-07-05,1000000000.0,1000000000.0,0.0,0
2019-07-08,1000000000.0,1000000000.0,0.0,0
2019-07-09,1000000000.0,1000000000.0,0.0,0
2019-07-10,1000000000.0,1000000000.0,0.0,0
2019-07-11,1000000000.0,1000000000.0,0.0,0
2019-07-12,1000000000.0,1000000000.0,0.0,0
2019-07-15,1000000000.0,1000000000.0,0.0,0
2019-07-16,1000000000.0,1000000000.0,0.0,0
2019-07-17,1000000000.0,1000000000.0,0.0,0
2019-07-18,1000000000.0,1000000000.0,0.0,0
2019-07-19,1000000000.0,1000000000.0,0.0,0
2019-07-22,1000000000.0,1000000000.0,0.0,0
2019-07-23,1000000000.0,1000000000.0,0.0,0
2019-07-24,1000000000.0,1000000000.0,0.0,0
2019-07-25,1000000000.0,1000000000.0,0.0,0
2019-07-26,1000000000.0,1000000000.0,0.0,0
2019-07-29,1000000000.0,1000000000.0,0.0,0
2019-07-30,1000000000.0,1000000000.0,0.0,0
2019-07-31,1000000000.0,1000000000.0,0.0,0
2019-08-01,1000000000.0,1000000000.0,0.0,0
2019-08-02,1000000000.0,1000000000.0,0.0,0
2019-08-05,1000000000.0,1000000000.0,0.0,0
2019-08-06,1000000000.0,1000000000.0,0.0,0
2019-08-07,1000000000.0,1000000000.0,0.0,0
2019-08-08,1000000000.0,1000000000.0,0.0,0
2019-08-09,1000000000.0,1000000000.0,0.0,0
2019-08-12,1000000000.0,1000000000.0,0.0,0
2019-08-13,1000000000.0,1000000000.0,0.0,0
2019-08-14,1000000000.0,1000000000.0,0.0,0
2019-08-15,1000000000.0,1000000000.0,0.0,0
2019-08-16,1000000000.0,1000000000.0,0.0,0
2019-08-19,1000000000.0,1000000000.0,0.0,0
2019-08-20,1000000000.0,1000000000.0,0.0,0
2019-08-21,1000000000.0,1000000000.0,0.0,0
2019-08-22,1000000000.0,1000000000.0,0.0,0
2019-08-23,1000000000.0,1000000000.0,0.0,0
2019-08-26,1000000000.0,1000000000.0,0.0,0
2019-08-27,1000000000.0,1000000000.0,0.0,0
2019-08-28,1000000000.0,1000000000.0,0.0,0
2019-08-29,1000000000.0,1000000000.0,0.0,0
2019-08-30,1000000000.0,1000000000.0,0.0,0
2019-09-03,1000000000.0,1000000000.0,0.0,0
2019-09-04,1000000000.0,1000000000.0,0.0,0
2019-09-05,1000000000.0,1000000000.0,0.0,0
2019-09-06,1000000000.0,1000000000.0,0.0,0
2019-09-09,1000000000.0,1000000000.0,0.0,0
2019-09-10,1000000000.0,1000000000.0,0.0,0
2019-09-11,1000000000.0,1000000000.0,0.0,0
2019-09-12,1000000000.0,1000000000.0,0.0,0
2019-09-13,1000000000.0,1000000000.0,0.0,0
2019-09-16,1000000000.0,1000000000.0,0.0,0
2019-09-17,1000000000.0,1000000000.0,0.0,0
2019-09-18,1000000000.0,1000000000.0,0.0,0
2019-09-19,1000000000.0,1000000000.0,0.0,0
2019-09-20,1000000000.0,1000000000.0,0.0,0
2019-09-23,1000000000.0,1000000000.0,0.0,0
2019-09-24,1000000000.0,1000000000.0,0.0,0
2019-09-25,1000000000.0,1000000000.0,0.0,0
2019-09-26,1000000000.0,1000000000.0,0.0,0
2019-09-27,1000000000.0,1000000000.0,0.0,0
2019-09-30,1000000000.0,1000000000.0,0.0,0
2019-10-01,1000000000.0,1000000000.0,0.0,0
2019-10-02,1000000000.0,1000000000.0,0.0,0
2019-10-03,1000000000.0,1000000000.0,0.0,0
2019-10-04,1000000000.0,1000000000.0,0.0,0
2019-10-07,1000000000.0,1000000000.0,0.0,0
2019-10-08,1000000000.0,1000000000.0,0.0,0
2019-10-09,1000000000.0,1000000000.0,0.0,0
2019-10-10,1000000000.0,1000000000.0,0.0,0
2019-10-11,1000000000.0,1000000000.0,0.0,0
2019-10-14,1000000000.0,1000000000.0,0.0,0
2019-10-15,1000000000.0,1000000000.0,0.0,0
2019-10-16,1000000000.0,1000000000.0,0.0,0
2019-10-17,1000000000.0,1000000000.0,0.0,0
2019-10-18,1000000000.0,1000000000.0,0.0,0
2019-10-21,1000000000.0,1000000000.0,0.0,0
2019-10-22,1000000000.0,1000000000.0,0.0,0
2019-10-23,1000000000.0,1000000000.0,0.0,0
2019-10-24,1000000000.0,1000000000.0,0.0,0
2019-10-25,1000000000.0,1000000000.0,0.0,0
2019-10-28,1000000000.0,1000000000.0,0.0,0
2019-10-29,1000000000.0,1000000000.0,0.0,0
2019-10-30,1000000000.0,1000000000.0,0.0,0
2019-10-31,1000000000.0,1000000000.0,0.0,0
2019-11-01,1000000000.0,1000000000.0,0.0,0
2019-11-04,1000000000.0,1000000000.0,0.0,0
2019-11-05,1000000000.0,1000000000.0,0.0,0
2019-11-06,1000000000.0,1000000000.0,0.0,0
2019-11-07,1000000000.0,1000000000.0,0.0,0
2019-11-08,1000000000.0,1000000000.0,0.0,0
2019-11-11,1000000000.0,1000000000.0,0.0,0
2019-11-12,1000000000.0,1000000000.0,0.0,0
2019-11-13,1000000000.0,1000000000.0,0.0,0
2019-11-14,1000000000.0,1000000000.0,0.0,0
2019-11-15,1000000000.0,1000000000.0,0.0,0
2019-11-18,1000000000.0,1000000000.0,0.0,0
2019-11-19,1000000000.0,1000000000.0,0.0,0
2019-11-20,1000000000.0,1000000000.0,0.0,0
2019-11-21,1000000000.0,1000000000.0,0.0,0
2019-11-22,1000000000.0,1000000000.0,0.0,0
2019-11-25,1000000000.0,1000000000.0,0.0,0
2019-11-26,1000000000.0,1000000000.0,0.0,0
2019-11-27,1000000000.0,1000000000.0,0.0,0
2019-11-28,1000000000.0,1000000000.0,0.0,0
2019-11-29,1000000000.0,1000000000.0,0.0,0
2019-12-02,1000000000.0,1000000000.0,0.0,0
2019-12-03,1000000000.0,1000000000.0,0.0,0
2019-12-04,1000000000.0,1000000000.0,0.0,0
2019-12-05,1000000000.0,1000000000.0,0.0,0
2019-12-06,1000000000.0,1000000000.0,0.0,0
2019-12-09,1000000000.0,1000000000.0,0.0,0
2019-12-10,1000000000.0,1000000000.0,0.0,0
2019-12-11,1000000000.0,1000000000.0,0.0,0
2019-12-12,1000000000.0,1000000000.0,0.0,0
2019-12-13,1000000000.0,1000000000.0,0.0,0
2019-12-16,1000000000.0,1000000000.0,0.0,0
2019-12-17,1000000000.0,1000000000.0,0.0,0
2019-12-18,1000000000.0,1000000000.0,0.0,0
2019-12-19,1000000000.0,1000000000.0,0.0,0
2019-12-20,1000000000.0,1000000000.0,0.0,0
2019-12-23,1000000000.0,1000000000.0,0.0,0
2019-12-24,1000000000.0,1000000000.0,0.0,0
2019-12-25,1000000000.0,1000000000.0,0.0,0
2019-12-26,1000000000.0,1000000000.0,0.0,0
2019-12-27,1000000000.0,1000000000.0,0.0,0
2019-12-30,1000000000.0,1000000000.0,0.0,0
2019-12-31,1000000000.0,1000000000.0,0.0,0
2020-01-02,1000000000.0,1000000000.0,0.0,0
2020-01-03,1000000000.0,1000000000.0,0.0,0
2020-01-06,1000000000.0,1000000000.0,0.0,0
2020-01-07,1000000000.0,1000000000.0,0.0,0
2020-01-08,1000000000.0,1000000000.0,0.0,0
2020-01-09,1000000000.0,1000000000.0,0.0,0
2020-01-10,1000000000.0,1000000000.0,0.0,0
2020-01-13,1000000000.0,1000000000.0,0.0,0
2020-01-14,1000000000.0,1000000000.0,0.0,0
2020-01-15,1000000000.0,1000000000.0,0.0,0
2020-01-16,1000000000.0,1000000000.0,0.0,0
2020-01-17,1000000000.0,1000000000.0,0.0,0
2020-01-20,1000000000.0,1000000000.0,0.0,0
2020-01-21,1000000000.0,1000000000.0,0.0,0
2020-01-22,1000000000.0,1000000000.0,0.0,0
2020-01-30,1000000000.0,1000000000.0,0.0,0
2020-01-31,1000000000.0,1000000000.0,0.0,0
2020-02-03,1000000000.0,1000000000.0,0.0,0
2020-02-04,1000000000.0,1000000000.0,0.0,0
2020-02-05,1000000000.0,1000000000.0,0.0,0
2020-02-06,1000000000.0,1000000000.0,0.0,0
2020-02-07,988202596.2500271,750203633.885624,0.24084025205716666,2
2020-02-10,981917345.3262686,750203633.885624,0.23598087205970616,2
2020-02-11,993678286.854744,750203633.885624,0.24502362202135053,2
2020-02-12,992843511.1276612,750203633.885624,0.2443888432794906,2
2020-02-13,991320538.8715253,872928343.5505766,0.11942877271131805,1
2020-02-14,992964874.9176496,872928343.5505766,0.12088698643748919,1
2020-02-17,994609210.963774,872928343.5505766,0.12234037858475987,1
2020-02-18,992964874.9176496,872928343.5505766,0.12088698643748919,1
2020-02-19,988031866.7792767,872928343.5505766,0.11649778423028731,1
2020-02-20,986387530.7331525,872928343.5505766,0.11502496092813046,1
2020-02-21,987513900.9247476,987513900.9247476,0.0,0
2020-02-24,987513900.9247476,987513900.9247476,0.0,0
2020-02-25,987513900.9247476,987513900.9247476,0.0,0
2020-02-26,987513900.9247476,987513900.9247476,0.0,0
2020-02-27,987513900.9247476,987513900.9247476,0.0,0
2020-02-28,987513900.9247476,987513900.9247476,0.0,0
2020-03-02,987513900.9247476,987513900.9247476,0.0,0
2020-03-03,987513900.9247476,987513900.9247476,0.0,0
2020-03-04,987513900.9247476,987513900.9247476,0.0,0
2020-03-05,987513900.9247476,987513900.9247476,0.0,0
2020-03-06,987513900.9247476,987513900.9247476,0.0,0
2020-03-09,987513900.9247476,987513900.9247476,0.0,0
2020-03-10,987513900.9247476,987513900.9247476,0.0,0
2020-03-11,987513900.9247476,987513900.9247476,0.0,0
2020-03-12,987513900.9247476,987513900.9247476,0.0,0
2020-03-13,987513900.9247476,987513900.9247476,0.0,0
2020-03-16,987513900.9247476,987513900.9247476,0.0,0
2020-03-17,987513900.9247476,987513900.9247476,0.0,0
2020-03-18,987513900.9247476,987513900.9247476,0.0,0
2020-03-19,987513900.9247476,987513900.9247476,0.0,0
2020-03-20,987513900.9247476,987513900.9247476,0.0,0
2020-03-23,987513900.9247476,987513900.9247476,0.0,0
2020-03-24,987513900.9247476,987513900.9247476,0.0,0
2020-03-25,987513900.9247476,987513900.9247476,0.0,0
2020-03-26,987513900.9247476,987513900.9247476,0.0,0
2020-03-27,987513900.9247476,987513900.9247476,0.0,0
2020-03-30,987513900.9247476,987513900.9247476,0.0,0
2020-03-31,987513900.9247476,987513900.9247476,0.0,0
2020-04-01,987513900.9247476,987513900.9247476,0.0,0
2020-04-03,987513900.9247476,987513900.9247476,0.0,0
2020-04-06,987513900.9247476,987513900.9247476,0.0,0
2020-04-07,987513900.9247476,987513900.9247476,0.0,0
2020-04-08,987513900.9247476,987513900.9247476,0.0,0
2020-04-09,987513900.9247476,987513900.9247476,0.0,0
2020-04-10,987513900.9247476,987513900.9247476,0.0,0
2020-04-13,987513900.9247476,987513900.9247476,0.0,0
2020-04-14,987513900.9247476,987513900.9247476,0.0,0
2020-04-15,991228851.1957451,864297282.0730361,0.12805475644659473,1
2020-04-16,1000036347.8287494,864297282.0730361,0.1357341321147238,1
2020-04-17,1009361932.4989893,864297282.0730361,0.14371916133868912,1
2020-04-20,999259215.772896,864297282.0730361,0.13506198548839113,1
2020-04-21,989933631.1026562,864297282.0730361,0.1269139112787569,1
2020-04-22,998482083.7170428,864297282.0730361,0.13438879258051165,1
2020-04-23,987371526.8508322,740604095.1400007,0.2499235849932627,2
2020-04-24,982813585.898205,740604095.1400007,0.24644499652174243,2
2020-04-27,992354783.5474919,740604095.1400007,0.2536902049361089,2
2020-04-28,1009863383.2122006,740604095.1400007,0.26662941992780526,2
2020-04-29,1008256693.4092475,740604095.1400007,0.2654607700785257,2
2020-05-04,993822185.5800569,740604095.1400007,0.2547921490525614,2
2020-05-05,999908948.9081712,740604095.1400007,0.2593284659081337,2
2020-05-06,1002455958.054778,740604095.1400007,0.2612103412731362,2
2020-05-07,1002171472.2999406,740604095.1400007,0.2610006215399985,2
2020-05-08,1003285515.8018777,740604095.1400007,0.26182120296227784,2
2020-05-11,1013241492.3247144,740604095.1400007,0.269074449921304,2
2020-05-12,1028306392.0065018,740604095.1400007,0.27978265923750284,2
2020-05-13,1035601513.3485632,740604095.1400007,0.28485610961952323,2
2020-05-14,1034288558.62076,483512787.79476726,0.5325165460212195,4
2020-05-15,1018827486.0208309,483512787.79476726,0.5254223168996037,4
2020-05-18,1036381594.9505838,483512787.79476726,0.5334606575893295,4
2020-05-19,1040849760.1787114,356397632.92980546,0.6575897439140372,5
2020-05-20,1041120640.6332902,356397632.92980546,0.6576788327690662,5
2020-05-21,1042801450.4020803,356397632.92980546,0.6582305933767288,5
2020-05-22,1055808752.1932129,356397632.92980546,0.6624411076442899,5
2020-05-25,1073643923.5526187,356397632.92980546,0.6680485726119432,5
2020-05-26,1080381280.6648035,356397632.92980546,0.6701186522682999,5
2020-05-27,1071994401.3245695,356397632.92980546,0.6675377851885829,5
2020-05-28,1095027228.9178538,356397632.92980546,0.6745308029627621,5
2020-05-29,1109429795.6485298,356397632.92980546,0.6787560291532739,5
2020-06-01,1126422323.5215602,356397632.92980546,0.6836021219682584,5
2020-06-02,1112057654.207063,356397632.92980546,0.6795151478149487,5
2020-06-03,1132490336.0161517,356397632.92980546,0.6852974179156947,5
2020-06-04,1148726164.5567353,356397632.92980546,0.6897453510451462,5
2020-06-05,1185054610.9405055,356397632.92980546,0.6992563636818775,5
2020-06-08,1218006855.6700006,356397632.92980546,0.7073927529465682,5
2020-06-09,1212430775.0044734,356397632.92980546,0.7060470253004832,5
2020-06-10,1187598657.8222003,356397632.92980546,0.6999006098715521,5
2020-06-11,1135762379.755379,356397632.92980546,0.6862040517607507,5
2020-06-12,1141492490.702418,356397632.92980546,0.687779257566122,5
2020-06-15,1115845403.0070734,356397632.92980546,0.6806030369714698,5
2020-06-16,1141761163.52608,356397632.92980546,0.6878527275974694,5
2020-06-17,1155090376.8362293,356397632.92980546,0.6914547639934705,5
2020-06-18,1154853156.5694225,356397632.92980546,0.6913913852142801,5
2020-06-19,1187420348.8426743,356397632.92980546,0.6998555454459152,5
2020-06-22,1228085186.4022253,356397632.92980546,0.7097940461492731,5
2020-06-23,1211826731.12105,493071731.4200797,0.59311697063825,4
2020-06-24,1190921932.0598464,493071731.4200797,0.5859747661483979,4
2020-06-25,1218876631.7138505,493071731.4200797,0.5954703547587287,4
2020-06-26,1213597299.8131912,493071731.4200797,0.5937105895868604,4
2020-06-29,1185899150.3609486,493071731.4200797,0.5842211951412521,4
2020-06-30,1164042966.7143118,646231788.6304542,0.44483854367116565,3
2020-07-01,1182851619.8882015,646231788.6304542,0.4536662267989847,3
2020-07-02,1189228498.8587327,646231788.6304542,0.4565957767993084,3
2020-07-03,1167552526.4050846,350023495.37478685,0.7002074960580014,5
2020-07-06,1168203584.082811,350023495.37478685,0.7003745749936215,5
2020-07-07,1151444415.561463,350023495.37478685,0.6960135542416872,5
2020-07-08,1162812308.8296318,350023495.37478685,0.6989853885128849,5
2020-07-09,1175783830.0592518,487477536.1185783,0.5854020750616951,4
2020-07-10,1176797036.2806575,487477536.1185783,0.5857590382286462,4
2020-07-13,1171757844.3541136,487477536.1185783,0.5839775782450327,4
2020-07-14,1174243504.3655293,487477536.1185783,0.5848582220755195,4
2020-07-15,1169858037.055793,487477536.1185783,0.5833019728227679,4
2020-07-16,1182747924.762818,487477536.1185783,0.5878432539069266,4
2020-07-17,1188510459.2707453,487477536.1185783,0.5898416102979117,4
2020-07-20,1180672516.7653575,487477536.1185783,0.5871187571519819,4
2020-07-21,1183529416.6196158,487477536.1185783,0.588115403577457,4
2020-07-22,1188812078.2313979,487477536.1185783,0.5899456734627047,4
2020-07-23,1192252302.0024142,487477536.1185783,0.5911288782585289,4
2020-07-24,1156132584.4196181,487477536.1185783,0.5783549891353564,4
2020-07-27,1121488520.089044,747263074.3345631,0.3336863811363563,2
2020-07-28,1125431824.7498665,1125431824.7498665,0.0,0
2020-07-29,1125431824.7498665,1125431824.7498665,0.0,0
2020-07-30,1125431824.7498665,1125431824.7498665,0.0,0
2020-07-31,1125431824.7498665,1125431824.7498665,0.0,0
2020-08-03,1125431824.7498665,1125431824.7498665,0.0,0
2020-08-04,1125431824.7498665,1125431824.7498665,0.0,0
2020-08-05,1125431824.7498665,1125431824.7498665,0.0,0
2020-08-06,1124650264.983556,984743213.4035972,0.124400496701972,1
2020-08-07,1122040266.0386796,702733445.98696,0.37370033210311276,3
2020-08-10,1121760241.2538197,562922091.2754298,0.4981796728272009,4
2020-08-11,1116263882.4385676,562922091.2754298,0.49570876552443716,4
2020-08-12,1122319911.8451352,562922091.2754298,0.4984299170546077,4
2020-08-13,1126700090.2333994,562922091.2754298,0.5003798294195407,4
2020-08-14,1116409407.1794891,562922091.2754298,0.4957745002367874,4
2020-08-17,1131542263.720031,562922091.2754298,0.5025178384192378,4
2020-08-18,1134594151.591818,702757157.7658699,0.38060921891769633,3
2020-08-19,1133303847.622584,702757157.7658699,0.37990402199719353,3
2020-08-20,1127195904.5886612,702757157.7658699,0.37654390429823154,3
2020-08-21,1130873082.1129858,702757157.7658699,0.37857115101475447,3
2020-08-24,1137205457.4446404,702757157.7658699,0.38203149381203144,3
2020-08-25,1131948501.369163,702757157.7658699,0.3791615458513874,3
2020-08-26,1133860718.7263808,702757157.7658699,0.3802085686897698,3
2020-08-27,1136998026.3519187,702757157.7658699,0.381918753174374,3
2020-08-28,1134804533.732513,702757157.7658699,0.38072404817205446,3
2020-08-31,1126234143.8521574,702757157.7658699,0.37601149671935186,3
2020-09-01,1131443213.4701848,702757157.7658699,0.3788842874310205,3
2020-09-03,1140972540.2515583,702757157.7658699,0.384071804558129,3
2020-09-04,1142195337.7295732,702757157.7658699,0.38473119741252615,3
2020-09-07,1137991268.7256498,702757157.7658699,0.3824582164388358,3
2020-09-08,1137338928.6432877,702757157.7658699,0.38210401484790735,3
2020-09-09,1129423824.5861485,702757157.7658699,0.3777737440385773,3
2020-09-10,1137117729.2277446,702757157.7658699,0.38198381776780826,3
2020-09-11,1135439248.815838,702757157.7658699,0.3810702259070374,3
2020-09-14,1139814951.1673377,702757157.7658699,0.38344627165475986,3
2020-09-15,1141493431.5792441,702757157.7658699,0.3843528676344526,3
2020-09-16,1142970795.6009154,702757157.7658699,0.38514863155677026,3
2020-09-17,1146653965.719646,849461819.0629246,0.25918206847189684,2
2020-09-18,1148399168.0262566,849461819.0629246,0.2603078766393683,2
2020-09-21,1147576608.2939796,849461819.0629246,0.2597776802668024,2
2020-09-22,1143962141.366417,849461819.0629246,0.257438871142819,2
2020-09-23,1146787409.5090544,849461819.0629246,0.2592682723761472,2
2020-09-24,1146188994.9331748,849461819.0629246,0.25888154325504587,2
2020-09-25,1145125609.5708241,849461819.0629246,0.2581933265982147,2
2020-09-28,1147810134.9254446,849461819.0629246,0.2599282815026712,2
2020-09-29,1144777402.1000857,849461819.0629246,0.25796769092000493,2
2020-09-30,1147535948.348019,849461819.0629246,0.25975145241785125,2
2020-10-01,1151574726.1160917,849461819.0629246,0.26234763598199246,2
2020-10-02,1148458590.9223523,849461819.0629246,0.26034614937165196,2
2020-10-05,1161013833.0642984,849461819.0629246,0.2683447906723775,2
2020-10-06,1165152693.6744277,849461819.0629246,0.27094377957960153,2
2020-10-07,1160889770.7499573,849461819.0629246,0.2682665999251972,2
2020-10-08,1159893107.282311,849461819.0629246,0.2676378420307564,2
2020-10-09,1163042603.4234023,849461819.0629246,0.26962106412736414,2
2020-10-12,1159394775.5484877,849461819.0629246,0.2673230577039125,2
2020-10-13,1156021134.2509987,849461819.0629246,0.26518487085160247,2
2020-10-14,1159153949.918414,849461819.0629246,0.2671708368653593,2
2020-10-15,1162129342.3241363,849461819.0629246,0.26904709473724286,2
2020-10-16,1158581597.2912781,849461819.0629246,0.2668088108347866,2
2020-10-19,1151934397.5383568,849461819.0629246,0.2625779550656751,2
2020-10-20,1151763997.6924305,981025038.6956825,0.14824127107534618,1
2020-10-21,1150309662.4369216,981025038.6956825,0.147164393440468,1
2020-10-22,1153218332.9479394,981025038.6956825,0.14931543258775987,1
2020-10-23,1160780876.276586,981025038.6956825,0.15485768352550983,1
2020-10-26,1160199142.1743824,981025038.6956825,0.15443392169977088,1
2020-10-27,1163689546.7876039,981025038.6956825,0.15697013743585786,1
2020-10-28,1157872205.765568,981025038.6956825,0.1527346162981404,1
2020-10-29,1159035673.9699752,981025038.6956825,0.15358512190100548,1
2020-10-30,1158744806.9188733,981025038.6956825,0.15337265562013724,1
2020-11-02,1159035673.9699752,981025038.6956825,0.15358512190100548,1
2020-11-03,1159617408.0721788,981025038.6956825,0.1540097347050003,1
2020-11-04,1159326541.021077,981025038.6956825,0.15379748156921805,1
2020-11-05,1156999604.6122627,981025038.6956825,0.1520956145663968,1
2020-11-06,1157872205.765568,981025038.6956825,0.1527346162981404,1
2020-11-09,1164271280.8898072,981025038.6956825,0.15739136161984235,1
2020-11-10,1163107812.6854002,981025038.6956825,0.1565484918971719,1
2020-11-11,1163107812.6854002,981025038.6956825,0.1565484918971719,1
2020-11-12,1163980413.8387055,981025038.6956825,0.15718080215770316,1
2020-11-13,1166889084.3497233,981025038.6956825,0.1592816730800237,1
2020-11-16,1168634286.6563342,981025038.6956825,0.16053717583234214,1
2020-11-17,1175033361.7805734,981025038.6956825,0.16510877852089453,1
2020-11-18,1182305038.058118,981025038.6956825,0.17024371281799558,1
2020-11-19,1185795442.6713395,981025038.6956825,0.17268611145473267,1
2020-11-20,1188704113.1823573,981025038.6956825,0.17471048697785993,1
2020-11-23,1210314430.9335032,388698262.6331916,0.6788452217880335,5
2020-11-24,1203886158.5796487,388698262.6331916,0.6771303832483797,5
2020-11-25,1184156937.4528453,388698262.6331916,0.6717510573646662,5
2020-11-26,1180081774.353868,388698262.6331916,0.6706175189884479,5
2020-11-27,1191241552.352315,388698262.6331916,0.6737032368744703,5
2020-11-30,1179579252.7641382,388698262.6331916,0.6704771962355688,5
2020-12-01,1178648506.4589658,522363832.5453469,0.5568111869799982,4
2020-12-02,1172866795.9429724,375075120.045347,0.6802065491641865,5
2020-12-03,1197056324.6427562,375075120.045347,0.6866687788001266,5
2020-12-04,1193174087.6622486,375075120.045347,0.6856492913115296,5
2020-12-07,1203430795.8481998,375075120.045347,0.6883284677944549,5
2020-12-08,1213344646.5931125,375075120.045347,0.6908750361255551,5
2020-12-09,1213256336.0857708,375075120.045347,0.6908525355363723,5
2020-12-10,1198713169.96677,375075120.045347,0.6871018610267337,5
2020-12-11,1210862978.5191512,375075120.045347,0.690241483388936,5
2020-12-14,1228204264.263601,375075120.045347,0.6946150319139038,5
2020-12-15,1221021216.0532734,524972532.545347,0.5700545366097535,4
2020-12-16,1224009618.6767483,524972532.545347,0.5711042425361951,4
2020-12-17,1213735957.310966,524972532.545347,0.5674738567452311,4
2020-12-18,1216983720.6459384,524972532.545347,0.5686281388655656,4
2020-12-21,1225405664.42527,524972532.545347,0.5715928628487568,4
2020-12-22,1235718244.0421176,524972532.545347,0.5751680975202514,4
2020-12-23,1247507108.4808185,524972532.545347,0.5791827325259534,4
2020-12-24,1241941393.103681,524972532.545347,0.5772968551813776,4
2020-12-25,1246268815.5547428,524972532.545347,0.5787646084110115,4
2020-12-28,1253290239.8605103,524972532.545347,0.5811245345660908,4
2020-12-29,1261270970.974799,677466941.1714776,0.4628696316954925,3
2020-12-30,1265319337.4065585,677466941.1714776,0.4645881706352194,3
2020-12-31,1276370271.8941379,677466941.1714776,0.4692238168739904,3
2021-01-04,1281525397.523605,677466941.1714776,0.4713589426470973,3
2021-01-05,1275423478.0541468,677466941.1714776,0.46882980215711817,3
2021-01-06,1278947585.5552523,677466941.1714776,0.4702934281099903,3
2021-01-07,1277903708.134573,677466941.1714776,0.4698607282700403,3
2021-01-08,1275666685.313105,677466941.1714776,0.4689310703405277,3
2021-01-11,1283594288.379539,677466941.1714776,0.4722110036600903,3
2021-01-12,1292481013.0354345,677466941.1714776,0.4758399277522662,3
2021-01-13,1297372436.4401178,677466941.1714776,0.47781614427512387,3
2021-01-14,1300728793.8410392,677466941.1714776,0.47916357016213623,3
2021-01-15,1299625811.4854841,677466941.1714776,0.4787215403200351,3
2021-01-18,1293120853.6324258,677466941.1714776,0.47609928393897055,3
2021-01-19,1258640973.9984875,677466941.1714776,0.4617472693429956,3
2021-01-20,1257140740.445353,830139275.5064497,0.3396608281007856,2
2021-01-21,1273075929.561348,830139275.5064497,0.3479263441949742,2
2021-01-22,1276835574.8037572,830139275.5064497,0.3498463765516263,2
2021-01-25,1280953992.3973498,830139275.5064497,0.35193669684200346,2
2021-01-26,1269330123.5642354,830139275.5064497,0.3460020682598731,2
2021-01-27,1252476054.4167674,830139275.5064497,0.33720147975761866,2
2021-01-28,1230968112.4516706,830139275.5064497,0.3256208125057813,2
2021-01-29,1238573506.2879565,1044412306.041602,0.15676195176196014,1
2021-02-01,1234050037.4650128,1044412306.041602,0.1536710227836181,1
2021-02-02,1238573506.2879565,1044412306.041602,0.15676195176196014,1
2021-02-03,1249708198.7752028,1044412306.041602,0.1642750627184845,1
2021-02-04,1252537569.5248325,736502532.9342259,0.41199166328110354,3
2021-02-05,1258925997.6606188,736502532.9342259,0.4149755153973933,3
2021-02-08,1261981956.8764694,736502532.9342259,0.4163921845941896,3
2021-02-09,1270177842.305644,736502532.9342259,0.42015794292449904,3
2021-02-17,1296420926.6649146,578677171.4410081,0.5536348113959606,4
2021-02-18,1296906712.842903,420224012.6759759,0.6759797690037259,5
2021-02-19,1292117174.047034,420224012.6759759,0.6747787111599219,5
2021-02-22,1284701914.8610675,420224012.6759759,0.6729015440741983,5
2021-02-23,1279226827.196565,573262048.6990466,0.5518683344412385,4
2021-02-24,1271713126.964775,413185165.7876425,0.6750956194233834,5
2021-02-25,1275594172.9370244,413185165.7876425,0.6760841539152741,5
2021-02-26,1281317755.708089,413185165.7876425,0.6775310699106751,5
2021-03-01,1296682882.4982557,413185165.7876425,0.6813521861323728,5
2021-03-02,1296251326.2695801,413185165.7876425,0.6812460998773067,5
2021-03-03,1310463780.8951445,413185165.7876425,0.6847031014429058,5
2021-03-04,1300547425.0539813,413185165.7876425,0.6822990397520547,5
2021-03-05,1302703255.4214053,413185165.7876425,0.6828247998397892,5
2021-03-08,1294282165.9383454,413185165.7876425,0.6807611379794558,5
2021-03-09,1306803093.2590785,413185165.7876425,0.6838198746857979,5
2021-03-10,1313416426.0891757,413185165.7876425,0.6854119092922104,5
2021-03-11,1341286790.8488078,413185165.7876425,0.6919486804711122,5
2021-03-12,1348407323.1419146,413185165.7876425,0.6935754065582479,5
2021-03-15,1355429691.384338,413185165.7876425,0.695162966833311,5
2021-03-16,1351147024.1094162,413185165.7876425,0.6941967392038731,5
2021-03-17,1355587203.5954235,413185165.7876425,0.6951983873175023,5
2021-03-18,1369331530.7467144,413185165.7876425,0.6982577582491457,5
2021-03-19,1363921231.558669,413185165.7876425,0.6970608300338133,5
2021-03-22,1347831768.6484816,413185165.7876425,0.693444556361839,5
2021-03-23,1360953939.564074,413185165.7876425,0.6964003308444153,5
2021-03-24,1343796954.2172704,413185165.7876425,0.6925241090248542,5
2021-03-25,1337768170.6682422,413185165.7876425,0.6911384387466416,5
2021-03-26,1332794373.7974558,413185165.7876425,0.6899858118320403,5
2021-03-29,1350349390.7489583,413185165.7876425,0.6940161052996268,5
2021-03-30,1347514190.392409,413185165.7876425,0.6933723082594633,5
2021-03-31,1346687684.4074538,413185165.7876425,0.6931841208829016,5
2021-04-01,1366342200.1582878,413185165.7876425,0.697597596166044,5
2021-04-02,1377172780.33761,413185165.7876425,0.699975797019201,5
2021-04-05,1402070293.6333947,413185165.7876425,0.7053035303123827,5
2021-04-06,1405868836.4711287,413185165.7876425,0.7060997761179638,5
2021-04-07,1415290359.491671,413185165.7876425,0.7080562564306268,5
2021-04-08,1413515652.1309988,413185165.7876425,0.7076897131172692,5
2021-04-09,1413180637.2403545,413185165.7876425,0.707620416739854,5
2021-04-12,1418403245.6448946,413185165.7876425,0.7086969681884909,5
2021-04-13,1412217621.9561663,413185165.7876425,0.7074210381149972,5
2021-04-14,1415361592.700716,413185165.7876425,0.7080709495590982,5
2021-04-15,1411655284.6880546,413185165.7876425,0.7073044883766029,5
2021-04-16,1428072640.526577,413185165.7876425,0.710669363684968,5
2021-04-19,1475674282.489337,413185165.7876425,0.720002462135049,5
2021-04-20,1492536426.7994788,413185165.7876425,0.7231657744704721,5
2021-04-22,1459576874.2772615,413185165.7876425,0.7169144201519092,5
2021-04-23,1487496672.6699429,413185165.7876425,0.7222278386371065,5
2021-04-26,1516556269.2845528,413185165.7876425,0.7275503888935385,5
2021-04-27,1503103436.0549455,413185165.7876425,0.7251119544559815,5
2021-04-28,1510236360.6933534,413185165.7876425,0.7264102649482309,5
2021-04-29,1518079269.0306406,413185165.7876425,0.7278237215824184,5
2021-05-04,1565179913.4544284,413185165.7876425,0.736014267602168,5
2021-05-05,1575490239.8913946,413185165.7876425,0.7377418435698306,5
2021-05-06,1582930250.4568074,413185165.7876425,0.7389744964009601,5
2021-05-07,1582485401.2936502,413185165.7876425,0.7389011200672866,5
2021-05-10,1586585173.4497063,413185165.7876425,0.7395758055085971,5
2021-05-11,1577475236.1287065,413185165.7876425,0.738071852841479,5
2021-05-12,1618434569.1948867,413185165.7876425,0.7447007289314221,5
2021-05-13,1600573966.9119992,413185165.7876425,0.74185187668346,5
2021-05-14,1612536562.8177967,413185165.7876425,0.7437669474820281,5
2021-05-17,1593305219.5893445,413185165.7876425,0.7406741905395025,5
2021-05-18,1598904920.8867884,413185165.7876425,0.7415824040628503,5
2021-05-19,1610514747.7446742,413185165.7876425,0.7434452765078637,5
2021-05-20,1627272925.8821752,413185165.7876425,0.746087359277088,5
2021-05-21,1666683496.350573,413185165.7876425,0.7520914038614009,5
2021-05-24,1666905247.563095,413185165.7876425,0.7521243835594784,5
2021-05-25,1668311349.9948292,413185165.7876425,0.7523333005023773,5
2021-05-26,1669376443.9754872,413185165.7876425,0.7524913165758618,5
2021-05-27,1681631381.584859,413185165.7876425,0.7542950433059623,5
2021-05-28,1694495126.5183146,413185165.7876425,0.7561603103358487,5
2021-05-31,1695184694.5863223,413185165.7876425,0.7562594995653423,5
2021-06-01,1682100203.1697133,413185165.7876425,0.7543635242365198,5
2021-06-02,1696343721.537366,413185165.7876425,0.7564260352771075,5
2021-06-03,1724234200.9017987,413185165.7876425,0.7603659841734141,5
2021-06-04,1752814748.2518468,413185165.7876425,0.7642733402376214,5
2021-06-07,1752274917.061167,413185165.7876425,0.7642007188685797,5
2021-06-08,1725239757.7957666,413185165.7876425,0.7605056549847055,5
2021-06-09,1730844116.2046266,413185165.7876425,0.7612811217837053,5
2021-06-10,1740998226.2852328,413185165.7876425,0.7626734137063106,5
2021-06-11,1781360584.5241838,413185165.7876425,0.7680507981498829,5
2021-06-14,1814267224.9988205,413185165.7876425,0.7722578239333453,5
2021-06-15,1818823453.970285,413185165.7876425,0.7728283276281125,5
2021-06-16,1814160352.8871822,413185165.7876425,0.772244407651137,5
2021-06-17,1809164822.3661506,413185165.7876425,0.771615520775354,5
2021-06-18,1816719940.5628414,413185165.7876425,0.7725652938781347,5
2021-06-21,1801452469.8076606,413185165.7876425,0.7706377644080957,5
2021-06-22,1785420620.5063415,413185165.7876425,0.7685782492696516,5
2021-06-23,1775796832.1190279,413185165.7876425,0.7673240776679415,5
2021-06-24,1794820218.2042148,413185165.7876425,0.7697902209943625,5
2021-06-25,1845766818.8936212,413185165.7876425,0.7761444395043836,5
2021-06-28,1855961784.6965263,413185165.7876425,0.7773740983275668,5
2021-06-29,1859103253.6322777,413185165.7876425,0.7777502863381204,5
2021-06-30,1837976759.2483819,413185165.7876425,0.7751956526606955,5
2021-07-01,1874665310.6327763,413185165.7876425,0.7795952357766861,5
2021-07-02,1885402227.3493557,413185165.7876425,0.780850388424262,5
2021-07-05,1897247471.0061264,413185165.7876425,0.7822186235048574,5
2021-07-06,1852872003.2540872,413185165.7876425,0.7770028555334689,5
2021-07-07,1891805679.5946615,413185165.7876425,0.781592173950883,5
2021-07-08,1875303443.4802468,413185165.7876425,0.7796702356495221,5
2021-07-09,1884376157.7930126,413185165.7876425,0.7807310583511275,5
2021-07-12,1809516748.494299,413185165.7876425,0.771659938416456,5
2021-07-13,1778274990.293359,413185165.7876425,0.7676483288338436,5
2021-07-14,1761237094.938638,625314504.980737,0.6449572253629355,4
2021-07-15,1777414876.0323832,625314504.980737,0.6481887749377967,4
2021-07-16,1805798940.2025144,625314504.980737,0.6537186443853987,4
2021-07-19,1761443103.9670887,625314504.980737,0.6449987492798288,4
2021-07-20,1785907007.214688,625314504.980737,0.6498616655544784,4
2021-07-21,1775297035.3873305,625314504.980737,0.6477690817276067,4
2021-07-22,1803325295.757701,625314504.980737,0.6532436458071202,4
2021-07-23,1801086573.0934532,625314504.980737,0.6528126330392163,4
2021-07-26,1820546970.6401048,625314504.980737,0.656523827692907,4
2021-07-27,1805913398.7392783,625314504.980737,0.6537405916489275,4
2021-07-28,1813479335.0431201,625314504.980737,0.6551852050931319,4
2021-07-29,1826010937.305239,625314504.980737,0.6575516103405418,4
2021-07-30,1849617024.7413247,625314504.980737,0.661922172743739,4
2021-08-02,1860303547.8816273,625314504.980737,0.663864262532425,4
2021-08-03,1863537307.7602148,625314504.980737,0.6644475523099119,4
2021-08-04,1869458895.9122412,625314504.980737,0.665510428526645,4
2021-08-05,1874937523.2327702,625314504.980737,0.6664878177366845,4
2021-08-06,1862468621.0830138,625314504.980737,0.6642550119222301,4
2021-08-09,1866927413.1923018,625314504.980737,0.665056873362046,4
2021-08-10,1869375450.1854005,625314504.980737,0.6654954974835474,4
2021-08-11,1865810281.0536373,625314504.980737,0.664856330072521,4
2021-08-12,1859184295.7641397,868687258.5282068,0.5327589306195332,3
2021-08-13,1850933582.4343386,868687258.5282068,0.5306761589004648,3
2021-08-16,1856824631.2620866,868687258.5282068,0.5321651577091808,3
2021-08-17,1859735966.1424856,868687258.5282068,0.5328975325835843,3
2021-08-18,1852641905.9764354,868687258.5282068,0.5311089230326111,3
2021-08-19,1861138054.816121,1532027419.5560923,0.17683300516497402,1
2021-08-20,1857205666.7109923,1532027419.5560923,0.17509005759753718,1
2021-08-23,1862045528.994228,1532027419.5560923,0.1772341783803712,1
2021-08-24,1857205666.7109923,1532027419.5560923,0.17509005759753718,1
2021-08-25,1858415632.2818012,1532027419.5560923,0.17562713477875924,1
2021-08-26,1866885391.2774637,1532027419.5560923,0.17936718198444757,1
2021-08-27,1870212796.5971882,1532027419.5560923,0.18082721798097892,1
2021-08-30,1879892521.1636596,1532027419.5560923,0.18504520747400904,1
2021-08-31,1888967262.9447265,1532027419.5560923,0.18896031201313557,1
2021-09-01,1886547331.8031087,1532027419.5560923,0.18791996695263208,1
2021-09-06,1882917435.090682,1532027419.5560923,0.18635443540714294,1
2021-09-07,1879302980.5423126,1064095939.6437883,0.4337815931432616,3
2021-09-08,1873374670.7437956,828787198.6011287,0.5575966668365004,4
2021-09-09,1886598636.9598799,828787198.6011287,0.5606976585456138,4
2021-09-10,1909878671.0551023,828787198.6011287,0.5660524350778422,4
2021-09-13,1961943054.4915235,592262183.9922134,0.6981246817351129,5
2021-09-14,1998322929.9929917,592262183.9922134,0.7036203833209828,5
2021-09-15,2008854355.6618185,592262183.9922134,0.7051741544512857,5
2021-09-16,1996413980.6449223,592262183.9922134,0.7033369883530426,5
2021-09-17,2049980221.0341492,592262183.9922134,0.7110888300700599,5
2021-09-20,2091324123.2225788,592262183.9922134,0.716800386216757,5
2021-09-21,2114994281.581914,592262183.9922134,0.7199698414554437,5
2021-09-22,2149919818.945993,592262183.9922134,0.7245189430912953,5
2021-09-23,2100250644.149683,592262183.9922134,0.7180040460208981,5
2021-09-24,2050975241.5391262,592262183.9922134,0.7112289938966994,5
2021-09-27,1996863697.2851512,592262183.9922134,0.7034038002706808,5
2021-09-28,2013867827.3774457,1004184565.9562649,0.5013652076343253,3
2021-09-29,1979444413.8842986,1004184565.9562649,0.4926937281427692,3
2021-09-30,2016482105.3297713,1004184565.9562649,0.5020116651161441,3
2021-10-01,2039350794.4320598,1004184565.9562649,0.5075959620591313,3
2021-10-04,2016472195.34638,1004184565.9562649,0.5020092177448692,3
2021-10-05,2017175596.7933185,1004184565.9562649,0.5021828701712405,3
2021-10-06,2012843719.2939382,1004184565.9562649,0.5011115088912561,3
2021-10-07,2020366787.3831344,1004184565.9562649,0.5029691775635811,3
2021-10-08,2019405886.7522297,1004184565.9562649,0.5027326737314434,3
2021-10-11,2021223437.286138,1004184565.9562649,0.5031798328518463,3
2021-10-12,2045591849.3668284,1004184565.9562649,0.5090982757547211,3
2021-10-13,2045017649.0657215,1004184565.9562649,0.5089604403096313,3
2021-10-14,2035541830.4857392,1004184565.9562649,0.506674561575265,3
2021-10-15,2042618774.4879403,1004184565.9562649,0.5083837579001976,3
2021-10-18,2026860635.8738682,1004184565.9562649,0.5045616120896654,3
2021-10-19,2012881403.6969779,1004184565.9562649,0.5011208488925777,3
2021-10-20,2027162389.396906,1004184565.9562649,0.5046353606358017,3
2021-10-21,2041986847.9929876,1004184565.9562649,0.508231619149139,3
2021-10-22,2033128063.393199,1004184565.9562649,0.5060888765263876,3
2021-10-25,2023004871.9967718,1004184565.9562649,0.5036173269493405,3
2021-10-26,2021968251.7521777,1004184565.9562649,0.5033628420792126,3
2021-10-27,2032910131.7452023,1004184565.9562649,0.5060359283594117,3
2021-10-28,2028993872.7518864,1004184565.9562649,0.5050825044659656,3
2021-10-29,2027414295.6567802,1004184565.9562649,0.5046969097004618,3
2021-11-01,2040545367.2540731,1004184565.9562649,0.5078842244475168,3
2021-11-02,2036695545.6020317,1004184565.9562649,0.5069540127759078,3
2021-11-03,2018084195.9031446,1004184565.9562649,0.5024070016529383,3
2021-11-04,2031559355.9751716,1004184565.9562649,0.5057074936044658,3
2021-11-05,2061809860.8260362,1004184565.9562649,0.5129596646928675,3
2021-11-08,2062872059.1995373,1004184565.9562649,0.5132104477938774,3
2021-11-09,2051101155.8033776,1004184565.9562649,0.5104168494493658,3
2021-11-10,2036209577.0757005,1004184565.9562649,0.5068363407864808,3
2021-11-11,2028283789.7035813,1004184565.9562649,0.5049092385129109,3
2021-11-12,2035833968.2470043,1004184565.9562649,0.506745352706273,3
2021-11-15,2052697157.7385628,1004184565.9562649,0.5107975074791035,3
2021-11-16,2074323862.1886907,1004184565.9562649,0.5158978864097359,3
2021-11-17,2095522878.1130672,1004184565.9562649,0.5207952266021108,3
2021-11-18,2147639536.592191,1004184565.9562649,0.5324240642590915,3
2021-11-19,2164179971.076219,1004184565.9562649,0.5359976622198861,3
2021-11-22,2147887882.48733,1004184565.9562649,0.5324781269339889,3
2021-11-23,2136669089.2305098,1004184565.9562649,0.5300233569074061,3
2021-11-24,2155344052.268954,1004184565.9562649,0.5340954661511469,3
2021-11-25,2153037193.161354,1004184565.9562649,0.5335962754634082,3
2021-11-26,2106923165.706735,467540361.77476054,0.7780933024114663,5
2021-11-29,2107419156.1992953,467540361.77476054,0.7781455291419274,5
2021-11-30,2088138488.0494094,467540361.77476054,0.7760970527335553,5
2021-12-01,2077410987.284738,737005086.2623689,0.6452290419308578,4
2021-12-02,2063189910.5919416,737005086.2623689,0.6427836902076951,4
2021-12-03,2019397384.7709427,981506640.5367796,0.5139606261062329,3
2021-12-06,2005900018.3537543,981506640.5367796,0.5106901482845073,3
2021-12-07,2056951510.7643235,1234224562.9148164,0.3999739145740959,2
2021-12-08,2063648250.4685154,1234224562.9148164,0.40192105770224784,2
2021-12-09,2094766219.8201184,1234224562.9148164,0.41080558239057263,2
2021-12-10,2096678166.1778805,1234224562.9148164,0.4113428647159834,2
2021-12-13,2096168538.9100173,1234224562.9148164,0.4111997484913124,2
2021-12-14,2076043827.633275,1234224562.9148164,0.40549204863278193,2
2021-12-15,2069439158.4786086,1234224562.9148164,0.4035946609697952,2
2021-12-16,2070192923.2343524,1234224562.9148164,0.40381181431799423,2
2021-12-17,2071207250.3180556,1234224562.9148164,0.4041037840489945,2
2021-12-20,2053306831.6958253,1234224562.9148164,0.39890885090200046,2
2021-12-21,2029304801.2507606,1234224562.9148164,0.39179931858728023,2
2021-12-22,2020472851.2496412,1715129462.6666272,0.15112471736215724,1
2021-12-23,2013154703.9199655,1715129462.6666272,0.1480389165686228,1
2021-12-24,2017842734.3343465,2017842734.3343465,0.0,0
2021-12-27,2017842734.3343465,2017842734.3343465,0.0,0
2021-12-28,2017842734.3343465,2017842734.3343465,0.0,0
2021-12-29,2017842734.3343465,2017842734.3343465,0.0,0
2021-12-30,2017842734.3343465,2017842734.3343465,0.0,0
2021-12-31,2017842734.3343465,2017842734.3343465,0.0,0
2022-01-04,2017842734.3343465,2017842734.3343465,0.0,0
2022-01-05,2017842734.3343465,2017842734.3343465,0.0,0
2022-01-06,2017842734.3343465,2017842734.3343465,0.0,0
2022-01-07,2017842734.3343465,2017842734.3343465,0.0,0
2022-01-10,2017842734.3343465,2017842734.3343465,0.0,0
2022-01-11,2017842734.3343465,2017842734.3343465,0.0,0
2022-01-12,2017842734.3343465,2017842734.3343465,0.0,0
2022-01-13,2017842734.3343465,2017842734.3343465,0.0,0
2022-01-14,2017842734.3343465,2017842734.3343465,0.0,0
2022-01-17,2017842734.3343465,2017842734.3343465,0.0,0
2022-01-18,2017842734.3343465,2017842734.3343465,0.0,0
2022-01-19,2017842734.3343465,2017842734.3343465,0.0,0
2022-01-20,2017842734.3343465,2017842734.3343465,0.0,0
2022-01-21,2017842734.3343465,2017842734.3343465,0.0,0
2022-01-24,2017842734.3343465,2017842734.3343465,0.0,0
2022-01-25,2017842734.3343465,2017842734.3343465,0.0,0
2022-01-26,2017842734.3343465,2017842734.3343465,0.0,0
2022-01-27,2017842734.3343465,2017842734.3343465,0.0,0
2022-01-28,2017842734.3343465,2017842734.3343465,0.0,0
2022-02-07,2017842734.3343465,2017842734.3343465,0.0,0
2022-02-08,2017842734.3343465,2017842734.3343465,0.0,0
2022-02-09,2017842734.3343465,2017842734.3343465,0.0,0
2022-02-10,2017842734.3343465,2017842734.3343465,0.0,0
2022-02-11,2017842734.3343465,2017842734.3343465,0.0,0
2022-02-14,2017842734.3343465,2017842734.3343465,0.0,0
2022-02-15,2017842734.3343465,2017842734.3343465,0.0,0
2022-02-16,2017842734.3343465,2017842734.3343465,0.0,0
2022-02-17,2017842734.3343465,2017842734.3343465,0.0,0
2022-02-18,2017842734.3343465,2017842734.3343465,0.0,0
2022-02-21,2017842734.3343465,2017842734.3343465,0.0,0
2022-02-22,2017842734.3343465,2017842734.3343465,0.0,0
2022-02-23,2017842734.3343465,2017842734.3343465,0.0,0
2022-02-24,2017842734.3343465,2017842734.3343465,0.0,0
2022-02-25,2017842734.3343465,2017842734.3343465,0.0,0
2022-02-28,2017842734.3343465,2017842734.3343465,0.0,0
2022-03-01,2017842734.3343465,2017842734.3343465,0.0,0
2022-03-02,2017842734.3343465,2017842734.3343465,0.0,0
2022-03-03,2017842734.3343465,2017842734.3343465,0.0,0
2022-03-04,2017842734.3343465,2017842734.3343465,0.0,0
2022-03-07,2017842734.3343465,2017842734.3343465,0.0,0
2022-03-08,2017842734.3343465,2017842734.3343465,0.0,0
2022-03-09,2017842734.3343465,2017842734.3343465,0.0,0
2022-03-10,2017842734.3343465,2017842734.3343465,0.0,0
2022-03-11,2017842734.3343465,2017842734.3343465,0.0,0
2022-03-14,2017842734.3343465,2017842734.3343465,0.0,0
2022-03-15,2017842734.3343465,2017842734.3343465,0.0,0
2022-03-16,2017842734.3343465,2017842734.3343465,0.0,0
2022-03-17,2017842734.3343465,2017842734.3343465,0.0,0
2022-03-18,2017842734.3343465,2017842734.3343465,0.0,0
2022-03-21,2017842734.3343465,2017842734.3343465,0.0,0
2022-03-22,2017842734.3343465,2017842734.3343465,0.0,0
2022-03-23,2017842734.3343465,2017842734.3343465,0.0,0
2022-03-24,2017842734.3343465,2017842734.3343465,0.0,0
2022-03-25,2017842734.3343465,2017842734.3343465,0.0,0
2022-03-28,2017842734.3343465,2017842734.3343465,0.0,0
2022-03-29,2017842734.3343465,2017842734.3343465,0.0,0
2022-03-30,2017842734.3343465,2017842734.3343465,0.0,0
2022-03-31,2017842734.3343465,2017842734.3343465,0.0,0
2022-04-01,2017842734.3343465,2017842734.3343465,0.0,0
2022-04-04,2017842734.3343465,2017842734.3343465,0.0,0
2022-04-05,2017842734.3343465,2017842734.3343465,0.0,0
2022-04-06,2017842734.3343465,2017842734.3343465,0.0,0
2022-04-07,2017842734.3343465,2017842734.3343465,0.0,0
2022-04-08,2017842734.3343465,2017842734.3343465,0.0,0
2022-04-12,2017842734.3343465,2017842734.3343465,0.0,0
2022-04-13,2017842734.3343465,2017842734.3343465,0.0,0
2022-04-14,2017842734.3343465,2017842734.3343465,0.0,0
2022-04-15,2017842734.3343465,2017842734.3343465,0.0,0
2022-04-18,2017842734.3343465,2017842734.3343465,0.0,0
2022-04-19,2017842734.3343465,2017842734.3343465,0.0,0
2022-04-20,2017842734.3343465,2017842734.3343465,0.0,0
2022-04-21,2017842734.3343465,2017842734.3343465,0.0,0
2022-04-22,2017842734.3343465,2017842734.3343465,0.0,0
2022-04-25,2017842734.3343465,2017842734.3343465,0.0,0
2022-04-26,2017842734.3343465,2017842734.3343465,0.0,0
2022-04-27,2017842734.3343465,2017842734.3343465,0.0,0
2022-04-28,2017842734.3343465,2017842734.3343465,0.0,0
2022-04-29,2017842734.3343465,2017842734.3343465,0.0,0
2022-05-04,2031764671.8257844,1766405087.6552806,0.13060547210521503,1
2022-05-05,2033805899.3963268,1766405087.6552806,0.13147803918771991,1
2022-05-06,2035336820.0742335,1766405087.6552806,0.1321313159406925,1
2022-05-09,2016710618.4930346,1766405087.6552806,0.12411574002857789,1
2022-05-10,2028702830.469971,1766405087.6552806,0.12929332915354894,1
2022-05-11,2027171909.7920642,1766405087.6552806,0.12863577128174175,1
2022-05-12,2009056015.1035008,1766405087.6552806,0.12077857741349216,1
2022-05-13,1992215887.6465266,1766405087.6552806,0.11334655114009962,1
2022-05-16,1996025838.9069438,1996025838.9069438,0.0,0
2022-05-17,1996025838.9069438,1996025838.9069438,0.0,0
2022-05-18,1996025838.9069438,1996025838.9069438,0.0,0
2022-05-19,1996025838.9069438,1996025838.9069438,0.0,0
2022-05-20,1996025838.9069438,1996025838.9069438,0.0,0
2022-05-23,1996025838.9069438,1996025838.9069438,0.0,0
2022-05-24,1996025838.9069438,1996025838.9069438,0.0,0
2022-05-25,1996025838.9069438,1996025838.9069438,0.0,0
2022-05-26,1996025838.9069438,1996025838.9069438,0.0,0
2022-05-27,1996025838.9069438,1996025838.9069438,0.0,0
2022-05-30,2003408214.1102147,1747705832.7678723,0.12763368920093449,1
2022-05-31,2003893417.8698776,1747705832.7678723,0.12784491571130094,1
2022-06-01,2021360753.2177415,1747705832.7678723,0.13538153445110993,1
2022-06-02,2017092694.9565578,1249081894.988944,0.380751366502844,3
2022-06-03,2060818922.5154645,1249081894.988944,0.39389051539555103,3
2022-06-06,2010094513.1864462,1249081894.988944,0.37859544076418983,3
2022-06-07,2050811015.1524541,738542338.095725,0.639877915303267,5
2022-06-08,2009288954.007649,738542338.095725,0.6324359736200921,5
2022-06-09,2038566213.802388,738542338.095725,0.6377148149050423,5
2022-06-10,1947920296.192678,738542338.095725,0.6208559767361896,5
2022-06-13,1873711344.5006351,1171810952.6947372,0.3746043347957431,3
2022-06-14,1876683095.0492673,1611761842.2733302,0.14116461829640037,1
2022-06-15,1895120837.9164572,1611761842.2733302,0.14952027858796532,1
2022-06-16,1914528988.3029728,1611761842.2733302,0.15814184474585238,1
2022-06-17,1920836637.1785903,1611761842.2733302,0.16090634097819104,1
2022-06-20,1911132561.9853325,1611761842.2733302,0.15664571137912509,1
2022-06-21,1890268800.3198283,1611761842.2733302,0.14733722420820544,1
2022-06-22,1870860649.9333127,1611761842.2733302,0.13849177258029244,1
2022-06-23,1888813189.0408397,1611761842.2733302,0.14668012081607668,1
2022-06-24,1888327985.2811768,1611761842.2733302,0.14646086122939347,1
2022-06-27,1890754004.0794911,1611761842.2733302,0.147556033838462,1
2022-06-28,1871345853.6929755,1611761842.2733302,0.13871514498903217,1
2022-06-29,1883475947.684548,1611761842.2733302,0.1442620521622533,1
2022-06-30,1868919834.8946612,1611761842.2733302,0.13759712311888717,1
2022-07-01,1862126982.2593808,1611761842.2733302,0.13445116384183114,1
2022-07-04,1844659646.9115167,1611761842.2733302,0.12625516312894003,1
2022-07-05,1828405320.96281,1611761842.2733302,0.11848766583954083,1
2022-07-06,1818253038.7965636,1818253038.7965636,0.0,0
2022-07-07,1818253038.7965636,1818253038.7965636,0.0,0
2022-07-08,1818253038.7965636,1818253038.7965636,0.0,0
2022-07-11,1818253038.7965636,1818253038.7965636,0.0,0
2022-07-12,1818253038.7965636,1818253038.7965636,0.0,0
2022-07-13,1818253038.7965636,1818253038.7965636,0.0,0
2022-07-14,1818253038.7965636,1818253038.7965636,0.0,0
2022-07-15,1818253038.7965636,1818253038.7965636,0.0,0
2022-07-18,1818253038.7965636,1818253038.7965636,0.0,0
2022-07-19,1818253038.7965636,1818253038.7965636,0.0,0
2022-07-20,1818253038.7965636,1818253038.7965636,0.0,0
2022-07-21,1818253038.7965636,1818253038.7965636,0.0,0
2022-07-22,1818253038.7965636,1818253038.7965636,0.0,0
2022-07-25,1818253038.7965636,1818253038.7965636,0.0,0
2022-07-26,1818253038.7965636,1818253038.7965636,0.0,0
2022-07-27,1818253038.7965636,1818253038.7965636,0.0,0
2022-07-28,1818253038.7965636,1818253038.7965636,0.0,0
2022-07-29,1823347975.0777614,1593276343.504136,0.12618086877454826,1
2022-08-01,1827182502.2706552,1593276343.504136,0.12801466655675714,1
2022-08-02,1833317745.7792852,1593276343.504136,0.13093278719838886,1
2022-08-03,1836001914.8143108,1593276343.504136,0.13220333233406428,1
2022-08-04,1829738853.7325845,1593276343.504136,0.1292329283744921,1
2022-08-05,1826671231.9782693,1593276343.504136,0.12777060501542392,1
2022-08-08,1824626150.808726,1593276343.504136,0.12679299110234127,1
2022-08-09,1823603610.2239544,1593276343.504136,0.1263033618865956,1
2022-08-10,1825904326.5396907,1593276343.504136,0.12740425643024395,1
2022-08-11,1825904326.5396907,1593276343.504136,0.12740425643024395,1
2022-08-12,1825904326.5396907,1593276343.504136,0.12740425643024395,1
2022-08-15,1826499389.7160304,1365669562.234333,0.25230220720377217,2
2022-08-16,1832441008.87936,1365669562.234333,0.25472658840487516,2
2022-08-17,1827663668.4226017,1365669562.234333,0.25277851399595913,2
2022-08-18,1830669279.376024,1365669562.234333,0.2540053096319965,2
2022-08-19,1847820247.6287727,1365669562.234333,0.26092943077832526,2
2022-08-22,1839771536.4950073,1365669562.234333,0.25769611327061687,2
2022-08-23,1837367047.7322693,1365669562.234333,0.25672468986538033,2
2022-08-24,1841657163.0227363,1365669562.234333,0.2584561395820048,2
2022-08-25,1840992861.6409862,1137332386.4464133,0.3822179269980214,3
2022-08-26,1854103047.0864918,1137332386.4464133,0.3865862049935146,3
2022-08-29,1848122583.8470497,1137332386.4464133,0.3846012183461643,3
2022-08-30,1839078464.3299477,1137332386.4464133,0.3815748438657344,3
2022-08-31,1842181714.5727475,1137332386.4464133,0.38261661298153105,3
2022-09-05,1855797797.3335733,1137332386.4464133,0.38714638627088444,3
2022-09-06,1858540941.3787389,1137332386.4464133,0.3880509376335313,3
2022-09-07,1846547201.4121904,1137332386.4464133,0.3840761906456485,3
2022-09-08,1850281546.0983918,1344926480.6458478,0.2731233344018181,2
2022-09-09,1863236653.2570782,1344926480.6458478,0.278177316716685,2
2022-09-12,1863190319.807519,1344926480.6458478,0.2781593665724989,2
2022-09-13,1860052797.2920568,1344926480.6458478,0.2769417714358171,2
2022-09-14,1855055927.9920971,1344926480.6458478,0.2749941064571626,2
2022-09-15,1853053666.1302292,1579688697.6081805,0.14752134464239372,1
2022-09-16,1838042295.0264173,1579688697.6081805,0.1405591145085829,1
2022-09-19,1828956465.1477942,1579688697.6081805,0.13628961229510234,1
2022-09-20,1832906825.9645867,1579688697.6081805,0.13815111863263835,1
2022-09-21,1838437331.1080966,1579688697.6081805,0.14074378773844762,1
2022-09-22,1846338052.7416816,1579688697.6081805,0.14442065727754763,1
2022-09-23,1836067114.618021,1579688697.6081805,0.13963455636706285,1
2022-09-26,1818290490.942454,1579688697.6081805,0.13122314312417802,1
2022-09-27,1801698975.5119252,1579688697.6081805,0.12322273638450833,1
2022-09-28,1800699929.2613583,1800699929.2613583,0.0,0
2022-09-29,1800699929.2613583,1800699929.2613583,0.0,0
2022-09-30,1800699929.2613583,1800699929.2613583,0.0,0
2022-10-03,1800699929.2613583,1800699929.2613583,0.0,0
2022-10-04,1800699929.2613583,1800699929.2613583,0.0,0
2022-10-05,1800699929.2613583,1800699929.2613583,0.0,0
2022-10-06,1800699929.2613583,1800699929.2613583,0.0,0
2022-10-07,1800699929.2613583,1800699929.2613583,0.0,0
2022-10-10,1800699929.2613583,1800699929.2613583,0.0,0
2022-10-11,1800699929.2613583,1800699929.2613583,0.0,0
2022-10-12,1800699929.2613583,1800699929.2613583,0.0,0
2022-10-13,1800699929.2613583,1800699929.2613583,0.0,0
2022-10-14,1800699929.2613583,1800699929.2613583,0.0,0
2022-10-17,1800699929.2613583,1800699929.2613583,0.0,0
2022-10-18,1800699929.2613583,1800699929.2613583,0.0,0
2022-10-19,1800699929.2613583,1800699929.2613583,0.0,0
2022-10-20,1800699929.2613583,1800699929.2613583,0.0,0
2022-10-21,1800699929.2613583,1800699929.2613583,0.0,0
2022-10-24,1800699929.2613583,1800699929.2613583,0.0,0
2022-10-25,1800699929.2613583,1800699929.2613583,0.0,0
2022-10-26,1800699929.2613583,1800699929.2613583,0.0,0
2022-10-27,1800699929.2613583,1800699929.2613583,0.0,0
2022-10-28,1800699929.2613583,1800699929.2613583,0.0,0
2022-10-31,1800699929.2613583,1800699929.2613583,0.0,0
2022-11-01,1800699929.2613583,1800699929.2613583,0.0,0
2022-11-02,1800699929.2613583,1800699929.2613583,0.0,0
2022-11-03,1800699929.2613583,1800699929.2613583,0.0,0
2022-11-04,1800699929.2613583,1800699929.2613583,0.0,0
2022-11-07,1800699929.2613583,1800699929.2613583,0.0,0
2022-11-08,1800699929.2613583,1800699929.2613583,0.0,0
2022-11-09,1800699929.2613583,1800699929.2613583,0.0,0
2022-11-10,1800699929.2613583,1800699929.2613583,0.0,0
2022-11-11,1800699929.2613583,1800699929.2613583,0.0,0
2022-11-14,1800699929.2613583,1800699929.2613583,0.0,0
2022-11-15,1800699929.2613583,1800699929.2613583,0.0,0
2022-11-16,1800699929.2613583,1800699929.2613583,0.0,0
2022-11-17,1800699929.2613583,1800699929.2613583,0.0,0
2022-11-18,1800699929.2613583,1800699929.2613583,0.0,0
2022-11-21,1800699929.2613583,1800699929.2613583,0.0,0
2022-11-22,1800699929.2613583,1800699929.2613583,0.0,0
2022-11-23,1800699929.2613583,1800699929.2613583,0.0,0
2022-11-24,1800699929.2613583,1800699929.2613583,0.0,0
2022-11-25,1800699929.2613583,1800699929.2613583,0.0,0
2022-11-28,1800699929.2613583,1800699929.2613583,0.0,0
2022-11-29,1800699929.2613583,1800699929.2613583,0.0,0
2022-11-30,1800699929.2613583,1800699929.2613583,0.0,0
2022-12-01,1800699929.2613583,1800699929.2613583,0.0,0
2022-12-02,1800699929.2613583,1800699929.2613583,0.0,0
2022-12-05,1800699929.2613583,1800699929.2613583,0.0,0
2022-12-06,1800699929.2613583,1800699929.2613583,0.0,0
2022-12-07,1800699929.2613583,1800699929.2613583,0.0,0
2022-12-08,1800699929.2613583,1800699929.2613583,0.0,0
2022-12-09,1800699929.2613583,1800699929.2613583,0.0,0
2022-12-12,1800699929.2613583,1800699929.2613583,0.0,0
2022-12-13,1800699929.2613583,1800699929.2613583,0.0,0
2022-12-14,1800699929.2613583,1800699929.2613583,0.0,0
2022-12-15,1800699929.2613583,1800699929.2613583,0.0,0
2022-12-16,1800699929.2613583,1800699929.2613583,0.0,0
2022-12-19,1800699929.2613583,1800699929.2613583,0.0,0
2022-12-20,1800699929.2613583,1800699929.2613583,0.0,0
2022-12-21,1800699929.2613583,1800699929.2613583,0.0,0
2022-12-22,1800699929.2613583,1800699929.2613583,0.0,0
2022-12-23,1800699929.2613583,1800699929.2613583,0.0,0
2022-12-26,1800699929.2613583,1800699929.2613583,0.0,0
2022-12-27,1800699929.2613583,1800699929.2613583,0.0,0
2022-12-28,1800699929.2613583,1800699929.2613583,0.0,0
2022-12-29,1800699929.2613583,1800699929.2613583,0.0,0
2022-12-30,1800699929.2613583,1800699929.2613583,0.0,0
2023-01-03,1800699929.2613583,1800699929.2613583,0.0,0
2023-01-04,1800699929.2613583,1800699929.2613583,0.0,0
2023-01-05,1800699929.2613583,1800699929.2613583,0.0,0
2023-01-06,1800699929.2613583,1800699929.2613583,0.0,0
2023-01-09,1800699929.2613583,1800699929.2613583,0.0,0
2023-01-10,1800699929.2613583,1800699929.2613583,0.0,0
2023-01-11,1800699929.2613583,1800699929.2613583,0.0,0
2023-01-12,1800699929.2613583,1800699929.2613583,0.0,0
2023-01-13,1800699929.2613583,1800699929.2613583,0.0,0
2023-01-16,1800699929.2613583,1800699929.2613583,0.0,0
2023-01-17,1800699929.2613583,1800699929.2613583,0.0,0
2023-01-18,1800699929.2613583,1800699929.2613583,0.0,0
2023-01-19,1800699929.2613583,1800699929.2613583,0.0,0
2023-01-27,1800699929.2613583,1800699929.2613583,0.0,0
2023-01-30,1800699929.2613583,1800699929.2613583,0.0,0
2023-01-31,1800699929.2613583,1800699929.2613583,0.0,0
2023-02-01,1800699929.2613583,1800699929.2613583,0.0,0
2023-02-02,1800699929.2613583,1800699929.2613583,0.0,0
2023-02-03,1800699929.2613583,1800699929.2613583,0.0,0
2023-02-06,1800699929.2613583,1800699929.2613583,0.0,0
2023-02-07,1800699929.2613583,1800699929.2613583,0.0,0
2023-02-08,1800699929.2613583,1800699929.2613583,0.0,0
2023-02-09,1800699929.2613583,1800699929.2613583,0.0,0
2023-02-10,1800699929.2613583,1800699929.2613583,0.0,0
2023-02-13,1800699929.2613583,1800699929.2613583,0.0,0
2023-02-14,1800699929.2613583,1800699929.2613583,0.0,0
2023-02-15,1800699929.2613583,1800699929.2613583,0.0,0
2023-02-16,1800699929.2613583,1800699929.2613583,0.0,0
2023-02-17,1800699929.2613583,1800699929.2613583,0.0,0
2023-02-20,1800699929.2613583,1800699929.2613583,0.0,0
2023-02-21,1800699929.2613583,1800699929.2613583,0.0,0
2023-02-22,1800699929.2613583,1800699929.2613583,0.0,0
2023-02-23,1800699929.2613583,1800699929.2613583,0.0,0
2023-02-24,1800699929.2613583,1800699929.2613583,0.0,0
2023-02-27,1800699929.2613583,1800699929.2613583,0.0,0
2023-02-28,1800699929.2613583,1800699929.2613583,0.0,0
2023-03-01,1800699929.2613583,1800699929.2613583,0.0,0
2023-03-02,1800699929.2613583,1800699929.2613583,0.0,0
2023-03-03,1800699929.2613583,1800699929.2613583,0.0,0
2023-03-06,1800699929.2613583,1800699929.2613583,0.0,0
2023-03-07,1800699929.2613583,1800699929.2613583,0.0,0
2023-03-08,1800699929.2613583,1800699929.2613583,0.0,0
2023-03-09,1800699929.2613583,1800699929.2613583,0.0,0
2023-03-10,1800699929.2613583,1800699929.2613583,0.0,0
2023-03-13,1800699929.2613583,1800699929.2613583,0.0,0
2023-03-14,1800699929.2613583,1800699929.2613583,0.0,0
2023-03-15,1800699929.2613583,1800699929.2613583,0.0,0
2023-03-16,1800699929.2613583,1800699929.2613583,0.0,0
2023-03-17,1800699929.2613583,1800699929.2613583,0.0,0
2023-03-20,1800699929.2613583,1800699929.2613583,0.0,0
2023-03-21,1800699929.2613583,1800699929.2613583,0.0,0
2023-03-22,1800699929.2613583,1800699929.2613583,0.0,0
2023-03-23,1800699929.2613583,1800699929.2613583,0.0,0
2023-03-24,1800699929.2613583,1800699929.2613583,0.0,0
2023-03-27,1800699929.2613583,1800699929.2613583,0.0,0
2023-03-28,1800699929.2613583,1800699929.2613583,0.0,0
2023-03-29,1800699929.2613583,1800699929.2613583,0.0,0
2023-03-30,1800699929.2613583,1800699929.2613583,0.0,0
2023-03-31,1800699929.2613583,1800699929.2613583,0.0,0
2023-04-03,1800699929.2613583,1800699929.2613583,0.0,0
2023-04-04,1800699929.2613583,1800699929.2613583,0.0,0
2023-04-05,1800699929.2613583,1800699929.2613583,0.0,0
2023-04-06,1800699929.2613583,1800699929.2613583,0.0,0
2023-04-07,1800699929.2613583,1800699929.2613583,0.0,0
2023-04-10,1800699929.2613583,1800699929.2613583,0.0,0
2023-04-11,1800699929.2613583,1800699929.2613583,0.0,0
2023-04-12,1800699929.2613583,1800699929.2613583,0.0,0
2023-04-13,1800699929.2613583,1800699929.2613583,0.0,0
2023-04-14,1800699929.2613583,1800699929.2613583,0.0,0
2023-04-17,1800699929.2613583,1800699929.2613583,0.0,0
2023-04-18,1800699929.2613583,1800699929.2613583,0.0,0
2023-04-19,1800699929.2613583,1800699929.2613583,0.0,0
2023-04-20,1800699929.2613583,1800699929.2613583,0.0,0
2023-04-21,1800699929.2613583,1800699929.2613583,0.0,0
2023-04-24,1800699929.2613583,1800699929.2613583,0.0,0
2023-04-25,1800699929.2613583,1800699929.2613583,0.0,0
2023-04-26,1800699929.2613583,1800699929.2613583,0.0,0
2023-04-27,1800699929.2613583,1800699929.2613583,0.0,0
2023-04-28,1800699929.2613583,1800699929.2613583,0.0,0
2023-05-04,1800699929.2613583,1800699929.2613583,0.0,0
2023-05-05,1800699929.2613583,1800699929.2613583,0.0,0
2023-05-08,1800699929.2613583,1800699929.2613583,0.0,0
2023-05-09,1800699929.2613583,1800699929.2613583,0.0,0
2023-05-10,1800699929.2613583,1800699929.2613583,0.0,0
2023-05-11,1800699929.2613583,1800699929.2613583,0.0,0
2023-05-12,1800699929.2613583,1800699929.2613583,0.0,0
2023-05-15,1800699929.2613583,1800699929.2613583,0.0,0
2023-05-16,1800699929.2613583,1800699929.2613583,0.0,0
2023-05-17,1797372306.2571235,1579964192.9904432,0.12095886451005487,1
2023-05-18,1797372306.2571235,1579964192.9904432,0.12095886451005487,1
2023-05-19,1785915416.9758177,1579964192.9904432,0.11531969657002135,1
2023-05-22,1791645686.3294773,1131288713.810624,0.3685756495034008,3
2023-05-23,1793212884.2989502,1341472712.8192844,0.25191664382685486,2
2023-05-24,1789457652.5108707,1341472712.8192844,0.25034676795117106,2
2023-05-25,1795317144.6343853,1341472712.8192844,0.2527934594572849,2
2023-05-26,1794378336.6873655,1341472712.8192844,0.25240252549203107,2
2023-05-29,1792622100.5593832,1341472712.8192844,0.25167010247130095,2
2023-05-30,1799040146.2410264,1341472712.8192844,0.25433975688524707,2
2023-05-31,1798360212.9168403,1341472712.8192844,0.25405783380655966,2
2023-06-01,1795543789.0757806,1341472712.8192844,0.2528877764046178,2
2023-06-02,1798602972.4489548,1341472712.8192844,0.25415851448707866,2
2023-06-05,1802536503.4062722,1341472712.8192844,0.25578610458967715,2
2023-06-06,1801840454.9913669,1341472712.8192844,0.2554986158162867,2
2023-06-07,1798619087.539674,1341472712.8192844,0.25416519700439677,2
2023-06-08,1789368502.926252,1341472712.8192844,0.2503094188673261,2
2023-06-09,1786810953.708026,1341472712.8192844,0.24923635036183692,2
2023-06-12,1786673458.8512495,1341472712.8192844,0.2491785747565809,2
2023-06-13,1788113900.953218,1341472712.8192844,0.24978341027147963,2
2023-06-14,1782149144.154365,1341472712.8192844,0.24727247592074167,2
2023-06-15,1790542744.451768,1561473605.3789203,0.12793279567474636,1
2023-06-16,1785379300.7431588,1561473605.3789203,0.1254107153987046,1
2023-06-19,1786787512.6636887,1561473605.3789203,0.1261000010845594,1
2023-06-20,1791012148.425278,1561473605.3789203,0.1281613545995074,1
2023-06-21,1795236784.1868672,1561473605.3789203,0.13021300636608077,1
2023-06-22,1796175592.1338873,1561473605.3789203,0.130667618345786,1
2023-06-23,1788195724.5842183,1561473605.3789203,0.12678820113945533,1
2023-06-26,1791481552.398788,1561473605.3789203,0.12838979375025536,1
2023-06-27,1793828572.2663374,1561473605.3789203,0.12953019618472122,1
2023-06-28,1792420360.3458078,1561473605.3789203,0.1288463131061128,1
2023-06-29,1791481552.398788,1561473605.3789203,0.12838979375025536,1
2023-06-30,1791481552.398788,1561473605.3789203,0.12838979375025536,1
2023-07-03,1794767380.2133574,1561473605.3789203,0.12998552202720765,1
2023-07-04,1804155459.683556,1561473605.3789203,0.13451271784927088,1
2023-07-05,1800869631.8689866,1561473605.3789203,0.13293356845693224,1
2023-07-06,1796175592.1338873,1561473605.3789203,0.130667618345786,1
2023-07-07,1794767380.2133574,1561473605.3789203,0.12998552202720765,1
2023-07-10,1795236784.1868672,1561473605.3789203,0.13021300636608077,1
2023-07-11,1794767380.2133574,1561473605.3789203,0.12998552202720765,1
2023-07-12,1798522612.001437,1561473605.3789203,0.13180207190096047,1
2023-07-13,1798992015.9749467,1561473605.3789203,0.132028607401743,1
2023-07-14,1797583804.0544171,1561473605.3789203,0.13134864596741172,1
2023-07-17,1800400227.8954766,1561473605.3789203,0.1327075051505866,1
2023-07-18,1799461419.9484568,1561473605.3789203,0.13225502471531358,1
2023-07-19,1795706188.1603773,1561473605.3789203,0.13044037177452622,1
2023-07-20,1794297976.2398474,1561473605.3789203,0.1297579186645669,1
2023-07-21,1797114400.080907,1561473605.3789203,0.1311217553492299,1
2023-07-24,1797923183.1272647,1797923183.1272647,0.0,0
2023-07-25,1797923183.1272647,1797923183.1272647,0.0,0
2023-07-26,1797923183.1272647,1797923183.1272647,0.0,0
2023-07-27,1797923183.1272647,1797923183.1272647,0.0,0
2023-07-28,1797923183.1272647,1797923183.1272647,0.0,0
2023-07-31,1797923183.1272647,1797923183.1272647,0.0,0
2023-08-01,1797923183.1272647,1797923183.1272647,0.0,0
2023-08-02,1797923183.1272647,1797923183.1272647,0.0,0
2023-08-03,1797923183.1272647,1797923183.1272647,0.0,0
2023-08-04,1797923183.1272647,1797923183.1272647,0.0,0
2023-08-07,1797923183.1272647,1797923183.1272647,0.0,0
2023-08-08,1797923183.1272647,1797923183.1272647,0.0,0
2023-08-09,1797923183.1272647,1797923183.1272647,0.0,0
2023-08-10,1797923183.1272647,1797923183.1272647,0.0,0
2023-08-11,1797923183.1272647,1797923183.1272647,0.0,0
2023-08-14,1797923183.1272647,1797923183.1272647,0.0,0
2023-08-15,1797923183.1272647,1797923183.1272647,0.0,0
2023-08-16,1797923183.1272647,1797923183.1272647,0.0,0
2023-08-17,1797923183.1272647,1797923183.1272647,0.0,0
2023-08-18,1797923183.1272647,1797923183.1272647,0.0,0
2023-08-21,1797923183.1272647,1797923183.1272647,0.0,0
2023-08-22,1797923183.1272647,1797923183.1272647,0.0,0
2023-08-23,1797923183.1272647,1797923183.1272647,0.0,0
2023-08-24,1797923183.1272647,1797923183.1272647,0.0,0
2023-08-25,1797923183.1272647,1797923183.1272647,0.0,0
2023-08-28,1797923183.1272647,1797923183.1272647,0.0,0
2023-08-29,1797923183.1272647,1797923183.1272647,0.0,0
2023-08-30,1797923183.1272647,1797923183.1272647,0.0,0
2023-08-31,1797923183.1272647,1797923183.1272647,0.0,0
2023-09-05,1797923183.1272647,1797923183.1272647,0.0,0
2023-09-06,1797923183.1272647,1797923183.1272647,0.0,0
2023-09-07,1797923183.1272647,1797923183.1272647,0.0,0
2023-09-08,1797923183.1272647,1797923183.1272647,0.0,0
2023-09-11,1797923183.1272647,1797923183.1272647,0.0,0
2023-09-12,1797923183.1272647,1797923183.1272647,0.0,0
2023-09-13,1797923183.1272647,1797923183.1272647,0.0,0
2023-09-14,1797923183.1272647,1797923183.1272647,0.0,0
2023-09-15,1797923183.1272647,1797923183.1272647,0.0,0
2023-09-18,1797923183.1272647,1797923183.1272647,0.0,0
2023-09-19,1797923183.1272647,1797923183.1272647,0.0,0
2023-09-20,1797923183.1272647,1797923183.1272647,0.0,0
2023-09-21,1797923183.1272647,1797923183.1272647,0.0,0
2023-09-22,1797923183.1272647,1797923183.1272647,0.0,0
2023-09-25,1797923183.1272647,1797923183.1272647,0.0,0
2023-09-26,1797923183.1272647,1797923183.1272647,0.0,0
2023-09-27,1797923183.1272647,1797923183.1272647,0.0,0
2023-09-28,1797923183.1272647,1797923183.1272647,0.0,0
2023-09-29,1797923183.1272647,1797923183.1272647,0.0,0
2023-10-02,1797923183.1272647,1797923183.1272647,0.0,0
2023-10-03,1797923183.1272647,1797923183.1272647,0.0,0
2023-10-04,1797923183.1272647,1797923183.1272647,0.0,0
2023-10-05,1797923183.1272647,1797923183.1272647,0.0,0
2023-10-06,1797923183.1272647,1797923183.1272647,0.0,0
2023-10-09,1797923183.1272647,1797923183.1272647,0.0,0
2023-10-10,1797923183.1272647,1797923183.1272647,0.0,0
2023-10-11,1797923183.1272647,1797923183.1272647,0.0,0
2023-10-12,1797923183.1272647,1797923183.1272647,0.0,0
2023-10-13,1797923183.1272647,1797923183.1272647,0.0,0
2023-10-16,1797923183.1272647,1797923183.1272647,0.0,0
2023-10-17,1797923183.1272647,1797923183.1272647,0.0,0
2023-10-18,1797923183.1272647,1797923183.1272647,0.0,0
2023-10-19,1797923183.1272647,1797923183.1272647,0.0,0
2023-10-20,1797923183.1272647,1797923183.1272647,0.0,0
2023-10-23,1797923183.1272647,1797923183.1272647,0.0,0
2023-10-24,1797923183.1272647,1797923183.1272647,0.0,0
2023-10-25,1797923183.1272647,1797923183.1272647,0.0,0
2023-10-26,1797923183.1272647,1797923183.1272647,0.0,0
2023-10-27,1797923183.1272647,1797923183.1272647,0.0,0
2023-10-30,1797923183.1272647,1797923183.1272647,0.0,0
2023-10-31,1797923183.1272647,1797923183.1272647,0.0,0
2023-11-01,1797923183.1272647,1797923183.1272647,0.0,0
2023-11-02,1797923183.1272647,1797923183.1272647,0.0,0
2023-11-03,1797923183.1272647,1797923183.1272647,0.0,0
2023-11-06,1797923183.1272647,1797923183.1272647,0.0,0
2023-11-07,1797923183.1272647,1797923183.1272647,0.0,0
2023-11-08,1797923183.1272647,1797923183.1272647,0.0,0
2023-11-09,1795036859.537103,1576562848.3174307,0.12171004180717014,1
2023-11-10,1798560633.911614,1576562848.3174307,0.12343080428229408,1
2023-11-13,1796093991.8494563,1576562848.3174307,0.12222697950566168,1
2023-11-14,1799970143.6614182,1576562848.3174307,0.12411722279434169,1
2023-11-15,1794332104.662201,1576562848.3174307,0.1213650782811843,1
2023-11-16,1798560633.911614,1576562848.3174307,0.12343080428229408,1
2023-11-17,1795036859.537103,1576562848.3174307,0.12171004180717014,1
2023-11-20,1796798746.7243583,1576562848.3174307,0.12257126670887718,1
2023-11-21,1808427202.1602442,1576562848.3174307,0.12821326374976086,1
2023-11-22,1809131957.0351462,1576562848.3174307,0.12855287189711467,1
2023-11-23,1792922594.9123964,1576562848.3174307,0.12067433764787665,1
2023-11-24,1796798746.7243583,1576562848.3174307,0.12257126670887718,1
2023-11-27,1787989310.7880812,1576562848.3174307,0.11824816915569886,1
2023-11-28,1794684482.0996518,1576562848.3174307,0.12153759391011976,1
2023-11-29,1794684482.0996518,1576562848.3174307,0.12153759391011976,1
2023-11-30,1795036859.537103,1576562848.3174307,0.12171004180717014,1
2023-12-01,1796798746.7243583,1576562848.3174307,0.12257126670887718,1
2023-12-04,1807370069.8478909,1576562848.3174307,0.1277033549359844,1
2023-12-05,1803493918.035929,1576562848.3174307,0.12582857499493788,1
2023-12-06,1808074824.722793,1576562848.3174307,0.12804336039624736,1
2023-12-07,1808074824.722793,1576562848.3174307,0.12804336039624736,1
2023-12-08,1803141540.5984778,1576562848.3174307,0.12565774077050199,1
2023-12-11,1801379653.4112225,1576562848.3174307,0.12480256711463483,1
2023-12-12,1802436785.7235758,1576562848.3174307,0.1253158719324903,1
2023-12-13,1796446369.2869072,1576562848.3174307,0.12239915687366633,1
2023-12-14,1795389236.974554,1576562848.3174307,0.12188242201221614,1
2023-12-15,1795036859.537103,1576562848.3174307,0.12171004180717014,1
2023-12-18,1800674898.5363202,1576562848.3174307,0.12446002907079957,1
2023-12-19,1801379653.4112225,1576562848.3174307,0.12480256711463483,1
2023-12-20,1801379653.4112225,1576562848.3174307,0.12480256711463483,1
2023-12-21,1801732030.8486736,1576562848.3174307,0.12497373564768172,1
2023-12-22,1806312937.5355377,1576562848.3174307,0.12719284928090532,1
2023-12-25,1808427202.1602442,1576562848.3174307,0.12821326374976086,1
2023-12-26,1821465167.3459344,1576562848.3174307,0.1344534737303552,1
2023-12-27,1822169922.2208364,1576562848.3174307,0.13478823841196053,1
2023-12-28,1818293770.4088745,1576562848.3174307,0.13294382130401647,1
2023-12-29,1818998525.2837768,1576562848.3174307,0.1332797545443443,1
2024-01-02,1815122373.4718149,1576562848.3174307,0.1314288935230782,1
2024-01-03,1826750828.9077005,1576562848.3174307,0.13695791272193858,1
2024-01-04,1823227054.5331898,1576562848.3174307,0.13528990018136483,1
2024-01-05,1823227054.5331898,1576562848.3174307,0.13528990018136483,1
2024-01-08,1822874677.0957386,1576562848.3174307,0.13512274424193532,1
2024-01-09,1822522299.6582875,1576562848.3174307,0.1349555236646338,1
2024-01-10,1815122373.4718149,1576562848.3174307,0.1314288935230782,1
2024-01-11,1819703280.1586788,1576562848.3174307,0.13361542757676742,1
2024-01-12,1814769996.0343637,1576562848.3174307,0.1312602413735423,1
2024-01-15,1809131957.0351462,1576562848.3174307,0.12855287189711467,1
2024-01-16,1816179505.784168,1576562848.3174307,0.1319344573064536,1
2024-01-17,1816179505.784168,1576562848.3174307,0.1319344573064536,1
2024-01-18,1818293770.4088745,1576562848.3174307,0.13294382130401647,1
2024-01-19,1819703280.1586788,1576562848.3174307,0.13361542757676742,1
2024-01-22,1815827128.346717,1576562848.3174307,0.1317660014514337,1
2024-01-23,1814750439.0865853,1814750439.0865853,0.0,0
2024-01-24,1814750439.0865853,1814750439.0865853,0.0,0
2024-01-25,1814750439.0865853,1814750439.0865853,0.0,0
2024-01-26,1814750439.0865853,1814750439.0865853,0.0,0
2024-01-29,1814750439.0865853,1814750439.0865853,0.0,0
2024-01-30,1814750439.0865853,1814750439.0865853,0.0,0
2024-01-31,1814750439.0865853,1814750439.0865853,0.0,0
2024-02-01,1814750439.0865853,1814750439.0865853,0.0,0
2024-02-02,1814750439.0865853,1814750439.0865853,0.0,0
2024-02-05,1814750439.0865853,1814750439.0865853,0.0,0
2024-02-06,1814750439.0865853,1814750439.0865853,0.0,0
2024-02-07,1814750439.0865853,1814750439.0865853,0.0,0
2024-02-15,1814750439.0865853,1814750439.0865853,0.0,0
2024-02-16,1814750439.0865853,1814750439.0865853,0.0,0
2024-02-19,1814750439.0865853,1814750439.0865853,0.0,0
2024-02-20,1814750439.0865853,1814750439.0865853,0.0,0
2024-02-21,1814750439.0865853,1814750439.0865853,0.0,0
2024-02-22,1814750439.0865853,1814750439.0865853,0.0,0
2024-02-23,1814750439.0865853,1814750439.0865853,0.0,0
2024-02-26,1814750439.0865853,1814750439.0865853,0.0,0
2024-02-27,1814750439.0865853,1814750439.0865853,0.0,0
2024-02-28,1814750439.0865853,1814750439.0865853,0.0,0
2024-02-29,1814750439.0865853,1814750439.0865853,0.0,0
2024-03-01,1814750439.0865853,1814750439.0865853,0.0,0
2024-03-04,1814750439.0865853,1814750439.0865853,0.0,0
2024-03-05,1814750439.0865853,1814750439.0865853,0.0,0
2024-03-06,1808973424.0213373,1141933008.187339,0.3687397542586177,3
2024-03-07,1811675822.9144175,914427388.5271842,0.4952588222675745,4
2024-03-08,1794412053.9716616,697479142.3957758,0.6113049169213891,5
2024-03-11,1797596461.274762,697479142.3957758,0.6119934827301786,5
2024-03-12,1806281667.08132,697479142.3957758,0.6138591477137686,5
2024-03-13,1854460574.076644,697479142.3957758,0.6238910914873139,5
2024-03-14,1844682862.2784395,928724273.9253592,0.49653986985152787,4
2024-03-15,1843840872.5328336,928724273.9253592,0.4963099648346572,4
2024-03-18,1797378230.9166014,928724273.9253592,0.4832894613106883,4
2024-03-19,1798984169.9449315,1140458586.4160457,0.3660541290638727,3
2024-03-20,1816638252.1060193,1140458586.4160457,0.37221481211577595,3
2024-03-21,1817752985.4787946,1140458586.4160457,0.3725998001232,3
2024-03-22,1836526799.4262266,1140458586.4160457,0.37901337090623927,3
2024-03-25,1820865850.1610487,1140458586.4160457,0.37367237332987685,3
2024-03-26,1826969896.9657621,1140458586.4160457,0.3757649820557398,3
2024-03-27,1826720777.442628,1140458586.4160457,0.37567985184212743,3
2024-03-28,1848738985.2077785,1140458586.4160457,0.38311541242915353,3
2024-03-29,1837089883.8613117,912785842.4511732,0.5031349034851674,4
2024-04-01,1834247467.891736,912785842.4511732,0.5023649434280973,4
2024-04-02,1846130564.5307293,912785842.4511732,0.5055681001179916,4
2024-04-03,1835239350.7969701,686019468.5246873,0.6261961862212813,5
2024-04-04,1824480220.629419,686019468.5246873,0.6239918302386306,5
2024-04-05,1778249975.8172326,686019468.5246873,0.614216517444679,5
2024-04-08,1762449503.2609327,686019468.5246873,0.610757943841571,5
2024-04-09,1787559519.8647757,891402471.3188205,0.5013299073889004,4
2024-04-10,1779310333.6580603,891402471.3188205,0.4990179877805812,4
2024-04-11,1793959089.303403,891402471.3188205,0.5031088074227192,4
2024-04-12,1819328810.0215752,891402471.3188205,0.5100377312728591,4
2024-04-15,1768498710.3389695,1111990172.5936584,0.37122364517838835,3
2024-04-16,1774043563.2101643,1523904763.2101643,0.140999243303456,1
2024-04-17,1759570123.2101643,1523904763.2101643,0.13393348573687505,1
2024-04-19,1743208843.2101643,1523904763.2101643,0.125804823016011,1
2024-04-22,1748486457.2501643,1748486457.2501643,0.0,0
2024-04-23,1748486457.2501643,1748486457.2501643,0.0,0
2024-04-24,1748486457.2501643,1748486457.2501643,0.0,0
2024-04-25,1748486457.2501643,1748486457.2501643,0.0,0
2024-04-26,1748486457.2501643,1748486457.2501643,0.0,0
2024-05-02,1748486457.2501643,1748486457.2501643,0.0,0
2024-05-03,1748486457.2501643,1748486457.2501643,0.0,0
2024-05-06,1748486457.2501643,1748486457.2501643,0.0,0
2024-05-07,1748486457.2501643,1748486457.2501643,0.0,0
2024-05-08,1748486457.2501643,1748486457.2501643,0.0,0
2024-05-09,1748486457.2501643,1748486457.2501643,0.0,0
2024-05-10,1748486457.2501643,1748486457.2501643,0.0,0
2024-05-13,1748486457.2501643,1748486457.2501643,0.0,0
2024-05-14,1748486457.2501643,1748486457.2501643,0.0,0
2024-05-15,1748486457.2501643,1748486457.2501643,0.0,0
2024-05-16,1748486457.2501643,1748486457.2501643,0.0,0
2024-05-17,1753604420.5366044,1095450862.9964976,0.37531472311110575,3
2024-05-20,1752905857.7155242,877219159.2792486,0.4995628798785092,4
2024-05-21,1749658271.757576,877219159.2792486,0.4986340056003852,4
2024-05-22,1740754613.8730056,659689064.996806,0.6210327063105905,5
2024-05-23,1757008888.5738635,659689064.996806,0.6245385727489031,5
2024-05-24,1735434741.6679027,659689064.996806,0.6198710045629329,5
2024-05-27,1744320969.623152,659689064.996806,0.6218075248276543,5
2024-05-28,1770523099.5112808,659689064.996806,0.6274044291323279,5
2024-05-29,1771458268.9150324,659689064.996806,0.62760112582226,5
2024-05-30,1780866818.3591094,659689064.996806,0.6295685571790014,5
2024-05-31,1785926490.4441018,873858969.3275948,0.5106971233120046,4
2024-06-03,1786236629.5283577,873858969.3275948,0.5107820795510556,4
2024-06-04,1788800858.887179,873858969.3275948,0.5114833688802977,4
2024-06-05,1782735161.7985423,873858969.3275948,0.5098212072925137,4
2024-06-06,1782075224.8841014,873858969.3275948,0.5096396846073505,4
2024-06-07,1785910503.6565082,873858969.3275948,0.5106927432598449,4
2024-06-10,1792160284.4221551,873858969.3275948,0.5123990990519286,4
2024-06-11,1785240654.6592627,873858969.3275948,0.5105091478580615,4
2024-06-12,1789311983.6020825,873858969.3275948,0.5116229157709992,4
2024-06-13,1801753504.7154596,873858969.3275948,0.5149952715282227,4
2024-06-14,1796050109.5473845,873858969.3275948,0.5134551287392463,4
2024-06-17,1788859118.947326,654751537.4684277,0.6339837326855994,5
2024-06-18,1801577738.688899,654751537.4684277,0.6365677020715609,5
2024-06-19,1806891530.012858,873346638.7587501,0.5166579596770066,4
2024-06-20,1808075057.5474782,873346638.7587501,0.5169743451118777,4
2024-06-21,1832076411.049131,873346638.7587501,0.5233022850511831,4
2024-06-24,1797736678.4263203,873346638.7587501,0.5141965732582988,4
2024-06-25,1799615497.120656,873346638.7587501,0.5147037574659227,4
2024-06-26,1825586255.257928,873346638.7587501,0.5216075733242419,4
2024-06-27,1818879272.8696213,873346638.7587501,0.5198435367395864,4
2024-06-28,1785775360.0419986,873346638.7587501,0.5109426088518713,4
2024-07-01,1785491592.8313305,1294689680.846101,0.27488335086862203,2
2024-07-02,1802665834.4437408,1294689680.846101,0.28179163541666,2
2024-07-03,1807549085.4328113,1294689680.846101,0.28373193774923566,2
2024-07-04,1816511225.5654294,1294689680.846101,0.28726579686117815,2
2024-07-05,1832093013.4022021,1294689680.846101,0.29332753775319603,2
2024-07-08,1833533254.068686,1294689680.846101,0.29388262908614765,2
2024-07-09,1837609386.488998,1294689680.846101,0.29544891837988413,2
2024-07-10,1827133655.8585548,1294689680.846101,0.29140942880955406,2
2024-07-11,1818399835.3896673,1294689680.846101,0.2880060503477442,2
2024-07-12,1814902501.8743834,1294689680.846101,0.28663403157526113,2
2024-07-15,1823482840.223907,1518009551.0171344,0.16752188859055195,1
2024-07-16,1825428529.9640775,1518009551.0171344,0.16840921126229616,1
2024-07-17,1829319909.4444184,1518009551.0171344,0.17017819399441833,1
2024-07-18,1828347064.5743332,1518009551.0171344,0.16973665425467238,1
2024-07-19,1831265599.1845891,1518009551.0171344,0.17105986608766025,1
2024-07-22,1826887797.2692053,1518009551.0171344,0.16907346292080763,1
2024-07-23,1826887797.2692053,1518009551.0171344,0.16907346292080763,1
2024-07-24,1821537150.4837365,1518009551.0171344,0.16663267031693302,1
2024-07-25,1813754391.5230544,1518009551.0171344,0.16305671919425413,1
2024-07-26,1804025942.8222017,1518009551.0171344,0.1585433917638822,1
2024-07-29,1807917322.3025427,1518009551.0171344,0.1603545514549222,1
2024-07-30,1804998787.692287,1518009551.0171344,0.1589969138107133,1
2024-07-31,1801593830.6469886,1518009551.0171344,0.15740744378993204,1
2024-08-01,1800134563.3418608,1518009551.0171344,0.15672440164749418,1
2024-08-02,1795270338.9914343,1518009551.0171344,0.15443957489436513,1
2024-08-05,1781650510.8102407,1518009551.0171344,0.14797568782062112,1
2024-08-06,1788946847.33588,1518009551.0171344,0.15145072461053188,1
2024-08-07,1792838226.8162212,1518009551.0171344,0.15329251222355753,1
2024-08-08,1793811071.6863065,1518009551.0171344,0.1537517105465848,1
2024-08-09,1794297494.121349,1518009551.0171344,0.15398112297955938,1
2024-08-12,1796243183.8615196,1518009551.0171344,0.15489753021428052,1
2024-08-13,1798188873.60169,1518009551.0171344,0.15581195429341593,1
2024-08-14,1798188873.60169,1518009551.0171344,0.15581195429341593,1
2024-08-15,1804025942.8222017,1518009551.0171344,0.1585433917638822,1
2024-08-16,1818132193.438438,1518009551.0171344,0.16507195874119243,1
2024-08-19,1821991638.5925548,1066754426.8848745,0.41451189770063,3
2024-08-20,1818627986.688904,842103913.246467,0.5369564752054385,4
2024-08-21,1820955900.3423934,842103913.246467,0.5375484309707189,4
2024-08-22,1824695167.031478,615353053.246467,0.6627639156585481,5
2024-08-23,1819269451.1028976,615353053.246467,0.6617581563448883,5
2024-08-26,1799905535.4727087,615353053.246467,0.6581192506389747,5
2024-08-27,1796807817.8668933,615353053.246467,0.6575298442451166,5
2024-08-28,1794874537.7250438,615353053.246467,0.6571609656759569,5
2024-08-29,1791900899.3792193,615353053.246467,0.6565920283539967,5
2024-08-30,1792668604.9547539,829186453.246467,0.5374569226265915,4
2024-09-04,1775819361.3584106,829186453.246467,0.533068243713605,4
2024-09-05,1760269398.754302,817760489.3772563,0.5354344681808565,4
2024-09-06,1773881163.4605577,1020025695.0799592,0.4249751809247173,3
2024-09-09,1767920846.3452613,1020025695.0799592,0.423036558911215,3
2024-09-10,1760910471.0886924,1319282019.1444519,0.250795516975489,2
2024-09-11,1760155623.5147138,1538855853.399771,0.12572738862319857,1
2024-09-12,1762294933.8595412,1538855853.399771,0.1267886981723451,1
2024-09-13,1762294933.8595412,1538855853.399771,0.1267886981723451,1
2024-09-16,1759917922.3652883,1538855853.399771,0.12560930606832793,1
2024-09-17,1775368497.077932,1538855853.399771,0.1332189030431911,1
2024-09-18,1791769876.3882766,1538855853.399771,0.14115318396707946,1
2024-09-19,1787966657.997472,1538855853.399771,0.13932631432663622,1
2024-09-20,1782737232.7101157,1538855853.399771,0.13680164122650673,1
2024-09-23,1785114244.2043686,1538855853.399771,0.1379510536113367,1
2024-09-24,1785114244.2043686,1538855853.399771,0.1379510536113367,1
2024-09-25,1777983209.72161,1538855853.399771,0.13449359646049794,1
2024-09-26,1774199012.8337185,1316114182.0984013,0.25819247300993164,2
2024-09-27,1768890703.420517,871736598.6132547,0.5071845892300914,4
2024-09-30,1775461087.9135807,650218991.1132547,0.6337745752133861,5
2024-10-01,1774700972.466548,650218991.1132547,0.6336177185897661,5
2024-10-02,1778918165.9661171,650218991.1132547,0.6344862829819237,5
2024-10-03,1772754983.845514,650218991.1132547,0.6332155334276484,5
2024-10-04,1753561277.7854946,866143895.7022957,0.5060657949768852,4
2024-10-07,1754735852.7997856,866143895.7022957,0.5063964218202349,4
2024-10-08,1751833906.8435874,866143895.7022957,0.5055787581695498,4
2024-10-09,1754085913.7904184,1077016431.0317976,0.3859956216714242,3
2024-10-10,1750716201.14674,1077016431.0317976,0.3848138091563104,3
2024-10-11,1753691201.14674,1077016431.0317976,0.38585742442709653,3
2024-10-14,1739297580.457085,1077016431.0317976,0.38077506509911935,3
2024-10-15,1738147206.8938665,1077016431.0317976,0.3803652379038333,3
2024-10-16,1740726775.8593836,1077016431.0317976,0.38128346965876775,3
2024-10-17,1754075511.4915676,1077016431.0317976,0.385991980404559,3
2024-10-18,1750927813.0432918,1300914336.0317976,0.25701429474086923,2
2024-10-21,1735163991.2042112,1300914336.0317976,0.25026433084923716,2
2024-10-22,1731212550.9743264,1509150050.9743264,0.12826992264758202,1
2024-10-23,1732954217.6409929,1509150050.9743264,0.12914603535881225,1
2024-10-24,1724245884.3076596,1509150050.9743264,0.12474777251372195,1
2024-10-25,1722504217.6409929,1509150050.9743264,0.12386278331373823,1
2024-10-28,1724245884.3076596,1509150050.9743264,0.12474777251372195,1
2024-10-29,1724245884.3076596,1509150050.9743264,0.12474777251372195,1
2024-10-30,1722504217.6409929,1509150050.9743264,0.12386278331373823,1
2024-10-31,1724245884.3076596,1509150050.9743264,0.12474777251372195,1
2024-11-01,1721544123.8909929,1721544123.8909929,0.0,0
2024-11-04,1721544123.8909929,1721544123.8909929,0.0,0
2024-11-05,1721544123.8909929,1721544123.8909929,0.0,0
2024-11-06,1721544123.8909929,1721544123.8909929,0.0,0
2024-11-07,1721544123.8909929,1721544123.8909929,0.0,0
2024-11-08,1721544123.8909929,1721544123.8909929,0.0,0
2024-11-11,1721544123.8909929,1721544123.8909929,0.0,0
2024-11-12,1721544123.8909929,1721544123.8909929,0.0,0
2024-11-13,1721544123.8909929,1721544123.8909929,0.0,0
2024-11-14,1721544123.8909929,1721544123.8909929,0.0,0
2024-11-15,1721544123.8909929,1721544123.8909929,0.0,0
2024-11-18,1721544123.8909929,1721544123.8909929,0.0,0
2024-11-19,1721544123.8909929,1721544123.8909929,0.0,0
2024-11-20,1721544123.8909929,1721544123.8909929,0.0,0
2024-11-21,1721544123.8909929,1721544123.8909929,0.0,0
2024-11-22,1721544123.8909929,1721544123.8909929,0.0,0
2024-11-25,1721544123.8909929,1721544123.8909929,0.0,0
2024-11-26,1721544123.8909929,1721544123.8909929,0.0,0
2024-11-27,1721544123.8909929,1721544123.8909929,0.0,0
2024-11-28,1721544123.8909929,1721544123.8909929,0.0,0
2024-11-29,1721544123.8909929,1721544123.8909929,0.0,0
2024-12-02,1721544123.8909929,1721544123.8909929,0.0,0
2024-12-03,1721544123.8909929,1721544123.8909929,0.0,0
2024-12-04,1721544123.8909929,1721544123.8909929,0.0,0
2024-12-05,1721544123.8909929,1721544123.8909929,0.0,0
2024-12-06,1730030961.4719305,1291585137.7058408,0.2534323567209773,2
2024-12-09,1734113941.6159248,1291585137.7058408,0.25519015405511125,2
2024-12-10,1739485327.958901,1291585137.7058408,0.2574900650519558,2
2024-12-11,1733050084.7660131,1077652162.4022694,0.37817598471323577,3
2024-12-12,1730173569.2363863,1077652162.4022694,0.3771421656395479,3
2024-12-13,1728268801.0511477,1077652162.4022694,0.37645569847304294,3
2024-12-16,1737536601.5588162,1077652162.4022694,0.3797816049253507,3
2024-12-17,1731144272.4604557,1077652162.4022694,0.37749142024389765,3
2024-12-18,1730689736.5520062,1077652162.4022694,0.37732792906645485,3
2024-12-19,1730419678.3822207,1077652162.4022694,0.37723075166957615,3
2024-12-20,1721295957.3518872,1077652162.4022694,0.3739297662325461,3
2024-12-23,1727824659.5450392,1283472775.7915552,0.25717417638343476,2
2024-12-24,1730726168.218936,1283472775.7915552,0.25841950080852044,2
2024-12-25,1733089111.1591313,1283472775.7915552,0.2594305927332623,2
2024-12-26,1725249144.5101705,1283472775.7915552,0.256065258820368,2
2024-12-27,1718803221.4259803,1283472775.7915552,0.25327532564970384,2
2024-12-30,1709890015.3988998,1283472775.7915552,0.2493828467136033,2
2024-12-31,1708495971.8341289,1283472775.7915552,0.24877038228325277,2
2025-01-02,1699368896.349281,1283472775.7915552,0.2447356318284905,2
2025-01-03,1695394148.2972643,1283472775.7915552,0.2429649606372738,2
2025-01-06,1694528291.5614407,1283472775.7915552,0.24257813682834067,2
2025-01-07,1694654883.441754,1493179244.4641182,0.11888889056186445,1
2025-01-08,1698415762.0360034,1493179244.4641182,0.12083997461602365,1
2025-01-09,1694654883.441754,1493179244.4641182,0.11888889056186445,1
2025-01-10,1687670394.6238627,1493179244.4641182,0.11524237835735185,1
2025-01-13,1686795184.448144,1686795184.448144,0.0,0
2025-01-14,1686795184.448144,1686795184.448144,0.0,0
2025-01-15,1686795184.448144,1686795184.448144,0.0,0
2025-01-16,1686795184.448144,1686795184.448144,0.0,0
2025-01-17,1686795184.448144,1686795184.448144,0.0,0
2025-01-20,1686795184.448144,1686795184.448144,0.0,0
2025-01-21,1686795184.448144,1686795184.448144,0.0,0
2025-01-22,1686795184.448144,1686795184.448144,0.0,0
2025-01-23,1686795184.448144,1686795184.448144,0.0,0
2025-01-24,1686795184.448144,1686795184.448144,0.0,0
2025-02-03,1686795184.448144,1686795184.448144,0.0,0
2025-02-04,1686795184.448144,1686795184.448144,0.0,0
2025-02-05,1686795184.448144,1686795184.448144,0.0,0
2025-02-06,1686795184.448144,1686795184.448144,0.0,0
2025-02-07,1686795184.448144,1686795184.448144,0.0,0
2025-02-10,1686795184.448144,1686795184.448144,0.0,0
2025-02-11,1686795184.448144,1686795184.448144,0.0,0
2025-02-12,1686795184.448144,1686795184.448144,0.0,0
2025-02-13,1686795184.448144,1686795184.448144,0.0,0
2025-02-14,1686795184.448144,1686795184.448144,0.0,0
2025-02-17,1686795184.448144,1686795184.448144,0.0,0
2025-02-18,1686795184.448144,1686795184.448144,0.0,0
2025-02-19,1686795184.448144,1686795184.448144,0.0,0
2025-02-20,1686795184.448144,1686795184.448144,0.0,0
2025-02-21,1686795184.448144,1686795184.448144,0.0,0
2025-02-24,1686795184.448144,1686795184.448144,0.0,0
2025-02-25,1686795184.448144,1686795184.448144,0.0,0
2025-02-26,1686795184.448144,1686795184.448144,0.0,0
2025-02-27,1686795184.448144,1686795184.448144,0.0,0
2025-02-28,1686795184.448144,1686795184.448144,0.0,0
2025-03-03,1686795184.448144,1686795184.448144,0.0,0
2025-03-04,1686795184.448144,1686795184.448144,0.0,0
2025-03-05,1686795184.448144,1686795184.448144,0.0,0
2025-03-06,1686795184.448144,1686795184.448144,0.0,0
2025-03-07,1686795184.448144,1686795184.448144,0.0,0
2025-03-10,1684822747.677934,1475209677.46785,0.1244125356800756,1
2025-03-11,1688189162.9183946,848414932.7806319,0.4974408369533862,4
2025-03-12,1681121353.3715625,637675336.5974259,0.6206845298118782,5
2025-03-13,1669652186.796054,637675336.5974259,0.6180789378528707,5
2025-03-14,1665499076.9834542,637675336.5974259,0.6171265746046638,5
2025-03-17,1677303359.124834,637675336.5974259,0.6198211056286529,5
2025-03-18,1672630979.4461906,637675336.5974259,0.618759102017493,5
2025-03-19,1667447112.1467855,837273020.9123964,0.4978713178887972,4
2025-03-20,1659478123.7241185,1041518737.3653165,0.3723817611840572,3
2025-03-21,1661723541.680775,1041518737.3653165,0.3732298356248495,3
2025-03-24,1662276782.6469083,1041518737.3653165,0.3734384380278322,3
2025-03-25,1660064379.9574275,1041518737.3653165,0.37260340626546884,3
2025-03-26,1653201055.0046945,1240222848.8978243,0.24980519148392236,2
2025-03-27,1651678345.0810304,1240222848.8978243,0.24911357432794842,2
2025-03-28,1654505329.8138547,1240222848.8978243,0.2503965828642212,2
2025-03-31,1656928459.584847,1240222848.8978243,0.2514928199081273,2
2025-04-01,1659291894.6993508,1240222848.8978243,0.25255896635200414,2
2025-04-02,1660814604.623015,1240222848.8978243,0.253244254087385,2
2025-04-03,1637384680.9588928,1240222848.8978243,0.24255865874382113,2
2025-04-04,1630614305.2432442,1416114305.2432442,0.131545515889487,1
2025-04-08,1625609305.2432442,1416114305.2432442,0.12887167865261,1
2025-04-09,1625609305.2432442,1416114305.2432442,0.12887167865261,1
2025-04-10,1639909305.2432442,1416114305.2432442,0.13646791275862966,1
2025-04-11,1642769305.2432442,1416114305.2432442,0.1379712898680191,1
2025-04-14,1642769305.2432442,1416114305.2432442,0.1379712898680191,1
2025-04-15,1644914305.2432442,1416114305.2432442,0.1390953919427224,1
2025-04-16,1644199305.2432442,1416114305.2432442,0.13872101713743087,1
2025-04-17,1644199305.2432442,1416114305.2432442,0.13872101713743087,1
2025-04-18,1657069305.2432442,1416114305.2432442,0.1454103333141095,1
2025-04-21,1657784305.2432442,1416114305.2432442,0.14577891661517456,1
2025-04-22,1657784305.2432442,1416114305.2432442,0.14577891661517456,1
2025-04-23,1658499305.2432442,1416114305.2432442,0.14614718211440586,1
2025-04-24,1658499305.2432442,1416114305.2432442,0.14614718211440586,1
2025-04-25,1658499305.2432442,1416114305.2432442,0.14614718211440586,1
2025-04-28,1658499305.2432442,1416114305.2432442,0.14614718211440586,1
2025-04-29,1659214305.2432442,1416114305.2432442,0.14651513022265142,1
2025-05-05,1657784305.2432442,1416114305.2432442,0.14577891661517456,1
2025-05-06,1656354305.2432442,1416114305.2432442,0.14504143179965323,1
2025-05-07,1657784305.2432442,1416114305.2432442,0.14577891661517456,1
2025-05-08,1664219305.2432442,1416114305.2432442,0.14908191439573326,1
2025-05-09,1664219305.2432442,1416114305.2432442,0.14908191439573326,1
2025-05-12,1663504305.2432442,1416114305.2432442,0.14871617657991312,1
2025-05-13,1662793670.4045343,1208471380.0819538,0.27322830150781746,2
2025-05-14,1666665057.5013087,1208471380.0819538,0.2749164718832507,2
2025-05-15,1668445767.178728,1208471380.0819538,0.27569034375901336,2
2025-05-16,1658938293.3460352,791704145.5220399,0.5227645605038188,4
2025-05-19,1657337975.6267183,791704145.5220399,0.5223037442180983,4
2025-05-20,1665835824.4069376,588344056.762913,0.6468175025756981,5
2025-05-21,1676593754.5900548,588344056.762913,0.6490837120487966,5
2025-05-22,1659699373.126319,588344056.762913,0.6455116713970498,5
2025-05-23,1672765166.1830316,588344056.762913,0.6482805425071021,5
2025-05-26,1683788184.116939,791369030.5900733,0.5300067799174478,4
2025-05-27,1690544678.5326252,584779485.2452458,0.6540881216148464,5
2025-05-28,1672425890.4953465,584779485.2452458,0.6503405690089841,5
2025-05-29,1672244539.0000272,584779485.2452458,0.6503026491598329,5
2025-05-30,1659590165.4531417,584779485.2452458,0.6476362071683069,5
2025-06-02,1668269746.1087224,584779485.2452458,0.6494694658287382,5
2025-06-03,1677879183.4707172,584779485.2452458,0.6514770008436359,5
2025-06-04,1671439932.361565,584779485.2452458,0.6501343099904192,5
2025-06-05,1668688842.1719525,584779485.2452458,0.6495575025934126,5
2025-06-06,1665646798.5743065,584779485.2452458,0.6489174741333025,5
2025-06-09,1644280946.7057624,778842255.2452458,0.5263326155997741,4
2025-06-10,1652112292.1668477,964707261.3223153,0.41607645806143,3
2025-06-11,1655572680.719349,964707261.3223153,0.41729694349441154,3
2025-06-12,1665109745.235478,964707261.3223153,0.4206344272005402,3
2025-06-13,1659762483.2890234,964707261.3223153,0.41876788333555454,3
2025-06-16,1672101001.3590248,964707261.3223153,0.42305682459478505,3
2025-06-17,1674398873.2972512,964707261.3223153,0.4238485962292847,3
2025-06-18,1675461623.6086926,1173696075.2215958,0.2994789861592707,2
2025-06-19,1685308655.8667572,1173696075.2215958,0.30357203641254554,2
2025-06-20,1683878655.8667572,1173696075.2215958,0.3029806090050775,2
2025-06-23,1683905817.1570797,1173696075.2215958,0.3029918518821116,2
2025-06-24,1682619377.591648,963612473.8023819,0.42731405174852366,3
2025-06-25,1680718488.2302852,545578306.4039292,0.6753898346305474,5
2025-06-26,1687048586.8357224,545578306.4039292,0.6766078282148164,5
2025-06-27,1683952596.6413493,817479221.4039292,0.5145473672867068,4
2025-06-30,1699936147.773541,817479221.4039292,0.519111807537826,4
2025-07-01,1700523931.834717,817479221.4039292,0.5192780259658325,4
2025-07-02,1710144945.4086998,817479221.4039292,0.5219824941747475,4
2025-07-03,1715206453.8411467,604544795.8776135,0.647538175638416,5
2025-07-04,1719043881.4889126,604544795.8776135,0.6483249773973192,5
2025-07-07,1719233368.7550533,604544795.8776135,0.6483637376609425,5
2025-07-08,1723907176.3720973,604544795.8776135,0.6493170837945828,5
2025-07-09,1720389972.0048528,604544795.8776135,0.6486001396688517,5
2025-07-10,1719225835.8093874,604544795.8776135,0.6483621969344113,5
2025-07-11,1716914318.5531888,604544795.8776135,0.6478887796875897,5
2025-07-14,1741182580.8502014,604544795.8776135,0.652796437015571,5
2025-07-15,1751686321.3476043,821588887.1349235,0.5309725964504535,4
2025-07-16,1762488096.5847528,604219858.0211793,0.6571779070780667,5
2025-07-17,1777088940.5459588,822692005.455677,0.5370563697262508,4
2025-07-18,1774709913.5104203,822692005.455677,0.5364357863824788,4
2025-07-21,1768993945.3935933,600657595.455677,0.660452430026812,5
2025-07-22,1803624970.4363453,600657595.455677,0.6669720117534401,5
2025-07-23,1808350829.5940404,600657595.455677,0.6678423314625738,5
2025-07-24,1817870532.9187322,600657595.455677,0.6695817526172919,5
2025-07-25,1840051683.3771038,845747897.1330965,0.540367314258875,4
2025-07-28,1888662794.2794113,845747897.1330965,0.5521975126026784,4
2025-07-29,1829890888.4185843,1054962177.1330965,0.4234835618834036,3
2025-07-30,1850281615.4346359,1054962177.1330965,0.4298369673390052,3
2025-07-31,1888341923.262333,1054962177.1330965,0.4413288376765342,3
2025-08-01,1871907141.2443106,1054962177.1330965,0.4364238728039508,3
2025-08-04,1880661346.1633203,1054962177.1330965,0.4390472376723792,3
2025-08-05,1889205536.3784697,1054962177.1330965,0.4415842231992311,3
2025-08-06,1894008079.5320992,1054962177.1330965,0.4430001706256094,3
2025-08-07,1892881736.9156556,1054962177.1330965,0.4426687327798418,3
2025-08-08,1917381026.4631202,582157902.0571501,0.6963786049708531,5
2025-08-11,1928436723.6719124,582157902.0571501,0.6981192616220923,5
2025-08-12,1951280164.0091722,582157902.0571501,0.7016533490193294,5
2025-08-13,1953941989.12388,582157902.0571501,0.702059782072557,5
2025-08-14,1977115220.657584,582157902.0571501,0.7055518585995582,5
2025-08-15,1981079801.544444,582157902.0571501,0.7061411147580721,5
2025-08-18,1982214096.7228837,582157902.0571501,0.7063092715264164,5
2025-08-19,2027565174.3963401,582157902.0571501,0.7128783284461009,5
2025-08-20,1987598720.8568797,582157902.0571501,0.7071049120990709,5
2025-08-21,1960560813.8020115,582157902.0571501,0.7030656238975815,5
2025-08-22,1907906535.161808,582157902.0571501,0.6948708485828538,5
2025-08-25,1883297454.4834514,783550859.7887796,0.5839473695865579,4
2025-08-26,1934488503.6127188,783550859.7887796,0.5949570864207911,4
2025-08-27,1931993935.6102252,619124904.3284869,0.6795409690906019,5
2025-08-28,1951463553.6353378,909910454.3284869,0.5337292092217479,4
2025-08-29,1942987105.2949743,909910454.3284869,0.5316950627985002,4
2025-09-03,1968238834.760316,667003244.3284869,0.6611167138109477,5
2025-09-04,1974365604.3724427,667003244.3284869,0.6621683223961473,5
2025-09-05,1929000047.339964,667003244.3284869,0.6542233136550383,5
2025-09-08,1878991709.5183542,893230619.3284869,0.5246223733698907,4
2025-09-09,1908803545.7318916,1115177344.328487,0.41577154609648687,3
2025-09-10,1913598363.2573419,1115177344.328487,0.41723542110988043,3
2025-09-11,1932939784.375504,1115177344.328487,0.42306669181172685,3
2025-09-12,1940803847.2576842,1115177344.328487,0.42540440348765307,3
2025-09-15,1941979143.4193215,1115177344.328487,0.4257521518151071,3
2025-09-16,1925928276.2145305,1115177344.328487,0.42096631629480963,3
2025-09-17,1903722774.0011744,1115177344.328487,0.41421232147964054,3
2025-09-18,1919533868.7566419,1115177344.328487,0.41903742232439406,3
2025-09-19,1926728341.5757973,1115177344.328487,0.4212067574526744,3
2025-09-22,1926713018.2802095,1115177344.328487,0.42120215426587093,3
2025-09-23,1912239390.302493,1115177344.328487,0.41682126726189894,3
2025-09-24,1950832765.7620447,1115177344.328487,0.4283583073340116,3
2025-09-25,1971727515.6059034,1115177344.328487,0.4344160967973317,3
2025-09-26,1978687311.1898706,1115177344.328487,0.4364054704237819,3
2025-09-29,1973524509.250049,1115177344.328487,0.4349310894789643,3
2025-09-30,1958251471.959921,1115177344.328487,0.4305239340827055,3
2025-10-01,1960846203.507737,1115177344.328487,0.431277505429259,3
2025-10-02,1928306415.1246219,1115177344.328487,0.4216804261077897,3
2025-10-03,1915978342.0139272,1115177344.328487,0.4179593162017169,3
2025-10-06,1965454344.5856602,1115177344.328487,0.4326109139087742,3
2025-10-07,1946689872.180355,876745744.3284869,0.5496222809509439,4
2025-10-08,1963499111.7666736,1128741235.7976813,0.4251378933489368,3
2025-10-09,1993519949.0534952,646398925.7976813,0.6757499587076691,5
2025-10-10,2040156026.572875,646398925.7976813,0.683162014385966,5
2025-10-13,2092665034.324813,646398925.7976813,0.6911120914264053,5
2025-10-14,2113882491.6891541,646398925.7976813,0.6942124605605873,5
2025-10-15,2109227189.3635726,646398925.7976813,0.6935375529685247,5
2025-10-16,2113595034.324813,646398925.7976813,0.694170872234201,5
2025-10-17,2088922617.3480687,1144292617.3480687,0.45220918771956603,3
2025-10-20,2023532617.3480687,1144292617.3480687,0.43450745120791967,3
2025-10-21,2016952617.3480687,1144292617.3480687,0.4326626180972915,3
2025-10-22,2031172617.3480687,1144292617.3480687,0.4366344802136633,3
2025-10-23,2036832617.3480687,1144292617.3480687,0.4381999740175392,3
2025-10-24,2020732617.3480687,1144292617.3480687,0.4337238843356752,3
2025-10-27,1959782617.3480687,1144292617.3480687,0.41611247736419954,3
2025-10-28,1967572617.3480687,1144292617.3480687,0.4184242008356633,3
2025-10-29,1961812327.3480687,1378852327.3480687,0.29715380613803744,2
2025-10-30,1943932327.3480687,1378852327.3480687,0.29068913153519477,2
2025-10-31,1930522327.3480687,1378852327.3480687,0.2857620407622124,2
2025-11-03,1932519562.3480687,1932519562.3480687,0.0,0
2025-11-04,1932519562.3480687,1932519562.3480687,0.0,0
2025-11-05,1932519562.3480687,1932519562.3480687,0.0,0
2025-11-06,1932519562.3480687,1932519562.3480687,0.0,0
2025-11-07,1932519562.3480687,1932519562.3480687,0.0,0
2025-11-10,1932519562.3480687,1932519562.3480687,0.0,0
2025-11-11,1932519562.3480687,1932519562.3480687,0.0,0
2025-11-12,1932519562.3480687,1932519562.3480687,0.0,0
2025-11-13,1932519562.3480687,1932519562.3480687,0.0,0
2025-11-14,1932519562.3480687,1932519562.3480687,0.0,0
2025-11-17,1932519562.3480687,1932519562.3480687,0.0,0
2025-11-18,1931675082.3480687,1690395082.3480687,0.12490713485143136,1
2025-11-19,1916315082.3480687,1690395082.3480687,0.11789293007242801,1
2025-11-20,1916955082.3480687,1690395082.3480687,0.11818743281271243,1
2025-11-21,1918235082.3480687,1690395082.3480687,0.11877584874587224,1
2025-11-24,1920795082.3480687,1690395082.3480687,0.11995032792272062,1
2025-11-25,1928475082.3480687,1690395082.3480687,0.12345505637030013,1
2025-11-26,1927195082.3480687,1690395082.3480687,0.12287287476444059,1
2025-11-27,1920795082.3480687,1690395082.3480687,0.11995032792272062,1
2025-11-28,1913115082.3480687,1690395082.3480687,0.11641746074503986,1
2025-12-01,1914661322.3480687,1914661322.3480687,0.0,0
2025-12-02,1914661322.3480687,1914661322.3480687,0.0,0
2025-12-03,1914661322.3480687,1914661322.3480687,0.0,0
2025-12-04,1914661322.3480687,1914661322.3480687,0.0,0
2025-12-05,1914661322.3480687,1914661322.3480687,0.0,0
2025-12-08,1914661322.3480687,1914661322.3480687,0.0,0
2025-12-09,1914661322.3480687,1914661322.3480687,0.0,0
2025-12-10,1914661322.3480687,1914661322.3480687,0.0,0
2025-12-11,1914661322.3480687,1914661322.3480687,0.0,0
2025-12-12,1914661322.3480687,1914661322.3480687,0.0,0
2025-12-15,1914661322.3480687,1914661322.3480687,0.0,0
2025-12-16,1914661322.3480687,1914661322.3480687,0.0,0
2025-12-17,1914661322.3480687,1914661322.3480687,0.0,0
2025-12-18,1914661322.3480687,1914661322.3480687,0.0,0
2025-12-19,1914661322.3480687,1914661322.3480687,0.0,0
2025-12-22,1914661322.3480687,1914661322.3480687,0.0,0
2025-12-23,1918229722.3480687,1676229722.3480687,0.1261579868045066,1
2025-12-24,1921561902.3480687,1438881902.3480687,0.2511914913644911,2
2025-12-25,1913521902.3480687,1438881902.3480687,0.24804524025440877,2
2025-12-26,1916661902.3480687,1438881902.3480687,0.24927714137515863,2
2025-12-29,1916931902.3480687,1438881902.3480687,0.24938288074523246,2
2025-12-30,1932153028.1467426,1209874733.9936383,0.37382043949484156,3
2025-12-31,1951715216.211842,1209874733.9936383,0.3800966842171114,3
