c_yoy,a_cagr,n_proximity,hard_stop,slots,entry_option,CAGR,Sharpe_rf3,MaxDD,MaxDD_duration_days,hit_rate,turnover,total_cost_drag_pct,num_trades,avg_hold_days,sanity_flag,error
0.1,0.1,0.05,0.06,5,A,0.025624420873459286,-0.0355384878083914,-0.15920105486210587,383,0.5454545454545454,4.069631809895159,4.208303823523576,33,38.81818181818182,OK,
0.1,0.1,0.05,0.06,5,C,0.02335294542316335,-0.05177559117300148,-0.1694495815623552,382,0.4146341463414634,5.0512161588234425,5.133828984201615,41,32.80487804878049,OK,
0.1,0.1,0.05,0.06,8,A,0.023140367321171196,-0.05141702562633012,-0.16826413277298313,383,0.5263157894736842,4.710630403532994,4.853902194312038,38,36.71052631578947,OK,
0.1,0.1,0.05,0.06,8,C,0.019216632628400898,-0.07386907245770623,-0.18292619935355753,382,0.4117647058823529,6.232445139602548,6.279069471889656,51,31.823529411764707,OK,
0.1,0.1,0.1,0.1,8,A,0.017224827456301606,-0.09476982980436155,-0.168310663634147,383,0.5263157894736842,4.697784239192121,4.7970006988752,38,38.578947368421055,OK,
0.1,0.1,0.1,0.1,8,C,0.026046549756588933,-0.021530873334586493,-0.23050130917319045,382,0.4375,8.008922134659112,8.15839647268992,64,32.734375,OK,
0.1,0.1,0.1,0.1,10,A,0.017224827456301606,-0.09476982980436155,-0.168310663634147,383,0.5263157894736842,4.697784239192121,4.7970006988752,38,38.578947368421055,OK,
0.1,0.1,0.1,0.1,10,C,0.026046549756588933,-0.021530873334586493,-0.23050130917319045,382,0.4375,8.008922134659112,8.15839647268992,64,32.734375,OK,
0.1,0.1,0.1,0.06,10,A,0.023140367321171196,-0.05141702562633012,-0.16826413277298313,383,0.5263157894736842,4.710630403532994,4.853902194312038,38,36.71052631578947,OK,
0.1,0.1,0.1,0.06,10,C,0.03137508580256365,0.00879800628774312,-0.19758310095040998,382,0.4153846153846154,8.187298099415308,8.438689708159208,65,30.4,OK,
0.1,0.1,0.1,0.07,5,A,0.02422346228815564,-0.047191880897945765,-0.15852217164260282,383,0.53125,3.94117934247938,4.064245805805085,32,40.375,OK,
0.1,0.1,0.1,0.07,5,C,0.025158464522298196,-0.03727020183133827,-0.16338361960504183,382,0.3958333333333333,6.062542233111934,6.211277951264326,48,31.416666666666668,OK,
0.1,0.1,0.05,0.06,10,A,0.023140367321171196,-0.05141702562633012,-0.16826413277298313,383,0.5263157894736842,4.710630403532994,4.853902194312038,38,36.71052631578947,OK,
0.1,0.1,0.05,0.06,10,C,0.019216632628400898,-0.07386907245770623,-0.18292619935355753,382,0.4117647058823529,6.232445139602548,6.279069471889656,51,31.823529411764707,OK,
0.1,0.1,0.05,0.07,5,A,0.02422346228815564,-0.047191880897945765,-0.15852217164260282,383,0.53125,3.94117934247938,4.064245805805085,32,40.375,OK,
0.1,0.1,0.05,0.07,5,C,0.02230847882253917,-0.05996514775327228,-0.16939967032225073,382,0.41025641025641024,4.7969964220805785,4.869718824525211,39,34.717948717948715,OK,
0.1,0.1,0.05,0.07,8,A,0.022399912779199616,-0.0566774867953934,-0.16879763658557279,383,0.5263157894736842,4.702186843289607,4.836660274281451,38,37.973684210526315,OK,
0.1,0.1,0.05,0.07,8,C,0.017198272076660803,-0.08717362412840503,-0.1832263062301006,382,0.4117647058823529,6.203940813465345,6.232553841144308,51,33.03921568627451,OK,
0.1,0.1,0.05,0.07,10,A,0.022399912779199616,-0.0566774867953934,-0.16879763658557279,383,0.5263157894736842,4.702186843289607,4.836660274281451,38,37.973684210526315,OK,
0.1,0.1,0.05,0.07,10,C,0.017198272076660803,-0.08717362412840503,-0.1832263062301006,382,0.4117647058823529,6.203940813465345,6.232553841144308,51,33.03921568627451,OK,
0.1,0.1,0.1,0.06,5,A,0.025624420873459286,-0.0355384878083914,-0.15920105486210587,383,0.5454545454545454,4.069631809895159,4.208303823523576,33,38.81818181818182,OK,
0.1,0.1,0.1,0.06,5,C,0.02913973454707941,-0.006607007219461074,-0.1635535126165174,382,0.42,6.344405861691314,6.543229947397907,50,30.3,OK,
0.1,0.1,0.1,0.06,8,A,0.023140367321171196,-0.05141702562633012,-0.16826413277298313,383,0.5263157894736842,4.710630403532994,4.853902194312038,38,36.71052631578947,OK,
0.1,0.1,0.1,0.06,8,C,0.03137508580256365,0.00879800628774312,-0.19758310095040998,382,0.4153846153846154,8.187298099415308,8.438689708159208,65,30.4,OK,
0.1,0.1,0.05,0.08,10,A,0.022309124520873302,-0.057313421093729486,-0.16879763658557279,383,0.5263157894736842,4.702462559246456,4.836658034287715,38,38.05263157894737,OK,
0.1,0.1,0.05,0.08,10,C,0.01661931097003122,-0.09135737346229932,-0.1825439015846472,382,0.43137254901960786,6.201720871317445,6.224441642593374,51,33.529411764705884,OK,
0.1,0.1,0.05,0.1,5,A,0.019326198412582096,-0.08605226431672043,-0.159327491468858,383,0.53125,3.9395662168243493,4.034289079681264,32,41.09375,OK,
0.1,0.1,0.05,0.1,5,C,0.01649401968197428,-0.10446235415319824,-0.169330014124653,382,0.4358974358974359,4.77348724765746,4.793833880228999,39,35.53846153846154,OK,
0.1,0.1,0.05,0.08,5,A,0.02413331846268818,-0.04788713775530902,-0.15852217164260282,383,0.53125,3.94140985469376,4.064243565811349,32,40.46875,OK,
0.1,0.1,0.05,0.08,5,C,0.021608677928371733,-0.06520268591013262,-0.169694179572543,382,0.4358974358974359,4.793218527275206,4.857898730959324,39,35.333333333333336,OK,
0.1,0.1,0.05,0.08,8,A,0.022309124520873302,-0.057313421093729486,-0.16879763658557279,383,0.5263157894736842,4.702462559246456,4.836658034287715,38,38.05263157894737,OK,
0.1,0.1,0.05,0.08,8,C,0.01661931097003122,-0.09135737346229932,-0.1825439015846472,382,0.43137254901960786,6.201720871317445,6.224441642593374,51,33.529411764705884,OK,
0.1,0.1,0.1,0.08,10,A,0.022309124520873302,-0.057313421093729486,-0.16879763658557279,383,0.5263157894736842,4.702462559246456,4.836658034287715,38,38.05263157894737,OK,
0.1,0.1,0.1,0.08,10,C,0.03122427705548958,0.006701470731734451,-0.23055314380166653,382,0.4375,8.04033670243044,8.269006036443736,64,32.609375,OK,
0.1,0.1,0.1,0.1,5,A,0.019326198412582096,-0.08605226431672043,-0.159327491468858,383,0.53125,3.9395662168243493,4.034289079681264,32,41.09375,OK,
0.1,0.1,0.1,0.1,5,C,0.0280828262437689,-0.012222342749483443,-0.19791324563140117,382,0.43478260869565216,5.767697494929819,5.904170159641491,46,33.608695652173914,OK,
0.1,0.1,0.1,0.08,5,A,0.02413331846268818,-0.04788713775530902,-0.15852217164260282,383,0.53125,3.94140985469376,4.064243565811349,32,40.46875,OK,
0.1,0.1,0.1,0.08,5,C,0.026976799785501493,-0.019252773186217646,-0.19823456669851472,382,0.425531914893617,5.9294947516589085,6.080813809776434,47,32.8936170212766,OK,
0.1,0.1,0.1,0.08,8,A,0.022309124520873302,-0.057313421093729486,-0.16879763658557279,383,0.5263157894736842,4.702462559246456,4.836658034287715,38,38.05263157894737,OK,
0.1,0.1,0.1,0.08,8,C,0.03122427705548958,0.006701470731734451,-0.23055314380166653,382,0.4375,8.04033670243044,8.269006036443736,64,32.609375,OK,
0.1,0.1,0.15,0.07,8,A,0.022399912779199616,-0.0566774867953934,-0.16879763658557279,383,0.5263157894736842,4.702186843289607,4.836660274281451,38,37.973684210526315,OK,
0.1,0.1,0.15,0.07,8,C,0.01918746948619998,-0.06905029855690327,-0.19698138102689422,393,0.3698630136986301,9.190804165368341,9.30685631745307,73,29.958904109589042,OK,
0.1,0.1,0.15,0.07,10,A,0.022399912779199616,-0.0566774867953934,-0.16879763658557279,383,0.5263157894736842,4.702186843289607,4.836660274281451,38,37.973684210526315,OK,
0.1,0.1,0.15,0.07,10,C,0.01918746948619998,-0.06905029855690327,-0.19698138102689422,393,0.3698630136986301,9.190804165368341,9.30685631745307,73,29.958904109589042,OK,
0.1,0.1,0.15,0.06,5,A,0.025624420873459286,-0.0355384878083914,-0.15920105486210587,383,0.5454545454545454,4.069631809895159,4.208303823523576,33,38.81818181818182,OK,
0.1,0.1,0.15,0.06,5,C,0.023150882066408807,-0.05270388847778498,-0.163073583816658,393,0.38596491228070173,7.286032185249186,7.47931207078051,57,28.333333333333332,OK,
0.1,0.1,0.15,0.06,8,A,0.023140367321171196,-0.05141702562633012,-0.16826413277298313,383,0.5263157894736842,4.710630403532994,4.853902194312038,38,36.71052631578947,OK,
0.1,0.1,0.15,0.06,8,C,0.02129605685191205,-0.05575276179621498,-0.1968825512835986,393,0.3684210526315789,9.584699684195135,9.758953699338045,76,28.17105263157895,OK,
0.1,0.1,0.1,0.07,8,A,0.022399912779199616,-0.0566774867953934,-0.16879763658557279,383,0.5263157894736842,4.702186843289607,4.836660274281451,38,37.973684210526315,OK,
0.1,0.1,0.1,0.07,8,C,0.029718670694660165,-0.0017952758179836858,-0.1976710858967136,382,0.4153846153846154,8.186516897764532,8.41416961153375,65,31.523076923076925,OK,
0.1,0.1,0.1,0.07,10,A,0.022399912779199616,-0.0566774867953934,-0.16879763658557279,383,0.5263157894736842,4.702186843289607,4.836660274281451,38,37.973684210526315,OK,
0.1,0.1,0.1,0.07,10,C,0.029718670694660165,-0.0017952758179836858,-0.1976710858967136,382,0.4153846153846154,8.186516897764532,8.41416961153375,65,31.523076923076925,OK,
0.1,0.1,0.05,0.1,8,A,0.017224827456301606,-0.09476982980436155,-0.168310663634147,383,0.5263157894736842,4.697784239192121,4.7970006988752,38,38.578947368421055,OK,
0.1,0.1,0.05,0.1,8,C,0.01103035937670338,-0.1284128023486435,-0.18262717481324678,382,0.43137254901960786,6.166159505870794,6.123976930825175,51,33.78431372549019,OK,
0.1,0.1,0.05,0.1,10,A,0.017224827456301606,-0.09476982980436155,-0.168310663634147,383,0.5263157894736842,4.697784239192121,4.7970006988752,38,38.578947368421055,OK,
0.1,0.1,0.05,0.1,10,C,0.01103035937670338,-0.1284128023486435,-0.18262717481324678,382,0.43137254901960786,6.166159505870794,6.123976930825175,51,33.78431372549019,OK,
0.1,0.1,0.15,0.06,10,A,0.023140367321171196,-0.05141702562633012,-0.16826413277298313,383,0.5263157894736842,4.710630403532994,4.853902194312038,38,36.71052631578947,OK,
0.1,0.1,0.15,0.06,10,C,0.023438686518018725,-0.04193475741590786,-0.1973498005951543,393,0.3815789473684211,9.599520603589628,9.811512395930542,76,28.236842105263158,OK,
0.1,0.1,0.15,0.07,5,A,0.02422346228815564,-0.047191880897945765,-0.15852217164260282,383,0.53125,3.94117934247938,4.064245805805085,32,40.375,OK,
0.1,0.1,0.15,0.07,5,C,0.02053384735527297,-0.07259327317402026,-0.16364973902466654,393,0.38181818181818183,7.0154230925789305,7.170729322977183,55,29.563636363636363,OK,
0.1,0.1,0.15,0.08,5,A,0.02413331846268818,-0.04788713775530902,-0.15852217164260282,383,0.53125,3.94140985469376,4.064243565811349,32,40.46875,OK,
0.1,0.1,0.15,0.08,5,C,0.022320565984292218,-0.04875674357642442,-0.19850062577574995,393,0.4074074074074074,6.862246450936666,7.021051409378789,54,30.814814814814813,OK,
0.1,0.1,0.15,0.08,8,A,0.022309124520873302,-0.057313421093729486,-0.16879763658557279,383,0.5263157894736842,4.702462559246456,4.836658034287715,38,38.05263157894737,OK,
0.1,0.1,0.15,0.08,8,C,0.021699368463926838,-0.045350894027561206,-0.23067037068255802,393,0.39436619718309857,8.939033989472527,9.072199109993921,71,31.225352112676056,OK,
0.1,0.1,0.2,0.06,5,A,0.025624420873459286,-0.0355384878083914,-0.15920105486210587,383,0.5454545454545454,4.069631809895159,4.208303823523576,33,38.81818181818182,OK,
0.1,0.1,0.2,0.06,5,C,0.03232221425020132,0.01759366120224596,-0.1638632018244095,383,0.4307692307692308,8.355042571689857,8.637368045392819,65,28.446153846153845,OK,
0.1,0.1,0.2,0.06,8,A,0.023140367321171196,-0.05141702562633012,-0.16826413277298313,383,0.5263157894736842,4.710630403532994,4.853902194312038,38,36.71052631578947,OK,
0.1,0.1,0.2,0.06,8,C,0.027594026033107122,-0.015135048179681752,-0.19744098245596564,383,0.3953488372093023,10.939578701649019,11.209455512269173,86,28.08139534883721,OK,
0.1,0.1,0.15,0.08,10,A,0.022309124520873302,-0.057313421093729486,-0.16879763658557279,383,0.5263157894736842,4.702462559246456,4.836658034287715,38,38.05263157894737,OK,
0.1,0.1,0.15,0.08,10,C,0.021699368463926838,-0.045350894027561206,-0.23067037068255802,393,0.39436619718309857,8.939033989472527,9.072199109993921,71,31.225352112676056,OK,
0.1,0.1,0.15,0.1,5,A,0.019326198412582096,-0.08605226431672043,-0.159327491468858,383,0.53125,3.9395662168243493,4.034289079681264,32,41.09375,OK,
0.1,0.1,0.15,0.1,5,C,0.023385754117646318,-0.04205843398355912,-0.19810186743588826,393,0.41509433962264153,6.702414713531222,6.84404028526539,53,31.39622641509434,OK,
0.1,0.1,0.2,0.07,8,A,0.022399912779199616,-0.0566774867953934,-0.16879763658557279,383,0.5263157894736842,4.702186843289607,4.836660274281451,38,37.973684210526315,OK,
0.1,0.1,0.2,0.07,8,C,0.023736088048055493,-0.039304979797054045,-0.19737122685119757,383,0.39285714285714285,10.64599458432275,10.80522484578933,84,29.404761904761905,OK,
0.1,0.1,0.2,0.07,10,A,0.022399912779199616,-0.0566774867953934,-0.16879763658557279,383,0.5263157894736842,4.702186843289607,4.836660274281451,38,37.973684210526315,OK,
0.1,0.1,0.2,0.07,10,C,0.02592747201897705,-0.025540963957194088,-0.19749533134843783,383,0.40476190476190477,10.663695722488882,10.866114276734159,84,29.44047619047619,OK,
0.1,0.1,0.15,0.1,8,A,0.017224827456301606,-0.09476982980436155,-0.168310663634147,383,0.5263157894736842,4.697784239192121,4.7970006988752,38,38.578947368421055,OK,
0.1,0.1,0.15,0.1,8,C,0.01618454904292177,-0.07509144677737209,-0.23077368770771034,393,0.3888888888888889,8.99743169119291,9.039927331662428,72,31.0,OK,
0.1,0.1,0.15,0.1,10,A,0.017224827456301606,-0.09476982980436155,-0.168310663634147,383,0.5263157894736842,4.697784239192121,4.7970006988752,38,38.578947368421055,OK,
0.1,0.1,0.15,0.1,10,C,0.01618454904292177,-0.07509144677737209,-0.23077368770771034,393,0.3888888888888889,8.99743169119291,9.039927331662428,72,31.0,OK,
0.1,0.1,0.2,0.06,10,A,0.023140367321171196,-0.05141702562633012,-0.16826413277298313,383,0.5263157894736842,4.710630403532994,4.853902194312038,38,36.71052631578947,OK,
0.1,0.1,0.2,0.06,10,C,0.02954365185273722,-0.0028793633278290072,-0.196843368590234,383,0.4069767441860465,10.952625707645074,11.262988533335147,86,28.13953488372093,OK,
0.1,0.1,0.2,0.07,5,A,0.02422346228815564,-0.047191880897945765,-0.15852217164260282,383,0.53125,3.94117934247938,4.064245805805085,32,40.375,OK,
0.1,0.1,0.2,0.07,5,C,0.028744149938236152,-0.009539721606652082,-0.16334794050611184,383,0.42857142857142855,8.068439216638922,8.281406966382534,63,29.53968253968254,OK,
0.1,0.1,0.2,0.08,5,A,0.02413331846268818,-0.04788713775530902,-0.15852217164260282,383,0.53125,3.94140985469376,4.064243565811349,32,40.46875,OK,
0.1,0.1,0.2,0.08,5,C,0.03061564063597544,0.0038817960474002177,-0.19831312301739307,383,0.45161290322580644,7.939673856455485,8.15831816335161,62,30.629032258064516,OK,
0.1,0.1,0.2,0.08,8,A,0.022309124520873302,-0.057313421093729486,-0.16879763658557279,383,0.5263157894736842,4.702462559246456,4.836658034287715,38,38.05263157894737,OK,
0.1,0.1,0.2,0.08,8,C,0.026418090191681953,-0.01932813430716671,-0.23077448847901083,383,0.4146341463414634,10.411829202004116,10.59052750156198,82,30.48780487804878,OK,
0.1,0.1,0.2,0.08,10,A,0.022309124520873302,-0.057313421093729486,-0.16879763658557279,383,0.5263157894736842,4.702462559246456,4.836658034287715,38,38.05263157894737,OK,
0.1,0.1,0.2,0.08,10,C,0.026418090191681953,-0.01932813430716671,-0.23077448847901083,383,0.4146341463414634,10.411829202004116,10.59052750156198,82,30.48780487804878,OK,
0.1,0.1,0.2,0.1,5,A,0.019326198412582096,-0.08605226431672043,-0.159327491468858,383,0.53125,3.9395662168243493,4.034289079681264,32,41.09375,OK,
0.1,0.1,0.2,0.1,5,C,0.031714168233804685,0.010822430276665745,-0.1979375739729942,383,0.45901639344262296,7.780098806893665,7.978378464525714,61,31.131147540983605,OK,
0.1,0.15,0.05,0.06,5,A,0.020795047202875283,-0.07528707197561568,-0.15880914980127858,363,0.5333333333333333,3.7096603651408864,3.827578017219158,30,40.833333333333336,OK,
0.1,0.15,0.05,0.06,5,C,0.012963954126458566,-0.1329683809955856,-0.16911260541547338,363,0.425,4.945029280657862,4.997330342955967,40,33.125,OK,
0.1,0.15,0.05,0.06,8,A,0.01867806673361061,-0.08488285607302945,-0.16886795319748293,363,0.5142857142857142,4.3569905875621275,4.481678180989047,35,38.25714285714286,OK,
0.1,0.15,0.05,0.06,8,C,0.010917727285551626,-0.13087963566487942,-0.1832991534926451,363,0.4166666666666667,5.907404812102915,5.939574684907675,48,32.645833333333336,OK,
0.1,0.15,0.05,0.08,5,A,0.019637725812621687,-0.08471059497058923,-0.1589738068196258,363,0.5172413793103449,3.581238988527826,3.686132228160829,29,42.724137931034484,OK,
0.1,0.15,0.05,0.08,5,C,0.011179969928289735,-0.14617335452672936,-0.16958928078887808,363,0.4473684210526316,4.69308904881916,4.729286244977286,38,35.73684210526316,OK,
0.1,0.15,0.05,0.08,8,A,0.017565592408335773,-0.09335829058868401,-0.16816745417213613,363,0.5142857142857142,4.346400464829297,4.461081507542358,35,39.714285714285715,OK,
0.1,0.15,0.05,0.08,8,C,0.009200439354474232,-0.14210003593120696,-0.18332554135673118,363,0.44680851063829785,5.788298696048425,5.805029361492932,47,34.46808510638298,OK,
0.1,0.15,0.05,0.06,10,A,0.01867806673361061,-0.08488285607302945,-0.16886795319748293,363,0.5142857142857142,4.3569905875621275,4.481678180989047,35,38.25714285714286,OK,
0.1,0.15,0.05,0.06,10,C,0.010917727285551626,-0.13087963566487942,-0.1832991534926451,363,0.4166666666666667,5.907404812102915,5.939574684907675,48,32.645833333333336,OK,
0.1,0.15,0.05,0.07,5,A,0.019727964515216856,-0.08403117846079718,-0.1589738068196258,363,0.5172413793103449,3.581032602077159,3.686134431433357,29,42.62068965517241,OK,
0.1,0.15,0.05,0.07,5,C,0.011769868970368913,-0.1422809283142155,-0.16907390025332103,363,0.42105263157894735,4.6946387474419105,4.738226516651041,38,35.10526315789474,OK,
0.1,0.15,0.05,0.07,8,A,0.01765656759665757,-0.09273057414245454,-0.16816745417213613,363,0.5142857142857142,4.346149281746644,4.461083710814886,35,39.628571428571426,OK,
0.1,0.15,0.05,0.07,8,C,0.009559779677035474,-0.13982458698269787,-0.18328582204287933,363,0.425531914893617,5.790510036297037,5.811491560752054,47,33.93617021276596,OK,
0.1,0.15,0.05,0.07,10,A,0.01765656759665757,-0.09273057414245454,-0.16816745417213613,363,0.5142857142857142,4.346149281746644,4.461083710814886,35,39.628571428571426,OK,
0.1,0.15,0.05,0.07,10,C,0.009559779677035474,-0.13982458698269787,-0.18328582204287933,363,0.425531914893617,5.790510036297037,5.811491560752054,47,33.93617021276596,OK,
0.1,0.15,0.05,0.08,10,A,0.017565592408335773,-0.09335829058868401,-0.16816745417213613,363,0.5142857142857142,4.346400464829297,4.461081507542358,35,39.714285714285715,OK,
0.1,0.15,0.05,0.08,10,C,0.009200439354474232,-0.14210003593120696,-0.18332554135673118,363,0.44680851063829785,5.788298696048425,5.805029361492932,47,34.46808510638298,OK,
0.1,0.15,0.05,0.1,5,A,0.014561787967842577,-0.1254679142433602,-0.15868648398442634,363,0.5172413793103449,3.5701702876849652,3.6483137507461336,29,43.41379310344828,OK,
0.1,0.15,0.05,0.1,5,C,0.006039488473602805,-0.18489724182389825,-0.16951115467598368,363,0.4473684210526316,4.680344901024747,4.673612717997427,38,35.94736842105263,OK,
0.1,0.1,0.2,0.1,8,A,0.017224827456301606,-0.09476982980436155,-0.168310663634147,383,0.5263157894736842,4.697784239192121,4.7970006988752,38,38.578947368421055,OK,
0.1,0.1,0.2,0.1,8,C,0.021562205954453573,-0.04530309235670429,-0.23094067312997277,383,0.4146341463414634,10.34107055658549,10.426565878245416,82,30.573170731707318,OK,
0.1,0.1,0.2,0.1,10,A,0.017224827456301606,-0.09476982980436155,-0.168310663634147,383,0.5263157894736842,4.697784239192121,4.7970006988752,38,38.578947368421055,OK,
0.1,0.1,0.2,0.1,10,C,0.021562205954453573,-0.04530309235670429,-0.23094067312997277,383,0.4146341463414634,10.34107055658549,10.426565878245416,82,30.573170731707318,OK,
0.1,0.15,0.05,0.1,8,A,0.01270916400752875,-0.12849305421889556,-0.1686042383037451,363,0.5142857142857142,4.3397630098921125,4.423456632847872,35,40.285714285714285,OK,
0.1,0.15,0.05,0.1,8,C,0.002795587885891848,-0.1847125376823104,-0.1827579316666297,363,0.4375,5.829762633523096,5.7794533982399585,48,34.729166666666664,OK,
0.1,0.15,0.05,0.1,10,A,0.01270916400752875,-0.12849305421889556,-0.1686042383037451,363,0.5142857142857142,4.3397630098921125,4.423456632847872,35,40.285714285714285,OK,
0.1,0.15,0.05,0.1,10,C,0.002795587885891848,-0.1847125376823104,-0.1827579316666297,363,0.4375,5.829762633523096,5.7794533982399585,48,34.729166666666664,OK,
0.1,0.15,0.1,0.06,10,A,0.01867806673361061,-0.08488285607302945,-0.16886795319748293,363,0.5142857142857142,4.3569905875621275,4.481678180989047,35,38.25714285714286,OK,
0.1,0.15,0.1,0.06,10,C,0.02100976680208122,-0.05766116516398258,-0.1974717218247632,378,0.41935483870967744,7.79722690090195,8.035560149934174,62,31.096774193548388,OK,
0.1,0.15,0.1,0.07,5,A,0.019727964515216856,-0.08403117846079718,-0.1589738068196258,363,0.5172413793103449,3.581032602077159,3.686134431433357,29,42.62068965517241,OK,
0.1,0.15,0.1,0.07,5,C,0.01648800536048567,-0.10402338160630348,-0.1638342931439313,378,0.4222222222222222,5.71357536236077,5.88010462122412,45,32.53333333333333,OK,
0.1,0.15,0.1,0.07,8,A,0.01765656759665757,-0.09273057414245454,-0.16816745417213613,363,0.5142857142857142,4.346149281746644,4.461083710814886,35,39.628571428571426,OK,
0.1,0.15,0.1,0.07,8,C,0.018600216853346563,-0.07295827154275197,-0.1970022353716263,378,0.4262295081967213,7.6663758959622665,7.872199362692093,61,32.0,OK,
0.1,0.15,0.1,0.07,10,A,0.01765656759665757,-0.09273057414245454,-0.16816745417213613,363,0.5142857142857142,4.346149281746644,4.461083710814886,35,39.628571428571426,OK,
0.1,0.15,0.1,0.07,10,C,0.018600216853346563,-0.07295827154275197,-0.1970022353716263,378,0.4262295081967213,7.6663758959622665,7.872199362692093,61,32.0,OK,
0.1,0.15,0.1,0.08,10,A,0.017565592408335773,-0.09335829058868401,-0.16816745417213613,363,0.5142857142857142,4.346400464829297,4.461081507542358,35,39.714285714285715,OK,
0.1,0.15,0.1,0.08,10,C,0.02081704004610785,-0.05024939775371365,-0.23060842159513506,378,0.45,7.528974871331067,7.746198801093384,60,33.18333333333333,OK,
0.1,0.15,0.1,0.1,5,A,0.014561787967842577,-0.1254679142433602,-0.15868648398442634,363,0.5172413793103449,3.5701702876849652,3.6483137507461336,29,43.41379310344828,OK,
0.1,0.15,0.1,0.1,5,C,0.019517725447116607,-0.06677334730376616,-0.19844568737586504,378,0.46511627906976744,5.419484737786031,5.572554607294206,43,34.93023255813954,OK,
0.1,0.15,0.1,0.1,8,A,0.01270916400752875,-0.12849305421889556,-0.1686042383037451,363,0.5142857142857142,4.3397630098921125,4.423456632847872,35,40.285714285714285,OK,
0.1,0.15,0.1,0.1,8,C,0.012706615086970352,-0.09420019240116187,-0.23050362164652285,378,0.43333333333333335,7.476241019179331,7.5761982373715,60,33.61666666666667,OK,
0.1,0.15,0.1,0.1,10,A,0.01270916400752875,-0.12849305421889556,-0.1686042383037451,363,0.5142857142857142,4.3397630098921125,4.423456632847872,35,40.285714285714285,OK,
0.1,0.15,0.1,0.1,10,C,0.012706615086970352,-0.09420019240116187,-0.23050362164652285,378,0.43333333333333335,7.476241019179331,7.5761982373715,60,33.61666666666667,OK,
0.1,0.15,0.1,0.06,5,A,0.020795047202875283,-0.07528707197561568,-0.15880914980127858,363,0.5333333333333333,3.7096603651408864,3.827578017219158,30,40.833333333333336,OK,
0.1,0.15,0.1,0.06,5,C,0.020121733076880588,-0.07629955731910258,-0.16311423446440837,378,0.44680851063829785,5.991420570280087,6.199334215435768,47,31.319148936170212,OK,
0.1,0.15,0.1,0.06,8,A,0.01867806673361061,-0.08488285607302945,-0.16886795319748293,363,0.5142857142857142,4.3569905875621275,4.481678180989047,35,38.25714285714286,OK,
0.1,0.15,0.1,0.06,8,C,0.02100976680208122,-0.05766116516398258,-0.1974717218247632,378,0.41935483870967744,7.79722690090195,8.035560149934174,62,31.096774193548388,OK,
0.1,0.15,0.15,0.07,8,A,0.01765656759665757,-0.09273057414245454,-0.16816745417213613,363,0.5142857142857142,4.346149281746644,4.461083710814886,35,39.628571428571426,OK,
0.1,0.15,0.15,0.07,8,C,0.011385718487448626,-0.11851277466577767,-0.19761570466508496,392,0.38571428571428573,8.870007395843444,9.077127816100656,70,30.32857142857143,OK,
0.1,0.15,0.15,0.07,10,A,0.01765656759665757,-0.09273057414245454,-0.16816745417213613,363,0.5142857142857142,4.346149281746644,4.461083710814886,35,39.628571428571426,OK,
0.1,0.15,0.15,0.07,10,C,0.011385718487448626,-0.11851277466577767,-0.19761570466508496,392,0.38571428571428573,8.870007395843444,9.077127816100656,70,30.32857142857143,OK,
0.1,0.15,0.15,0.08,5,A,0.019637725812621687,-0.08471059497058923,-0.1589738068196258,363,0.5172413793103449,3.581238988527826,3.686132228160829,29,42.724137931034484,OK,
0.1,0.15,0.15,0.08,5,C,0.011343020714504215,-0.11903156957094674,-0.19790189615857298,392,0.40384615384615385,6.5874028868375305,6.740449616022525,52,31.115384615384617,OK,
0.1,0.15,0.15,0.08,8,A,0.017565592408335773,-0.09335829058868401,-0.16816745417213613,363,0.5142857142857142,4.346400464829297,4.461081507542358,35,39.714285714285715,OK,
0.1,0.15,0.15,0.08,8,C,0.013019192133855606,-0.09275586631643813,-0.23062997360937276,392,0.4057971014492754,8.725599944795036,8.935887303317935,69,31.318840579710145,OK,
0.1,0.15,0.15,0.06,5,A,0.020795047202875283,-0.07528707197561568,-0.15880914980127858,363,0.5333333333333333,3.7096603651408864,3.827578017219158,30,40.833333333333336,OK,
0.1,0.15,0.15,0.06,5,C,0.012275593496161141,-0.1365020418834267,-0.1634051042645156,392,0.38181818181818183,7.001122955379106,7.184346234513352,55,28.545454545454547,OK,
0.1,0.15,0.15,0.06,8,A,0.01867806673361061,-0.08488285607302945,-0.16886795319748293,363,0.5142857142857142,4.3569905875621275,4.481678180989047,35,38.25714285714286,OK,
0.1,0.15,0.15,0.06,8,C,0.014675783523538932,-0.0980348780067223,-0.19718390567525607,392,0.3888888888888889,9.168984930650764,9.445130828523075,72,28.76388888888889,OK,
0.1,0.15,0.1,0.08,5,A,0.019637725812621687,-0.08471059497058923,-0.1589738068196258,363,0.5172413793103449,3.581238988527826,3.686132228160829,29,42.724137931034484,OK,
0.1,0.15,0.1,0.08,5,C,0.018157472440978983,-0.07568357365511742,-0.19790271529329087,378,0.45454545454545453,5.5666031259992215,5.732822837786689,44,34.13636363636363,OK,
0.1,0.15,0.1,0.08,8,A,0.017565592408335773,-0.09335829058868401,-0.16816745417213613,363,0.5142857142857142,4.346400464829297,4.461081507542358,35,39.714285714285715,OK,
0.1,0.15,0.1,0.08,8,C,0.02081704004610785,-0.05024939775371365,-0.23060842159513506,378,0.45,7.528974871331067,7.746198801093384,60,33.18333333333333,OK,
0.1,0.15,0.2,0.06,5,A,0.020795047202875283,-0.07528707197561568,-0.15880914980127858,363,0.5333333333333333,3.7096603651408864,3.827578017219158,30,40.833333333333336,OK,
0.1,0.15,0.2,0.06,5,C,0.022902178281277052,-0.05403492084567018,-0.16358919914889913,378,0.43333333333333335,7.690278007452168,7.999229433747195,60,29.266666666666666,OK,
0.1,0.15,0.2,0.06,8,A,0.01867806673361061,-0.08488285607302945,-0.16886795319748293,363,0.5142857142857142,4.3569905875621275,4.481678180989047,35,38.25714285714286,OK,
0.1,0.15,0.2,0.06,8,C,0.021821690251305093,-0.05144098115138882,-0.1974586440250961,378,0.4050632911392405,10.11427869099959,10.538682339530947,79,29.0126582278481,OK,
0.1,0.15,0.15,0.08,10,A,0.017565592408335773,-0.09335829058868401,-0.16816745417213613,363,0.5142857142857142,4.346400464829297,4.461081507542358,35,39.714285714285715,OK,
0.1,0.15,0.15,0.08,10,C,0.013019192133855606,-0.09275586631643813,-0.23062997360937276,392,0.4057971014492754,8.725599944795036,8.935887303317935,69,31.318840579710145,OK,
0.1,0.15,0.15,0.1,5,A,0.014561787967842577,-0.1254679142433602,-0.15868648398442634,363,0.5172413793103449,3.5701702876849652,3.6483137507461336,29,43.41379310344828,OK,
0.1,0.15,0.15,0.1,5,C,0.012722686395909566,-0.1098904645355359,-0.198427492358221,392,0.4117647058823529,6.436285020999076,6.575582417265273,51,31.725490196078432,OK,
0.1,0.15,0.15,0.06,10,A,0.01867806673361061,-0.08488285607302945,-0.16886795319748293,363,0.5142857142857142,4.3569905875621275,4.481678180989047,35,38.25714285714286,OK,
0.1,0.15,0.15,0.06,10,C,0.014675783523538932,-0.0980348780067223,-0.19718390567525607,392,0.3888888888888889,9.168984930650764,9.445130828523075,72,28.76388888888889,OK,
0.1,0.15,0.15,0.07,5,A,0.019727964515216856,-0.08403117846079718,-0.1589738068196258,363,0.5172413793103449,3.581032602077159,3.686134431433357,29,42.62068965517241,OK,
0.1,0.15,0.15,0.07,5,C,0.009627542485964868,-0.15642560571539202,-0.1638487853081906,392,0.37735849056603776,6.7334094330034775,6.884871360192375,53,29.81132075471698,OK,
0.1,0.15,0.15,0.1,8,A,0.01270916400752875,-0.12849305421889556,-0.1686042383037451,363,0.5142857142857142,4.3397630098921125,4.423456632847872,35,40.285714285714285,OK,
0.1,0.15,0.15,0.1,8,C,0.009380490749551607,-0.111896359150416,-0.23105164138024337,392,0.4057971014492754,8.70415913655846,8.858598327199187,69,31.420289855072465,OK,
0.1,0.15,0.15,0.1,10,A,0.01270916400752875,-0.12849305421889556,-0.1686042383037451,363,0.5142857142857142,4.3397630098921125,4.423456632847872,35,40.285714285714285,OK,
0.1,0.15,0.15,0.1,10,C,0.009380490749551607,-0.111896359150416,-0.23105164138024337,392,0.4057971014492754,8.70415913655846,8.858598327199187,69,31.420289855072465,OK,
0.1,0.15,0.2,0.06,10,A,0.01867806673361061,-0.08488285607302945,-0.16886795319748293,363,0.5142857142857142,4.3569905875621275,4.481678180989047,35,38.25714285714286,OK,
0.1,0.15,0.2,0.06,10,C,0.021821690251305093,-0.05144098115138882,-0.1974586440250961,378,0.4050632911392405,10.11427869099959,10.538682339530947,79,29.0126582278481,OK,
0.1,0.15,0.2,0.07,5,A,0.019727964515216856,-0.08403117846079718,-0.1589738068196258,363,0.5172413793103449,3.581032602077159,3.686134431433357,29,42.62068965517241,OK,
0.1,0.15,0.2,0.07,5,C,0.02020584707083417,-0.07434116378545068,-0.16404239753257605,378,0.43103448275862066,7.4060143611103015,7.675592540470373,58,30.448275862068964,OK,
0.1,0.15,0.2,0.07,8,A,0.01765656759665757,-0.09273057414245454,-0.16816745417213613,363,0.5142857142857142,4.346149281746644,4.461083710814886,35,39.628571428571426,OK,
0.1,0.15,0.2,0.07,8,C,0.019002032837176497,-0.0688947163199344,-0.1977406047917493,378,0.4025974025974026,9.8212619869034,10.176015891477793,77,30.428571428571427,OK,
0.1,0.15,0.2,0.07,10,A,0.01765656759665757,-0.09273057414245454,-0.16816745417213613,363,0.5142857142857142,4.346149281746644,4.461083710814886,35,39.628571428571426,OK,
0.1,0.15,0.2,0.07,10,C,0.019002032837176497,-0.0688947163199344,-0.1977406047917493,378,0.4025974025974026,9.8212619869034,10.176015891477793,77,30.428571428571427,OK,
0.1,0.15,0.2,0.08,10,A,0.017565592408335773,-0.09335829058868401,-0.16816745417213613,363,0.5142857142857142,4.346400464829297,4.461081507542358,35,39.714285714285715,OK,
0.1,0.15,0.2,0.08,10,C,0.020530099259003842,-0.05116261024148367,-0.23053229429694502,378,0.42105263157894735,9.68424102008709,10.039935513870308,76,31.32894736842105,OK,
0.1,0.15,0.2,0.1,5,A,0.014561787967842577,-0.1254679142433602,-0.15868648398442634,363,0.5172413793103449,3.5701702876849652,3.6483137507461336,29,43.41379310344828,OK,
0.1,0.15,0.2,0.1,5,C,0.02328674718708701,-0.04238705998735862,-0.19847904650061313,378,0.4642857142857143,7.122542959875496,7.3758662565332145,56,32.214285714285715,OK,
0.1,0.15,0.2,0.08,5,A,0.019637725812621687,-0.08471059497058923,-0.1589738068196258,363,0.5172413793103449,3.581238988527826,3.686132228160829,29,42.724137931034484,OK,
0.1,0.15,0.2,0.08,5,C,0.02188366320863455,-0.051460124606456,-0.1977279854824434,378,0.45614035087719296,7.269925699122856,7.53993211337636,57,31.649122807017545,OK,
0.1,0.15,0.2,0.08,8,A,0.017565592408335773,-0.09335829058868401,-0.16816745417213613,363,0.5142857142857142,4.346400464829297,4.461081507542358,35,39.714285714285715,OK,
0.1,0.15,0.2,0.08,8,C,0.020530099259003842,-0.05116261024148367,-0.23053229429694502,378,0.42105263157894735,9.68424102008709,10.039935513870308,76,31.32894736842105,OK,
0.1,0.2,0.05,0.07,8,A,0.017477211237894252,-0.10817717779565449,-0.14791473279616354,305,0.4666666666666667,3.6894496868425324,3.7789476500895183,30,39.0,OK,
0.1,0.2,0.05,0.07,8,C,0.008170300607329262,-0.17466724604188888,-0.15890167504790248,336,0.36585365853658536,5.021009406875684,5.045436321769863,41,33.073170731707314,OK,
0.1,0.2,0.05,0.07,10,A,0.017477211237894252,-0.10817717779565449,-0.14791473279616354,305,0.4666666666666667,3.6894496868425324,3.7789476500895183,30,39.0,OK,
0.1,0.2,0.05,0.07,10,C,0.008170300607329262,-0.17466724604188888,-0.15890167504790248,336,0.36585365853658536,5.021009406875684,5.045436321769863,41,33.073170731707314,OK,
0.1,0.2,0.05,0.1,8,A,0.012947327345846027,-0.14538078053845918,-0.14853335409798418,305,0.4666666666666667,3.695148398372609,3.7599252026218877,30,39.733333333333334,OK,
0.1,0.2,0.05,0.1,8,C,0.0009625545165130589,-0.2309453774810268,-0.15850099429704678,340,0.36585365853658536,4.944033240463372,4.896181339626653,41,33.68292682926829,OK,
0.1,0.2,0.05,0.1,10,A,0.012947327345846027,-0.14538078053845918,-0.14853335409798418,305,0.4666666666666667,3.695148398372609,3.7599252026218877,30,39.733333333333334,OK,
0.1,0.2,0.05,0.1,10,C,0.0009625545165130589,-0.2309453774810268,-0.15850099429704678,340,0.36585365853658536,4.944033240463372,4.896181339626653,41,33.68292682926829,OK,
0.1,0.15,0.2,0.1,8,A,0.01270916400752875,-0.12849305421889556,-0.1686042383037451,363,0.5142857142857142,4.3397630098921125,4.423456632847872,35,40.285714285714285,OK,
0.1,0.15,0.2,0.1,8,C,0.015615472563832888,-0.07727829986620684,-0.23065804782588945,378,0.42105263157894735,9.626840944561646,9.889933013995355,76,31.43421052631579,OK,
0.1,0.15,0.2,0.1,10,A,0.01270916400752875,-0.12849305421889556,-0.1686042383037451,363,0.5142857142857142,4.3397630098921125,4.423456632847872,35,40.285714285714285,OK,
0.1,0.15,0.2,0.1,10,C,0.015615472563832888,-0.07727829986620684,-0.23065804782588945,378,0.42105263157894735,9.626840944561646,9.889933013995355,76,31.43421052631579,OK,
0.1,0.2,0.05,0.08,5,A,0.019036989992362363,-0.10029770456573893,-0.1450214505912719,303,0.5,3.201794148320546,3.2859354000454277,26,40.23076923076923,OK,
0.1,0.2,0.05,0.08,5,C,0.005832753799275281,-0.214268461619538,-0.1488576789304301,337,0.34285714285714286,4.251851343060367,4.2543827403047,35,33.97142857142857,OK,
0.1,0.2,0.05,0.08,8,A,0.01738768951506442,-0.10886809398211221,-0.14791473279616354,305,0.4666666666666667,3.689659813400247,3.778945483538199,30,39.1,OK,
0.1,0.2,0.05,0.08,8,C,0.0059802665307855385,-0.1926041453747452,-0.15843690981294342,337,0.36585365853658536,4.996458307492679,4.9965332650936585,41,33.390243902439025,OK,
0.1,0.2,0.1,0.08,5,A,0.019036989992362363,-0.10029770456573893,-0.1450214505912719,303,0.5,3.201794148320546,3.2859354000454277,26,40.23076923076923,OK,
0.1,0.2,0.1,0.08,5,C,0.01939258800907484,-0.07860526106617195,-0.17461901192342244,335,0.38461538461538464,4.911100715426339,5.0773325406073635,39,33.41025641025641,OK,
0.1,0.2,0.1,0.08,8,A,0.01738768951506442,-0.10886809398211221,-0.14791473279616354,305,0.4666666666666667,3.689659813400247,3.778945483538199,30,39.1,OK,
0.1,0.2,0.1,0.08,8,C,0.01886715618213297,-0.07405567564116218,-0.18802351542019974,335,0.40384615384615385,6.4784470466312145,6.647635478404601,52,32.53846153846154,OK,
0.1,0.2,0.05,0.06,10,A,0.018245988853853756,-0.10204061365087652,-0.14760432607870552,305,0.4666666666666667,3.69527927717521,3.791783164907875,30,37.4,OK,
0.1,0.2,0.05,0.06,10,C,0.009480071011654712,-0.16353970272484222,-0.15931135381306935,336,0.35714285714285715,5.149060510454465,5.185473411330405,42,30.785714285714285,OK,
0.1,0.2,0.05,0.07,5,A,0.019127441441243453,-0.0995570954857364,-0.1450214505912719,303,0.5,3.201609086049855,3.285937603317956,26,40.11538461538461,OK,
0.1,0.2,0.05,0.07,5,C,0.007540497184191253,-0.199891565612846,-0.14837849930180771,336,0.34285714285714286,4.283290195041517,4.3043134851838705,35,33.6,OK,
0.1,0.2,0.05,0.06,5,A,0.018204443700157613,-0.10819459181086816,-0.1451545872022016,305,0.48148148148148145,3.3207260080771883,3.4053629594141626,27,38.18518518518518,OK,
0.1,0.2,0.05,0.06,5,C,0.008555710398181482,-0.19170241247824515,-0.1484131058395823,336,0.3333333333333333,4.397086757159781,4.423451009014296,36,31.916666666666668,OK,
0.1,0.2,0.05,0.06,8,A,0.018245988853853756,-0.10204061365087652,-0.14760432607870552,305,0.4666666666666667,3.69527927717521,3.791783164907875,30,37.4,OK,
0.1,0.2,0.05,0.06,8,C,0.009480071011654712,-0.16353970272484222,-0.15931135381306935,336,0.35714285714285715,5.149060510454465,5.185473411330405,42,30.785714285714285,OK,
0.1,0.2,0.1,0.06,5,A,0.018204443700157613,-0.10819459181086816,-0.1451545872022016,305,0.48148148148148145,3.3207260080771883,3.4053629594141626,27,38.18518518518518,OK,
0.1,0.2,0.1,0.06,5,C,0.025810026575575185,-0.031115680684405775,-0.17475097934270697,306,0.4,5.0428101210670695,5.272357540073897,40,32.025,OK,
0.1,0.2,0.1,0.06,8,A,0.018245988853853756,-0.10204061365087652,-0.14760432607870552,305,0.4666666666666667,3.69527927717521,3.791783164907875,30,37.4,OK,
0.1,0.2,0.1,0.06,8,C,0.022317292379437914,-0.051465411089777015,-0.187716711788551,332,0.38461538461538464,6.502246918216834,6.720102837036674,52,31.0,OK,
0.1,0.2,0.1,0.06,10,A,0.018245988853853756,-0.10204061365087652,-0.14760432607870552,305,0.4666666666666667,3.69527927717521,3.791783164907875,30,37.4,OK,
0.1,0.2,0.1,0.06,10,C,0.022317292379437914,-0.051465411089777015,-0.187716711788551,332,0.38461538461538464,6.502246918216834,6.720102837036674,52,31.0,OK,
0.1,0.2,0.1,0.07,5,A,0.019127441441243453,-0.0995570954857364,-0.1450214505912719,303,0.5,3.201609086049855,3.285937603317956,26,40.11538461538461,OK,
0.1,0.2,0.1,0.07,5,C,0.021842966517458207,-0.060424520528396954,-0.17468574646109278,332,0.38461538461538464,4.929994338946976,5.1263100264800014,39,33.1025641025641,OK,
0.1,0.2,0.05,0.08,10,A,0.01738768951506442,-0.10886809398211221,-0.14791473279616354,305,0.4666666666666667,3.689659813400247,3.778945483538199,30,39.1,OK,
0.1,0.2,0.05,0.08,10,C,0.0059802665307855385,-0.1926041453747452,-0.15843690981294342,337,0.36585365853658536,4.996458307492679,4.9965332650936585,41,33.390243902439025,OK,
0.1,0.2,0.05,0.1,5,A,0.014635854207734944,-0.1388687525809573,-0.14563889241932929,305,0.5,3.2006411901704985,3.263416420760857,26,40.96153846153846,OK,
0.1,0.2,0.05,0.1,5,C,0.000604403392728381,-0.25833133471542036,-0.1489680007429644,340,0.34285714285714286,4.235240344598971,4.1956526869911,35,34.31428571428572,OK,
0.1,0.2,0.1,0.07,8,A,0.017477211237894252,-0.10817717779565449,-0.14791473279616354,305,0.4666666666666667,3.6894496868425324,3.7789476500895183,30,39.0,OK,
0.1,0.2,0.1,0.07,8,C,0.019762953936049987,-0.06844984347028053,-0.1871255157334361,333,0.38461538461538464,6.496919671802073,6.690734695156097,52,32.19230769230769,OK,
0.1,0.2,0.1,0.07,10,A,0.017477211237894252,-0.10817717779565449,-0.14791473279616354,305,0.4666666666666667,3.6894496868425324,3.7789476500895183,30,39.0,OK,
0.1,0.2,0.1,0.07,10,C,0.019762953936049987,-0.06844984347028053,-0.1871255157334361,333,0.38461538461538464,6.496919671802073,6.690734695156097,52,32.19230769230769,OK,
0.1,0.2,0.1,0.08,10,A,0.01738768951506442,-0.10886809398211221,-0.14791473279616354,305,0.4666666666666667,3.689659813400247,3.778945483538199,30,39.1,OK,
0.1,0.2,0.1,0.08,10,C,0.01886715618213297,-0.07405567564116218,-0.18802351542019974,335,0.40384615384615385,6.4784470466312145,6.647635478404601,52,32.53846153846154,OK,
0.1,0.2,0.1,0.1,5,A,0.014635854207734944,-0.1388687525809573,-0.14563889241932929,305,0.5,3.2006411901704985,3.263416420760857,26,40.96153846153846,OK,
0.1,0.2,0.1,0.1,5,C,0.018936888224447612,-0.0818553538566016,-0.17473865496088803,336,0.38461538461538464,4.88697333783892,5.036766409779624,39,33.53846153846154,OK,
0.1,0.2,0.1,0.1,8,A,0.012947327345846027,-0.14538078053845918,-0.14853335409798418,305,0.4666666666666667,3.695148398372609,3.7599252026218877,30,39.733333333333334,OK,
0.1,0.2,0.1,0.1,8,C,0.012182424245930079,-0.11806324995358448,-0.18755342728508748,339,0.39622641509433965,6.55476978718097,6.640383904954684,53,32.56603773584906,OK,
0.1,0.2,0.1,0.1,10,A,0.012947327345846027,-0.14538078053845918,-0.14853335409798418,305,0.4666666666666667,3.695148398372609,3.7599252026218877,30,39.733333333333334,OK,
0.1,0.2,0.1,0.1,10,C,0.012182424245930079,-0.11806324995358448,-0.18755342728508748,339,0.39622641509433965,6.55476978718097,6.640383904954684,53,32.56603773584906,OK,
0.1,0.2,0.15,0.06,5,A,0.018204443700157613,-0.10819459181086816,-0.1451545872022016,305,0.48148148148148145,3.3207260080771883,3.4053629594141626,27,38.18518518518518,OK,
0.1,0.2,0.15,0.06,5,C,0.01924476795949781,-0.07984013527471447,-0.1743490493209311,389,0.36,6.3973212662814865,6.672220767365701,50,28.06,OK,
0.1,0.2,0.15,0.06,8,A,0.018245988853853756,-0.10204061365087652,-0.14760432607870552,305,0.4666666666666667,3.69527927717521,3.791783164907875,30,37.4,OK,
0.1,0.2,0.15,0.06,8,C,0.014982781599832684,-0.09983750051549062,-0.18793814347714224,389,0.34375,8.086083445670642,8.321808459764686,64,28.46875,OK,
0.1,0.2,0.15,0.06,10,A,0.018245988853853756,-0.10204061365087652,-0.14760432607870552,305,0.4666666666666667,3.69527927717521,3.791783164907875,30,37.4,OK,
0.1,0.2,0.15,0.06,10,C,0.014982781599832684,-0.09983750051549062,-0.18793814347714224,389,0.34375,8.086083445670642,8.321808459764686,64,28.46875,OK,
0.1,0.2,0.15,0.07,5,A,0.019127441441243453,-0.0995570954857364,-0.1450214505912719,303,0.5,3.201609086049855,3.285937603317956,26,40.11538461538461,OK,
0.1,0.2,0.15,0.07,5,C,0.021035352764459336,-0.06627444869977588,-0.17470080986124775,389,0.3829787234042553,5.985061979580622,6.248767261319849,47,30.148936170212767,OK,
0.1,0.2,0.15,0.07,8,A,0.017477211237894252,-0.10817717779565449,-0.14791473279616354,305,0.4666666666666667,3.6894496868425324,3.7789476500895183,30,39.0,OK,
0.1,0.2,0.15,0.07,8,C,0.009310375461603737,-0.1374899774271035,-0.1872319341551023,389,0.3333333333333333,7.945161242296404,8.1101563396749,63,29.841269841269842,OK,
0.1,0.2,0.15,0.07,10,A,0.017477211237894252,-0.10817717779565449,-0.14791473279616354,305,0.4666666666666667,3.6894496868425324,3.7789476500895183,30,39.0,OK,
0.1,0.2,0.15,0.07,10,C,0.009310375461603737,-0.1374899774271035,-0.1872319341551023,389,0.3333333333333333,7.945161242296404,8.1101563396749,63,29.841269841269842,OK,
0.1,0.2,0.15,0.08,5,A,0.019036989992362363,-0.10029770456573893,-0.1450214505912719,303,0.5,3.201794148320546,3.2859354000454277,26,40.23076923076923,OK,
0.1,0.2,0.15,0.08,5,C,0.016951354161807597,-0.09655078570032852,-0.17431207533923893,389,0.3829787234042553,5.9566367407994205,6.174647642697973,47,30.425531914893618,OK,
0.1,0.2,0.15,0.08,8,A,0.01738768951506442,-0.10886809398211221,-0.14791473279616354,305,0.4666666666666667,3.689659813400247,3.778945483538199,30,39.1,OK,
0.1,0.2,0.15,0.08,8,C,0.007051623942521568,-0.15152243670360657,-0.18803594007891725,389,0.3492063492063492,7.929729139076224,8.057233702618447,63,30.142857142857142,OK,
0.1,0.2,0.15,0.1,8,A,0.012947327345846027,-0.14538078053845918,-0.14853335409798418,305,0.4666666666666667,3.695148398372609,3.7599252026218877,30,39.733333333333334,OK,
0.1,0.2,0.15,0.1,8,C,-0.0019960600489792313,-0.2106947377570549,-0.1873614637318865,389,0.34375,8.020067753085245,8.035104419799998,64,29.984375,OK,
0.1,0.2,0.15,0.1,10,A,0.012947327345846027,-0.14538078053845918,-0.14853335409798418,305,0.4666666666666667,3.695148398372609,3.7599252026218877,30,39.733333333333334,OK,
0.1,0.2,0.15,0.1,10,C,-0.0019960600489792313,-0.2106947377570549,-0.1873614637318865,389,0.34375,8.020067753085245,8.035104419799998,64,29.984375,OK,
0.1,0.2,0.2,0.08,10,A,0.01738768951506442,-0.10886809398211221,-0.14791473279616354,305,0.4666666666666667,3.689659813400247,3.778945483538199,30,39.1,OK,
0.1,0.2,0.2,0.08,10,C,0.005839349700859087,-0.158032318893791,-0.18803594007891725,389,0.36231884057971014,8.705980122447837,8.839261342041922,69,29.840579710144926,OK,
0.1,0.2,0.2,0.1,5,A,0.014635854207734944,-0.1388687525809573,-0.14563889241932929,305,0.5,3.2006411901704985,3.263416420760857,26,40.96153846153846,OK,
0.1,0.2,0.2,0.1,5,C,0.015120298708209745,-0.10879864678152756,-0.17418149551809992,389,0.39622641509433965,6.743887028092313,6.962874572566328,53,30.09433962264151,OK,
0.1,0.2,0.2,0.06,10,A,0.018245988853853756,-0.10204061365087652,-0.14760432607870552,305,0.4666666666666667,3.69527927717521,3.791783164907875,30,37.4,OK,
0.1,0.2,0.2,0.06,10,C,0.01374340753512171,-0.10706959463479336,-0.18793814347714224,389,0.35714285714285715,8.880346138010834,9.132000145725893,70,28.314285714285713,OK,
0.1,0.2,0.2,0.07,5,A,0.019127441441243453,-0.0995570954857364,-0.1450214505912719,303,0.5,3.201609086049855,3.285937603317956,26,40.11538461538461,OK,
0.1,0.2,0.2,0.07,5,C,0.019816033950789347,-0.07442058158640115,-0.17470080986124775,389,0.39622641509433965,6.786624536054629,7.08000723555528,53,29.754716981132077,OK,
0.1,0.2,0.15,0.08,10,A,0.01738768951506442,-0.10886809398211221,-0.14791473279616354,305,0.4666666666666667,3.689659813400247,3.778945483538199,30,39.1,OK,
0.1,0.2,0.15,0.08,10,C,0.007051623942521568,-0.15152243670360657,-0.18803594007891725,389,0.3492063492063492,7.929729139076224,8.057233702618447,63,30.142857142857142,OK,
0.1,0.2,0.15,0.1,5,A,0.014635854207734944,-0.1388687525809573,-0.14563889241932929,305,0.5,3.2006411901704985,3.263416420760857,26,40.96153846153846,OK,
0.1,0.2,0.15,0.1,5,C,0.01640273079982535,-0.10058009368193709,-0.17418149551809992,389,0.3829787234042553,5.947744184242143,6.145860496659296,47,30.53191489361702,OK,
0.1,0.2,0.2,0.1,8,A,0.012947327345846027,-0.14538078053845918,-0.14853335409798418,305,0.4666666666666667,3.695148398372609,3.7599252026218877,30,39.733333333333334,OK,
0.1,0.2,0.2,0.1,8,C,-0.003166156874593762,-0.2163851872751637,-0.1873614637318865,389,0.35714285714285715,8.770559413704424,8.780631324630946,70,29.7,OK,
0.1,0.2,0.2,0.1,10,A,0.012947327345846027,-0.14538078053845918,-0.14853335409798418,305,0.4666666666666667,3.695148398372609,3.7599252026218877,30,39.733333333333334,OK,
0.1,0.2,0.2,0.1,10,C,-0.003166156874593762,-0.2163851872751637,-0.1873614637318865,389,0.35714285714285715,8.770559413704424,8.780631324630946,70,29.7,OK,
0.1,0.2,0.2,0.06,5,A,0.018204443700157613,-0.10819459181086816,-0.1451545872022016,305,0.48148148148148145,3.3207260080771883,3.4053629594141626,27,38.18518518518518,OK,
0.1,0.2,0.2,0.06,5,C,0.017987183761219327,-0.08812600952204233,-0.1743490493209311,389,0.375,7.201247226317129,7.5046987158646035,56,27.910714285714285,OK,
0.1,0.2,0.2,0.06,8,A,0.018245988853853756,-0.10204061365087652,-0.14760432607870552,305,0.4666666666666667,3.69527927717521,3.791783164907875,30,37.4,OK,
0.1,0.2,0.2,0.06,8,C,0.01374340753512171,-0.10706959463479336,-0.18793814347714224,389,0.35714285714285715,8.880346138010834,9.132000145725893,70,28.314285714285713,OK,
0.1,0.25,0.05,0.06,10,A,0.020072975259539882,-0.08620177298503583,-0.14818459592718622,297,0.46153846153846156,3.230640442814549,3.328699878172501,26,38.38461538461539,OK,
0.1,0.25,0.05,0.06,10,C,0.01359307038237545,-0.13235598106195035,-0.15907294069571956,294,0.3888888888888889,4.408954148252397,4.472119587254188,36,32.22222222222222,OK,
0.1,0.25,0.05,0.07,5,A,0.020143620350882907,-0.09018890948353307,-0.14562459636496072,297,0.5,2.9664320351291105,3.053576999088077,24,41.25,OK,
0.1,0.25,0.05,0.07,5,C,0.011221332862195954,-0.16763994644172037,-0.14942817453533647,299,0.375,3.9120833584464783,3.9537969061965317,32,34.28125,OK,
0.1,0.2,0.2,0.07,8,A,0.017477211237894252,-0.10817717779565449,-0.14791473279616354,305,0.4666666666666667,3.6894496868425324,3.7789476500895183,30,39.0,OK,
0.1,0.2,0.2,0.07,8,C,0.00807845305507393,-0.14429925879400657,-0.1872319341551023,389,0.34782608695652173,8.726605384849027,8.900976238722988,69,29.565217391304348,OK,
0.1,0.2,0.2,0.07,10,A,0.017477211237894252,-0.10817717779565449,-0.14791473279616354,305,0.4666666666666667,3.6894496868425324,3.7789476500895183,30,39.0,OK,
0.1,0.2,0.2,0.07,10,C,0.00807845305507393,-0.14429925879400657,-0.1872319341551023,389,0.34782608695652173,8.726605384849027,8.900976238722988,69,29.565217391304348,OK,
0.1,0.25,0.05,0.06,5,A,0.02068262307570712,-0.08533277469014793,-0.14553476294835524,297,0.48,3.092167800029053,3.1876994432665255,25,39.08,OK,
0.1,0.25,0.05,0.06,5,C,0.01240834174999117,-0.15798464543707738,-0.14932845433234015,299,0.375,3.9104360141233734,3.9565097498126307,32,32.40625,OK,
0.1,0.25,0.05,0.06,8,A,0.020072975259539882,-0.08620177298503583,-0.14818459592718622,297,0.46153846153846156,3.230640442814549,3.328699878172501,26,38.38461538461539,OK,
0.1,0.25,0.05,0.06,8,C,0.01359307038237545,-0.13235598106195035,-0.15907294069571956,294,0.3888888888888889,4.408954148252397,4.472119587254188,36,32.22222222222222,OK,
0.1,0.2,0.2,0.08,5,A,0.019036989992362363,-0.10029770456573893,-0.1450214505912719,303,0.5,3.201794148320546,3.2859354000454277,26,40.23076923076923,OK,
0.1,0.2,0.2,0.08,5,C,0.01566555684017179,-0.10481690470008426,-0.17431207533923893,389,0.39622641509433965,6.763882251817632,7.005726300900214,53,30.0,OK,
0.1,0.2,0.2,0.08,8,A,0.01738768951506442,-0.10886809398211221,-0.14791473279616354,305,0.4666666666666667,3.689659813400247,3.778945483538199,30,39.1,OK,
0.1,0.2,0.2,0.08,8,C,0.005839349700859087,-0.158032318893791,-0.18803594007891725,389,0.36231884057971014,8.705980122447837,8.839261342041922,69,29.840579710144926,OK,
0.1,0.25,0.05,0.08,5,A,0.020053528535630916,-0.0909347072368273,-0.14562459636496072,297,0.5,2.9666030006329867,3.053574795815549,24,41.375,OK,
0.1,0.25,0.05,0.08,5,C,0.009567498203327363,-0.18295811373772358,-0.14889316594749222,301,0.375,3.9045460085229573,3.931973723594453,32,34.625,OK,
0.1,0.25,0.05,0.08,8,A,0.01917987513246322,-0.09358335958892426,-0.14825498989275565,297,0.46153846153846156,3.223939291872843,3.315383305336168,26,40.34615384615385,OK,
0.1,0.25,0.05,0.08,8,C,0.011776796178570414,-0.14776297422606258,-0.15862460003616405,299,0.4,4.274416713567006,4.319768509163013,35,35.2,OK,
0.1,0.25,0.05,0.07,8,A,0.01927027592281849,-0.09287383960809983,-0.14825498989275565,297,0.46153846153846156,3.223753327375126,3.315385508608696,26,40.23076923076923,OK,
0.1,0.25,0.05,0.07,8,C,0.013286010921877756,-0.1360807279859941,-0.15807567001547732,294,0.4,4.278232413853529,4.338592703185132,35,34.885714285714286,OK,
0.1,0.25,0.05,0.07,10,A,0.01927027592281849,-0.09287383960809983,-0.14825498989275565,297,0.46153846153846156,3.223753327375126,3.315385508608696,26,40.23076923076923,OK,
0.1,0.25,0.05,0.07,10,C,0.013286010921877756,-0.1360807279859941,-0.15807567001547732,294,0.4,4.278232413853529,4.338592703185132,35,34.885714285714286,OK,
0.1,0.25,0.05,0.08,10,A,0.01917987513246322,-0.09358335958892426,-0.14825498989275565,297,0.46153846153846156,3.223939291872843,3.315383305336168,26,40.34615384615385,OK,
0.1,0.25,0.05,0.08,10,C,0.011776796178570414,-0.14776297422606258,-0.15862460003616405,299,0.4,4.274416713567006,4.319768509163013,35,35.2,OK,
0.1,0.25,0.05,0.1,5,A,0.015328549947982273,-0.13356347329001816,-0.14515287558855258,299,0.5,2.9550333799232327,3.020741547640403,24,42.166666666666664,OK,
0.1,0.25,0.05,0.1,5,C,0.0056065747210836125,-0.21723811383502079,-0.14857074509199425,333,0.375,3.8688365847938004,3.8669844875440313,32,34.90625,OK,
0.1,0.25,0.05,0.1,8,A,0.014490093422702577,-0.13333034604895072,-0.14798628609202366,300,0.46153846153846156,3.2120524176555287,3.2805975190347922,26,41.07692307692308,OK,
0.1,0.25,0.05,0.1,8,C,0.007514329199352021,-0.18132044766091063,-0.15829573153007356,301,0.4,4.272452028537489,4.2843844351970874,35,35.457142857142856,OK,
0.1,0.25,0.05,0.1,10,A,0.014490093422702577,-0.13333034604895072,-0.14798628609202366,300,0.46153846153846156,3.2120524176555287,3.2805975190347922,26,41.07692307692308,OK,
0.1,0.25,0.05,0.1,10,C,0.007514329199352021,-0.18132044766091063,-0.15829573153007356,301,0.4,4.272452028537489,4.2843844351970874,35,35.457142857142856,OK,
0.1,0.25,0.1,0.06,5,A,0.02068262307570712,-0.08533277469014793,-0.14553476294835524,297,0.48,3.092167800029053,3.1876994432665255,25,39.08,OK,
0.1,0.25,0.1,0.06,5,C,0.020626988038595195,-0.07012854156550631,-0.17445752050101904,309,0.38461538461538464,4.90814896301849,5.071229857549733,39,31.487179487179485,OK,
0.1,0.25,0.1,0.06,8,A,0.020072975259539882,-0.08620177298503583,-0.14818459592718622,297,0.46153846153846156,3.230640442814549,3.328699878172501,26,38.38461538461539,OK,
0.1,0.25,0.1,0.06,8,C,0.024433744278427705,-0.03775547218519188,-0.18711608523815443,300,0.3958333333333333,6.018002752613312,6.246180145164071,48,31.6875,OK,
0.1,0.25,0.15,0.06,5,A,0.02068262307570712,-0.08533277469014793,-0.14553476294835524,297,0.48,3.092167800029053,3.1876994432665255,25,39.08,OK,
0.1,0.25,0.15,0.06,5,C,0.014716386755158295,-0.11395725461278762,-0.17457900957827927,389,0.3469387755102041,6.203111978700492,6.388464034113628,49,28.142857142857142,OK,
0.1,0.25,0.15,0.06,8,A,0.020072975259539882,-0.08620177298503583,-0.14818459592718622,297,0.46153846153846156,3.230640442814549,3.328699878172501,26,38.38461538461539,OK,
0.1,0.25,0.15,0.06,8,C,0.0130391780664727,-0.11435160840663207,-0.1871655387293387,389,0.3389830508474576,7.418287557021216,7.593205408717528,59,29.0,OK,
0.1,0.25,0.1,0.08,5,A,0.020053528535630916,-0.0909347072368273,-0.14562459636496072,297,0.5,2.9666030006329867,3.053574795815549,24,41.375,OK,
0.1,0.25,0.1,0.08,5,C,0.01627880040883567,-0.1025338204467381,-0.17432797016269289,335,0.3684210526315789,4.758652739595024,4.882164550542956,38,32.8421052631579,OK,
0.1,0.25,0.1,0.08,8,A,0.01917987513246322,-0.09358335958892426,-0.14825498989275565,297,0.46153846153846156,3.223939291872843,3.315383305336168,26,40.34615384615385,OK,
0.1,0.25,0.1,0.08,8,C,0.022907561012180055,-0.04778506883734055,-0.1875479602900975,302,0.4166666666666667,6.002149065172344,6.20920127871062,48,33.270833333333336,OK,
0.1,0.25,0.1,0.07,8,A,0.01927027592281849,-0.09287383960809983,-0.14825498989275565,297,0.46153846153846156,3.223753327375126,3.315385508608696,26,40.23076923076923,OK,
0.1,0.25,0.1,0.07,8,C,0.02315481954850651,-0.04620414794656337,-0.1872550342327825,300,0.3958333333333333,6.0238872068734945,6.244612387787204,48,32.9375,OK,
0.1,0.25,0.1,0.07,10,A,0.01927027592281849,-0.09287383960809983,-0.14825498989275565,297,0.46153846153846156,3.223753327375126,3.315385508608696,26,40.23076923076923,OK,
0.1,0.25,0.1,0.07,10,C,0.02315481954850651,-0.04620414794656337,-0.1872550342327825,300,0.3958333333333333,6.0238872068734945,6.244612387787204,48,32.9375,OK,
0.1,0.25,0.1,0.06,10,A,0.020072975259539882,-0.08620177298503583,-0.14818459592718622,297,0.46153846153846156,3.230640442814549,3.328699878172501,26,38.38461538461539,OK,
0.1,0.25,0.1,0.06,10,C,0.024433744278427705,-0.03775547218519188,-0.18711608523815443,300,0.3958333333333333,6.018002752613312,6.246180145164071,48,31.6875,OK,
0.1,0.25,0.1,0.07,5,A,0.020143620350882907,-0.09018890948353307,-0.14562459636496072,297,0.5,2.9664320351291105,3.053576999088077,24,41.25,OK,
0.1,0.25,0.1,0.07,5,C,0.017753984339968998,-0.0913433624972559,-0.17464691447507133,334,0.3684210526315789,4.765089172004175,4.905057328210478,38,32.55263157894737,OK,
0.1,0.25,0.15,0.07,8,A,0.01927027592281849,-0.09287383960809983,-0.14825498989275565,297,0.46153846153846156,3.223753327375126,3.315385508608696,26,40.23076923076923,OK,
0.1,0.25,0.15,0.07,8,C,0.011797979607583553,-0.12215203307978698,-0.18729750404648857,389,0.3389830508474576,7.418352554903801,7.584306260467968,59,30.016949152542374,OK,
0.1,0.25,0.15,0.07,10,A,0.01927027592281849,-0.09287383960809983,-0.14825498989275565,297,0.46153846153846156,3.223753327375126,3.315385508608696,26,40.23076923076923,OK,
0.1,0.25,0.15,0.07,10,C,0.011797979607583553,-0.12215203307978698,-0.18729750404648857,389,0.3389830508474576,7.418352554903801,7.584306260467968,59,30.016949152542374,OK,
0.1,0.25,0.1,0.08,10,A,0.01917987513246322,-0.09358335958892426,-0.14825498989275565,297,0.46153846153846156,3.223939291872843,3.315383305336168,26,40.34615384615385,OK,
0.1,0.25,0.1,0.08,10,C,0.022907561012180055,-0.04778506883734055,-0.1875479602900975,302,0.4166666666666667,6.002149065172344,6.20920127871062,48,33.270833333333336,OK,
0.1,0.25,0.1,0.1,5,A,0.015328549947982273,-0.13356347329001816,-0.14515287558855258,299,0.5,2.9550333799232327,3.020741547640403,24,42.166666666666664,OK,
0.1,0.25,0.1,0.1,5,C,0.01485867572463917,-0.11314189695778781,-0.17415293910635,339,0.3684210526315789,4.72158455749438,4.819107708478266,38,33.05263157894737,OK,
0.1,0.25,0.15,0.06,10,A,0.020072975259539882,-0.08620177298503583,-0.14818459592718622,297,0.46153846153846156,3.230640442814549,3.328699878172501,26,38.38461538461539,OK,
0.1,0.25,0.15,0.06,10,C,0.0130391780664727,-0.11435160840663207,-0.1871655387293387,389,0.3389830508474576,7.418287557021216,7.593205408717528,59,29.0,OK,
0.1,0.25,0.15,0.07,5,A,0.020143620350882907,-0.09018890948353307,-0.14562459636496072,297,0.5,2.9664320351291105,3.053576999088077,24,41.25,OK,
0.1,0.25,0.15,0.07,5,C,0.013072817625140676,-0.12624999165375075,-0.17415189989857277,389,0.3404255319148936,5.935863463252595,6.095825415141114,47,29.382978723404257,OK,
0.1,0.25,0.15,0.08,5,A,0.020053528535630916,-0.0909347072368273,-0.14562459636496072,297,0.5,2.9666030006329867,3.053574795815549,24,41.375,OK,
0.1,0.25,0.15,0.08,5,C,0.011791952658799065,-0.13549431724416683,-0.1745915731361835,389,0.3404255319148936,5.918562178995108,6.05858281786162,47,29.617021276595743,OK,
0.1,0.25,0.15,0.08,8,A,0.01917987513246322,-0.09358335958892426,-0.14825498989275565,297,0.46153846153846156,3.223939291872843,3.315383305336168,26,40.34615384615385,OK,
0.1,0.25,0.15,0.08,8,C,0.011319616712901048,-0.12526204300549867,-0.18737797966364492,389,0.3559322033898305,7.412748237735861,7.560230054145503,59,30.28813559322034,OK,
0.1,0.25,0.1,0.1,8,A,0.014490093422702577,-0.13333034604895072,-0.14798628609202366,300,0.46153846153846156,3.2120524176555287,3.2805975190347922,26,41.07692307692308,OK,
0.1,0.25,0.1,0.1,8,C,0.018816859742221803,-0.07482076022103686,-0.18771439856278385,304,0.4166666666666667,5.963236000249145,6.120506836438641,48,33.458333333333336,OK,
0.1,0.25,0.1,0.1,10,A,0.014490093422702577,-0.13333034604895072,-0.14798628609202366,300,0.46153846153846156,3.2120524176555287,3.2805975190347922,26,41.07692307692308,OK,
0.1,0.25,0.1,0.1,10,C,0.018816859742221803,-0.07482076022103686,-0.18771439856278385,304,0.4166666666666667,5.963236000249145,6.120506836438641,48,33.458333333333336,OK,
0.1,0.25,0.15,0.08,10,A,0.01917987513246322,-0.09358335958892426,-0.14825498989275565,297,0.46153846153846156,3.223939291872843,3.315383305336168,26,40.34615384615385,OK,
0.1,0.25,0.15,0.08,10,C,0.011319616712901048,-0.12526204300549867,-0.18737797966364492,389,0.3559322033898305,7.412748237735861,7.560230054145503,59,30.28813559322034,OK,
0.1,0.25,0.15,0.1,5,A,0.015328549947982273,-0.13356347329001816,-0.14515287558855258,299,0.5,2.9550333799232327,3.020741547640403,24,42.166666666666664,OK,
0.1,0.25,0.15,0.1,5,C,0.01174792911269451,-0.13615439671975918,-0.17401536427097866,389,0.3404255319148936,5.891093061804798,6.017604961250222,47,29.76595744680851,OK,
0.1,0.25,0.15,0.1,8,A,0.014490093422702577,-0.13333034604895072,-0.14798628609202366,300,0.46153846153846156,3.2120524176555287,3.2805975190347922,26,41.07692307692308,OK,
0.1,0.25,0.15,0.1,8,C,0.0075741867844436594,-0.14956171795056392,-0.18767789424792441,389,0.35,7.486768320301272,7.580363316155915,60,30.166666666666668,OK,
0.1,0.25,0.15,0.1,10,A,0.014490093422702577,-0.13333034604895072,-0.14798628609202366,300,0.46153846153846156,3.2120524176555287,3.2805975190347922,26,41.07692307692308,OK,
0.1,0.25,0.15,0.1,10,C,0.009705837168532794,-0.1353125562112207,-0.18761334541210914,389,0.36666666666666664,7.5023900065628375,7.6252266160086455,60,30.216666666666665,OK,
0.1,0.25,0.2,0.07,8,A,0.01927027592281849,-0.09287383960809983,-0.14825498989275565,297,0.46153846153846156,3.223753327375126,3.315385508608696,26,40.23076923076923,OK,
0.1,0.25,0.2,0.07,8,C,0.010542341998639015,-0.12932384565088084,-0.18729750404648857,389,0.35384615384615387,8.209145453488,8.38617901828019,65,29.70769230769231,OK,
0.1,0.25,0.2,0.07,10,A,0.01927027592281849,-0.09287383960809983,-0.14825498989275565,297,0.46153846153846156,3.223753327375126,3.315385508608696,26,40.23076923076923,OK,
0.1,0.25,0.2,0.07,10,C,0.010542341998639015,-0.12932384565088084,-0.18729750404648857,389,0.35384615384615387,8.209145453488,8.38617901828019,65,29.70769230769231,OK,
0.1,0.25,0.2,0.06,10,A,0.020072975259539882,-0.08620177298503583,-0.14818459592718622,297,0.46153846153846156,3.230640442814549,3.328699878172501,26,38.38461538461539,OK,
0.1,0.25,0.2,0.06,10,C,0.011825004100939562,-0.1213530947793216,-0.1871655387293387,389,0.35384615384615387,8.207639212562146,8.394646001233719,65,28.784615384615385,OK,
0.1,0.25,0.2,0.07,5,A,0.020143620350882907,-0.09018890948353307,-0.14562459636496072,297,0.5,2.9664320351291105,3.053576999088077,24,41.25,OK,
0.1,0.25,0.2,0.07,5,C,0.011840960817631085,-0.13383768466284113,-0.17415189989857277,389,0.3584905660377358,6.723665997101431,6.8994255352999,53,29.07547169811321,OK,
0.1,0.25,0.2,0.06,5,A,0.02068262307570712,-0.08533277469014793,-0.14553476294835524,297,0.48,3.092167800029053,3.1876994432665255,25,39.08,OK,
0.1,0.25,0.2,0.06,5,C,0.013470487234184425,-0.121806291596833,-0.17457900957827927,389,0.36363636363636365,6.992760649927936,7.195972395202458,55,27.98181818181818,OK,
0.1,0.25,0.2,0.06,8,A,0.020072975259539882,-0.08620177298503583,-0.14818459592718622,297,0.46153846153846156,3.230640442814549,3.328699878172501,26,38.38461538461539,OK,
0.1,0.25,0.2,0.06,8,C,0.011825004100939562,-0.1213530947793216,-0.1871655387293387,389,0.35384615384615387,8.207639212562146,8.394646001233719,65,28.784615384615385,OK,
0.1,0.25,0.2,0.08,5,A,0.020053528535630916,-0.0909347072368273,-0.14562459636496072,297,0.5,2.9666030006329867,3.053574795815549,24,41.375,OK,
0.1,0.25,0.2,0.08,5,C,0.010536285064409956,-0.1431327453544909,-0.1745915731361835,389,0.3584905660377358,6.707196737488615,6.860455575673842,53,29.28301886792453,OK,
0.1,0.25,0.2,0.08,8,A,0.01917987513246322,-0.09358335958892426,-0.14825498989275565,297,0.46153846153846156,3.223939291872843,3.315383305336168,26,40.34615384615385,OK,
0.1,0.25,0.2,0.08,8,C,0.01004085675422739,-0.13254689268056863,-0.18737797966364492,389,0.36923076923076925,8.207376031816098,8.363956359513985,65,29.953846153846154,OK,
0.1,0.25,0.2,0.08,10,A,0.01917987513246322,-0.09358335958892426,-0.14825498989275565,297,0.46153846153846156,3.223939291872843,3.315383305336168,26,40.34615384615385,OK,
0.1,0.25,0.2,0.08,10,C,0.01004085675422739,-0.13254689268056863,-0.18737797966364492,389,0.36923076923076925,8.207376031816098,8.363956359513985,65,29.953846153846154,OK,
0.1,0.25,0.2,0.1,5,A,0.015328549947982273,-0.13356347329001816,-0.14515287558855258,299,0.5,2.9550333799232327,3.020741547640403,24,42.166666666666664,OK,
0.1,0.25,0.2,0.1,5,C,0.010492042463901674,-0.14380030283319228,-0.17401536427097866,389,0.3584905660377358,6.681392777359717,6.819477719062443,53,29.41509433962264,OK,
0.15,0.1,0.05,0.08,10,A,0.016086614187445614,-0.10392313310057291,-0.16879763658557279,383,0.5135135135135135,4.58296427959644,4.690455658764681,37,38.4054054054054,OK,
0.15,0.1,0.05,0.08,10,C,0.0056995765264713505,-0.16631542271994298,-0.1825439015846472,382,0.42,6.090076425477658,6.058751048136922,50,33.64,OK,
0.15,0.1,0.05,0.1,5,A,0.013128680306069063,-0.13630949017515084,-0.159327491468858,383,0.5161290322580645,3.8147357744696944,3.887326690383119,31,41.61290322580645,OK,
0.15,0.1,0.05,0.1,5,C,0.00561205120055952,-0.18862739968632258,-0.169330014124653,382,0.4358974358974359,4.795580779045731,4.774093834990325,39,35.38461538461539,OK,
0.1,0.25,0.2,0.1,8,A,0.014490093422702577,-0.13333034604895072,-0.14798628609202366,300,0.46153846153846156,3.2120524176555287,3.2805975190347922,26,41.07692307692308,OK,
0.1,0.25,0.2,0.1,8,C,0.00638548377058612,-0.15599331043684272,-0.18767789424792441,389,0.36363636363636365,8.267341656547677,8.36436082525818,66,29.848484848484848,OK,
0.1,0.25,0.2,0.1,10,A,0.014490093422702577,-0.13333034604895072,-0.14798628609202366,300,0.46153846153846156,3.2120524176555287,3.2805975190347922,26,41.07692307692308,OK,
0.1,0.25,0.2,0.1,10,C,0.008503815768578393,-0.14196948888362665,-0.18761334541210914,389,0.3787878787878788,8.286214661050623,8.415434131360069,66,29.893939393939394,OK,
0.15,0.1,0.05,0.07,8,A,0.016176594818142043,-0.10331033552375998,-0.16879763658557279,383,0.5135135135135135,4.582703096646088,4.690457825316,37,38.32432432432432,OK,
0.15,0.1,0.05,0.07,8,C,0.006154669573643412,-0.16276424230023245,-0.1832263062301006,382,0.4,6.094125619997828,6.067848091755838,50,33.14,OK,
0.15,0.1,0.05,0.07,10,A,0.016176594818142043,-0.10331033552375998,-0.16879763658557279,383,0.5135135135135135,4.582703096646088,4.690457825316,37,38.32432432432432,OK,
0.15,0.1,0.05,0.07,10,C,0.006154669573643412,-0.16276424230023245,-0.1832263062301006,382,0.4,6.094125619997828,6.067848091755838,50,33.14,OK,
0.15,0.1,0.05,0.06,10,A,0.016903430999615,-0.09839413172027983,-0.16826413277298313,383,0.5135135135135135,4.593807586117089,4.710051567404389,37,37.027027027027025,OK,
0.15,0.1,0.05,0.06,10,C,0.00825761027543015,-0.14932864192564207,-0.18292619935355753,382,0.4,6.123238482958847,6.114407338554172,50,31.9,OK,
0.15,0.1,0.05,0.07,5,A,0.018015702242319964,-0.09815943632164499,-0.15852217164260282,383,0.5161290322580645,3.817891063570767,3.9175654644178715,31,40.87096774193548,OK,
0.15,0.1,0.05,0.07,5,C,0.01138089053633995,-0.14518172112433966,-0.16939967032225073,382,0.41025641025641024,4.820374467799628,4.850188091021272,39,34.56410256410256,OK,
0.15,0.1,0.05,0.1,8,A,0.011034443716856357,-0.14093272859838152,-0.168310663634147,383,0.5135135135135135,4.5832120121126705,4.657289473376461,37,38.945945945945944,OK,
0.15,0.1,0.05,0.1,8,C,0.00018371239092229708,-0.20235127133202618,-0.18262717481324678,382,0.42,6.056867657747252,5.963593196654684,50,33.9,OK,
0.15,0.1,0.05,0.1,10,A,0.011034443716856357,-0.14093272859838152,-0.168310663634147,383,0.5135135135135135,4.5832120121126705,4.657289473376461,37,38.945945945945944,OK,
0.15,0.1,0.05,0.1,10,C,0.00018371239092229708,-0.20235127133202618,-0.18262717481324678,382,0.42,6.056867657747252,5.963593196654684,50,33.9,OK,
0.15,0.1,0.1,0.06,5,A,0.01938728086271002,-0.08643384398559055,-0.15920105486210587,383,0.53125,3.9459517662757753,4.060031710574878,32,39.25,OK,
0.15,0.1,0.1,0.06,5,C,0.018162238995515834,-0.09090646981061738,-0.1635535126165174,382,0.42,6.334696440969331,6.4744232004516284,50,30.18,OK,
0.15,0.1,0.1,0.06,8,A,0.016903430999615,-0.09839413172027983,-0.16826413277298313,383,0.5135135135135135,4.593807586117089,4.710051567404389,37,37.027027027027025,OK,
0.15,0.1,0.1,0.06,8,C,0.02094784864557564,-0.05814105772622252,-0.19720390540758947,382,0.4126984126984127,7.922138790342294,8.0955373568617,63,30.746031746031747,OK,
0.15,0.1,0.05,0.06,5,A,0.01938728086271002,-0.08643384398559055,-0.15920105486210587,383,0.53125,3.9459517662757753,4.060031710574878,32,39.25,OK,
0.15,0.1,0.05,0.06,5,C,0.012548168475183363,-0.13601891775423525,-0.1694495815623552,382,0.4146341463414634,5.071983777370158,5.109727336280895,41,32.65853658536585,OK,
0.15,0.1,0.05,0.06,8,A,0.016903430999615,-0.09839413172027983,-0.16826413277298313,383,0.5135135135135135,4.593807586117089,4.710051567404389,37,37.027027027027025,OK,
0.15,0.1,0.05,0.06,8,C,0.00825761027543015,-0.14932864192564207,-0.18292619935355753,382,0.4,6.123238482958847,6.114407338554172,50,31.9,OK,
0.15,0.1,0.05,0.08,5,A,0.01792485528154608,-0.0988336408253856,-0.15852217164260282,383,0.5161290322580645,3.818111792286508,3.917563261145344,31,40.96774193548387,OK,
0.15,0.1,0.05,0.08,5,C,0.010732889729708317,-0.1497461896031307,-0.169694179572543,382,0.4358974358974359,4.8123456551898105,4.834375589755564,39,35.17948717948718,OK,
0.15,0.1,0.05,0.08,8,A,0.016086614187445614,-0.10392313310057291,-0.16879763658557279,383,0.5135135135135135,4.58296427959644,4.690455658764681,37,38.4054054054054,OK,
0.15,0.1,0.05,0.08,8,C,0.0056995765264713505,-0.16631542271994298,-0.1825439015846472,382,0.42,6.090076425477658,6.058751048136922,50,33.64,OK,
0.15,0.1,0.1,0.06,10,A,0.016903430999615,-0.09839413172027983,-0.16826413277298313,383,0.5135135135135135,4.593807586117089,4.710051567404389,37,37.027027027027025,OK,
0.15,0.1,0.1,0.06,10,C,0.02094784864557564,-0.05814105772622252,-0.19720390540758947,382,0.4126984126984127,7.922138790342294,8.0955373568617,63,30.746031746031747,OK,
0.15,0.1,0.1,0.07,5,A,0.018015702242319964,-0.09815943632164499,-0.15852217164260282,383,0.5161290322580645,3.817891063570767,3.9175654644178715,31,40.87096774193548,OK,
0.15,0.1,0.1,0.07,5,C,0.01425239120921895,-0.12117773605740029,-0.16338361960504183,382,0.3958333333333333,6.036486584313248,6.129802024689331,48,31.291666666666668,OK,
0.15,0.1,0.1,0.07,8,A,0.016176594818142043,-0.10331033552375998,-0.16879763658557279,383,0.5135135135135135,4.582703096646088,4.690457825316,37,38.32432432432432,OK,
0.15,0.1,0.1,0.07,8,C,0.018398165804862643,-0.07458426605800576,-0.19657005905299932,382,0.4126984126984127,7.920635800156674,8.05821582139427,63,31.857142857142858,OK,
0.15,0.1,0.1,0.07,10,A,0.016176594818142043,-0.10331033552375998,-0.16879763658557279,383,0.5135135135135135,4.582703096646088,4.690457825316,37,38.32432432432432,OK,
0.15,0.1,0.1,0.07,10,C,0.018398165804862643,-0.07458426605800576,-0.19657005905299932,382,0.4126984126984127,7.920635800156674,8.05821582139427,63,31.857142857142858,OK,
0.15,0.1,0.1,0.08,5,A,0.01792485528154608,-0.0988336408253856,-0.15852217164260282,383,0.5161290322580645,3.818111792286508,3.917563261145344,31,40.96774193548387,OK,
0.15,0.1,0.1,0.08,5,C,0.015882998235871915,-0.08987920785093872,-0.19823456669851472,382,0.425531914893617,5.92192699244092,6.017961296851711,47,32.765957446808514,OK,
0.15,0.1,0.1,0.08,8,A,0.016086614187445614,-0.10392313310057291,-0.16879763658557279,383,0.5135135135135135,4.58296427959644,4.690455658764681,37,38.4054054054054,OK,
0.15,0.1,0.1,0.08,8,C,0.019493963816765048,-0.05753975680000199,-0.23071148798895785,382,0.42857142857142855,7.8837455793214355,8.018025052486172,63,32.55555555555556,OK,
0.15,0.1,0.1,0.1,8,A,0.011034443716856357,-0.14093272859838152,-0.168310663634147,383,0.5135135135135135,4.5832120121126705,4.657289473376461,37,38.945945945945944,OK,
0.15,0.1,0.1,0.1,8,C,0.015090312055691113,-0.08133224767312532,-0.23048265099267648,382,0.43548387096774194,7.746220016556579,7.813455885084891,62,33.11290322580645,OK,
0.15,0.1,0.1,0.1,10,A,0.011034443716856357,-0.14093272859838152,-0.168310663634147,383,0.5135135135135135,4.5832120121126705,4.657289473376461,37,38.945945945945944,OK,
0.15,0.1,0.1,0.1,10,C,0.015090312055691113,-0.08133224767312532,-0.23048265099267648,382,0.43548387096774194,7.746220016556579,7.813455885084891,62,33.11290322580645,OK,
0.15,0.1,0.1,0.08,10,A,0.016086614187445614,-0.10392313310057291,-0.16879763658557279,383,0.5135135135135135,4.58296427959644,4.690455658764681,37,38.4054054054054,OK,
0.15,0.1,0.1,0.08,10,C,0.021405492851656716,-0.047246839879966515,-0.229886426917637,382,0.4444444444444444,7.89483776021575,8.057649851596512,63,32.63492063492063,OK,
0.15,0.1,0.1,0.1,5,A,0.013128680306069063,-0.13630949017515084,-0.159327491468858,383,0.5161290322580645,3.8147357744696944,3.887326690383119,31,41.61290322580645,OK,
0.15,0.1,0.1,0.1,5,C,0.0172557022701878,-0.08124912586594014,-0.19791324563140117,382,0.43478260869565216,5.748133079668384,5.831736631203919,46,33.47826086956522,OK,
0.15,0.1,0.15,0.06,5,A,0.01938728086271002,-0.08643384398559055,-0.15920105486210587,383,0.53125,3.9459517662757753,4.060031710574878,32,39.25,OK,
0.15,0.1,0.15,0.06,5,C,0.01322290603855425,-0.12825138221500856,-0.1638453527819653,393,0.39285714285714285,7.149083717415895,7.2886447596429464,56,28.767857142857142,OK,
0.15,0.1,0.15,0.06,8,A,0.016903430999615,-0.09839413172027983,-0.16826413277298313,383,0.5135135135135135,4.593807586117089,4.710051567404389,37,37.027027027027025,OK,
0.15,0.1,0.15,0.06,8,C,0.009657795543485781,-0.13112844390368228,-0.19612160789894723,393,0.36486486486486486,9.333344299537375,9.426391351504163,74,28.35135135135135,OK,
0.15,0.1,0.15,0.07,8,A,0.016176594818142043,-0.10331033552375998,-0.16879763658557279,383,0.5135135135135135,4.582703096646088,4.690457825316,37,38.32432432432432,OK,
0.15,0.1,0.15,0.07,8,C,0.006085719973683235,-0.15317977805765778,-0.19682463322068194,393,0.3611111111111111,9.040772523636095,9.061322860518754,72,29.90277777777778,OK,
0.15,0.1,0.15,0.07,10,A,0.016176594818142043,-0.10331033552375998,-0.16879763658557279,383,0.5135135135135135,4.582703096646088,4.690457825316,37,38.32432432432432,OK,
0.15,0.1,0.15,0.07,10,C,0.008128281522456815,-0.14001968861199796,-0.19701673331681607,393,0.375,9.057392346603221,9.11246913119745,72,29.944444444444443,OK,
0.15,0.1,0.15,0.1,8,A,0.011034443716856357,-0.14093272859838152,-0.168310663634147,383,0.5135135135135135,4.5832120121126705,4.657289473376461,37,38.945945945945944,OK,
0.15,0.1,0.15,0.1,8,C,0.0037174132658481795,-0.14327922191511525,-0.23036381825834426,393,0.38571428571428573,8.73936278340356,8.699805869110754,70,31.3,OK,
0.15,0.1,0.15,0.1,10,A,0.011034443716856357,-0.14093272859838152,-0.168310663634147,383,0.5135135135135135,4.5832120121126705,4.657289473376461,37,38.945945945945944,OK,
0.15,0.1,0.15,0.1,10,C,0.0037174132658481795,-0.14327922191511525,-0.23036381825834426,393,0.38571428571428573,8.73936278340356,8.699805869110754,70,31.3,OK,
0.15,0.1,0.15,0.08,10,A,0.016086614187445614,-0.10392313310057291,-0.16879763658557279,383,0.5135135135135135,4.58296427959644,4.690455658764681,37,38.4054054054054,OK,
0.15,0.1,0.15,0.08,10,C,0.00836658272561075,-0.11847832233673967,-0.23049454927664215,393,0.38571428571428573,8.79890935143575,8.836303498785567,70,31.185714285714287,OK,
0.15,0.1,0.15,0.1,5,A,0.013128680306069063,-0.13630949017515084,-0.159327491468858,383,0.5161290322580645,3.8147357744696944,3.887326690383119,31,41.61290322580645,OK,
0.15,0.1,0.15,0.1,5,C,0.013149137970249525,-0.10703043681776798,-0.19798338473140192,393,0.4230769230769231,6.576185307311635,6.666417191765841,52,31.923076923076923,OK,
0.15,0.1,0.15,0.08,5,A,0.01792485528154608,-0.0988336408253856,-0.15852217164260282,383,0.5161290322580645,3.818111792286508,3.917563261145344,31,40.96774193548387,OK,
0.15,0.1,0.15,0.08,5,C,0.012041927557519427,-0.11387597588692107,-0.1983639532583237,393,0.41509433962264153,6.7317032948952935,6.837754474317159,53,31.32075471698113,OK,
0.15,0.1,0.15,0.08,8,A,0.016086614187445614,-0.10392313310057291,-0.16879763658557279,383,0.5135135135135135,4.58296427959644,4.690455658764681,37,38.4054054054054,OK,
0.15,0.1,0.15,0.08,8,C,0.00836658272561075,-0.11847832233673967,-0.23049454927664215,393,0.38571428571428573,8.79890935143575,8.836303498785567,70,31.185714285714287,OK,
0.15,0.1,0.2,0.06,5,A,0.01938728086271002,-0.08643384398559055,-0.15920105486210587,383,0.53125,3.9459517662757753,4.060031710574878,32,39.25,OK,
0.15,0.1,0.2,0.06,5,C,0.015709024377811298,-0.10860200128317574,-0.16355826775585416,383,0.42857142857142855,8.039322268758795,8.2291533230838,63,28.476190476190474,OK,
0.15,0.1,0.2,0.06,8,A,0.016903430999615,-0.09839413172027983,-0.16826413277298313,383,0.5135135135135135,4.593807586117089,4.710051567404389,37,37.027027027027025,OK,
0.15,0.1,0.2,0.06,8,C,0.009442273418561076,-0.13010346895345443,-0.19703061054777618,383,0.3855421686746988,10.502815007980644,10.643220435574444,83,27.987951807228917,OK,
0.15,0.1,0.2,0.06,10,A,0.016903430999615,-0.09839413172027983,-0.16826413277298313,383,0.5135135135135135,4.593807586117089,4.710051567404389,37,37.027027027027025,OK,
0.15,0.1,0.2,0.06,10,C,0.011487591463753999,-0.11753212379664563,-0.19647147407184587,383,0.39759036144578314,10.513108395279206,10.6941012005384,83,28.02409638554217,OK,
0.15,0.1,0.2,0.07,5,A,0.018015702242319964,-0.09815943632164499,-0.15852217164260282,383,0.5161290322580645,3.817891063570767,3.9175654644178715,31,40.87096774193548,OK,
0.15,0.1,0.2,0.07,5,C,0.012141070944265753,-0.13559912491905116,-0.1634588765247773,383,0.4262295081967213,7.765255082008688,7.891931867832939,61,29.60655737704918,OK,
0.15,0.1,0.2,0.08,5,A,0.01792485528154608,-0.0988336408253856,-0.15852217164260282,383,0.5161290322580645,3.818111792286508,3.917563261145344,31,40.96774193548387,OK,
0.15,0.1,0.2,0.08,5,C,0.013918631182894492,-0.10159288723742445,-0.1980369948457647,383,0.45,7.61826513065182,7.749869082426297,60,30.733333333333334,OK,
0.15,0.1,0.2,0.08,8,A,0.016086614187445614,-0.10392313310057291,-0.16879763658557279,383,0.5135135135135135,4.58296427959644,4.690455658764681,37,38.4054054054054,OK,
0.15,0.1,0.2,0.08,8,C,0.00742294311821845,-0.12263082469901954,-0.23007901794416943,383,0.4050632911392405,9.963812013546274,10.015144573357523,79,30.468354430379748,OK,
0.15,0.1,0.15,0.06,10,A,0.016903430999615,-0.09839413172027983,-0.16826413277298313,383,0.5135135135135135,4.593807586117089,4.710051567404389,37,37.027027027027025,OK,
0.15,0.1,0.15,0.06,10,C,0.011773437179612545,-0.1172281776346652,-0.19659712177153021,393,0.3783783783783784,9.344581883397026,9.473070294121072,74,28.41891891891892,OK,
0.15,0.1,0.15,0.07,5,A,0.018015702242319964,-0.09815943632164499,-0.15852217164260282,383,0.5161290322580645,3.817891063570767,3.9175654644178715,31,40.87096774193548,OK,
0.15,0.1,0.15,0.07,5,C,0.010186319255000464,-0.15157849858982034,-0.16354745955782743,393,0.3888888888888889,6.873307420595254,6.9743779812847935,54,30.037037037037038,OK,
0.15,0.1,0.2,0.07,8,A,0.016176594818142043,-0.10331033552375998,-0.16879763658557279,383,0.5135135135135135,4.582703096646088,4.690457825316,37,38.32432432432432,OK,
0.15,0.1,0.2,0.07,8,C,0.00528648913932761,-0.15655521592896296,-0.1963213411131014,383,0.38271604938271603,10.197645946824322,10.23275862887064,81,29.320987654320987,OK,
0.15,0.1,0.2,0.07,10,A,0.016176594818142043,-0.10331033552375998,-0.16879763658557279,383,0.5135135135135135,4.582703096646088,4.690457825316,37,38.32432432432432,OK,
0.15,0.1,0.2,0.07,10,C,0.007303900555578391,-0.14333332450938166,-0.19693145364152076,383,0.3950617283950617,10.225654584606518,10.29842657364228,81,29.382716049382715,OK,
0.15,0.1,0.2,0.08,10,A,0.016086614187445614,-0.10392313310057291,-0.16879763658557279,383,0.5135135135135135,4.58296427959644,4.690455658764681,37,38.4054054054054,OK,
0.15,0.1,0.2,0.08,10,C,0.00742294311821845,-0.12263082469901954,-0.23007901794416943,383,0.4050632911392405,9.963812013546274,10.015144573357523,79,30.468354430379748,OK,
0.15,0.1,0.2,0.1,5,A,0.013128680306069063,-0.13630949017515084,-0.159327491468858,383,0.5161290322580645,3.8147357744696944,3.887326690383119,31,41.61290322580645,OK,
0.15,0.1,0.2,0.1,5,C,0.015108567932727857,-0.09404549148046486,-0.19800184478778254,383,0.4576271186440678,7.461829592478769,7.576604948779817,59,31.25423728813559,OK,
0.15,0.1,0.2,0.1,8,A,0.011034443716856357,-0.14093272859838152,-0.168310663634147,383,0.5135135135135135,4.5832120121126705,4.657289473376461,37,38.945945945945944,OK,
0.15,0.1,0.2,0.1,8,C,0.005705659427118537,-0.13119317791130314,-0.23018474206976453,383,0.4177215189873418,9.941515558632549,9.95216277645004,79,30.49367088607595,OK,
0.15,0.1,0.2,0.1,10,A,0.011034443716856357,-0.14093272859838152,-0.168310663634147,383,0.5135135135135135,4.5832120121126705,4.657289473376461,37,38.945945945945944,OK,
0.15,0.1,0.2,0.1,10,C,0.005705659427118537,-0.13119317791130314,-0.23018474206976453,383,0.4177215189873418,9.941515558632549,9.95216277645004,79,30.49367088607595,OK,
0.15,0.15,0.05,0.06,10,A,0.01867806673361061,-0.08488285607302945,-0.16886795319748293,363,0.5142857142857142,4.3569905875621275,4.481678180989047,35,38.25714285714286,OK,
0.15,0.15,0.05,0.06,10,C,0.010917727285551626,-0.13087963566487942,-0.1832991534926451,363,0.4166666666666667,5.907404812102915,5.939574684907675,48,32.645833333333336,OK,
0.15,0.15,0.05,0.07,5,A,0.019727964515216856,-0.08403117846079718,-0.1589738068196258,363,0.5172413793103449,3.581032602077159,3.686134431433357,29,42.62068965517241,OK,
0.15,0.15,0.05,0.07,5,C,0.011769868970368913,-0.1422809283142155,-0.16907390025332103,363,0.42105263157894735,4.6946387474419105,4.738226516651041,38,35.10526315789474,OK,
0.15,0.15,0.05,0.06,5,A,0.020795047202875283,-0.07528707197561568,-0.15880914980127858,363,0.5333333333333333,3.7096603651408864,3.827578017219158,30,40.833333333333336,OK,
0.15,0.15,0.05,0.06,5,C,0.012963954126458566,-0.1329683809955856,-0.16911260541547338,363,0.425,4.945029280657862,4.997330342955967,40,33.125,OK,
0.15,0.15,0.05,0.06,8,A,0.01867806673361061,-0.08488285607302945,-0.16886795319748293,363,0.5142857142857142,4.3569905875621275,4.481678180989047,35,38.25714285714286,OK,
0.15,0.15,0.05,0.06,8,C,0.010917727285551626,-0.13087963566487942,-0.1832991534926451,363,0.4166666666666667,5.907404812102915,5.939574684907675,48,32.645833333333336,OK,
0.15,0.15,0.05,0.07,8,A,0.01765656759665757,-0.09273057414245454,-0.16816745417213613,363,0.5142857142857142,4.346149281746644,4.461083710814886,35,39.628571428571426,OK,
0.15,0.15,0.05,0.07,8,C,0.009559779677035474,-0.13982458698269787,-0.18328582204287933,363,0.425531914893617,5.790510036297037,5.811491560752054,47,33.93617021276596,OK,
0.15,0.15,0.05,0.07,10,A,0.01765656759665757,-0.09273057414245454,-0.16816745417213613,363,0.5142857142857142,4.346149281746644,4.461083710814886,35,39.628571428571426,OK,
0.15,0.15,0.05,0.07,10,C,0.009559779677035474,-0.13982458698269787,-0.18328582204287933,363,0.425531914893617,5.790510036297037,5.811491560752054,47,33.93617021276596,OK,
0.15,0.15,0.05,0.08,5,A,0.019637725812621687,-0.08471059497058923,-0.1589738068196258,363,0.5172413793103449,3.581238988527826,3.686132228160829,29,42.724137931034484,OK,
0.15,0.15,0.05,0.08,5,C,0.011179969928289735,-0.14617335452672936,-0.16958928078887808,363,0.4473684210526316,4.69308904881916,4.729286244977286,38,35.73684210526316,OK,
0.15,0.15,0.05,0.08,8,A,0.017565592408335773,-0.09335829058868401,-0.16816745417213613,363,0.5142857142857142,4.346400464829297,4.461081507542358,35,39.714285714285715,OK,
0.15,0.15,0.05,0.08,8,C,0.009200439354474232,-0.14210003593120696,-0.18332554135673118,363,0.44680851063829785,5.788298696048425,5.805029361492932,47,34.46808510638298,OK,
0.15,0.15,0.1,0.06,5,A,0.020795047202875283,-0.07528707197561568,-0.15880914980127858,363,0.5333333333333333,3.7096603651408864,3.827578017219158,30,40.833333333333336,OK,
0.15,0.15,0.1,0.06,5,C,0.020121733076880588,-0.07629955731910258,-0.16311423446440837,378,0.44680851063829785,5.991420570280087,6.199334215435768,47,31.319148936170212,OK,
0.15,0.15,0.1,0.06,8,A,0.01867806673361061,-0.08488285607302945,-0.16886795319748293,363,0.5142857142857142,4.3569905875621275,4.481678180989047,35,38.25714285714286,OK,
0.15,0.15,0.1,0.06,8,C,0.021545582626726345,-0.05434904730465604,-0.1970527347516297,378,0.4262295081967213,7.6731825299989245,7.911206741007976,61,31.42622950819672,OK,
0.15,0.15,0.05,0.1,8,A,0.01270916400752875,-0.12849305421889556,-0.1686042383037451,363,0.5142857142857142,4.3397630098921125,4.423456632847872,35,40.285714285714285,OK,
0.15,0.15,0.05,0.1,8,C,0.002795587885891848,-0.1847125376823104,-0.1827579316666297,363,0.4375,5.829762633523096,5.7794533982399585,48,34.729166666666664,OK,
0.15,0.15,0.05,0.1,10,A,0.01270916400752875,-0.12849305421889556,-0.1686042383037451,363,0.5142857142857142,4.3397630098921125,4.423456632847872,35,40.285714285714285,OK,
0.15,0.15,0.05,0.1,10,C,0.002795587885891848,-0.1847125376823104,-0.1827579316666297,363,0.4375,5.829762633523096,5.7794533982399585,48,34.729166666666664,OK,
0.15,0.15,0.1,0.08,10,A,0.017565592408335773,-0.09335829058868401,-0.16816745417213613,363,0.5142857142857142,4.346400464829297,4.461081507542358,35,39.714285714285715,OK,
0.15,0.15,0.1,0.08,10,C,0.01837067505352974,-0.06377707513222602,-0.23026460835566903,378,0.4406779661016949,7.390227818339725,7.5650293182394295,59,33.728813559322035,OK,
0.15,0.15,0.1,0.1,5,A,0.014561787967842577,-0.1254679142433602,-0.15868648398442634,363,0.5172413793103449,3.5701702876849652,3.6483137507461336,29,43.41379310344828,OK,
0.15,0.15,0.1,0.1,5,C,0.019517725447116607,-0.06677334730376616,-0.19844568737586504,378,0.46511627906976744,5.419484737786031,5.572554607294206,43,34.93023255813954,OK,
0.15,0.15,0.05,0.08,10,A,0.017565592408335773,-0.09335829058868401,-0.16816745417213613,363,0.5142857142857142,4.346400464829297,4.461081507542358,35,39.714285714285715,OK,
0.15,0.15,0.05,0.08,10,C,0.009200439354474232,-0.14210003593120696,-0.18332554135673118,363,0.44680851063829785,5.788298696048425,5.805029361492932,47,34.46808510638298,OK,
0.15,0.15,0.05,0.1,5,A,0.014561787967842577,-0.1254679142433602,-0.15868648398442634,363,0.5172413793103449,3.5701702876849652,3.6483137507461336,29,43.41379310344828,OK,
0.15,0.15,0.05,0.1,5,C,0.006039488473602805,-0.18489724182389825,-0.16951115467598368,363,0.4473684210526316,4.680344901024747,4.673612717997427,38,35.94736842105263,OK,
0.15,0.15,0.1,0.06,10,A,0.01867806673361061,-0.08488285607302945,-0.16886795319748293,363,0.5142857142857142,4.3569905875621275,4.481678180989047,35,38.25714285714286,OK,
0.15,0.15,0.1,0.06,10,C,0.021545582626726345,-0.05434904730465604,-0.1970527347516297,378,0.4262295081967213,7.6731825299989245,7.911206741007976,61,31.42622950819672,OK,
0.15,0.15,0.1,0.07,5,A,0.019727964515216856,-0.08403117846079718,-0.1589738068196258,363,0.5172413793103449,3.581032602077159,3.686134431433357,29,42.62068965517241,OK,
0.15,0.15,0.1,0.07,5,C,0.01648800536048567,-0.10402338160630348,-0.1638342931439313,378,0.4222222222222222,5.71357536236077,5.88010462122412,45,32.53333333333333,OK,
0.15,0.15,0.1,0.1,8,A,0.01270916400752875,-0.12849305421889556,-0.1686042383037451,363,0.5142857142857142,4.3397630098921125,4.423456632847872,35,40.285714285714285,OK,
0.15,0.15,0.1,0.1,8,C,0.010567501297915616,-0.10622020987415216,-0.23010280368332645,378,0.43103448275862066,7.223022855892473,7.2884086516755,58,33.672413793103445,OK,
0.15,0.15,0.1,0.1,10,A,0.01270916400752875,-0.12849305421889556,-0.1686042383037451,363,0.5142857142857142,4.3397630098921125,4.423456632847872,35,40.285714285714285,OK,
0.15,0.15,0.1,0.1,10,C,0.010567501297915616,-0.10622020987415216,-0.23010280368332645,378,0.43103448275862066,7.223022855892473,7.2884086516755,58,33.672413793103445,OK,
0.15,0.15,0.1,0.07,8,A,0.01765656759665757,-0.09273057414245454,-0.16816745417213613,363,0.5142857142857142,4.346149281746644,4.461083710814886,35,39.628571428571426,OK,
0.15,0.15,0.1,0.07,8,C,0.0186854151710385,-0.07261098874169791,-0.19650054379283727,378,0.43333333333333335,7.541782833259293,7.740374512369012,60,32.36666666666667,OK,
0.15,0.15,0.1,0.07,10,A,0.01765656759665757,-0.09273057414245454,-0.16816745417213613,363,0.5142857142857142,4.346149281746644,4.461083710814886,35,39.628571428571426,OK,
0.15,0.15,0.1,0.07,10,C,0.0186854151710385,-0.07261098874169791,-0.19650054379283727,378,0.43333333333333335,7.541782833259293,7.740374512369012,60,32.36666666666667,OK,
0.15,0.15,0.1,0.08,5,A,0.019637725812621687,-0.08471059497058923,-0.1589738068196258,363,0.5172413793103449,3.581238988527826,3.686132228160829,29,42.724137931034484,OK,
0.15,0.15,0.1,0.08,5,C,0.018157472440978983,-0.07568357365511742,-0.19790271529329087,378,0.45454545454545453,5.5666031259992215,5.732822837786689,44,34.13636363636363,OK,
0.15,0.15,0.1,0.08,8,A,0.017565592408335773,-0.09335829058868401,-0.16816745417213613,363,0.5142857142857142,4.346400464829297,4.461081507542358,35,39.714285714285715,OK,
0.15,0.15,0.1,0.08,8,C,0.01837067505352974,-0.06377707513222602,-0.23026460835566903,378,0.4406779661016949,7.390227818339725,7.5650293182394295,59,33.728813559322035,OK,
0.15,0.15,0.15,0.06,10,A,0.01867806673361061,-0.08488285607302945,-0.16886795319748293,363,0.5142857142857142,4.3569905875621275,4.481678180989047,35,38.25714285714286,OK,
0.15,0.15,0.15,0.06,10,C,0.015892415877738264,-0.09067459326967146,-0.19649728078476678,392,0.4,8.938671607483155,9.228585468592726,70,29.314285714285713,OK,
0.15,0.15,0.15,0.07,5,A,0.019727964515216856,-0.08403117846079718,-0.1589738068196258,363,0.5172413793103449,3.581032602077159,3.686134431433357,29,42.62068965517241,OK,
0.15,0.15,0.15,0.07,5,C,0.010337386093682621,-0.15092788004744218,-0.16357557805250275,392,0.38461538461538464,6.6186290224008335,6.779554786432838,52,30.423076923076923,OK,
0.15,0.15,0.15,0.06,5,A,0.020795047202875283,-0.07528707197561568,-0.15880914980127858,363,0.5333333333333333,3.7096603651408864,3.827578017219158,30,40.833333333333336,OK,
0.15,0.15,0.15,0.06,5,C,0.012929676231269172,-0.13141761365267882,-0.16315848772928246,392,0.3888888888888889,6.891048872760181,7.08302967836449,54,29.11111111111111,OK,
0.15,0.15,0.15,0.06,8,A,0.01867806673361061,-0.08488285607302945,-0.16886795319748293,363,0.5142857142857142,4.3569905875621275,4.481678180989047,35,38.25714285714286,OK,
0.15,0.15,0.15,0.06,8,C,0.015892415877738264,-0.09067459326967146,-0.19649728078476678,392,0.4,8.938671607483155,9.228585468592726,70,29.314285714285713,OK,
0.15,0.15,0.15,0.07,8,A,0.01765656759665757,-0.09273057414245454,-0.16816745417213613,363,0.5142857142857142,4.346149281746644,4.461083710814886,35,39.628571428571426,OK,
0.15,0.15,0.15,0.07,8,C,0.01267092232811362,-0.11084799539673348,-0.19692597003381695,392,0.39705882352941174,8.6465871506655,8.868723243604954,68,30.941176470588236,OK,
0.15,0.15,0.15,0.07,10,A,0.01765656759665757,-0.09273057414245454,-0.16816745417213613,363,0.5142857142857142,4.346149281746644,4.461083710814886,35,39.628571428571426,OK,
0.15,0.15,0.15,0.07,10,C,0.01267092232811362,-0.11084799539673348,-0.19692597003381695,392,0.39705882352941174,8.6465871506655,8.868723243604954,68,30.941176470588236,OK,
0.15,0.15,0.15,0.08,10,A,0.017565592408335773,-0.09335829058868401,-0.16816745417213613,363,0.5142857142857142,4.346400464829297,4.461081507542358,35,39.714285714285715,OK,
0.15,0.15,0.15,0.08,10,C,0.014441475995475184,-0.08505468357488245,-0.23066037332375267,392,0.417910447761194,8.49782279366536,8.723717593903208,67,31.970149253731343,OK,
0.15,0.15,0.15,0.1,5,A,0.014561787967842577,-0.1254679142433602,-0.15868648398442634,363,0.5172413793103449,3.5701702876849652,3.6483137507461336,29,43.41379310344828,OK,
0.15,0.15,0.15,0.1,5,C,0.01339969417602127,-0.10548593107126614,-0.19829152350190918,392,0.42,6.328799157475875,6.476721472636422,50,32.4,OK,
0.15,0.15,0.15,0.08,5,A,0.019637725812621687,-0.08471059497058923,-0.1589738068196258,363,0.5172413793103449,3.581238988527826,3.686132228160829,29,42.724137931034484,OK,
0.15,0.15,0.15,0.08,5,C,0.012167591640124709,-0.11327166266237397,-0.19846368063882686,392,0.4117647058823529,6.475384083160715,6.639015610974543,51,31.764705882352942,OK,
0.15,0.15,0.15,0.08,8,A,0.017565592408335773,-0.09335829058868401,-0.16816745417213613,363,0.5142857142857142,4.346400464829297,4.461081507542358,35,39.714285714285715,OK,
0.15,0.15,0.15,0.08,8,C,0.014441475995475184,-0.08505468357488245,-0.23066037332375267,392,0.417910447761194,8.49782279366536,8.723717593903208,67,31.970149253731343,OK,
0.15,0.15,0.2,0.06,5,A,0.020795047202875283,-0.07528707197561568,-0.15880914980127858,363,0.5333333333333333,3.7096603651408864,3.827578017219158,30,40.833333333333336,OK,
0.15,0.15,0.2,0.06,5,C,0.017366428002002054,-0.09648106278516093,-0.1632396472815299,378,0.43103448275862066,7.440408018133689,7.734193135668399,58,29.43103448275862,OK,
0.15,0.15,0.2,0.06,8,A,0.01867806673361061,-0.08488285607302945,-0.16886795319748293,363,0.5142857142857142,4.3569905875621275,4.481678180989047,35,38.25714285714286,OK,
0.15,0.15,0.2,0.06,8,C,0.01691155625008034,-0.08293740191505419,-0.1965971605872906,378,0.40789473684210525,9.760022592316043,10.16911144557827,76,29.210526315789473,OK,
0.15,0.15,0.15,0.1,8,A,0.01270916400752875,-0.12849305421889556,-0.1686042383037451,363,0.5142857142857142,4.3397630098921125,4.423456632847872,35,40.285714285714285,OK,
0.15,0.15,0.15,0.1,8,C,0.007023388091743188,-0.1250350808344102,-0.23066985955875022,392,0.39705882352941174,8.560953319904726,8.670216622326192,68,31.720588235294116,OK,
0.15,0.15,0.15,0.1,10,A,0.01270916400752875,-0.12849305421889556,-0.1686042383037451,363,0.5142857142857142,4.3397630098921125,4.423456632847872,35,40.285714285714285,OK,
0.15,0.15,0.15,0.1,10,C,0.008945820060742182,-0.11498016205141542,-0.22988677090285617,392,0.4117647058823529,8.573810188935209,8.713348377257962,68,31.794117647058822,OK,
0.15,0.15,0.2,0.06,10,A,0.01867806673361061,-0.08488285607302945,-0.16886795319748293,363,0.5142857142857142,4.3569905875621275,4.481678180989047,35,38.25714285714286,OK,
0.15,0.15,0.2,0.06,10,C,0.01691155625008034,-0.08293740191505419,-0.1965971605872906,378,0.40789473684210525,9.760022592316043,10.16911144557827,76,29.210526315789473,OK,
0.15,0.15,0.2,0.07,5,A,0.019727964515216856,-0.08403117846079718,-0.1589738068196258,363,0.5172413793103449,3.581032602077159,3.686134431433357,29,42.62068965517241,OK,
0.15,0.15,0.2,0.07,5,C,0.014744385331850518,-0.11623043187238151,-0.16369344589730564,378,0.42857142857142855,7.142690040253968,7.398211832571274,56,30.660714285714285,OK,
0.15,0.15,0.2,0.08,5,A,0.019637725812621687,-0.08471059497058923,-0.1589738068196258,363,0.5172413793103449,3.581238988527826,3.686132228160829,29,42.724137931034484,OK,
0.15,0.15,0.2,0.08,5,C,0.01660285803546735,-0.08454140179995115,-0.19872197641243702,378,0.45454545454545453,7.027449283493595,7.285800138641681,55,31.90909090909091,OK,
0.15,0.15,0.2,0.08,8,A,0.017565592408335773,-0.09335829058868401,-0.16816745417213613,363,0.5142857142857142,4.346400464829297,4.461081507542358,35,39.714285714285715,OK,
0.15,0.15,0.2,0.08,8,C,0.01524326006704979,-0.08003722117808788,-0.230176840353077,378,0.4246575342465753,9.312270043374536,9.645487898206474,73,31.643835616438356,OK,
0.15,0.15,0.2,0.07,8,A,0.01765656759665757,-0.09273057414245454,-0.16816745417213613,363,0.5142857142857142,4.346149281746644,4.461083710814886,35,39.628571428571426,OK,
0.15,0.15,0.2,0.07,8,C,0.013587055251911728,-0.1034300373248511,-0.19719647461003878,378,0.40540540540540543,9.461235154446323,9.79205293728122,74,30.7027027027027,OK,
0.15,0.15,0.2,0.07,10,A,0.01765656759665757,-0.09273057414245454,-0.16816745417213613,363,0.5142857142857142,4.346149281746644,4.461083710814886,35,39.628571428571426,OK,
0.15,0.15,0.2,0.07,10,C,0.013587055251911728,-0.1034300373248511,-0.19719647461003878,378,0.40540540540540543,9.461235154446323,9.79205293728122,74,30.7027027027027,OK,
0.15,0.15,0.2,0.1,8,A,0.01270916400752875,-0.12849305421889556,-0.1686042383037451,363,0.5142857142857142,4.3397630098921125,4.423456632847872,35,40.285714285714285,OK,
0.15,0.15,0.2,0.1,8,C,0.010377694543856952,-0.10590745660560102,-0.23018771498511018,378,0.4246575342465753,9.252989281384462,9.497652633298763,73,31.753424657534246,OK,
0.15,0.15,0.2,0.1,10,A,0.01270916400752875,-0.12849305421889556,-0.1686042383037451,363,0.5142857142857142,4.3397630098921125,4.423456632847872,35,40.285714285714285,OK,
0.15,0.15,0.2,0.1,10,C,0.010377694543856952,-0.10590745660560102,-0.23018771498511018,378,0.4246575342465753,9.252989281384462,9.497652633298763,73,31.753424657534246,OK,
0.15,0.2,0.05,0.06,5,A,0.018204443700157613,-0.10819459181086816,-0.1451545872022016,305,0.48148148148148145,3.3207260080771883,3.4053629594141626,27,38.18518518518518,OK,
0.15,0.2,0.05,0.06,5,C,0.008555710398181482,-0.19170241247824515,-0.1484131058395823,336,0.3333333333333333,4.397086757159781,4.423451009014296,36,31.916666666666668,OK,
0.15,0.2,0.05,0.06,8,A,0.018245988853853756,-0.10204061365087652,-0.14760432607870552,305,0.4666666666666667,3.69527927717521,3.791783164907875,30,37.4,OK,
0.15,0.2,0.05,0.06,8,C,0.009480071011654712,-0.16353970272484222,-0.15931135381306935,336,0.35714285714285715,5.149060510454465,5.185473411330405,42,30.785714285714285,OK,
0.15,0.15,0.2,0.08,10,A,0.017565592408335773,-0.09335829058868401,-0.16816745417213613,363,0.5142857142857142,4.346400464829297,4.461081507542358,35,39.714285714285715,OK,
0.15,0.15,0.2,0.08,10,C,0.01524326006704979,-0.08003722117808788,-0.230176840353077,378,0.4246575342465753,9.312270043374536,9.645487898206474,73,31.643835616438356,OK,
0.15,0.15,0.2,0.1,5,A,0.014561787967842577,-0.1254679142433602,-0.15868648398442634,363,0.5172413793103449,3.5701702876849652,3.6483137507461336,29,43.41379310344828,OK,
0.15,0.15,0.2,0.1,5,C,0.01780846645940093,-0.07711460504391858,-0.19825037090954997,378,0.46296296296296297,6.864508408678596,7.104419950231151,54,32.5,OK,
0.15,0.2,0.05,0.06,10,A,0.018245988853853756,-0.10204061365087652,-0.14760432607870552,305,0.4666666666666667,3.69527927717521,3.791783164907875,30,37.4,OK,
0.15,0.2,0.05,0.06,10,C,0.009480071011654712,-0.16353970272484222,-0.15931135381306935,336,0.35714285714285715,5.149060510454465,5.185473411330405,42,30.785714285714285,OK,
0.15,0.2,0.05,0.07,5,A,0.019127441441243453,-0.0995570954857364,-0.1450214505912719,303,0.5,3.201609086049855,3.285937603317956,26,40.11538461538461,OK,
0.15,0.2,0.05,0.07,5,C,0.007540497184191253,-0.199891565612846,-0.14837849930180771,336,0.34285714285714286,4.283290195041517,4.3043134851838705,35,33.6,OK,
0.15,0.2,0.05,0.07,8,A,0.017477211237894252,-0.10817717779565449,-0.14791473279616354,305,0.4666666666666667,3.6894496868425324,3.7789476500895183,30,39.0,OK,
0.15,0.2,0.05,0.07,8,C,0.008170300607329262,-0.17466724604188888,-0.15890167504790248,336,0.36585365853658536,5.021009406875684,5.045436321769863,41,33.073170731707314,OK,
0.15,0.2,0.05,0.07,10,A,0.017477211237894252,-0.10817717779565449,-0.14791473279616354,305,0.4666666666666667,3.6894496868425324,3.7789476500895183,30,39.0,OK,
0.15,0.2,0.05,0.07,10,C,0.008170300607329262,-0.17466724604188888,-0.15890167504790248,336,0.36585365853658536,5.021009406875684,5.045436321769863,41,33.073170731707314,OK,
0.15,0.2,0.05,0.08,5,A,0.019036989992362363,-0.10029770456573893,-0.1450214505912719,303,0.5,3.201794148320546,3.2859354000454277,26,40.23076923076923,OK,
0.15,0.2,0.05,0.08,5,C,0.005832753799275281,-0.214268461619538,-0.1488576789304301,337,0.34285714285714286,4.251851343060367,4.2543827403047,35,33.97142857142857,OK,
0.15,0.2,0.05,0.08,8,A,0.01738768951506442,-0.10886809398211221,-0.14791473279616354,305,0.4666666666666667,3.689659813400247,3.778945483538199,30,39.1,OK,
0.15,0.2,0.05,0.08,8,C,0.0059802665307855385,-0.1926041453747452,-0.15843690981294342,337,0.36585365853658536,4.996458307492679,4.9965332650936585,41,33.390243902439025,OK,
0.15,0.2,0.05,0.08,10,A,0.01738768951506442,-0.10886809398211221,-0.14791473279616354,305,0.4666666666666667,3.689659813400247,3.778945483538199,30,39.1,OK,
0.15,0.2,0.05,0.08,10,C,0.0059802665307855385,-0.1926041453747452,-0.15843690981294342,337,0.36585365853658536,4.996458307492679,4.9965332650936585,41,33.390243902439025,OK,
0.15,0.2,0.05,0.1,5,A,0.014635854207734944,-0.1388687525809573,-0.14563889241932929,305,0.5,3.2006411901704985,3.263416420760857,26,40.96153846153846,OK,
0.15,0.2,0.05,0.1,5,C,0.000604403392728381,-0.25833133471542036,-0.1489680007429644,340,0.34285714285714286,4.235240344598971,4.1956526869911,35,34.31428571428572,OK,
0.15,0.2,0.05,0.1,8,A,0.012947327345846027,-0.14538078053845918,-0.14853335409798418,305,0.4666666666666667,3.695148398372609,3.7599252026218877,30,39.733333333333334,OK,
0.15,0.2,0.05,0.1,8,C,0.0009625545165130589,-0.2309453774810268,-0.15850099429704678,340,0.36585365853658536,4.944033240463372,4.896181339626653,41,33.68292682926829,OK,
0.15,0.2,0.05,0.1,10,A,0.012947327345846027,-0.14538078053845918,-0.14853335409798418,305,0.4666666666666667,3.695148398372609,3.7599252026218877,30,39.733333333333334,OK,
0.15,0.2,0.05,0.1,10,C,0.0009625545165130589,-0.2309453774810268,-0.15850099429704678,340,0.36585365853658536,4.944033240463372,4.896181339626653,41,33.68292682926829,OK,
0.15,0.2,0.1,0.06,5,A,0.018204443700157613,-0.10819459181086816,-0.1451545872022016,305,0.48148148148148145,3.3207260080771883,3.4053629594141626,27,38.18518518518518,OK,
0.15,0.2,0.1,0.06,5,C,0.02539092579219182,-0.0342036820725145,-0.1748400525532071,306,0.4,5.04531667976559,5.2699941752119335,40,32.0,OK,
0.15,0.2,0.1,0.06,8,A,0.018245988853853756,-0.10204061365087652,-0.14760432607870552,305,0.4666666666666667,3.69527927717521,3.791783164907875,30,37.4,OK,
0.15,0.2,0.1,0.06,8,C,0.02369470191808154,-0.04230832620066732,-0.18748589313261038,301,0.39215686274509803,6.394280243095401,6.630032960688191,51,31.352941176470587,OK,
0.15,0.2,0.1,0.06,10,A,0.018245988853853756,-0.10204061365087652,-0.14760432607870552,305,0.4666666666666667,3.69527927717521,3.791783164907875,30,37.4,OK,
0.15,0.2,0.1,0.06,10,C,0.02369470191808154,-0.04230832620066732,-0.18748589313261038,301,0.39215686274509803,6.394280243095401,6.630032960688191,51,31.352941176470587,OK,
0.15,0.2,0.1,0.07,5,A,0.019127441441243453,-0.0995570954857364,-0.1450214505912719,303,0.5,3.201609086049855,3.285937603317956,26,40.11538461538461,OK,
0.15,0.2,0.1,0.07,5,C,0.021389323946835237,-0.06380804056313796,-0.17459378124646102,332,0.38461538461538464,4.931284120434533,5.122604200587304,39,33.07692307692308,OK,
0.15,0.2,0.1,0.07,8,A,0.017477211237894252,-0.10817717779565449,-0.14791473279616354,305,0.4666666666666667,3.6894496868425324,3.7789476500895183,30,39.0,OK,
0.15,0.2,0.1,0.07,8,C,0.021343767057532492,-0.05771703035056528,-0.18777799509229054,331,0.39215686274509803,6.392829194480535,6.606618623480967,51,32.568627450980394,OK,
0.15,0.2,0.1,0.07,10,A,0.017477211237894252,-0.10817717779565449,-0.14791473279616354,305,0.4666666666666667,3.6894496868425324,3.7789476500895183,30,39.0,OK,
0.15,0.2,0.1,0.07,10,C,0.021343767057532492,-0.05771703035056528,-0.18777799509229054,331,0.39215686274509803,6.392829194480535,6.606618623480967,51,32.568627450980394,OK,
0.15,0.2,0.1,0.08,5,A,0.019036989992362363,-0.10029770456573893,-0.1450214505912719,303,0.5,3.201794148320546,3.2859354000454277,26,40.23076923076923,OK,
0.15,0.2,0.1,0.08,5,C,0.018868331399869875,-0.08263778284121716,-0.1743265057873608,335,0.38461538461538464,4.904318637294638,5.0650699752930795,39,33.38461538461539,OK,
0.15,0.2,0.1,0.08,8,A,0.01738768951506442,-0.10886809398211221,-0.14791473279616354,305,0.4666666666666667,3.689659813400247,3.778945483538199,30,39.1,OK,
0.15,0.2,0.1,0.08,8,C,0.020260799390179995,-0.06497530180267856,-0.18758348934305766,335,0.4117647058823529,6.365517990069614,6.553551495300821,51,32.92156862745098,OK,
0.15,0.2,0.1,0.1,8,A,0.012947327345846027,-0.14538078053845918,-0.14853335409798418,305,0.4666666666666667,3.695148398372609,3.7599252026218877,30,39.733333333333334,OK,
0.15,0.2,0.1,0.1,8,C,0.01504765913331263,-0.09907911716875509,-0.1876992407276579,336,0.4117647058823529,6.328693412881491,6.448676299997911,51,33.15686274509804,OK,
0.15,0.2,0.1,0.1,10,A,0.012947327345846027,-0.14538078053845918,-0.14853335409798418,305,0.4666666666666667,3.695148398372609,3.7599252026218877,30,39.733333333333334,OK,
0.15,0.2,0.1,0.1,10,C,0.01504765913331263,-0.09907911716875509,-0.1876992407276579,336,0.4117647058823529,6.328693412881491,6.448676299997911,51,33.15686274509804,OK,
0.15,0.2,0.1,0.08,10,A,0.01738768951506442,-0.10886809398211221,-0.14791473279616354,305,0.4666666666666667,3.689659813400247,3.778945483538199,30,39.1,OK,
0.15,0.2,0.1,0.08,10,C,0.020260799390179995,-0.06497530180267856,-0.18758348934305766,335,0.4117647058823529,6.365517990069614,6.553551495300821,51,32.92156862745098,OK,
0.15,0.2,0.1,0.1,5,A,0.014635854207734944,-0.1388687525809573,-0.14563889241932929,305,0.5,3.2006411901704985,3.263416420760857,26,40.96153846153846,OK,
0.15,0.2,0.1,0.1,5,C,0.01714629579590876,-0.09519694760343718,-0.1744529508479947,337,0.38461538461538464,4.884130663932488,5.014023222926815,39,33.53846153846154,OK,
0.15,0.2,0.15,0.06,10,A,0.018245988853853756,-0.10204061365087652,-0.14760432607870552,305,0.4666666666666667,3.69527927717521,3.791783164907875,30,37.4,OK,
0.15,0.2,0.15,0.06,10,C,0.015633235322340955,-0.0957987100058061,-0.1874910863327613,389,0.3492063492063492,7.9682815680530155,8.214312839535486,63,28.77777777777778,OK,
0.15,0.2,0.15,0.07,5,A,0.019127441441243453,-0.0995570954857364,-0.1450214505912719,303,0.5,3.201609086049855,3.285937603317956,26,40.11538461538461,OK,
0.15,0.2,0.15,0.07,5,C,0.022056489395977597,-0.058895436833035796,-0.17433183285241893,389,0.391304347826087,5.871132301475406,6.145301845646488,46,30.67391304347826,OK,
0.15,0.2,0.15,0.07,8,A,0.017477211237894252,-0.10817717779565449,-0.14791473279616354,305,0.4666666666666667,3.6894496868425324,3.7789476500895183,30,39.0,OK,
0.15,0.2,0.15,0.07,8,C,0.00975226194911194,-0.13460995764858685,-0.18727045561184374,389,0.3387096774193548,7.826976330362798,7.998259041383944,62,30.193548387096776,OK,
0.15,0.2,0.15,0.07,10,A,0.017477211237894252,-0.10817717779565449,-0.14791473279616354,305,0.4666666666666667,3.6894496868425324,3.7789476500895183,30,39.0,OK,
0.15,0.2,0.15,0.07,10,C,0.00975226194911194,-0.13460995764858685,-0.18727045561184374,389,0.3387096774193548,7.826976330362798,7.998259041383944,62,30.193548387096776,OK,
0.15,0.2,0.2,0.06,5,A,0.018204443700157613,-0.10819459181086816,-0.1451545872022016,305,0.48148148148148145,3.3207260080771883,3.4053629594141626,27,38.18518518518518,OK,
0.15,0.2,0.2,0.06,5,C,0.019032915676371776,-0.08028420712864553,-0.1748371830958739,389,0.38181818181818183,7.1035996985476935,7.421752271769111,55,28.30909090909091,OK,
0.15,0.2,0.2,0.06,8,A,0.018245988853853756,-0.10204061365087652,-0.14760432607870552,305,0.4666666666666667,3.69527927717521,3.791783164907875,30,37.4,OK,
0.15,0.2,0.2,0.06,8,C,0.014402042776174184,-0.10303348965526847,-0.1874910863327613,389,0.36231884057971014,8.762982836640962,9.026423207581226,69,28.594202898550726,OK,
0.15,0.2,0.15,0.08,10,A,0.01738768951506442,-0.10886809398211221,-0.14791473279616354,305,0.4666666666666667,3.689659813400247,3.778945483538199,30,39.1,OK,
0.15,0.2,0.15,0.08,10,C,0.007318218783594954,-0.15006392826385617,-0.18776386452024857,389,0.3548387096774194,7.811806038338542,7.944405287431816,62,30.5,OK,
0.15,0.2,0.15,0.1,5,A,0.014635854207734944,-0.1388687525809573,-0.14563889241932929,305,0.5,3.2006411901704985,3.263416420760857,26,40.96153846153846,OK,
0.15,0.2,0.15,0.1,5,C,0.01751536681229493,-0.09201650214996403,-0.17492710528860003,389,0.391304347826087,5.838030796952191,6.048146570551516,46,31.065217391304348,OK,
0.15,0.2,0.15,0.1,8,A,0.012947327345846027,-0.14538078053845918,-0.14853335409798418,305,0.4666666666666667,3.695148398372609,3.7599252026218877,30,39.733333333333334,OK,
0.15,0.2,0.15,0.1,8,C,-0.002266789845711381,-0.2122041404121231,-0.18762637351278413,389,0.34375,8.014603762601848,8.028044508347877,64,29.984375,OK,
0.15,0.2,0.15,0.1,10,A,0.012947327345846027,-0.14538078053845918,-0.14853335409798418,305,0.4666666666666667,3.695148398372609,3.7599252026218877,30,39.733333333333334,OK,
0.15,0.2,0.15,0.1,10,C,-0.002266789845711381,-0.2122041404121231,-0.18762637351278413,389,0.34375,8.014603762601848,8.028044508347877,64,29.984375,OK,
0.15,0.2,0.15,0.06,5,A,0.018204443700157613,-0.10819459181086816,-0.1451545872022016,305,0.48148148148148145,3.3207260080771883,3.4053629594141626,27,38.18518518518518,OK,
0.15,0.2,0.15,0.06,5,C,0.02024767284545481,-0.07223216452528453,-0.1748371830958739,389,0.3673469387755102,6.305036327174579,6.592633844452161,49,28.510204081632654,OK,
0.15,0.2,0.15,0.06,8,A,0.018245988853853756,-0.10204061365087652,-0.14760432607870552,305,0.4666666666666667,3.69527927717521,3.791783164907875,30,37.4,OK,
0.15,0.2,0.15,0.06,8,C,0.015633235322340955,-0.0957987100058061,-0.1874910863327613,389,0.3492063492063492,7.9682815680530155,8.214312839535486,63,28.77777777777778,OK,
0.15,0.2,0.15,0.08,5,A,0.019036989992362363,-0.10029770456573893,-0.1450214505912719,303,0.5,3.201794148320546,3.2859354000454277,26,40.23076923076923,OK,
0.15,0.2,0.15,0.08,5,C,0.017954351674428493,-0.08926440513202544,-0.1741470585520721,389,0.391304347826087,5.848914716764208,6.078114768064092,46,30.956521739130434,OK,
0.15,0.2,0.15,0.08,8,A,0.01738768951506442,-0.10886809398211221,-0.14791473279616354,305,0.4666666666666667,3.689659813400247,3.778945483538199,30,39.1,OK,
0.15,0.2,0.15,0.08,8,C,0.007318218783594954,-0.15006392826385617,-0.18776386452024857,389,0.3548387096774194,7.811806038338542,7.944405287431816,62,30.5,OK,
0.15,0.2,0.2,0.06,10,A,0.018245988853853756,-0.10204061365087652,-0.14760432607870552,305,0.4666666666666667,3.69527927717521,3.791783164907875,30,37.4,OK,
0.15,0.2,0.2,0.06,10,C,0.014402042776174184,-0.10303348965526847,-0.1874910863327613,389,0.36231884057971014,8.762982836640962,9.026423207581226,69,28.594202898550726,OK,
0.15,0.2,0.2,0.07,5,A,0.019127441441243453,-0.0995570954857364,-0.1450214505912719,303,0.5,3.201609086049855,3.285937603317956,26,40.11538461538461,OK,
0.15,0.2,0.2,0.07,5,C,0.020817998148021433,-0.06728414293131738,-0.17433183285241893,389,0.40384615384615385,6.6780635172927365,6.984268181245517,52,30.21153846153846,OK,
0.15,0.2,0.2,0.07,8,A,0.017477211237894252,-0.10817717779565449,-0.14791473279616354,305,0.4666666666666667,3.6894496868425324,3.7789476500895183,30,39.0,OK,
0.15,0.2,0.2,0.07,8,C,0.008550462061587716,-0.14125730859718058,-0.18727045561184374,389,0.35294117647058826,8.606815444071863,8.788466556735369,68,29.88235294117647,OK,
0.15,0.2,0.2,0.07,10,A,0.017477211237894252,-0.10817717779565449,-0.14791473279616354,305,0.4666666666666667,3.6894496868425324,3.7789476500895183,30,39.0,OK,
0.15,0.2,0.2,0.07,10,C,0.008550462061587716,-0.14125730859718058,-0.18727045561184374,389,0.35294117647058826,8.606815444071863,8.788466556735369,68,29.88235294117647,OK,
0.15,0.2,0.2,0.08,5,A,0.019036989992362363,-0.10029770456573893,-0.1450214505912719,303,0.5,3.201794148320546,3.2859354000454277,26,40.23076923076923,OK,
0.15,0.2,0.2,0.08,5,C,0.016722339285768273,-0.09723614543504353,-0.1741470585520721,389,0.40384615384615385,6.650073076137551,6.90516521147192,52,30.46153846153846,OK,
0.15,0.2,0.2,0.08,8,A,0.01738768951506442,-0.10886809398211221,-0.14791473279616354,305,0.4666666666666667,3.689659813400247,3.778945483538199,30,39.1,OK,
0.15,0.2,0.2,0.08,8,C,0.006128304534223528,-0.15645599841523156,-0.18776386452024857,389,0.36764705882352944,8.589185605571076,8.728402796534079,68,30.16176470588235,OK,
0.15,0.2,0.2,0.08,10,A,0.01738768951506442,-0.10886809398211221,-0.14791473279616354,305,0.4666666666666667,3.689659813400247,3.778945483538199,30,39.1,OK,
0.15,0.2,0.2,0.08,10,C,0.006128304534223528,-0.15645599841523156,-0.18776386452024857,389,0.36764705882352944,8.589185605571076,8.728402796534079,68,30.16176470588235,OK,
0.15,0.2,0.2,0.1,5,A,0.014635854207734944,-0.1388687525809573,-0.14563889241932929,305,0.5,3.2006411901704985,3.263416420760857,26,40.96153846153846,OK,
0.15,0.2,0.2,0.1,5,C,0.016291225714806012,-0.09985734778609259,-0.17492710528860003,389,0.40384615384615385,6.645727488989975,6.879473538949258,52,30.557692307692307,OK,
0.15,0.2,0.2,0.1,8,A,0.012947327345846027,-0.14538078053845918,-0.14853335409798418,305,0.4666666666666667,3.695148398372609,3.7599252026218877,30,39.733333333333334,OK,
0.15,0.2,0.2,0.1,8,C,-0.003432714258044589,-0.2178475937667321,-0.18762637351278413,389,0.35714285714285715,8.764166048710091,8.772505514917809,70,29.7,OK,
0.15,0.2,0.2,0.1,10,A,0.012947327345846027,-0.14538078053845918,-0.14853335409798418,305,0.4666666666666667,3.695148398372609,3.7599252026218877,30,39.733333333333334,OK,
0.15,0.2,0.2,0.1,10,C,-0.003432714258044589,-0.2178475937667321,-0.18762637351278413,389,0.35714285714285715,8.764166048710091,8.772505514917809,70,29.7,OK,
0.15,0.25,0.05,0.06,10,A,0.020072975259539882,-0.08620177298503583,-0.14818459592718622,297,0.46153846153846156,3.230640442814549,3.328699878172501,26,38.38461538461539,OK,
0.15,0.25,0.05,0.06,10,C,0.01359307038237545,-0.13235598106195035,-0.15907294069571956,294,0.3888888888888889,4.408954148252397,4.472119587254188,36,32.22222222222222,OK,
0.15,0.25,0.05,0.07,5,A,0.020143620350882907,-0.09018890948353307,-0.14562459636496072,297,0.5,2.9664320351291105,3.053576999088077,24,41.25,OK,
0.15,0.25,0.05,0.07,5,C,0.011221332862195954,-0.16763994644172037,-0.14942817453533647,299,0.375,3.9120833584464783,3.9537969061965317,32,34.28125,OK,
0.15,0.25,0.05,0.06,5,A,0.02068262307570712,-0.08533277469014793,-0.14553476294835524,297,0.48,3.092167800029053,3.1876994432665255,25,39.08,OK,
0.15,0.25,0.05,0.06,5,C,0.01240834174999117,-0.15798464543707738,-0.14932845433234015,299,0.375,3.9104360141233734,3.9565097498126307,32,32.40625,OK,
0.15,0.25,0.05,0.06,8,A,0.020072975259539882,-0.08620177298503583,-0.14818459592718622,297,0.46153846153846156,3.230640442814549,3.328699878172501,26,38.38461538461539,OK,
0.15,0.25,0.05,0.06,8,C,0.01359307038237545,-0.13235598106195035,-0.15907294069571956,294,0.3888888888888889,4.408954148252397,4.472119587254188,36,32.22222222222222,OK,
0.15,0.25,0.05,0.08,5,A,0.020053528535630916,-0.0909347072368273,-0.14562459636496072,297,0.5,2.9666030006329867,3.053574795815549,24,41.375,OK,
0.15,0.25,0.05,0.08,5,C,0.009567498203327363,-0.18295811373772358,-0.14889316594749222,301,0.375,3.9045460085229573,3.931973723594453,32,34.625,OK,
0.15,0.25,0.05,0.08,8,A,0.01917987513246322,-0.09358335958892426,-0.14825498989275565,297,0.46153846153846156,3.223939291872843,3.315383305336168,26,40.34615384615385,OK,
0.15,0.25,0.05,0.08,8,C,0.011776796178570414,-0.14776297422606258,-0.15862460003616405,299,0.4,4.274416713567006,4.319768509163013,35,35.2,OK,
0.15,0.25,0.05,0.07,8,A,0.01927027592281849,-0.09287383960809983,-0.14825498989275565,297,0.46153846153846156,3.223753327375126,3.315385508608696,26,40.23076923076923,OK,
0.15,0.25,0.05,0.07,8,C,0.013286010921877756,-0.1360807279859941,-0.15807567001547732,294,0.4,4.278232413853529,4.338592703185132,35,34.885714285714286,OK,
0.15,0.25,0.05,0.07,10,A,0.01927027592281849,-0.09287383960809983,-0.14825498989275565,297,0.46153846153846156,3.223753327375126,3.315385508608696,26,40.23076923076923,OK,
0.15,0.25,0.05,0.07,10,C,0.013286010921877756,-0.1360807279859941,-0.15807567001547732,294,0.4,4.278232413853529,4.338592703185132,35,34.885714285714286,OK,
0.15,0.25,0.05,0.08,10,A,0.01917987513246322,-0.09358335958892426,-0.14825498989275565,297,0.46153846153846156,3.223939291872843,3.315383305336168,26,40.34615384615385,OK,
0.15,0.25,0.05,0.08,10,C,0.011776796178570414,-0.14776297422606258,-0.15862460003616405,299,0.4,4.274416713567006,4.319768509163013,35,35.2,OK,
0.15,0.25,0.05,0.1,5,A,0.015328549947982273,-0.13356347329001816,-0.14515287558855258,299,0.5,2.9550333799232327,3.020741547640403,24,42.166666666666664,OK,
0.15,0.25,0.05,0.1,5,C,0.0056065747210836125,-0.21723811383502079,-0.14857074509199425,333,0.375,3.8688365847938004,3.8669844875440313,32,34.90625,OK,
0.15,0.25,0.05,0.1,8,A,0.014490093422702577,-0.13333034604895072,-0.14798628609202366,300,0.46153846153846156,3.2120524176555287,3.2805975190347922,26,41.07692307692308,OK,
0.15,0.25,0.05,0.1,8,C,0.007514329199352021,-0.18132044766091063,-0.15829573153007356,301,0.4,4.272452028537489,4.2843844351970874,35,35.457142857142856,OK,
0.15,0.25,0.05,0.1,10,A,0.014490093422702577,-0.13333034604895072,-0.14798628609202366,300,0.46153846153846156,3.2120524176555287,3.2805975190347922,26,41.07692307692308,OK,
0.15,0.25,0.05,0.1,10,C,0.007514329199352021,-0.18132044766091063,-0.15829573153007356,301,0.4,4.272452028537489,4.2843844351970874,35,35.457142857142856,OK,
0.15,0.25,0.1,0.08,5,A,0.020053528535630916,-0.0909347072368273,-0.14562459636496072,297,0.5,2.9666030006329867,3.053574795815549,24,41.375,OK,
0.15,0.25,0.1,0.08,5,C,0.015688269645834474,-0.10680675032276171,-0.17458637670118374,336,0.3684210526315789,4.7571983512685385,4.873893257088838,38,32.78947368421053,OK,
0.15,0.25,0.1,0.08,8,A,0.01917987513246322,-0.09358335958892426,-0.14825498989275565,297,0.46153846153846156,3.223939291872843,3.315383305336168,26,40.34615384615385,OK,
0.15,0.25,0.1,0.08,8,C,0.024239624967016926,-0.038908587272303403,-0.18717848328762385,300,0.425531914893617,5.893568451529631,6.116295368071525,47,33.702127659574465,OK,
0.15,0.25,0.1,0.06,10,A,0.020072975259539882,-0.08620177298503583,-0.14818459592718622,297,0.46153846153846156,3.230640442814549,3.328699878172501,26,38.38461538461539,OK,
0.15,0.25,0.1,0.06,10,C,0.02609229387950096,-0.026472007476034863,-0.18739527017995455,297,0.40425531914893614,5.912263626731802,6.158823485686289,47,32.08510638297872,OK,
0.15,0.25,0.1,0.07,5,A,0.020143620350882907,-0.09018890948353307,-0.14562459636496072,297,0.5,2.9664320351291105,3.053576999088077,24,41.25,OK,
0.15,0.25,0.1,0.07,5,C,0.01697519932501179,-0.09738751237859378,-0.17421401640013257,335,0.3684210526315789,4.767310353841214,4.899380890654782,38,32.5,OK,
0.15,0.25,0.1,0.08,10,A,0.01917987513246322,-0.09358335958892426,-0.14825498989275565,297,0.46153846153846156,3.223939291872843,3.315383305336168,26,40.34615384615385,OK,
0.15,0.25,0.1,0.08,10,C,0.024239624967016926,-0.038908587272303403,-0.18717848328762385,300,0.425531914893617,5.893568451529631,6.116295368071525,47,33.702127659574465,OK,
0.15,0.25,0.1,0.1,5,A,0.015328549947982273,-0.13356347329001816,-0.14515287558855258,299,0.5,2.9550333799232327,3.020741547640403,24,42.166666666666664,OK,
0.15,0.25,0.1,0.1,5,C,0.014209722176772743,-0.11782343907842334,-0.17442837700348407,339,0.3684210526315789,4.7146461086115545,4.805019406555878,38,33.0,OK,
0.15,0.25,0.1,0.07,8,A,0.01927027592281849,-0.09287383960809983,-0.14825498989275565,297,0.46153846153846156,3.223753327375126,3.315385508608696,26,40.23076923076923,OK,
0.15,0.25,0.1,0.07,8,C,0.024804638152090552,-0.03502461907333598,-0.18754954428216689,300,0.40425531914893614,5.916459805691488,6.155511275945259,47,33.361702127659576,OK,
0.15,0.25,0.1,0.07,10,A,0.01927027592281849,-0.09287383960809983,-0.14825498989275565,297,0.46153846153846156,3.223753327375126,3.315385508608696,26,40.23076923076923,OK,
0.15,0.25,0.1,0.07,10,C,0.024804638152090552,-0.03502461907333598,-0.18754954428216689,300,0.40425531914893614,5.916459805691488,6.155511275945259,47,33.361702127659576,OK,
0.15,0.25,0.1,0.06,5,A,0.02068262307570712,-0.08533277469014793,-0.14553476294835524,297,0.48,3.092167800029053,3.1876994432665255,25,39.08,OK,
0.15,0.25,0.1,0.06,5,C,0.02039061928286401,-0.07192964921642442,-0.17446274526985037,309,0.38461538461538464,4.892530120754137,5.051970397503993,39,31.41025641025641,OK,
0.15,0.25,0.1,0.06,8,A,0.020072975259539882,-0.08620177298503583,-0.14818459592718622,297,0.46153846153846156,3.230640442814549,3.328699878172501,26,38.38461538461539,OK,
0.15,0.25,0.1,0.06,8,C,0.02609229387950096,-0.026472007476034863,-0.18739527017995455,297,0.40425531914893614,5.912263626731802,6.158823485686289,47,32.08510638297872,OK,
0.15,0.25,0.15,0.06,5,A,0.02068262307570712,-0.08533277469014793,-0.14553476294835524,297,0.48,3.092167800029053,3.1876994432665255,25,39.08,OK,
0.15,0.25,0.15,0.06,5,C,0.015392476647436926,-0.10913280098376556,-0.17428853587515766,389,0.3541666666666667,6.08588949663652,6.27795714509421,48,28.583333333333332,OK,
0.15,0.25,0.15,0.06,8,A,0.020072975259539882,-0.08620177298503583,-0.14818459592718622,297,0.46153846153846156,3.230640442814549,3.328699878172501,26,38.38461538461539,OK,
0.15,0.25,0.15,0.06,8,C,0.015547874503216486,-0.09742156981132864,-0.18733510704110756,389,0.3508771929824561,7.207654783307187,7.420748659761197,57,29.68421052631579,OK,
0.15,0.25,0.1,0.1,8,A,0.014490093422702577,-0.13333034604895072,-0.14798628609202366,300,0.46153846153846156,3.2120524176555287,3.2805975190347922,26,41.07692307692308,OK,
0.15,0.25,0.1,0.1,8,C,0.020150978512870843,-0.06625902396176524,-0.18690867075323922,304,0.425531914893617,5.844236374712759,6.018046550478725,47,33.8936170212766,OK,
0.15,0.25,0.1,0.1,10,A,0.014490093422702577,-0.13333034604895072,-0.14798628609202366,300,0.46153846153846156,3.2120524176555287,3.2805975190347922,26,41.07692307692308,OK,
0.15,0.25,0.1,0.1,10,C,0.020150978512870843,-0.06625902396176524,-0.18690867075323922,304,0.425531914893617,5.844236374712759,6.018046550478725,47,33.8936170212766,OK,
0.15,0.25,0.15,0.07,8,A,0.01927027592281849,-0.09287383960809983,-0.14825498989275565,297,0.46153846153846156,3.223753327375126,3.315385508608696,26,40.23076923076923,OK,
0.15,0.25,0.15,0.07,8,C,0.014300482598350595,-0.1053574594221058,-0.18745648190241682,389,0.3508771929824561,7.205115222662279,7.4094317207693186,57,30.736842105263158,OK,
0.15,0.25,0.15,0.07,10,A,0.01927027592281849,-0.09287383960809983,-0.14825498989275565,297,0.46153846153846156,3.223753327375126,3.315385508608696,26,40.23076923076923,OK,
0.15,0.25,0.15,0.07,10,C,0.014300482598350595,-0.1053574594221058,-0.18745648190241682,389,0.3508771929824561,7.205115222662279,7.4094317207693186,57,30.736842105263158,OK,
0.15,0.25,0.15,0.06,10,A,0.020072975259539882,-0.08620177298503583,-0.14818459592718622,297,0.46153846153846156,3.230640442814549,3.328699878172501,26,38.38461538461539,OK,
0.15,0.25,0.15,0.06,10,C,0.015547874503216486,-0.09742156981132864,-0.18733510704110756,389,0.3508771929824561,7.207654783307187,7.420748659761197,57,29.68421052631579,OK,
0.15,0.25,0.15,0.07,5,A,0.020143620350882907,-0.09018890948353307,-0.14562459636496072,297,0.5,2.9664320351291105,3.053576999088077,24,41.25,OK,
0.15,0.25,0.15,0.07,5,C,0.013909698014776595,-0.11952925068188025,-0.17492207946364516,389,0.34782608695652173,5.824180118772181,5.99217500293981,46,29.869565217391305,OK,
0.15,0.25,0.15,0.08,5,A,0.020053528535630916,-0.0909347072368273,-0.14562459636496072,297,0.5,2.9666030006329867,3.053574795815549,24,41.375,OK,
0.15,0.25,0.15,0.08,5,C,0.012390913671825654,-0.13117102976542325,-0.17449427923998373,389,0.34782608695652173,5.804449601235352,5.951532421950841,46,30.108695652173914,OK,
0.15,0.25,0.15,0.08,8,A,0.01917987513246322,-0.09358335958892426,-0.14825498989275565,297,0.46153846153846156,3.223939291872843,3.315383305336168,26,40.34615384615385,OK,
0.15,0.25,0.15,0.08,8,C,0.014065635483294647,-0.10673744971438198,-0.18775550716105036,389,0.3684210526315789,7.1812774972985745,7.369845182415688,57,31.017543859649123,OK,
0.15,0.25,0.15,0.1,8,A,0.014490093422702577,-0.13333034604895072,-0.14798628609202366,300,0.46153846153846156,3.2120524176555287,3.2805975190347922,26,41.07692307692308,OK,
0.15,0.25,0.15,0.1,8,C,0.009917352900806975,-0.1340111109840294,-0.18744100308875883,389,0.3684210526315789,7.138059706953829,7.268199084765329,57,31.17543859649123,OK,
0.15,0.25,0.15,0.1,10,A,0.014490093422702577,-0.13333034604895072,-0.14798628609202366,300,0.46153846153846156,3.2120524176555287,3.2805975190347922,26,41.07692307692308,OK,
0.15,0.25,0.15,0.1,10,C,0.009917352900806975,-0.1340111109840294,-0.18744100308875883,389,0.3684210526315789,7.138059706953829,7.268199084765329,57,31.17543859649123,OK,
0.15,0.25,0.2,0.06,5,A,0.02068262307570712,-0.08533277469014793,-0.14553476294835524,297,0.48,3.092167800029053,3.1876994432665255,25,39.08,OK,
0.15,0.25,0.2,0.06,5,C,0.014160113431507693,-0.11694919160745282,-0.17428853587515766,389,0.37037037037037035,6.878602253798794,7.090067513139953,54,28.37037037037037,OK,
0.15,0.25,0.2,0.06,8,A,0.020072975259539882,-0.08620177298503583,-0.14818459592718622,297,0.46153846153846156,3.230640442814549,3.328699878172501,26,38.38461538461539,OK,
0.15,0.25,0.2,0.06,8,C,0.014316267056441623,-0.10471053929613916,-0.18733510704110756,389,0.36507936507936506,8.002776719281266,8.232859027806938,63,29.396825396825395,OK,
0.15,0.25,0.15,0.08,10,A,0.01917987513246322,-0.09358335958892426,-0.14825498989275565,297,0.46153846153846156,3.223939291872843,3.315383305336168,26,40.34615384615385,OK,
0.15,0.25,0.15,0.08,10,C,0.014065635483294647,-0.10673744971438198,-0.18775550716105036,389,0.3684210526315789,7.1812774972985745,7.369845182415688,57,31.017543859649123,OK,
0.15,0.25,0.15,0.1,5,A,0.015328549947982273,-0.13356347329001816,-0.14515287558855258,299,0.5,2.9550333799232327,3.020741547640403,24,42.166666666666664,OK,
0.15,0.25,0.15,0.1,5,C,0.011215062376714657,-0.13991515833426305,-0.17427361323642018,389,0.34782608695652173,5.768464025214858,5.885426247812483,46,30.282608695652176,OK,
0.15,0.25,0.2,0.06,10,A,0.020072975259539882,-0.08620177298503583,-0.14818459592718622,297,0.46153846153846156,3.230640442814549,3.328699878172501,26,38.38461538461539,OK,
0.15,0.25,0.2,0.06,10,C,0.014316267056441623,-0.10471053929613916,-0.18733510704110756,389,0.36507936507936506,8.002776719281266,8.232859027806938,63,29.396825396825395,OK,
0.15,0.25,0.2,0.07,5,A,0.020143620350882907,-0.09018890948353307,-0.14562459636496072,297,0.5,2.9664320351291105,3.053576999088077,24,41.25,OK,
0.15,0.25,0.2,0.07,5,C,0.012665622933629495,-0.12727022370654245,-0.17492207946364516,389,0.36538461538461536,6.608188446538605,6.7934324197887745,52,29.5,OK,
0.15,0.25,0.2,0.08,5,A,0.020053528535630916,-0.0909347072368273,-0.14562459636496072,297,0.5,2.9666030006329867,3.053574795815549,24,41.375,OK,
0.15,0.25,0.2,0.08,5,C,0.011190115102556186,-0.1384807281071824,-0.17449427923998373,389,0.36538461538461536,6.5843381375913275,6.74596744885398,52,29.71153846153846,OK,
0.15,0.25,0.2,0.08,8,A,0.01917987513246322,-0.09358335958892426,-0.14825498989275565,297,0.46153846153846156,3.223939291872843,3.315383305336168,26,40.34615384615385,OK,
0.15,0.25,0.2,0.08,8,C,0.012822327146877699,-0.11397340732707738,-0.18775550716105036,389,0.38095238095238093,7.968315393537315,8.171102599264652,63,30.603174603174605,OK,
0.15,0.25,0.2,0.08,10,A,0.01917987513246322,-0.09358335958892426,-0.14825498989275565,297,0.46153846153846156,3.223939291872843,3.315383305336168,26,40.34615384615385,OK,
0.15,0.25,0.2,0.08,10,C,0.012822327146877699,-0.11397340732707738,-0.18775550716105036,389,0.38095238095238093,7.968315393537315,8.171102599264652,63,30.603174603174605,OK,
0.15,0.25,0.2,0.1,5,A,0.015328549947982273,-0.13356347329001816,-0.14515287558855258,299,0.5,2.9550333799232327,3.020741547640403,24,42.166666666666664,OK,
0.15,0.25,0.2,0.1,5,C,0.00997390379948282,-0.14740249438360428,-0.17427361323642018,389,0.36538461538461536,6.558743925097418,6.68640837296227,52,29.865384615384617,OK,
0.2,0.1,0.05,0.06,5,A,0.022432443640806987,-0.06174783487398697,-0.15910049494938583,383,0.5666666666666667,3.7108081968680757,3.8429869243227235,30,40.8,OK,
0.2,0.1,0.05,0.06,5,C,0.011973189375967808,-0.14019462194579788,-0.16962574034025896,382,0.4146341463414634,5.067091174729794,5.099981348560062,41,32.41463414634146,OK,
0.2,0.1,0.05,0.06,8,A,0.023486569845172056,-0.05122796251667775,-0.16596067113730792,383,0.5882352941176471,4.238693987883625,4.396726495651905,34,38.705882352941174,OK,
0.2,0.1,0.05,0.06,8,C,0.008893047471988602,-0.15749758050740764,-0.17278933637999302,382,0.3958333333333333,5.930112269327498,5.947643337043687,48,31.229166666666668,OK,
0.15,0.25,0.2,0.07,8,A,0.01927027592281849,-0.09287383960809983,-0.14825498989275565,297,0.46153846153846156,3.223753327375126,3.315385508608696,26,40.23076923076923,OK,
0.15,0.25,0.2,0.07,8,C,0.013042825664058677,-0.11271334566668716,-0.18745648190241682,389,0.36507936507936506,7.995188217245024,8.215392937912219,63,30.349206349206348,OK,
0.15,0.25,0.2,0.07,10,A,0.01927027592281849,-0.09287383960809983,-0.14825498989275565,297,0.46153846153846156,3.223753327375126,3.315385508608696,26,40.23076923076923,OK,
0.15,0.25,0.2,0.07,10,C,0.013042825664058677,-0.11271334566668716,-0.18745648190241682,389,0.36507936507936506,7.995188217245024,8.215392937912219,63,30.349206349206348,OK,
0.15,0.25,0.2,0.1,8,A,0.014490093422702577,-0.13333034604895072,-0.14798628609202366,300,0.46153846153846156,3.2120524176555287,3.2805975190347922,26,41.07692307692308,OK,
0.15,0.25,0.2,0.1,8,C,0.008701909417592857,-0.14077076206331784,-0.18744100308875883,389,0.38095238095238093,7.925781477563556,8.06404709338537,63,30.746031746031747,OK,
0.15,0.25,0.2,0.1,10,A,0.014490093422702577,-0.13333034604895072,-0.14798628609202366,300,0.46153846153846156,3.2120524176555287,3.2805975190347922,26,41.07692307692308,OK,
0.15,0.25,0.2,0.1,10,C,0.008701909417592857,-0.14077076206331784,-0.18744100308875883,389,0.38095238095238093,7.925781477563556,8.06404709338537,63,30.746031746031747,OK,
0.2,0.1,0.05,0.06,10,A,0.023486569845172056,-0.05122796251667775,-0.16596067113730792,383,0.5882352941176471,4.238693987883625,4.396726495651905,34,38.705882352941174,OK,
0.2,0.1,0.05,0.06,10,C,0.008893047471988602,-0.15749758050740764,-0.17278933637999302,382,0.3958333333333333,5.930112269327498,5.947643337043687,48,31.229166666666668,OK,
0.2,0.1,0.05,0.07,5,A,0.02198845148272599,-0.06539346556555106,-0.15918835282255914,383,0.5517241379310345,3.5916921890359075,3.7167934021604845,29,42.44827586206897,OK,
0.2,0.1,0.05,0.07,5,C,0.010880037570624612,-0.14869444843519722,-0.16957843085081614,382,0.41025641025641024,4.819034594890089,4.844515066129462,39,34.30769230769231,OK,
0.2,0.1,0.05,0.07,8,A,0.022426782622412267,-0.05941279824750295,-0.16612707001077637,383,0.5757575757575758,4.106121666956595,4.251617024341829,33,40.15151515151515,OK,
0.2,0.1,0.05,0.07,8,C,0.007892630434057413,-0.1661953088680928,-0.1718783818760303,382,0.40425531914893614,5.793562277104256,5.802431581159617,47,33.212765957446805,OK,
0.2,0.1,0.05,0.07,10,A,0.022426782622412267,-0.05941279824750295,-0.16612707001077637,383,0.5757575757575758,4.106121666956595,4.251617024341829,33,40.15151515151515,OK,
0.2,0.1,0.05,0.07,10,C,0.007892630434057413,-0.1661953088680928,-0.1718783818760303,382,0.40425531914893614,5.793562277104256,5.802431581159617,47,33.212765957446805,OK,
0.2,0.1,0.05,0.08,5,A,0.02189751702033682,-0.06609005034524676,-0.15918835282255914,383,0.5517241379310345,3.5919015282057463,3.7167911621667478,29,42.55172413793103,OK,
0.2,0.1,0.05,0.08,5,C,0.010184155061590872,-0.15386058569272354,-0.16960086939476826,382,0.4358974358974359,4.809768384386824,4.827446869046104,39,34.92307692307692,OK,
0.2,0.1,0.05,0.08,8,A,0.022336003901487933,-0.060086779972041336,-0.16612707001077637,383,0.5757575757575758,4.106360846288825,4.251614784348092,33,40.24242424242424,OK,
0.2,0.1,0.05,0.08,8,C,0.007623530700007652,-0.16782311858903975,-0.1720864139055788,382,0.425531914893617,5.796895923614692,5.802425312555435,47,33.744680851063826,OK,
0.2,0.1,0.05,0.1,8,A,0.017712984548925226,-0.0959325472256465,-0.1657003505632559,383,0.5757575757575758,4.113395166497946,4.233076811740655,33,40.333333333333336,OK,
0.2,0.1,0.05,0.1,8,C,0.0023223005590273793,-0.20560476699011757,-0.17227433058357206,382,0.425531914893617,5.734939083093799,5.682732595468843,47,34.02127659574468,OK,
0.2,0.1,0.05,0.1,10,A,0.017712984548925226,-0.0959325472256465,-0.1657003505632559,383,0.5757575757575758,4.113395166497946,4.233076811740655,33,40.333333333333336,OK,
0.2,0.1,0.05,0.1,10,C,0.0023223005590273793,-0.20560476699011757,-0.17227433058357206,382,0.425531914893617,5.734939083093799,5.682732595468843,47,34.02127659574468,OK,
0.2,0.1,0.1,0.06,10,A,0.023486569845172056,-0.05122796251667775,-0.16596067113730792,383,0.5882352941176471,4.238693987883625,4.396726495651905,34,38.705882352941174,OK,
0.2,0.1,0.1,0.06,10,C,0.02671493836754335,-0.021105796003808446,-0.19725122412590754,382,0.4426229508196721,7.72712996368457,7.9913712243056905,61,30.81967213114754,OK,
0.2,0.1,0.1,0.07,5,A,0.02198845148272599,-0.06539346556555106,-0.15918835282255914,383,0.5517241379310345,3.5916921890359075,3.7167934021604845,29,42.44827586206897,OK,
0.2,0.1,0.1,0.07,5,C,0.016105055261496304,-0.10659199095596705,-0.16379813066972673,382,0.4166666666666667,6.077937614411197,6.193679314724221,48,31.166666666666668,OK,
0.2,0.1,0.05,0.08,10,A,0.022336003901487933,-0.060086779972041336,-0.16612707001077637,383,0.5757575757575758,4.106360846288825,4.251614784348092,33,40.24242424242424,OK,
0.2,0.1,0.05,0.08,10,C,0.007623530700007652,-0.16782311858903975,-0.1720864139055788,382,0.425531914893617,5.796895923614692,5.802425312555435,47,33.744680851063826,OK,
0.2,0.1,0.05,0.1,5,A,0.01727029671027447,-0.10339599899920758,-0.15876466112744267,383,0.5517241379310345,3.59943204745356,3.7019923111964235,29,42.6551724137931,OK,
0.2,0.1,0.05,0.1,5,C,0.005192313211705324,-0.1911278499903491,-0.16972189254989722,382,0.4358974358974359,4.794631937587011,4.769409699970429,39,35.12820512820513,OK,
0.2,0.1,0.1,0.06,5,A,0.022432443640806987,-0.06174783487398697,-0.15910049494938583,383,0.5666666666666667,3.7108081968680757,3.8429869243227235,30,40.8,OK,
0.2,0.1,0.1,0.06,5,C,0.01931892761116405,-0.08224817297602544,-0.16291867299015877,382,0.44,6.348672903265652,6.500582913857359,50,30.08,OK,
0.2,0.1,0.1,0.06,8,A,0.023486569845172056,-0.05122796251667775,-0.16596067113730792,383,0.5882352941176471,4.238693987883625,4.396726495651905,34,38.705882352941174,OK,
0.2,0.1,0.1,0.06,8,C,0.02671493836754335,-0.021105796003808446,-0.19725122412590754,382,0.4426229508196721,7.72712996368457,7.9913712243056905,61,30.81967213114754,OK,
0.2,0.1,0.1,0.07,8,A,0.022426782622412267,-0.05941279824750295,-0.16612707001077637,383,0.5757575757575758,4.106121666956595,4.251617024341829,33,40.15151515151515,OK,
0.2,0.1,0.1,0.07,8,C,0.024304614704671712,-0.036501345567189994,-0.1967804851494617,382,0.4426229508196721,7.712249789636994,7.9464638566309445,61,31.83606557377049,OK,
0.2,0.1,0.1,0.07,10,A,0.022426782622412267,-0.05941279824750295,-0.16612707001077637,383,0.5757575757575758,4.106121666956595,4.251617024341829,33,40.15151515151515,OK,
0.2,0.1,0.1,0.07,10,C,0.024304614704671712,-0.036501345567189994,-0.1967804851494617,382,0.4426229508196721,7.712249789636994,7.9464638566309445,61,31.83606557377049,OK,
0.2,0.1,0.1,0.08,5,A,0.02189751702033682,-0.06609005034524676,-0.15918835282255914,383,0.5517241379310345,3.5919015282057463,3.7167911621667478,29,42.55172413793103,OK,
0.2,0.1,0.1,0.08,5,C,0.01768510920002364,-0.07854284656274838,-0.19773065746600516,382,0.44680851063829785,5.938540958921974,6.055317896680071,47,32.638297872340424,OK,
0.2,0.1,0.1,0.08,8,A,0.022336003901487933,-0.060086779972041336,-0.16612707001077637,383,0.5757575757575758,4.106360846288825,4.251614784348092,33,40.24242424242424,OK,
0.2,0.1,0.1,0.08,8,C,0.026048981728759024,-0.02164266000671015,-0.23040330524304425,382,0.4666666666666667,7.569483367134867,7.806286189871335,60,33.0,OK,
0.2,0.1,0.1,0.08,10,A,0.022336003901487933,-0.060086779972041336,-0.16612707001077637,383,0.5757575757575758,4.106360846288825,4.251614784348092,33,40.24242424242424,OK,
0.2,0.1,0.1,0.08,10,C,0.026048981728759024,-0.02164266000671015,-0.23040330524304425,382,0.4666666666666667,7.569483367134867,7.806286189871335,60,33.0,OK,
0.2,0.1,0.1,0.1,5,A,0.01727029671027447,-0.10339599899920758,-0.15876466112744267,383,0.5517241379310345,3.59943204745356,3.7019923111964235,29,42.6551724137931,OK,
0.2,0.1,0.1,0.1,5,C,0.016212559530170312,-0.08792481036844613,-0.19785279334951214,382,0.43478260869565216,5.751715764597369,5.82083371457294,46,33.391304347826086,OK,
0.2,0.1,0.15,0.08,5,A,0.02189751702033682,-0.06609005034524676,-0.15918835282255914,383,0.5517241379310345,3.5919015282057463,3.7167911621667478,29,42.55172413793103,OK,
0.2,0.1,0.15,0.08,5,C,0.013335848353487112,-0.10610479524603195,-0.1979128543570264,393,0.39622641509433965,6.69398714948773,6.790988965742653,53,30.49056603773585,OK,
0.2,0.1,0.15,0.08,8,A,0.022336003901487933,-0.060086779972041336,-0.16612707001077637,383,0.5757575757575758,4.106360846288825,4.251614784348092,33,40.24242424242424,OK,
0.2,0.1,0.15,0.08,8,C,0.017772046772767558,-0.06704723431767136,-0.23032565984403047,393,0.4117647058823529,8.588861840743936,8.75634609402861,68,31.11764705882353,OK,
0.2,0.1,0.1,0.1,8,A,0.017712984548925226,-0.0959325472256465,-0.1657003505632559,383,0.5757575757575758,4.113395166497946,4.233076811740655,33,40.333333333333336,OK,
0.2,0.1,0.1,0.1,8,C,0.019387435494366168,-0.05809804723918506,-0.22986765720068797,382,0.4576271186440678,7.407619718487928,7.5440651507045065,59,33.271186440677965,OK,
0.2,0.1,0.1,0.1,10,A,0.017712984548925226,-0.0959325472256465,-0.1657003505632559,383,0.5757575757575758,4.113395166497946,4.233076811740655,33,40.333333333333336,OK,
0.2,0.1,0.1,0.1,10,C,0.019387435494366168,-0.05809804723918506,-0.22986765720068797,382,0.4576271186440678,7.407619718487928,7.5440651507045065,59,33.271186440677965,OK,
0.2,0.1,0.15,0.07,8,A,0.022426782622412267,-0.05941279824750295,-0.16612707001077637,383,0.5757575757575758,4.106121666956595,4.251617024341829,33,40.15151515151515,OK,
0.2,0.1,0.15,0.07,8,C,0.015999989694106764,-0.08978570695452621,-0.19676542626884705,393,0.391304347826087,8.74187115726171,8.904523523486876,69,30.115942028985508,OK,
0.2,0.1,0.15,0.07,10,A,0.022426782622412267,-0.05941279824750295,-0.16612707001077637,383,0.5757575757575758,4.106121666956595,4.251617024341829,33,40.15151515151515,OK,
0.2,0.1,0.15,0.07,10,C,0.015999989694106764,-0.08978570695452621,-0.19676542626884705,393,0.391304347826087,8.74187115726171,8.904523523486876,69,30.115942028985508,OK,
0.2,0.1,0.15,0.1,8,A,0.017712984548925226,-0.0959325472256465,-0.1657003505632559,383,0.5757575757575758,4.113395166497946,4.233076811740655,33,40.333333333333336,OK,
0.2,0.1,0.15,0.1,8,C,0.014375063400097865,-0.08509851846227168,-0.23083354380154453,393,0.4117647058823529,8.573672379031832,8.684667721136195,68,31.25,OK,
0.2,0.1,0.15,0.1,10,A,0.017712984548925226,-0.0959325472256465,-0.1657003505632559,383,0.5757575757575758,4.113395166497946,4.233076811740655,33,40.333333333333336,OK,
0.2,0.1,0.15,0.1,10,C,0.014375063400097865,-0.08509851846227168,-0.23083354380154453,393,0.4117647058823529,8.573672379031832,8.684667721136195,68,31.25,OK,
0.2,0.1,0.15,0.06,5,A,0.022432443640806987,-0.06174783487398697,-0.15910049494938583,383,0.5666666666666667,3.7108081968680757,3.8429869243227235,30,40.8,OK,
0.2,0.1,0.15,0.06,5,C,0.013405420424825065,-0.12725102639120528,-0.16362398051025767,393,0.375,7.094977082012599,7.208964570427078,56,27.928571428571427,OK,
0.2,0.1,0.15,0.06,8,A,0.023486569845172056,-0.05122796251667775,-0.16596067113730792,383,0.5882352941176471,4.238693987883625,4.396726495651905,34,38.705882352941174,OK,
0.2,0.1,0.15,0.06,8,C,0.019746596984064668,-0.0658912068594955,-0.19698240518159968,393,0.39436619718309857,9.031495998656688,9.267795622457754,71,28.52112676056338,OK,
0.2,0.1,0.15,0.06,10,A,0.023486569845172056,-0.05122796251667775,-0.16596067113730792,383,0.5882352941176471,4.238693987883625,4.396726495651905,34,38.705882352941174,OK,
0.2,0.1,0.15,0.06,10,C,0.019746596984064668,-0.0658912068594955,-0.19698240518159968,393,0.39436619718309857,9.031495998656688,9.267795622457754,71,28.52112676056338,OK,
0.2,0.1,0.15,0.07,5,A,0.02198845148272599,-0.06539346556555106,-0.15918835282255914,383,0.5517241379310345,3.5916921890359075,3.7167934021604845,29,42.44827586206897,OK,
0.2,0.1,0.15,0.07,5,C,0.01174477567979526,-0.1399020279955724,-0.16378030112488978,393,0.37037037037037035,6.823198754230204,6.917403271496241,54,29.22222222222222,OK,
0.2,0.1,0.2,0.06,10,A,0.023486569845172056,-0.05122796251667775,-0.16596067113730792,383,0.5882352941176471,4.238693987883625,4.396726495651905,34,38.705882352941174,OK,
0.2,0.1,0.2,0.06,10,C,0.019307235810807732,-0.06779655422254152,-0.19666302072364678,383,0.41025641025641024,9.969771237351248,10.265844707262094,78,28.243589743589745,OK,
0.2,0.1,0.2,0.07,5,A,0.02198845148272599,-0.06539346556555106,-0.15918835282255914,383,0.5517241379310345,3.5916921890359075,3.7167934021604845,29,42.44827586206897,OK,
0.2,0.1,0.2,0.07,5,C,0.011598664406989867,-0.13950592723026828,-0.1635481750052652,383,0.4,7.618347125002178,7.738121664163814,60,29.033333333333335,OK,
0.2,0.1,0.15,0.08,10,A,0.022336003901487933,-0.060086779972041336,-0.16612707001077637,383,0.5757575757575758,4.106360846288825,4.251614784348092,33,40.24242424242424,OK,
0.2,0.1,0.15,0.08,10,C,0.017772046772767558,-0.06704723431767136,-0.23032565984403047,393,0.4117647058823529,8.588861840743936,8.75634609402861,68,31.11764705882353,OK,
0.2,0.1,0.15,0.1,5,A,0.01727029671027447,-0.10339599899920758,-0.15876466112744267,383,0.5517241379310345,3.59943204745356,3.7019923111964235,29,42.6551724137931,OK,
0.2,0.1,0.15,0.1,5,C,0.014652705863012372,-0.09751151239817131,-0.1983036369748764,393,0.40384615384615385,6.546271431351594,6.630142977352334,52,31.076923076923077,OK,
0.2,0.1,0.2,0.06,5,A,0.022432443640806987,-0.06174783487398697,-0.15910049494938583,383,0.5666666666666667,3.7108081968680757,3.8429869243227235,30,40.8,OK,
0.2,0.1,0.2,0.06,5,C,0.013900314678835457,-0.12214474356687341,-0.16332459314425965,383,0.4032258064516129,7.894434108543342,8.057203778786283,62,27.85483870967742,OK,
0.2,0.1,0.2,0.06,8,A,0.023486569845172056,-0.05122796251667775,-0.16596067113730792,383,0.5882352941176471,4.238693987883625,4.396726495651905,34,38.705882352941174,OK,
0.2,0.1,0.2,0.06,8,C,0.019307235810807732,-0.06779655422254152,-0.19666302072364678,383,0.41025641025641024,9.969771237351248,10.265844707262094,78,28.243589743589745,OK,
0.2,0.1,0.2,0.07,8,A,0.022426782622412267,-0.05941279824750295,-0.16612707001077637,383,0.5757575757575758,4.106121666956595,4.251617024341829,33,40.15151515151515,OK,
0.2,0.1,0.2,0.07,8,C,0.015561790617823146,-0.09145234816521823,-0.19702782418051146,383,0.40789473684210525,9.651434820541427,9.851671192623693,76,29.736842105263158,OK,
0.2,0.1,0.2,0.07,10,A,0.022426782622412267,-0.05941279824750295,-0.16612707001077637,383,0.5757575757575758,4.106121666956595,4.251617024341829,33,40.15151515151515,OK,
0.2,0.1,0.2,0.07,10,C,0.015561790617823146,-0.09145234816521823,-0.19702782418051146,383,0.40789473684210525,9.651434820541427,9.851671192623693,76,29.736842105263158,OK,
0.2,0.1,0.2,0.08,10,A,0.022336003901487933,-0.060086779972041336,-0.16612707001077637,383,0.5757575757575758,4.106360846288825,4.251614784348092,33,40.24242424242424,OK,
0.2,0.1,0.2,0.08,10,C,0.017183646007537634,-0.06971970347406647,-0.2302014030294938,383,0.4266666666666667,9.52027222533949,9.724411776954557,75,30.64,OK,
0.2,0.1,0.2,0.1,5,A,0.01727029671027447,-0.10339599899920758,-0.15876466112744267,383,0.5517241379310345,3.59943204745356,3.7019923111964235,29,42.6551724137931,OK,
0.2,0.1,0.2,0.1,5,C,0.0147280455791301,-0.09634628654461143,-0.1980790341472955,383,0.43103448275862066,7.320412077012877,7.429768515479014,58,30.689655172413794,OK,
0.2,0.1,0.2,0.08,5,A,0.02189751702033682,-0.06609005034524676,-0.15918835282255914,383,0.5517241379310345,3.5919015282057463,3.7167911621667478,29,42.55172413793103,OK,
0.2,0.1,0.2,0.08,5,C,0.013537087257416314,-0.10371257819601837,-0.19836975133916823,383,0.423728813559322,7.475226998961958,7.600759244281241,59,30.16949152542373,OK,
0.2,0.1,0.2,0.08,8,A,0.022336003901487933,-0.060086779972041336,-0.16612707001077637,383,0.5757575757575758,4.106360846288825,4.251614784348092,33,40.24242424242424,OK,
0.2,0.1,0.2,0.08,8,C,0.017183646007537634,-0.06971970347406647,-0.2302014030294938,383,0.4266666666666667,9.52027222533949,9.724411776954557,75,30.64,OK,
0.2,0.1,0.2,0.1,8,A,0.017712984548925226,-0.0959325472256465,-0.1657003505632559,383,0.5757575757575758,4.113395166497946,4.233076811740655,33,40.333333333333336,OK,
0.2,0.1,0.2,0.1,8,C,0.0137872305009068,-0.08767599693225472,-0.23058023440808287,383,0.4266666666666667,9.487728832430278,9.629117022229407,75,30.76,OK,
0.2,0.1,0.2,0.1,10,A,0.017712984548925226,-0.0959325472256465,-0.1657003505632559,383,0.5757575757575758,4.113395166497946,4.233076811740655,33,40.333333333333336,OK,
0.2,0.1,0.2,0.1,10,C,0.0137872305009068,-0.08767599693225472,-0.23058023440808287,383,0.4266666666666667,9.487728832430278,9.629117022229407,75,30.76,OK,
0.2,0.15,0.05,0.06,5,A,0.022501070671105072,-0.06127644411777816,-0.15905042855645599,363,0.5517241379310345,3.5886600231313617,3.7174903835053574,29,41.96551724137931,OK,
0.2,0.15,0.05,0.06,5,C,0.012963954126458566,-0.1329683809955856,-0.16911260541547338,363,0.425,4.945029280657862,4.997330342955967,40,33.125,OK,
0.2,0.15,0.05,0.06,8,A,0.02355491487410899,-0.050759700547521346,-0.1659090808489787,363,0.5757575757575758,4.116603593222166,4.271229954834539,33,39.666666666666664,OK,
0.2,0.15,0.05,0.06,8,C,0.010108399643737442,-0.14800293562946523,-0.17343846636881158,363,0.40425531914893614,5.805702097249966,5.848226286868804,47,31.80851063829787,OK,
0.2,0.15,0.05,0.06,10,A,0.02355491487410899,-0.050759700547521346,-0.1659090808489787,363,0.5757575757575758,4.116603593222166,4.271229954834539,33,39.666666666666664,OK,
0.2,0.15,0.05,0.06,10,C,0.010108399643737442,-0.14800293562946523,-0.17343846636881158,363,0.40425531914893614,5.805702097249966,5.848226286868804,47,31.80851063829787,OK,
0.2,0.15,0.05,0.07,5,A,0.022057197725714905,-0.06492628054418825,-0.15913814617078625,363,0.5357142857142857,3.4694822104881,3.591296861343118,28,43.714285714285715,OK,
0.2,0.15,0.05,0.07,5,C,0.011769868970368913,-0.1422809283142155,-0.16907390025332103,363,0.42105263157894735,4.6946387474419105,4.738226516651041,38,35.10526315789474,OK,
0.2,0.15,0.05,0.08,5,A,0.021966287711322474,-0.06562396153987084,-0.15913814617078625,363,0.5357142857142857,3.4696843731932123,3.5912946213493817,28,43.82142857142857,OK,
0.2,0.15,0.05,0.08,5,C,0.011179969928289735,-0.14617335452672936,-0.16958928078887808,363,0.4473684210526316,4.69308904881916,4.729286244977286,38,35.73684210526316,OK,
0.2,0.15,0.05,0.08,8,A,0.02240465680404613,-0.0596296394979574,-0.16607513916423564,363,0.5625,3.9840805495620084,4.126118243530726,32,41.28125,OK,
0.2,0.15,0.05,0.08,8,C,0.008561545533996018,-0.161331925523023,-0.17162128705172872,363,0.43478260869565216,5.668961263511281,5.69664114271984,46,34.391304347826086,OK,
0.2,0.15,0.05,0.07,8,A,0.022495411171076674,-0.0589546660402572,-0.16607513916423564,363,0.5625,3.9838485539812125,4.126120483524463,32,41.1875,OK,
0.2,0.15,0.05,0.07,8,C,0.008943880004510518,-0.15862602258617226,-0.17158390185108635,363,0.41304347826086957,5.666654474251547,5.698646754863552,46,33.84782608695652,OK,
0.2,0.15,0.05,0.07,10,A,0.022495411171076674,-0.0589546660402572,-0.16607513916423564,363,0.5625,3.9838485539812125,4.126120483524463,32,41.1875,OK,
0.2,0.15,0.05,0.07,10,C,0.008943880004510518,-0.15862602258617226,-0.17158390185108635,363,0.41304347826086957,5.666654474251547,5.698646754863552,46,33.84782608695652,OK,
0.2,0.15,0.1,0.06,5,A,0.022501070671105072,-0.06127644411777816,-0.15905042855645599,363,0.5517241379310345,3.5886600231313617,3.7174903835053574,29,41.96551724137931,OK,
0.2,0.15,0.1,0.06,5,C,0.01944774553708095,-0.0814390055244439,-0.1631521109612411,378,0.44680851063829785,5.978989785114499,6.176333631166901,47,31.319148936170212,OK,
0.2,0.15,0.1,0.06,8,A,0.02355491487410899,-0.050759700547521346,-0.1659090808489787,363,0.5757575757575758,4.116603593222166,4.271229954834539,33,39.666666666666664,OK,
0.2,0.15,0.1,0.06,8,C,0.02497683859280131,-0.03229128713885526,-0.197124289575587,378,0.4482758620689655,7.3446184251718165,7.629836105799367,58,31.637931034482758,OK,
0.2,0.15,0.05,0.1,8,A,0.017841894055289798,-0.09492731197970121,-0.1658374567737991,363,0.5625,3.991153385165637,4.108629950897854,32,41.375,OK,
0.2,0.15,0.05,0.1,8,C,0.003205831690195504,-0.19991521862080322,-0.17160880357613592,363,0.43478260869565216,5.61631380047687,5.587238252644417,46,34.67391304347826,OK,
0.2,0.15,0.05,0.1,10,A,0.017841894055289798,-0.09492731197970121,-0.1658374567737991,363,0.5625,3.991153385165637,4.108629950897854,32,41.375,OK,
0.2,0.15,0.05,0.1,10,C,0.003205831690195504,-0.19991521862080322,-0.17160880357613592,363,0.43478260869565216,5.61631380047687,5.587238252644417,46,34.67391304347826,OK,
0.2,0.15,0.1,0.07,8,A,0.022495411171076674,-0.0589546660402572,-0.16607513916423564,363,0.5625,3.9838485539812125,4.126120483524463,32,41.1875,OK,
0.2,0.15,0.1,0.07,8,C,0.02262476077943587,-0.04738558120606343,-0.1963395088801079,378,0.4482758620689655,7.334044272099179,7.596184495973263,58,32.689655172413794,OK,
0.2,0.15,0.1,0.07,10,A,0.022495411171076674,-0.0589546660402572,-0.16607513916423564,363,0.5625,3.9838485539812125,4.126120483524463,32,41.1875,OK,
0.2,0.15,0.1,0.07,10,C,0.02262476077943587,-0.04738558120606343,-0.1963395088801079,378,0.4482758620689655,7.334044272099179,7.596184495973263,58,32.689655172413794,OK,
0.2,0.15,0.05,0.08,10,A,0.02240465680404613,-0.0596296394979574,-0.16607513916423564,363,0.5625,3.9840805495620084,4.126118243530726,32,41.28125,OK,
0.2,0.15,0.05,0.08,10,C,0.008561545533996018,-0.161331925523023,-0.17162128705172872,363,0.43478260869565216,5.668961263511281,5.69664114271984,46,34.391304347826086,OK,
0.2,0.15,0.05,0.1,5,A,0.01734032591980772,-0.10297527745113993,-0.15871424871858156,363,0.5357142857142857,3.4764709438258636,3.576495770379058,28,43.92857142857143,OK,
0.2,0.15,0.05,0.1,5,C,0.006039488473602805,-0.18489724182389825,-0.16951115467598368,363,0.4473684210526316,4.680344901024747,4.673612717997427,38,35.94736842105263,OK,
0.2,0.15,0.1,0.06,10,A,0.02355491487410899,-0.050759700547521346,-0.1659090808489787,363,0.5757575757575758,4.116603593222166,4.271229954834539,33,39.666666666666664,OK,
0.2,0.15,0.1,0.06,10,C,0.02497683859280131,-0.03229128713885526,-0.197124289575587,378,0.4482758620689655,7.3446184251718165,7.629836105799367,58,31.637931034482758,OK,
0.2,0.15,0.1,0.07,5,A,0.022057197725714905,-0.06492628054418825,-0.15913814617078625,363,0.5357142857142857,3.4694822104881,3.591296861343118,28,43.714285714285715,OK,
0.2,0.15,0.1,0.07,5,C,0.016407515244103,-0.10457085466086712,-0.16389283651142716,378,0.4222222222222222,5.714391697478805,5.879789417541668,45,32.51111111111111,OK,
0.2,0.15,0.1,0.08,10,A,0.02240465680404613,-0.0596296394979574,-0.16607513916423564,363,0.5625,3.9840805495620084,4.126118243530726,32,41.28125,OK,
0.2,0.15,0.1,0.08,10,C,0.024897473537238035,-0.027983847105622277,-0.23020501867411272,378,0.47368421052631576,7.18903067832563,7.461397197169954,57,33.94736842105263,OK,
0.2,0.15,0.1,0.1,5,A,0.01734032591980772,-0.10297527745113993,-0.15871424871858156,363,0.5357142857142857,3.4764709438258636,3.576495770379058,28,43.92857142857143,OK,
0.2,0.15,0.1,0.1,5,C,0.017965045174673344,-0.07675272510211417,-0.19811552423946024,378,0.46511627906976744,5.4051258829520785,5.5388832353864395,43,34.93023255813954,OK,
0.2,0.15,0.1,0.08,5,A,0.021966287711322474,-0.06562396153987084,-0.15913814617078625,363,0.5357142857142857,3.4696843731932123,3.5912946213493817,28,43.82142857142857,OK,
0.2,0.15,0.1,0.08,5,C,0.018036128898455184,-0.07651805250797308,-0.19770333151151886,378,0.45454545454545453,5.565964712239388,5.730785482965876,44,34.11363636363637,OK,
0.2,0.15,0.1,0.08,8,A,0.02240465680404613,-0.0596296394979574,-0.16607513916423564,363,0.5625,3.9840805495620084,4.126118243530726,32,41.28125,OK,
0.2,0.15,0.1,0.08,8,C,0.024897473537238035,-0.027983847105622277,-0.23020501867411272,378,0.47368421052631576,7.18903067832563,7.461397197169954,57,33.94736842105263,OK,
0.2,0.15,0.1,0.1,8,A,0.017841894055289798,-0.09492731197970121,-0.1658374567737991,363,0.5625,3.991153385165637,4.108629950897854,32,41.375,OK,
0.2,0.15,0.1,0.1,8,C,0.019235523564732127,-0.058711187923298436,-0.2303609922342279,378,0.47368421052631576,7.150148070285918,7.341063525926006,57,34.175438596491226,OK,
0.2,0.15,0.1,0.1,10,A,0.017841894055289798,-0.09492731197970121,-0.1658374567737991,363,0.5625,3.991153385165637,4.108629950897854,32,41.375,OK,
0.2,0.15,0.1,0.1,10,C,0.019235523564732127,-0.058711187923298436,-0.2303609922342279,378,0.47368421052631576,7.150148070285918,7.341063525926006,57,34.175438596491226,OK,
0.2,0.15,0.15,0.06,10,A,0.02355491487410899,-0.050759700547521346,-0.1659090808489787,363,0.5757575757575758,4.116603593222166,4.271229954834539,33,39.666666666666664,OK,
0.2,0.15,0.15,0.06,10,C,0.019169577113447245,-0.06965110653040939,-0.19661673015744413,392,0.39705882352941174,8.657877709429561,8.95124059814836,68,29.264705882352942,OK,
0.2,0.15,0.15,0.07,5,A,0.022057197725714905,-0.06492628054418825,-0.15913814617078625,363,0.5357142857142857,3.4694822104881,3.591296861343118,28,43.714285714285715,OK,
0.2,0.15,0.15,0.07,5,C,0.011746632835616166,-0.14119178816700037,-0.1628208097150825,392,0.37254901960784315,6.469709956082577,6.620056357714784,51,30.294117647058822,OK,
0.2,0.15,0.15,0.06,5,A,0.022501070671105072,-0.06127644411777816,-0.15905042855645599,363,0.5517241379310345,3.5886600231313617,3.7174903835053574,29,41.96551724137931,OK,
0.2,0.15,0.15,0.06,5,C,0.013390954930117438,-0.1275649083372976,-0.16393250413513133,392,0.37735849056603776,6.74243864781588,6.909867311615744,53,28.90566037735849,OK,
0.2,0.15,0.15,0.06,8,A,0.02355491487410899,-0.050759700547521346,-0.1659090808489787,363,0.5757575757575758,4.116603593222166,4.271229954834539,33,39.666666666666664,OK,
0.2,0.15,0.15,0.06,8,C,0.019169577113447245,-0.06965110653040939,-0.19661673015744413,392,0.39705882352941174,8.657877709429561,8.95124059814836,68,29.264705882352942,OK,
0.2,0.15,0.15,0.08,10,A,0.02240465680404613,-0.0596296394979574,-0.16607513916423564,363,0.5625,3.9840805495620084,4.126118243530726,32,41.28125,OK,
0.2,0.15,0.15,0.08,10,C,0.017675137960394993,-0.06740340347063277,-0.23065777700063203,392,0.4153846153846154,8.234224903029206,8.467983543076771,65,32.0,OK,
0.2,0.15,0.15,0.1,5,A,0.01734032591980772,-0.10297527745113993,-0.15871424871858156,363,0.5357142857142857,3.4764709438258636,3.576495770379058,28,43.92857142857143,OK,
0.2,0.15,0.15,0.1,5,C,0.014946503604863048,-0.0958892609183431,-0.19831626226373106,392,0.40816326530612246,6.172494125851475,6.3115017966207505,49,32.30612244897959,OK,
0.2,0.15,0.15,0.1,8,A,0.017841894055289798,-0.09492731197970121,-0.1658374567737991,363,0.5625,3.991153385165637,4.108629950897854,32,41.375,OK,
0.2,0.15,0.15,0.1,8,C,0.014057469612114515,-0.08706567551491735,-0.23003055310899895,392,0.4153846153846154,8.206729984547152,8.383404701512044,65,32.13846153846154,OK,
0.2,0.15,0.15,0.1,10,A,0.017841894055289798,-0.09492731197970121,-0.1658374567737991,363,0.5625,3.991153385165637,4.108629950897854,32,41.375,OK,
0.2,0.15,0.15,0.1,10,C,0.014057469612114515,-0.08706567551491735,-0.23003055310899895,392,0.4153846153846154,8.206729984547152,8.383404701512044,65,32.13846153846154,OK,
0.2,0.15,0.15,0.08,5,A,0.021966287711322474,-0.06562396153987084,-0.15913814617078625,363,0.5357142857142857,3.4696843731932123,3.5912946213493817,28,43.82142857142857,OK,
0.2,0.15,0.15,0.08,5,C,0.013609451449172028,-0.10463367561851611,-0.1979181757429709,392,0.4,6.336873706024811,6.49043885740034,50,31.66,OK,
0.2,0.15,0.15,0.08,8,A,0.02240465680404613,-0.0596296394979574,-0.16607513916423564,363,0.5625,3.9840805495620084,4.126118243530726,32,41.28125,OK,
0.2,0.15,0.15,0.08,8,C,0.017675137960394993,-0.06740340347063277,-0.23065777700063203,392,0.4153846153846154,8.234224903029206,8.467983543076771,65,32.0,OK,
0.2,0.15,0.15,0.07,8,A,0.022495411171076674,-0.0589546660402572,-0.16607513916423564,363,0.5625,3.9838485539812125,4.126120483524463,32,41.1875,OK,
0.2,0.15,0.15,0.07,8,C,0.01582019272766666,-0.09086821633456556,-0.1966761370648834,392,0.3939393939393939,8.371357926410045,8.600464513076485,66,30.939393939393938,OK,
0.2,0.15,0.15,0.07,10,A,0.022495411171076674,-0.0589546660402572,-0.16607513916423564,363,0.5625,3.9838485539812125,4.126120483524463,32,41.1875,OK,
0.2,0.15,0.15,0.07,10,C,0.01582019272766666,-0.09086821633456556,-0.1966761370648834,392,0.3939393939393939,8.371357926410045,8.600464513076485,66,30.939393939393938,OK,
0.2,0.15,0.2,0.06,5,A,0.022501070671105072,-0.06127644411777816,-0.15905042855645599,363,0.5517241379310345,3.5886600231313617,3.7174903835053574,29,41.96551724137931,OK,
0.2,0.15,0.2,0.06,5,C,0.015414377479462393,-0.11128212737377251,-0.16302660607473005,378,0.41379310344827586,7.411138848573206,7.674138488046514,58,29.120689655172413,OK,
0.2,0.15,0.2,0.06,8,A,0.02355491487410899,-0.050759700547521346,-0.1659090808489787,363,0.5757575757575758,4.116603593222166,4.271229954834539,33,39.666666666666664,OK,
0.2,0.15,0.2,0.06,8,C,0.020714556006890206,-0.05907851564042054,-0.19646495264218164,378,0.4189189189189189,9.503814231174495,9.92782981444453,74,29.256756756756758,OK,
0.2,0.15,0.2,0.07,8,A,0.022495411171076674,-0.0589546660402572,-0.16607513916423564,363,0.5625,3.9838485539812125,4.126120483524463,32,41.1875,OK,
0.2,0.15,0.2,0.07,8,C,0.01740590800428543,-0.07968588049561841,-0.19696080697928767,378,0.4166666666666667,9.20907031486595,9.56013632672437,72,30.791666666666668,OK,
0.2,0.15,0.2,0.07,10,A,0.022495411171076674,-0.0589546660402572,-0.16607513916423564,363,0.5625,3.9838485539812125,4.126120483524463,32,41.1875,OK,
0.2,0.15,0.2,0.07,10,C,0.01740590800428543,-0.07968588049561841,-0.19696080697928767,378,0.4166666666666667,9.20907031486595,9.56013632672437,72,30.791666666666668,OK,
0.2,0.15,0.2,0.1,8,A,0.017841894055289798,-0.09492731197970121,-0.1658374567737991,363,0.5625,3.991153385165637,4.108629950897854,32,41.375,OK,
0.2,0.15,0.2,0.1,8,C,0.01437300780769668,-0.08433220901906203,-0.2307786587637469,378,0.43661971830985913,8.999056838680309,9.26625321714718,71,31.87323943661972,OK,
0.2,0.15,0.2,0.1,10,A,0.017841894055289798,-0.09492731197970121,-0.1658374567737991,363,0.5625,3.991153385165637,4.108629950897854,32,41.375,OK,
0.2,0.15,0.2,0.1,10,C,0.01437300780769668,-0.08433220901906203,-0.2307786587637469,378,0.43661971830985913,8.999056838680309,9.26625321714718,71,31.87323943661972,OK,
0.2,0.2,0.05,0.06,5,A,0.021360917838303184,-0.07903222833559197,-0.14525279904298966,303,0.5,3.2148130600867897,3.317483414631504,26,39.30769230769231,OK,
0.2,0.2,0.05,0.06,5,C,0.011602038158533112,-0.1643141953513596,-0.14826947138151558,335,0.3611111111111111,4.406849700643457,4.454420477169616,36,31.833333333333332,OK,
0.2,0.2,0.05,0.06,8,A,0.022239354188587912,-0.07109291050054169,-0.14495750472987262,302,0.5185185185185185,3.3348679108372576,3.446506378811485,27,39.148148148148145,OK,
0.2,0.2,0.05,0.06,8,C,0.010906890606529274,-0.16873598472626491,-0.1488310040284049,333,0.358974358974359,4.785387400538397,4.8389238507263626,39,30.487179487179485,OK,
0.2,0.15,0.2,0.08,5,A,0.021966287711322474,-0.06562396153987084,-0.15913814617078625,363,0.5357142857142857,3.4696843731932123,3.5912946213493817,28,43.82142857142857,OK,
0.2,0.15,0.2,0.08,5,C,0.015821019102070455,-0.08975443788303607,-0.19796854944005218,378,0.43636363636363634,7.01425266042331,7.260732078402408,55,31.636363636363637,OK,
0.2,0.15,0.2,0.08,8,A,0.02240465680404613,-0.0596296394979574,-0.16607513916423564,363,0.5625,3.9840805495620084,4.126118243530726,32,41.28125,OK,
0.2,0.15,0.2,0.08,8,C,0.019289062274815416,-0.05803643507220549,-0.2308890715458341,378,0.43661971830985913,9.067043671568237,9.421589446560013,71,31.760563380281692,OK,
0.2,0.15,0.2,0.06,10,A,0.02355491487410899,-0.050759700547521346,-0.1659090808489787,363,0.5757575757575758,4.116603593222166,4.271229954834539,33,39.666666666666664,OK,
0.2,0.15,0.2,0.06,10,C,0.020714556006890206,-0.05907851564042054,-0.19646495264218164,378,0.4189189189189189,9.503814231174495,9.92782981444453,74,29.256756756756758,OK,
0.2,0.15,0.2,0.07,5,A,0.022057197725714905,-0.06492628054418825,-0.15913814617078625,363,0.5357142857142857,3.4694822104881,3.591296861343118,28,43.714285714285715,OK,
0.2,0.15,0.2,0.07,5,C,0.013910838851796115,-0.12265576628644603,-0.16321409432593148,378,0.4107142857142857,7.149000285702173,7.392838240896988,56,30.392857142857142,OK,
0.2,0.15,0.2,0.08,10,A,0.02240465680404613,-0.0596296394979574,-0.16607513916423564,363,0.5625,3.9840805495620084,4.126118243530726,32,41.28125,OK,
0.2,0.15,0.2,0.08,10,C,0.019289062274815416,-0.05803643507220549,-0.2308890715458341,378,0.43661971830985913,9.067043671568237,9.421589446560013,71,31.760563380281692,OK,
0.2,0.15,0.2,0.1,5,A,0.01734032591980772,-0.10297527745113993,-0.15871424871858156,363,0.5357142857142857,3.4764709438258636,3.576495770379058,28,43.92857142857143,OK,
0.2,0.15,0.2,0.1,5,C,0.01712400415580584,-0.08121852690859231,-0.1985786364044987,378,0.4444444444444444,6.874785750195716,7.104110402442479,54,32.22222222222222,OK,
0.2,0.2,0.05,0.06,10,A,0.022239354188587912,-0.07109291050054169,-0.14495750472987262,302,0.5185185185185185,3.3348679108372576,3.446506378811485,27,39.148148148148145,OK,
0.2,0.2,0.05,0.06,10,C,0.010906890606529274,-0.16873598472626491,-0.1488310040284049,333,0.358974358974359,4.785387400538397,4.8389238507263626,39,30.487179487179485,OK,
0.2,0.2,0.05,0.07,5,A,0.02149649965358713,-0.07778439726292385,-0.14518078089786962,303,0.52,3.0937814253119544,3.1932243898911046,25,41.24,OK,
0.2,0.2,0.05,0.07,5,C,0.010586637036700486,-0.17256964942458644,-0.14823398711019767,335,0.37142857142857144,4.291341980416384,4.332958651856885,35,33.51428571428571,OK,
0.2,0.2,0.05,0.07,8,A,0.022115381111867505,-0.07206123192334975,-0.1448187081818697,303,0.5185185185185185,3.329662974690396,3.4404493951181,27,40.77777777777778,OK,
0.2,0.2,0.05,0.07,8,C,0.009404852935799513,-0.1829753878640158,-0.14720054502568797,335,0.358974358974359,4.786059445494316,4.830198646368757,39,32.56410256410256,OK,
0.2,0.2,0.05,0.07,10,A,0.022115381111867505,-0.07206123192334975,-0.1448187081818697,303,0.5185185185185185,3.329662974690396,3.4404493951181,27,40.77777777777778,OK,
0.2,0.2,0.05,0.07,10,C,0.009404852935799513,-0.1829753878640158,-0.14720054502568797,335,0.358974358974359,4.786059445494316,4.830198646368757,39,32.56410256410256,OK,
0.2,0.2,0.05,0.1,8,A,0.018038127856418118,-0.1081079742437899,-0.14538265391394423,304,0.5185185185185185,3.3321346690644846,3.4239339191320033,27,40.96296296296296,OK,
0.2,0.2,0.05,0.1,8,C,0.0032468694052394387,-0.23561662103458728,-0.14684412079631148,337,0.38461538461538464,4.729586917109462,4.7084449851863415,39,33.333333333333336,OK,
0.2,0.2,0.05,0.1,10,A,0.018038127856418118,-0.1081079742437899,-0.14538265391394423,304,0.5185185185185185,3.3321346690644846,3.4239339191320033,27,40.96296296296296,OK,
0.2,0.2,0.05,0.1,10,C,0.0032468694052394387,-0.23561662103458728,-0.14684412079631148,337,0.38461538461538464,4.729586917109462,4.7084449851863415,39,33.333333333333336,OK,
0.2,0.2,0.05,0.08,5,A,0.02140688386264955,-0.07853720118319074,-0.14518078089786962,303,0.52,3.093959253203233,3.193222186618577,25,41.36,OK,
0.2,0.2,0.05,0.08,5,C,0.008591081111092524,-0.1891583073081072,-0.14903400664154912,336,0.37142857142857144,4.289932189969544,4.311582490423538,35,33.885714285714286,OK,
0.2,0.2,0.05,0.08,8,A,0.022025982032087166,-0.07281669812346511,-0.1448187081818697,303,0.5185185185185185,3.329854150255448,3.4404471918455726,27,40.888888888888886,OK,
0.2,0.2,0.05,0.08,8,C,0.008206470624629869,-0.19412643836626411,-0.14653195905295266,336,0.38461538461538464,4.781157747099018,4.806291567866596,39,33.02564102564103,OK,
0.2,0.2,0.05,0.08,10,A,0.022025982032087166,-0.07281669812346511,-0.1448187081818697,303,0.5185185185185185,3.329854150255448,3.4404471918455726,27,40.888888888888886,OK,
0.2,0.2,0.05,0.08,10,C,0.008206470624629869,-0.19412643836626411,-0.14653195905295266,336,0.38461538461538464,4.781157747099018,4.806291567866596,39,33.02564102564103,OK,
0.2,0.2,0.05,0.1,5,A,0.017404447229832698,-0.11409595156157176,-0.14557086997020643,305,0.52,3.0924848358638024,3.1742170710660864,25,41.44,OK,
0.2,0.2,0.05,0.1,5,C,0.003655686623077914,-0.2308441189405832,-0.14909788073280075,337,0.37142857142857144,4.239002755730574,4.2192119994084125,35,34.22857142857143,OK,
0.2,0.2,0.1,0.06,10,A,0.022239354188587912,-0.07109291050054169,-0.14495750472987262,302,0.5185185185185185,3.3348679108372576,3.446506378811485,27,39.148148148148145,OK,
0.2,0.2,0.1,0.06,10,C,0.02282136615820196,-0.0520204246261529,-0.17873770737865133,301,0.3877551020408163,6.179705834575111,6.417620579050998,49,30.693877551020407,OK,
0.2,0.2,0.1,0.07,5,A,0.02149649965358713,-0.07778439726292385,-0.14518078089786962,303,0.52,3.0937814253119544,3.1932243898911046,25,41.24,OK,
0.2,0.2,0.1,0.07,5,C,0.02449979465623997,-0.04062918760758944,-0.17489113468669087,306,0.41025641025641024,4.939143390332115,5.156206598006567,39,33.0,OK,
0.2,0.2,0.1,0.06,5,A,0.021360917838303184,-0.07903222833559197,-0.14525279904298966,303,0.5,3.2148130600867897,3.317483414631504,26,39.30769230769231,OK,
0.2,0.2,0.1,0.06,5,C,0.02842071866235729,-0.011694899101440448,-0.17493502615527684,301,0.425,5.065790502280884,5.317158906505878,40,31.925,OK,
0.2,0.2,0.1,0.06,8,A,0.022239354188587912,-0.07109291050054169,-0.14495750472987262,302,0.5185185185185185,3.3348679108372576,3.446506378811485,27,39.148148148148145,OK,
0.2,0.2,0.1,0.06,8,C,0.02282136615820196,-0.0520204246261529,-0.17873770737865133,301,0.3877551020408163,6.179705834575111,6.417620579050998,49,30.693877551020407,OK,
0.2,0.2,0.1,0.07,8,A,0.022115381111867505,-0.07206123192334975,-0.1448187081818697,303,0.5185185185185185,3.329662974690396,3.4404493951181,27,40.77777777777778,OK,
0.2,0.2,0.1,0.07,8,C,0.021217664283389226,-0.064094777736882,-0.1769081809758569,301,0.3877551020408163,6.176346800224215,6.4006955758660515,49,32.3469387755102,OK,
0.2,0.2,0.1,0.07,10,A,0.022115381111867505,-0.07206123192334975,-0.1448187081818697,303,0.5185185185185185,3.329662974690396,3.4404493951181,27,40.77777777777778,OK,
0.2,0.2,0.1,0.07,10,C,0.021217664283389226,-0.064094777736882,-0.1769081809758569,301,0.3877551020408163,6.176346800224215,6.4006955758660515,49,32.3469387755102,OK,
0.2,0.2,0.1,0.08,5,A,0.02140688386264955,-0.07853720118319074,-0.14518078089786962,303,0.52,3.093959253203233,3.193222186618577,25,41.36,OK,
0.2,0.2,0.1,0.08,5,C,0.021910031200603752,-0.05984669029317278,-0.1746326193538077,332,0.41025641025641024,4.9303530030617875,5.116778965902186,39,33.30769230769231,OK,
0.2,0.2,0.1,0.08,8,A,0.022025982032087166,-0.07281669812346511,-0.1448187081818697,303,0.5185185185185185,3.329854150255448,3.4404471918455726,27,40.888888888888886,OK,
0.2,0.2,0.1,0.08,8,C,0.02012357612232374,-0.07222819825515538,-0.1764781860987857,306,0.40816326530612246,6.155242698942013,6.354641235642371,49,32.714285714285715,OK,
0.2,0.2,0.1,0.08,10,A,0.022025982032087166,-0.07281669812346511,-0.1448187081818697,303,0.5185185185185185,3.329854150255448,3.4404471918455726,27,40.888888888888886,OK,
0.2,0.2,0.1,0.08,10,C,0.02012357612232374,-0.07222819825515538,-0.1764781860987857,306,0.40816326530612246,6.155242698942013,6.354641235642371,49,32.714285714285715,OK,
0.2,0.2,0.1,0.1,5,A,0.017404447229832698,-0.11409595156157176,-0.14557086997020643,305,0.52,3.0924848358638024,3.1742170710660864,25,41.44,OK,
0.2,0.2,0.1,0.1,5,C,0.020010931640764618,-0.07387277479862416,-0.1744487799705544,335,0.41025641025641024,4.902876309195079,5.056703096818441,39,33.46153846153846,OK,
0.2,0.2,0.15,0.06,5,A,0.021360917838303184,-0.07903222833559197,-0.14525279904298966,303,0.5,3.2148130600867897,3.317483414631504,26,39.30769230769231,OK,
0.2,0.2,0.15,0.06,5,C,0.020426599681149682,-0.07091196113968826,-0.17487454803153069,389,0.3541666666666667,6.133346095759535,6.38940323234235,48,28.229166666666668,OK,
0.2,0.2,0.15,0.06,8,A,0.022239354188587912,-0.07109291050054169,-0.14495750472987262,302,0.5185185185185185,3.3348679108372576,3.446506378811485,27,39.148148148148145,OK,
0.2,0.2,0.15,0.06,8,C,0.013421420036873632,-0.11934635462065057,-0.17848323341642985,389,0.32786885245901637,7.699702840796195,7.900403805563518,61,28.065573770491802,OK,
0.2,0.2,0.1,0.1,8,A,0.018038127856418118,-0.1081079742437899,-0.14538265391394423,304,0.5185185185185185,3.3321346690644846,3.4239339191320033,27,40.96296296296296,OK,
0.2,0.2,0.1,0.1,8,C,0.015071254376093801,-0.10832531535826218,-0.176640393690364,335,0.40816326530612246,6.108114546354399,6.242725644393457,49,32.95918367346939,OK,
0.2,0.2,0.1,0.1,10,A,0.018038127856418118,-0.1081079742437899,-0.14538265391394423,304,0.5185185185185185,3.3321346690644846,3.4239339191320033,27,40.96296296296296,OK,
0.2,0.2,0.1,0.1,10,C,0.015071254376093801,-0.10832531535826218,-0.176640393690364,335,0.40816326530612246,6.108114546354399,6.242725644393457,49,32.95918367346939,OK,
0.2,0.2,0.15,0.06,10,A,0.022239354188587912,-0.07109291050054169,-0.14495750472987262,302,0.5185185185185185,3.3348679108372576,3.446506378811485,27,39.148148148148145,OK,
0.2,0.2,0.15,0.06,10,C,0.013421420036873632,-0.11934635462065057,-0.17848323341642985,389,0.32786885245901637,7.699702840796195,7.900403805563518,61,28.065573770491802,OK,
0.2,0.2,0.15,0.07,5,A,0.02149649965358713,-0.07778439726292385,-0.14518078089786962,303,0.52,3.0937814253119544,3.1932243898911046,25,41.24,OK,
0.2,0.2,0.15,0.07,5,C,0.022674924422085407,-0.05419173595457913,-0.17485274414073199,389,0.37777777777777777,5.721587914191195,5.97042466717561,45,30.511111111111113,OK,
0.2,0.2,0.15,0.07,8,A,0.022115381111867505,-0.07206123192334975,-0.1448187081818697,303,0.5185185185185185,3.329662974690396,3.4404493951181,27,40.77777777777778,OK,
0.2,0.2,0.15,0.07,8,C,0.01162635080750074,-0.13338708426633722,-0.17632139335651312,389,0.3333333333333333,7.570959941243766,7.749949218729548,60,30.1,OK,
0.2,0.2,0.15,0.07,10,A,0.022115381111867505,-0.07206123192334975,-0.1448187081818697,303,0.5185185185185185,3.329662974690396,3.4404493951181,27,40.77777777777778,OK,
0.2,0.2,0.15,0.07,10,C,0.01162635080750074,-0.13338708426633722,-0.17632139335651312,389,0.3333333333333333,7.570959941243766,7.749949218729548,60,30.1,OK,
0.2,0.2,0.15,0.08,5,A,0.02140688386264955,-0.07853720118319074,-0.14518078089786962,303,0.52,3.093959253203233,3.193222186618577,25,41.36,OK,
0.2,0.2,0.15,0.08,5,C,0.018652486538256463,-0.08380225104017393,-0.1748652898545003,389,0.37777777777777777,5.7030575327822275,5.909186477269997,45,30.8,OK,
0.2,0.2,0.15,0.08,8,A,0.022025982032087166,-0.07281669812346511,-0.1448187081818697,303,0.5185185185185185,3.329854150255448,3.4404471918455726,27,40.888888888888886,OK,
0.2,0.2,0.15,0.08,8,C,0.009216572381868682,-0.15057825710224262,-0.1761596650973446,389,0.35,7.550620159254733,7.693163188692672,60,30.416666666666668,OK,
0.2,0.2,0.15,0.08,10,A,0.022025982032087166,-0.07281669812346511,-0.1448187081818697,303,0.5185185185185185,3.329854150255448,3.4404471918455726,27,40.888888888888886,OK,
0.2,0.2,0.15,0.08,10,C,0.009216572381868682,-0.15057825710224262,-0.1761596650973446,389,0.35,7.550620159254733,7.693163188692672,60,30.416666666666668,OK,
0.2,0.2,0.15,0.1,5,A,0.017404447229832698,-0.11409595156157176,-0.14557086997020643,305,0.52,3.0924848358638024,3.1742170710660864,25,41.44,OK,
0.2,0.2,0.15,0.1,5,C,0.017948089951715485,-0.08917663053233525,-0.17436385128786083,389,0.37777777777777777,5.70479886069853,5.891034038232539,45,30.91111111111111,OK,
0.2,0.2,0.15,0.1,8,A,0.018038127856418118,-0.1081079742437899,-0.14538265391394423,304,0.5185185185185185,3.3321346690644846,3.4239339191320033,27,40.96296296296296,OK,
0.2,0.2,0.15,0.1,8,C,0.001093435544279986,-0.20740834326100221,-0.1764434591960597,389,0.3442622950819672,7.651080707541162,7.69940989131163,61,30.21311475409836,OK,
0.2,0.2,0.15,0.1,10,A,0.018038127856418118,-0.1081079742437899,-0.14538265391394423,304,0.5185185185185185,3.3321346690644846,3.4239339191320033,27,40.96296296296296,OK,
0.2,0.2,0.15,0.1,10,C,0.001093435544279986,-0.20740834326100221,-0.1764434591960597,389,0.3442622950819672,7.651080707541162,7.69940989131163,61,30.21311475409836,OK,
0.2,0.2,0.2,0.06,5,A,0.021360917838303184,-0.07903222833559197,-0.14525279904298966,303,0.5,3.2148130600867897,3.317483414631504,26,39.30769230769231,OK,
0.2,0.2,0.2,0.06,5,C,0.01921423421285051,-0.07914817607710817,-0.17487454803153069,389,0.37037037037037035,6.934633411769161,7.218432797224642,54,28.055555555555557,OK,
0.2,0.2,0.2,0.06,8,A,0.022239354188587912,-0.07109291050054169,-0.14495750472987262,302,0.5185185185185185,3.3348679108372576,3.446506378811485,27,39.148148148148145,OK,
0.2,0.2,0.2,0.06,8,C,0.012223149875065786,-0.12685391194103363,-0.17848323341642985,389,0.34328358208955223,8.490383337645811,8.704992470257526,67,27.940298507462686,OK,
0.2,0.2,0.2,0.07,8,A,0.022115381111867505,-0.07206123192334975,-0.1448187081818697,303,0.5185185185185185,3.329662974690396,3.4404493951181,27,40.77777777777778,OK,
0.2,0.2,0.2,0.07,8,C,0.01043212948423422,-0.14079222500598207,-0.17632139335651312,389,0.3484848484848485,8.351266738567936,8.542173836279547,66,29.78787878787879,OK,
0.2,0.2,0.2,0.07,10,A,0.022115381111867505,-0.07206123192334975,-0.1448187081818697,303,0.5185185185185185,3.329662974690396,3.4404493951181,27,40.77777777777778,OK,
0.2,0.2,0.2,0.07,10,C,0.01043212948423422,-0.14079222500598207,-0.17632139335651312,389,0.3484848484848485,8.351266738567936,8.542173836279547,66,29.78787878787879,OK,
0.2,0.2,0.2,0.06,10,A,0.022239354188587912,-0.07109291050054169,-0.14495750472987262,302,0.5185185185185185,3.3348679108372576,3.446506378811485,27,39.148148148148145,OK,
0.2,0.2,0.2,0.06,10,C,0.012223149875065786,-0.12685391194103363,-0.17848323341642985,389,0.34328358208955223,8.490383337645811,8.704992470257526,67,27.940298507462686,OK,
0.2,0.2,0.2,0.07,5,A,0.02149649965358713,-0.07778439726292385,-0.14518078089786962,303,0.52,3.0937814253119544,3.1932243898911046,25,41.24,OK,
0.2,0.2,0.2,0.07,5,C,0.021465484061364393,-0.06255820240981526,-0.17485274414073199,389,0.39215686274509803,6.5243174110212125,6.802626094952151,51,30.058823529411764,OK,
0.2,0.2,0.2,0.08,10,A,0.022025982032087166,-0.07281669812346511,-0.1448187081818697,303,0.5185185185185185,3.329854150255448,3.4404471918455726,27,40.888888888888886,OK,
0.2,0.2,0.2,0.08,10,C,0.008010495516101113,-0.1579330549225933,-0.1761596650973446,389,0.36363636363636365,8.315795867190303,8.466286031617882,66,30.075757575757574,OK,
0.2,0.2,0.2,0.1,5,A,0.017404447229832698,-0.11409595156157176,-0.14557086997020643,305,0.52,3.0924848358638024,3.1742170710660864,25,41.44,OK,
0.2,0.2,0.2,0.1,5,C,0.016721767123639042,-0.09735381445631117,-0.17436385128786083,389,0.39215686274509803,6.499403626087476,6.706227406737872,51,30.41176470588235,OK,
0.2,0.2,0.2,0.08,5,A,0.02140688386264955,-0.07853720118319074,-0.14518078089786962,303,0.52,3.093959253203233,3.193222186618577,25,41.36,OK,
0.2,0.2,0.2,0.08,5,C,0.01742454665111781,-0.092030201221364,-0.1748652898545003,389,0.39215686274509803,6.496013799472163,6.725445744036344,51,30.313725490196077,OK,
0.2,0.2,0.2,0.08,8,A,0.022025982032087166,-0.07281669812346511,-0.1448187081818697,303,0.5185185185185185,3.329854150255448,3.4404471918455726,27,40.888888888888886,OK,
0.2,0.2,0.2,0.08,8,C,0.008010495516101113,-0.1579330549225933,-0.1761596650973446,389,0.36363636363636365,8.315795867190303,8.466286031617882,66,30.075757575757574,OK,
0.2,0.25,0.05,0.06,5,A,0.024048258596295558,-0.05456685590661989,-0.14544950088944703,294,0.5217391304347826,2.8583755140560214,2.966164386815486,23,40.56521739130435,OK,
0.2,0.25,0.05,0.06,5,C,0.018165535072819594,-0.10688011241447064,-0.14829465386286375,292,0.43333333333333335,3.69659161449597,3.7800981411173806,30,33.46666666666667,OK,
0.2,0.25,0.05,0.06,8,A,0.024048258596295558,-0.05456685590661989,-0.14544950088944703,294,0.5217391304347826,2.8583755140560214,2.966164386815486,23,40.56521739130435,OK,
0.2,0.25,0.05,0.06,8,C,0.015817753805350776,-0.12727315805864314,-0.14831081853959804,292,0.40625,3.963427260950045,4.043272844056729,32,32.375,OK,
0.2,0.25,0.05,0.07,8,A,0.023953695871228975,-0.055247249429244395,-0.1455343507153282,294,0.5217391304347826,2.8566463734866625,2.963944817417308,23,42.47826086956522,OK,
0.2,0.25,0.05,0.07,8,C,0.01558782998182906,-0.12987907601108328,-0.14708458928341922,228,0.40625,3.9658966115632706,4.047175040065791,32,34.84375,OK,
0.2,0.25,0.05,0.07,10,A,0.023953695871228975,-0.055247249429244395,-0.1455343507153282,294,0.5217391304347826,2.8566463734866625,2.963944817417308,23,42.47826086956522,OK,
0.2,0.25,0.05,0.07,10,C,0.01558782998182906,-0.12987907601108328,-0.14708458928341922,228,0.40625,3.9658966115632706,4.047175040065791,32,34.84375,OK,
0.2,0.2,0.2,0.1,8,A,0.018038127856418118,-0.1081079742437899,-0.14538265391394423,304,0.5185185185185185,3.3321346690644846,3.4239339191320033,27,40.96296296296296,OK,
0.2,0.2,0.2,0.1,8,C,-8.81361230075095e-05,-0.21401323668450659,-0.1764434591960597,389,0.3582089552238806,8.401787854978352,8.44867281240583,67,29.895522388059703,OK,
0.2,0.2,0.2,0.1,10,A,0.018038127856418118,-0.1081079742437899,-0.14538265391394423,304,0.5185185185185185,3.3321346690644846,3.4239339191320033,27,40.96296296296296,OK,
0.2,0.2,0.2,0.1,10,C,-8.81361230075095e-05,-0.21401323668450659,-0.1764434591960597,389,0.3582089552238806,8.401787854978352,8.44867281240583,67,29.895522388059703,OK,
0.2,0.25,0.05,0.06,10,A,0.024048258596295558,-0.05456685590661989,-0.14544950088944703,294,0.5217391304347826,2.8583755140560214,2.966164386815486,23,40.56521739130435,OK,
0.2,0.25,0.05,0.06,10,C,0.015817753805350776,-0.12727315805864314,-0.14831081853959804,292,0.40625,3.963427260950045,4.043272844056729,32,32.375,OK,
0.2,0.25,0.05,0.07,5,A,0.023953695871228975,-0.055247249429244395,-0.1455343507153282,294,0.5217391304347826,2.8566463734866625,2.963944817417308,23,42.47826086956522,OK,
0.2,0.25,0.05,0.07,5,C,0.017485520510132746,-0.11155546146344185,-0.14934308118168246,228,0.43333333333333335,3.7009135041913814,3.7839893811594636,30,35.43333333333333,OK,
0.2,0.25,0.05,0.08,10,A,0.023863457073047822,-0.056024235298302465,-0.1455343507153282,294,0.5217391304347826,2.8568124415080383,2.9639425774235715,23,42.608695652173914,OK,
0.2,0.25,0.05,0.08,10,C,0.01409580964330015,-0.1433632524432104,-0.14684562112209967,293,0.42424242424242425,4.05237961614593,4.117437840896362,33,34.878787878787875,OK,
0.2,0.25,0.05,0.1,5,A,0.019737038503575777,-0.09294396239469563,-0.14578589714244983,297,0.5217391304347826,2.861813118387379,2.952268014848158,23,42.69565217391305,OK,
0.2,0.25,0.05,0.1,5,C,0.010520620818512016,-0.1729828656235605,-0.14887775221410454,297,0.41935483870967744,3.781105548159481,3.814632121424396,31,35.58064516129032,OK,
0.2,0.25,0.05,0.08,5,A,0.023863457073047822,-0.056024235298302465,-0.1455343507153282,294,0.5217391304347826,2.8568124415080383,2.9639425774235715,23,42.608695652173914,OK,
0.2,0.25,0.05,0.08,5,C,0.014818096389011881,-0.13558020941568702,-0.1490537262865414,293,0.41935483870967744,3.8000140949952512,3.864127734231419,31,35.29032258064516,OK,
0.2,0.25,0.05,0.08,8,A,0.023863457073047822,-0.056024235298302465,-0.1455343507153282,294,0.5217391304347826,2.8568124415080383,2.9639425774235715,23,42.608695652173914,OK,
0.2,0.25,0.05,0.08,8,C,0.01409580964330015,-0.1433632524432104,-0.14684562112209967,293,0.42424242424242425,4.05237961614593,4.117437840896362,33,34.878787878787875,OK,
0.2,0.25,0.1,0.06,5,A,0.024048258596295558,-0.05456685590661989,-0.14544950088944703,294,0.5217391304347826,2.8583755140560214,2.966164386815486,23,40.56521739130435,OK,
0.2,0.25,0.1,0.06,5,C,0.025326919013309857,-0.03484364912880054,-0.17489093119263635,301,0.42105263157894735,4.795832167780522,4.997497323949167,38,31.894736842105264,OK,
0.2,0.25,0.1,0.06,8,A,0.024048258596295558,-0.05456685590661989,-0.14544950088944703,294,0.5217391304347826,2.8583755140560214,2.966164386815486,23,40.56521739130435,OK,
0.2,0.25,0.1,0.06,8,C,0.026102379930573294,-0.02856382365516256,-0.17886394469297895,296,0.4090909090909091,5.566967526453145,5.815907699956109,44,31.34090909090909,OK,
0.2,0.25,0.05,0.1,8,A,0.019737038503575777,-0.09294396239469563,-0.14578589714244983,297,0.5217391304347826,2.861813118387379,2.952268014848158,23,42.69565217391305,OK,
0.2,0.25,0.05,0.1,8,C,0.009729089677901648,-0.18141494571188782,-0.14668161229818535,297,0.42424242424242425,4.035930568683955,4.068267001189167,33,35.15151515151515,OK,
0.2,0.25,0.05,0.1,10,A,0.019737038503575777,-0.09294396239469563,-0.14578589714244983,297,0.5217391304347826,2.861813118387379,2.952268014848158,23,42.69565217391305,OK,
0.2,0.25,0.05,0.1,10,C,0.009729089677901648,-0.18141494571188782,-0.14668161229818535,297,0.42424242424242425,4.035930568683955,4.068267001189167,33,35.15151515151515,OK,
0.2,0.25,0.1,0.06,10,A,0.024048258596295558,-0.05456685590661989,-0.14544950088944703,294,0.5217391304347826,2.8583755140560214,2.966164386815486,23,40.56521739130435,OK,
0.2,0.25,0.1,0.06,10,C,0.026102379930573294,-0.02856382365516256,-0.17886394469297895,296,0.4090909090909091,5.566967526453145,5.815907699956109,44,31.34090909090909,OK,
0.2,0.25,0.1,0.07,5,A,0.023953695871228975,-0.055247249429244395,-0.1455343507153282,294,0.5217391304347826,2.8566463734866625,2.963944817417308,23,42.47826086956522,OK,
0.2,0.25,0.1,0.07,5,C,0.022095787874408135,-0.058951615176697204,-0.17447372543066647,304,0.40540540540540543,4.68354809066052,4.860337958492558,37,33.0,OK,
0.2,0.25,0.1,0.07,8,A,0.023953695871228975,-0.055247249429244395,-0.1455343507153282,294,0.5217391304347826,2.8566463734866625,2.963944817417308,23,42.47826086956522,OK,
0.2,0.25,0.1,0.07,8,C,0.02570417809713077,-0.0318305785991921,-0.17653415665178449,296,0.4090909090909091,5.579806316446384,5.830314256363921,44,33.13636363636363,OK,
0.2,0.25,0.1,0.07,10,A,0.023953695871228975,-0.055247249429244395,-0.1455343507153282,294,0.5217391304347826,2.8566463734866625,2.963944817417308,23,42.47826086956522,OK,
0.2,0.25,0.1,0.07,10,C,0.02570417809713077,-0.0318305785991921,-0.17653415665178449,296,0.4090909090909091,5.579806316446384,5.830314256363921,44,33.13636363636363,OK,
0.2,0.25,0.1,0.08,10,A,0.023863457073047822,-0.056024235298302465,-0.1455343507153282,294,0.5217391304347826,2.8568124415080383,2.9639425774235715,23,42.608695652173914,OK,
0.2,0.25,0.1,0.08,10,C,0.025282814602970216,-0.03484407382224127,-0.17700881756285228,296,0.4318181818181818,5.568448574424007,5.80469848117042,44,33.5,OK,
0.2,0.25,0.1,0.1,5,A,0.019737038503575777,-0.09294396239469563,-0.14578589714244983,297,0.5217391304347826,2.861813118387379,2.952268014848158,23,42.69565217391305,OK,
0.2,0.25,0.1,0.1,5,C,0.01941139708293327,-0.07869078752928556,-0.17495185226601684,334,0.40540540540540543,4.636446793525978,4.771483170643766,37,33.513513513513516,OK,
0.2,0.25,0.1,0.08,5,A,0.023863457073047822,-0.056024235298302465,-0.1455343507153282,294,0.5217391304347826,2.8568124415080383,2.9639425774235715,23,42.608695652173914,OK,
0.2,0.25,0.1,0.08,5,C,0.020731049431036874,-0.06896858172807087,-0.17490936729907855,304,0.40540540540540543,4.6706388744405745,4.831236966669582,37,33.2972972972973,OK,
0.2,0.25,0.1,0.08,8,A,0.023863457073047822,-0.056024235298302465,-0.1455343507153282,294,0.5217391304347826,2.8568124415080383,2.9639425774235715,23,42.608695652173914,OK,
0.2,0.25,0.1,0.08,8,C,0.025282814602970216,-0.03484407382224127,-0.17700881756285228,296,0.4318181818181818,5.568448574424007,5.80469848117042,44,33.5,OK,
0.2,0.25,0.1,0.1,8,A,0.019737038503575777,-0.09294396239469563,-0.14578589714244983,297,0.5217391304347826,2.861813118387379,2.952268014848158,23,42.69565217391305,OK,
0.2,0.25,0.1,0.1,8,C,0.021133079750509154,-0.06516262049107738,-0.1768368541222177,300,0.4318181818181818,5.535041269833549,5.724689588277933,44,33.70454545454545,OK,
0.2,0.25,0.1,0.1,10,A,0.019737038503575777,-0.09294396239469563,-0.14578589714244983,297,0.5217391304347826,2.861813118387379,2.952268014848158,23,42.69565217391305,OK,
0.2,0.25,0.1,0.1,10,C,0.021133079750509154,-0.06516262049107738,-0.1768368541222177,300,0.4318181818181818,5.535041269833549,5.724689588277933,44,33.70454545454545,OK,
0.2,0.25,0.15,0.06,10,A,0.024048258596295558,-0.05456685590661989,-0.14544950088944703,294,0.5217391304347826,2.8583755140560214,2.966164386815486,23,40.56521739130435,OK,
0.2,0.25,0.15,0.06,10,C,0.01871266775825009,-0.0824512899539115,-0.17834389956102625,389,0.3584905660377358,6.719769626221568,6.948661760397012,53,28.60377358490566,OK,
0.2,0.25,0.15,0.07,5,A,0.023953695871228975,-0.055247249429244395,-0.1455343507153282,294,0.5217391304347826,2.8566463734866625,2.963944817417308,23,42.47826086956522,OK,
0.2,0.25,0.15,0.07,5,C,0.01736985600472951,-0.093972428745903,-0.17446969198908888,389,0.35555555555555557,5.703594032774296,5.87759631205399,45,29.622222222222224,OK,
0.2,0.25,0.15,0.06,5,A,0.024048258596295558,-0.05456685590661989,-0.14544950088944703,294,0.5217391304347826,2.8583755140560214,2.966164386815486,23,40.56521739130435,OK,
0.2,0.25,0.15,0.06,5,C,0.019068252769147476,-0.08131276255027733,-0.17492576486662065,389,0.3617021276595745,5.958424766725746,6.157903472855533,47,28.319148936170212,OK,
0.2,0.25,0.15,0.06,8,A,0.024048258596295558,-0.05456685590661989,-0.14544950088944703,294,0.5217391304347826,2.8583755140560214,2.966164386815486,23,40.56521739130435,OK,
0.2,0.25,0.15,0.06,8,C,0.01871266775825009,-0.0824512899539115,-0.17834389956102625,389,0.3584905660377358,6.719769626221568,6.948661760397012,53,28.60377358490566,OK,
0.2,0.25,0.15,0.08,10,A,0.023863457073047822,-0.056024235298302465,-0.1455343507153282,294,0.5217391304347826,2.8568124415080383,2.9639425774235715,23,42.608695652173914,OK,
0.2,0.25,0.15,0.08,10,C,0.0177863936585958,-0.09002975906356042,-0.17634261058218098,389,0.37735849056603776,6.717037854567985,6.929786676464761,53,30.39622641509434,OK,
0.2,0.25,0.15,0.1,5,A,0.019737038503575777,-0.09294396239469563,-0.14578589714244983,297,0.5217391304347826,2.861813118387379,2.952268014848158,23,42.69565217391305,OK,
0.2,0.25,0.15,0.1,5,C,0.014820139077532879,-0.11270075764227903,-0.17469754963948617,389,0.35555555555555557,5.642456687589687,5.767356530448848,45,30.044444444444444,OK,
0.2,0.25,0.2,0.06,5,A,0.024048258596295558,-0.05456685590661989,-0.14544950088944703,294,0.5217391304347826,2.8583755140560214,2.966164386815486,23,40.56521739130435,OK,
0.2,0.25,0.2,0.06,5,C,0.017824891041332336,-0.0897310116589187,-0.17492576486662065,389,0.37735849056603776,6.755785849615462,6.976322267264476,53,28.132075471698112,OK,
0.2,0.25,0.2,0.06,8,A,0.024048258596295558,-0.05456685590661989,-0.14544950088944703,294,0.5217391304347826,2.8583755140560214,2.966164386815486,23,40.56521739130435,OK,
0.2,0.25,0.2,0.06,8,C,0.01748501863800156,-0.09060975537475074,-0.17834389956102625,389,0.3728813559322034,7.51511219223845,7.764921027163361,59,28.406779661016948,OK,
0.2,0.25,0.15,0.1,8,A,0.019737038503575777,-0.09294396239469563,-0.14578589714244983,297,0.5217391304347826,2.861813118387379,2.952268014848158,23,42.69565217391305,OK,
0.2,0.25,0.15,0.1,8,C,0.013664473048722314,-0.11977491796291528,-0.1762043669082316,389,0.37735849056603776,6.67017700534574,6.828038330426588,53,30.566037735849058,OK,
0.2,0.25,0.15,0.1,10,A,0.019737038503575777,-0.09294396239469563,-0.14578589714244983,297,0.5217391304347826,2.861813118387379,2.952268014848158,23,42.69565217391305,OK,
0.2,0.25,0.15,0.1,10,C,0.013664473048722314,-0.11977491796291528,-0.1762043669082316,389,0.37735849056603776,6.67017700534574,6.828038330426588,53,30.566037735849058,OK,
0.2,0.25,0.15,0.07,8,A,0.023953695871228975,-0.055247249429244395,-0.1455343507153282,294,0.5217391304347826,2.8566463734866625,2.963944817417308,23,42.47826086956522,OK,
0.2,0.25,0.15,0.07,8,C,0.018128056326619735,-0.08778722795981252,-0.17587496841592076,389,0.3584905660377358,6.724646481413521,6.9535292780577445,53,30.09433962264151,OK,
0.2,0.25,0.15,0.07,10,A,0.023953695871228975,-0.055247249429244395,-0.1455343507153282,294,0.5217391304347826,2.8566463734866625,2.963944817417308,23,42.47826086956522,OK,
0.2,0.25,0.15,0.07,10,C,0.018128056326619735,-0.08778722795981252,-0.17587496841592076,389,0.3584905660377358,6.724646481413521,6.9535292780577445,53,30.09433962264151,OK,
0.2,0.25,0.2,0.06,10,A,0.024048258596295558,-0.05456685590661989,-0.14544950088944703,294,0.5217391304347826,2.8583755140560214,2.966164386815486,23,40.56521739130435,OK,
0.2,0.25,0.2,0.06,10,C,0.01748501863800156,-0.09060975537475074,-0.17834389956102625,389,0.3728813559322034,7.51511219223845,7.764921027163361,59,28.406779661016948,OK,
0.2,0.25,0.2,0.07,5,A,0.023953695871228975,-0.055247249429244395,-0.1455343507153282,294,0.5217391304347826,2.8566463734866625,2.963944817417308,23,42.47826086956522,OK,
0.2,0.25,0.2,0.07,5,C,0.016156446040916705,-0.10205224133841362,-0.17446969198908888,389,0.37254901960784315,6.496736792005361,6.689592392104322,51,29.274509803921568,OK,
0.2,0.25,0.15,0.08,5,A,0.023863457073047822,-0.056024235298302465,-0.1455343507153282,294,0.5217391304347826,2.8568124415080383,2.9639425774235715,23,42.608695652173914,OK,
0.2,0.25,0.15,0.08,5,C,0.015800769754602095,-0.10591060539525439,-0.17406121886971934,389,0.35555555555555557,5.69264969326182,5.845945549041494,45,29.866666666666667,OK,
0.2,0.25,0.15,0.08,8,A,0.023863457073047822,-0.056024235298302465,-0.1455343507153282,294,0.5217391304347826,2.8568124415080383,2.9639425774235715,23,42.608695652173914,OK,
0.2,0.25,0.15,0.08,8,C,0.0177863936585958,-0.09002975906356042,-0.17634261058218098,389,0.37735849056603776,6.717037854567985,6.929786676464761,53,30.39622641509434,OK,
0.2,0.25,0.2,0.08,5,A,0.023863457073047822,-0.056024235298302465,-0.1455343507153282,294,0.5217391304347826,2.8568124415080383,2.9639425774235715,23,42.608695652173914,OK,
0.2,0.25,0.2,0.08,5,C,0.014588539579862836,-0.11388116080213519,-0.17406121886971934,389,0.37254901960784315,6.480410019549773,6.649663333049836,51,29.49019607843137,OK,
0.2,0.25,0.2,0.08,8,A,0.023863457073047822,-0.056024235298302465,-0.1455343507153282,294,0.5217391304347826,2.8568124415080383,2.9639425774235715,23,42.608695652173914,OK,
0.2,0.25,0.2,0.08,8,C,0.016559289654178633,-0.09817607704726652,-0.17634261058218098,389,0.3898305084745763,7.513178393162075,7.744980044970093,59,30.016949152542374,OK,
0.2,0.25,0.2,0.07,8,A,0.023953695871228975,-0.055247249429244395,-0.1455343507153282,294,0.5217391304347826,2.8566463734866625,2.963944817417308,23,42.47826086956522,OK,
0.2,0.25,0.2,0.07,8,C,0.016902602207394368,-0.09596747996619776,-0.17587496841592076,389,0.3728813559322034,7.518972682983929,7.768722646563077,59,29.74576271186441,OK,
0.2,0.25,0.2,0.07,10,A,0.023953695871228975,-0.055247249429244395,-0.1455343507153282,294,0.5217391304347826,2.8566463734866625,2.963944817417308,23,42.47826086956522,OK,
0.2,0.25,0.2,0.07,10,C,0.016902602207394368,-0.09596747996619776,-0.17587496841592076,389,0.3728813559322034,7.518972682983929,7.768722646563077,59,29.74576271186441,OK,
0.2,0.25,0.2,0.1,8,A,0.019737038503575777,-0.09294396239469563,-0.14578589714244983,297,0.5217391304347826,2.861813118387379,2.952268014848158,23,42.69565217391305,OK,
0.2,0.25,0.2,0.1,8,C,0.012428870730752717,-0.12766608832035037,-0.1762043669082316,389,0.3898305084745763,7.461588443890224,7.632103456035966,59,30.16949152542373,OK,
0.2,0.25,0.2,0.1,10,A,0.019737038503575777,-0.09294396239469563,-0.14578589714244983,297,0.5217391304347826,2.861813118387379,2.952268014848158,23,42.69565217391305,OK,
0.2,0.25,0.2,0.1,10,C,0.012428870730752717,-0.12766608832035037,-0.1762043669082316,389,0.3898305084745763,7.461588443890224,7.632103456035966,59,30.16949152542373,OK,
0.25,0.1,0.05,0.06,5,A,0.021516809672844195,-0.06978738155433574,-0.15788654851610584,383,0.5517241379310345,3.5906931142998095,3.7112781074398407,29,40.41379310344828,OK,
0.25,0.1,0.05,0.06,5,C,0.01621406223111066,-0.10748166117690942,-0.16919653158950526,382,0.4594594594594595,4.563655501345076,4.610368707176037,37,33.513513513513516,OK,
0.25,0.1,0.05,0.06,8,A,0.02191224382181689,-0.06424460991964313,-0.164887058212607,383,0.5806451612903226,3.867248721618619,3.9987534545972436,31,38.516129032258064,OK,
0.25,0.1,0.05,0.06,8,C,0.01637293991117783,-0.1033498116755861,-0.17168896638758882,382,0.46153846153846156,4.811056435175807,4.866962796734309,39,33.1025641025641,OK,
0.2,0.25,0.2,0.08,10,A,0.023863457073047822,-0.056024235298302465,-0.1455343507153282,294,0.5217391304347826,2.8568124415080383,2.9639425774235715,23,42.608695652173914,OK,
0.2,0.25,0.2,0.08,10,C,0.016559289654178633,-0.09817607704726652,-0.17634261058218098,389,0.3898305084745763,7.513178393162075,7.744980044970093,59,30.016949152542374,OK,
0.2,0.25,0.2,0.1,5,A,0.019737038503575777,-0.09294396239469563,-0.14578589714244983,297,0.5217391304347826,2.861813118387379,2.952268014848158,23,42.69565217391305,OK,
0.2,0.25,0.2,0.1,5,C,0.013608960421322758,-0.12057209484711115,-0.17469754963948617,389,0.37254901960784315,6.4323629398368976,6.569578358105512,51,29.647058823529413,OK,
0.25,0.1,0.05,0.06,10,A,0.02191224382181689,-0.06424460991964313,-0.164887058212607,383,0.5806451612903226,3.867248721618619,3.9987534545972436,31,38.516129032258064,OK,
0.25,0.1,0.05,0.06,10,C,0.01637293991117783,-0.1033498116755861,-0.17168896638758882,382,0.46153846153846156,4.811056435175807,4.866962796734309,39,33.1025641025641,OK,
0.25,0.1,0.05,0.07,5,A,0.0216918814139484,-0.06827888346819545,-0.15795736584585635,383,0.5714285714285714,3.4698697512248975,3.587308250721845,28,42.17857142857143,OK,
0.25,0.1,0.05,0.07,5,C,0.015188128720741378,-0.11497719612181553,-0.1691575054208477,382,0.4722222222222222,4.449963056698849,4.490568774606884,36,35.19444444444444,OK,
0.25,0.1,0.05,0.07,8,A,0.021810998516445856,-0.0648504558446254,-0.16498599618120807,383,0.5806451612903226,3.866276818669465,3.9971167963304532,31,39.935483870967744,OK,
0.25,0.1,0.05,0.07,8,C,0.01444569332417811,-0.11715922385614566,-0.17187438440481664,382,0.46153846153846156,4.8134067658120285,4.857594250463502,39,34.666666666666664,OK,
0.25,0.1,0.05,0.07,10,A,0.021810998516445856,-0.0648504558446254,-0.16498599618120807,383,0.5806451612903226,3.866276818669465,3.9971167963304532,31,39.935483870967744,OK,
0.25,0.1,0.05,0.07,10,C,0.01444569332417811,-0.11715922385614566,-0.17187438440481664,382,0.46153846153846156,4.8134067658120285,4.857594250463502,39,34.666666666666664,OK,
0.25,0.1,0.05,0.08,5,A,0.02160084138905427,-0.06897863421147045,-0.15795736584585635,383,0.5714285714285714,3.470072183463241,3.5873060107281085,28,42.285714285714285,OK,
0.25,0.1,0.05,0.08,5,C,0.014538399896060872,-0.11983490347852864,-0.16917862556751295,382,0.5,4.4395821958465245,4.473095781102313,36,35.861111111111114,OK,
0.25,0.1,0.05,0.08,8,A,0.021720000909040582,-0.06552839817649164,-0.16498599618120807,383,0.5806451612903226,3.866502375013739,3.9971145563367165,31,40.03225806451613,OK,
0.25,0.1,0.05,0.08,8,C,0.013714070457371053,-0.12224449420994908,-0.17219204007814448,382,0.48717948717948717,4.813510571685011,4.849645660936816,39,35.282051282051285,OK,
0.25,0.1,0.05,0.1,8,A,0.017259568065986164,-0.10000511480969264,-0.16525010493913403,383,0.5806451612903226,3.8728517680090913,3.9801724100610705,31,40.12903225806452,OK,
0.25,0.1,0.05,0.1,8,C,0.008780122466161222,-0.15823469545322003,-0.17204383998897824,382,0.48717948717948717,4.790172073449811,4.7831546801444915,39,35.48717948717949,OK,
0.25,0.1,0.05,0.1,10,A,0.017259568065986164,-0.10000511480969264,-0.16525010493913403,383,0.5806451612903226,3.8728517680090913,3.9801724100610705,31,40.12903225806452,OK,
0.25,0.1,0.05,0.1,10,C,0.008780122466161222,-0.15823469545322003,-0.17204383998897824,382,0.48717948717948717,4.790172073449811,4.7831546801444915,39,35.48717948717949,OK,
0.25,0.1,0.05,0.08,10,A,0.021720000909040582,-0.06552839817649164,-0.16498599618120807,383,0.5806451612903226,3.866502375013739,3.9971145563367165,31,40.03225806451613,OK,
0.25,0.1,0.05,0.08,10,C,0.013714070457371053,-0.12224449420994908,-0.17219204007814448,382,0.48717948717948717,4.813510571685011,4.849645660936816,39,35.282051282051285,OK,
0.25,0.1,0.05,0.1,5,A,0.017154728427262844,-0.10445372101554021,-0.15844888549699865,383,0.5714285714285714,3.4788140273679735,3.5753062007122116,28,42.392857142857146,OK,
0.25,0.1,0.05,0.1,5,C,0.009584245988167872,-0.15701929302609374,-0.16930345761454274,382,0.5,4.426447118216165,4.4199600122131795,36,36.083333333333336,OK,
0.25,0.1,0.1,0.08,10,A,0.021720000909040582,-0.06552839817649164,-0.16498599618120807,383,0.5806451612903226,3.866502375013739,3.9971145563367165,31,40.03225806451613,OK,
0.25,0.1,0.1,0.08,10,C,0.027339534176912483,-0.014722119530087107,-0.2289876508431647,382,0.49019607843137253,6.397953890293312,6.608200793160459,51,34.80392156862745,OK,
0.25,0.1,0.1,0.1,5,A,0.017154728427262844,-0.10445372101554021,-0.15844888549699865,383,0.5714285714285714,3.4788140273679735,3.5753062007122116,28,42.392857142857146,OK,
0.25,0.1,0.1,0.1,5,C,0.022159041011141634,-0.05048427032875348,-0.19534191768715048,382,0.4878048780487805,5.113575856109177,5.219762631673864,41,37.146341463414636,OK,
0.25,0.1,0.1,0.06,5,A,0.021516809672844195,-0.06978738155433574,-0.15788654851610584,383,0.5517241379310345,3.5906931142998095,3.7112781074398407,29,40.41379310344828,OK,
0.25,0.1,0.1,0.06,5,C,0.02582203026171026,-0.03265571939139427,-0.1597782924320461,382,0.4883720930232558,5.40883166751336,5.589063351276691,43,33.81395348837209,OK,
0.25,0.1,0.1,0.06,8,A,0.02191224382181689,-0.06424460991964313,-0.164887058212607,383,0.5806451612903226,3.867248721618619,3.9987534545972436,31,38.516129032258064,OK,
0.25,0.1,0.1,0.06,8,C,0.02846423376068108,-0.009982145583572593,-0.19678174644831622,382,0.47058823529411764,6.4092673057460745,6.641598092967972,51,32.470588235294116,OK,
0.25,0.1,0.1,0.07,8,A,0.021810998516445856,-0.0648504558446254,-0.16498599618120807,383,0.5806451612903226,3.866276818669465,3.9971167963304532,31,39.935483870967744,OK,
0.25,0.1,0.1,0.07,8,C,0.026302104410650395,-0.02384958785009082,-0.19726024569615602,382,0.47058823529411764,6.401970762904883,6.611539729714867,51,33.68627450980392,OK,
0.25,0.1,0.1,0.07,10,A,0.021810998516445856,-0.0648504558446254,-0.16498599618120807,383,0.5806451612903226,3.866276818669465,3.9971167963304532,31,39.935483870967744,OK,
0.25,0.1,0.1,0.07,10,C,0.026302104410650395,-0.02384958785009082,-0.19726024569615602,382,0.47058823529411764,6.401970762904883,6.611539729714867,51,33.68627450980392,OK,
0.25,0.1,0.15,0.06,5,A,0.021516809672844195,-0.06978738155433574,-0.15788654851610584,383,0.5517241379310345,3.5906931142998095,3.7112781074398407,29,40.41379310344828,OK,
0.25,0.1,0.15,0.06,5,C,0.014988651306917733,-0.1169299417950607,-0.1607073081646103,393,0.39215686274509803,6.424143777669716,6.54055437246065,51,29.862745098039216,OK,
0.25,0.1,0.15,0.06,8,A,0.02191224382181689,-0.06424460991964313,-0.164887058212607,383,0.5806451612903226,3.867248721618619,3.9987534545972436,31,38.516129032258064,OK,
0.25,0.1,0.15,0.06,8,C,0.016962912743702985,-0.08447500978943738,-0.19728110148953243,393,0.39344262295081966,7.700655368144433,7.8576385075945865,61,29.114754098360656,OK,
0.25,0.1,0.1,0.06,10,A,0.02191224382181689,-0.06424460991964313,-0.164887058212607,383,0.5806451612903226,3.867248721618619,3.9987534545972436,31,38.516129032258064,OK,
0.25,0.1,0.1,0.06,10,C,0.02846423376068108,-0.009982145583572593,-0.19678174644831622,382,0.47058823529411764,6.4092673057460745,6.641598092967972,51,32.470588235294116,OK,
0.25,0.1,0.1,0.07,5,A,0.0216918814139484,-0.06827888346819545,-0.15795736584585635,383,0.5714285714285714,3.4698697512248975,3.587308250721845,28,42.17857142857143,OK,
0.25,0.1,0.1,0.07,5,C,0.022683216864829436,-0.05671116233260831,-0.16065027014547273,382,0.47619047619047616,5.286703471272018,5.436982645167596,42,34.857142857142854,OK,
0.25,0.1,0.1,0.1,8,A,0.017259568065986164,-0.10000511480969264,-0.16525010493913403,383,0.5806451612903226,3.8728517680090913,3.9801724100610705,31,40.12903225806452,OK,
0.25,0.1,0.1,0.1,8,C,0.019751835183410504,-0.056494120525494504,-0.2289484352201142,382,0.47058823529411764,6.368344502367192,6.486193782751201,51,35.13725490196079,OK,
0.25,0.1,0.1,0.1,10,A,0.017259568065986164,-0.10000511480969264,-0.16525010493913403,383,0.5806451612903226,3.8728517680090913,3.9801724100610705,31,40.12903225806452,OK,
0.25,0.1,0.1,0.1,10,C,0.019751835183410504,-0.056494120525494504,-0.2289484352201142,382,0.47058823529411764,6.368344502367192,6.486193782751201,51,35.13725490196079,OK,
0.25,0.1,0.1,0.08,5,A,0.02160084138905427,-0.06897863421147045,-0.15795736584585635,383,0.5714285714285714,3.470072183463241,3.5873060107281085,28,42.285714285714285,OK,
0.25,0.1,0.1,0.08,5,C,0.02393815267637045,-0.03887914527988787,-0.1960031886741214,382,0.5,5.28973403015164,5.442155338096737,42,36.214285714285715,OK,
0.25,0.1,0.1,0.08,8,A,0.021720000909040582,-0.06552839817649164,-0.16498599618120807,383,0.5806451612903226,3.866502375013739,3.9971145563367165,31,40.03225806451613,OK,
0.25,0.1,0.1,0.08,8,C,0.027339534176912483,-0.014722119530087107,-0.2289876508431647,382,0.49019607843137253,6.397953890293312,6.608200793160459,51,34.80392156862745,OK,
0.25,0.1,0.15,0.06,10,A,0.02191224382181689,-0.06424460991964313,-0.164887058212607,383,0.5806451612903226,3.867248721618619,3.9987534545972436,31,38.516129032258064,OK,
0.25,0.1,0.15,0.06,10,C,0.016962912743702985,-0.08447500978943738,-0.19728110148953243,393,0.39344262295081966,7.700655368144433,7.8576385075945865,61,29.114754098360656,OK,
0.25,0.1,0.15,0.07,5,A,0.0216918814139484,-0.06827888346819545,-0.15795736584585635,383,0.5714285714285714,3.4698697512248975,3.587308250721845,28,42.17857142857143,OK,
0.25,0.1,0.15,0.07,5,C,0.013657081636683666,-0.12704896255603454,-0.16045123969803507,393,0.3958333333333333,6.034634121140401,6.1223576140465115,48,32.083333333333336,OK,
0.25,0.1,0.15,0.08,10,A,0.021720000909040582,-0.06552839817649164,-0.16498599618120807,383,0.5806451612903226,3.866502375013739,3.9971145563367165,31,40.03225806451613,OK,
0.25,0.1,0.15,0.08,10,C,0.013002605705544568,-0.09359602285328592,-0.2294588228315533,393,0.4098360655737705,7.691470748267981,7.798594328460531,61,31.852459016393443,OK,
0.25,0.1,0.15,0.1,5,A,0.017154728427262844,-0.10445372101554021,-0.15844888549699865,383,0.5714285714285714,3.4788140273679735,3.5753062007122116,28,42.392857142857146,OK,
0.25,0.1,0.15,0.1,5,C,0.014352401943840354,-0.10089234541357472,-0.19505308971363172,393,0.4166666666666667,6.027398595991969,6.097925813420011,48,33.375,OK,
0.25,0.1,0.15,0.07,8,A,0.021810998516445856,-0.0648504558446254,-0.16498599618120807,383,0.5806451612903226,3.866276818669465,3.9971167963304532,31,39.935483870967744,OK,
0.25,0.1,0.15,0.07,8,C,0.013326271075704055,-0.10760926255006145,-0.19673259244239782,393,0.39344262295081966,7.695932193753979,7.810141119729206,61,30.901639344262296,OK,
0.25,0.1,0.15,0.07,10,A,0.021810998516445856,-0.0648504558446254,-0.16498599618120807,383,0.5806451612903226,3.866276818669465,3.9971167963304532,31,39.935483870967744,OK,
0.25,0.1,0.15,0.07,10,C,0.013326271075704055,-0.10760926255006145,-0.19673259244239782,393,0.39344262295081966,7.695932193753979,7.810141119729206,61,30.901639344262296,OK,
0.25,0.1,0.2,0.06,5,A,0.021516809672844195,-0.06978738155433574,-0.15788654851610584,383,0.5517241379310345,3.5906931142998095,3.7112781074398407,29,40.41379310344828,OK,
0.25,0.1,0.2,0.06,5,C,0.017471956986294668,-0.09689166279852683,-0.16011684934848167,383,0.42857142857142855,7.087302036787588,7.256779412412558,56,29.821428571428573,OK,
0.25,0.1,0.2,0.06,8,A,0.02191224382181689,-0.06424460991964313,-0.164887058212607,383,0.5806451612903226,3.867248721618619,3.9987534545972436,31,38.516129032258064,OK,
0.25,0.1,0.2,0.06,8,C,0.018314164568037805,-0.07485485276997007,-0.19672385495182343,383,0.417910447761194,8.513389776802379,8.725588777915705,67,28.925373134328357,OK,
0.25,0.1,0.15,0.1,8,A,0.017259568065986164,-0.10000511480969264,-0.16525010493913403,383,0.5806451612903226,3.8728517680090913,3.9801724100610705,31,40.12903225806452,OK,
0.25,0.1,0.15,0.1,8,C,0.009439991537011139,-0.11286976329484923,-0.22914950051092595,393,0.4098360655737705,7.676047575436834,7.731493633594574,61,32.0,OK,
0.25,0.1,0.15,0.1,10,A,0.017259568065986164,-0.10000511480969264,-0.16525010493913403,383,0.5806451612903226,3.8728517680090913,3.9801724100610705,31,40.12903225806452,OK,
0.25,0.1,0.15,0.1,10,C,0.009439991537011139,-0.11286976329484923,-0.22914950051092595,393,0.4098360655737705,7.676047575436834,7.731493633594574,61,32.0,OK,
0.25,0.1,0.15,0.08,5,A,0.02160084138905427,-0.06897863421147045,-0.15795736584585635,383,0.5714285714285714,3.470072183463241,3.5873060107281085,28,42.285714285714285,OK,
0.25,0.1,0.15,0.08,5,C,0.014998269040071621,-0.0965208102170009,-0.19562416157397494,393,0.4166666666666667,6.03943034723103,6.130066635472683,48,33.270833333333336,OK,
0.25,0.1,0.15,0.08,8,A,0.021720000909040582,-0.06552839817649164,-0.16498599618120807,383,0.5806451612903226,3.866502375013739,3.9971145563367165,31,40.03225806451613,OK,
0.25,0.1,0.15,0.08,8,C,0.013002605705544568,-0.09359602285328592,-0.2294588228315533,393,0.4098360655737705,7.691470748267981,7.798594328460531,61,31.852459016393443,OK,
0.25,0.1,0.2,0.06,10,A,0.02191224382181689,-0.06424460991964313,-0.164887058212607,383,0.5806451612903226,3.867248721618619,3.9987534545972436,31,38.516129032258064,OK,
0.25,0.1,0.2,0.06,10,C,0.018314164568037805,-0.07485485276997007,-0.19672385495182343,383,0.417910447761194,8.513389776802379,8.725588777915705,67,28.925373134328357,OK,
0.25,0.1,0.2,0.07,5,A,0.0216918814139484,-0.06827888346819545,-0.15795736584585635,383,0.5714285714285714,3.4698697512248975,3.587308250721845,28,42.17857142857143,OK,
0.25,0.1,0.2,0.07,5,C,0.015426059700242689,-0.11214589032441032,-0.16035711924542234,383,0.4339622641509434,6.700328055067796,6.81844140159922,53,31.849056603773583,OK,
0.25,0.1,0.2,0.07,8,A,0.021810998516445856,-0.0648504558446254,-0.16498599618120807,383,0.5806451612903226,3.866276818669465,3.9971167963304532,31,39.935483870967744,OK,
0.25,0.1,0.2,0.07,8,C,0.014535180297668315,-0.09886073239685793,-0.1965900538957699,383,0.417910447761194,8.480617483494775,8.631485381066483,67,30.611940298507463,OK,
0.25,0.1,0.2,0.07,10,A,0.021810998516445856,-0.0648504558446254,-0.16498599618120807,383,0.5806451612903226,3.866276818669465,3.9971167963304532,31,39.935483870967744,OK,
0.25,0.1,0.2,0.07,10,C,0.014535180297668315,-0.09886073239685793,-0.1965900538957699,383,0.417910447761194,8.480617483494775,8.631485381066483,67,30.611940298507463,OK,
0.25,0.15,0.05,0.06,10,A,0.02198101055272139,-0.06378686870579105,-0.1648353756588109,363,0.5666666666666667,3.744869387713883,3.873256913779878,30,39.56666666666667,OK,
0.25,0.15,0.05,0.06,10,C,0.017551339385223796,-0.09408546670839298,-0.17235087701067614,363,0.47368421052631576,4.6934785525720075,4.768381551453821,38,33.86842105263158,OK,
0.25,0.15,0.05,0.07,5,A,0.021754030611614183,-0.06786297789300118,-0.1579122986807744,363,0.5555555555555556,3.3491860449843247,3.4634457106323184,27,43.48148148148148,OK,
0.25,0.15,0.05,0.07,5,C,0.016125170567699687,-0.10810235715959152,-0.16861251714335482,363,0.4857142857142857,4.326255686733045,4.383301561830845,35,36.08571428571429,OK,
0.25,0.1,0.2,0.08,5,A,0.02160084138905427,-0.06897863421147045,-0.15795736584585635,383,0.5714285714285714,3.470072183463241,3.5873060107281085,28,42.285714285714285,OK,
0.25,0.1,0.2,0.08,5,C,0.016758002710115738,-0.08464238923360638,-0.1954883227349525,383,0.4528301886792453,6.6984447466331165,6.819319435653233,53,32.924528301886795,OK,
0.25,0.1,0.2,0.08,8,A,0.021720000909040582,-0.06552839817649164,-0.16498599618120807,383,0.5806451612903226,3.866502375013739,3.9971145563367165,31,40.03225806451613,OK,
0.25,0.1,0.2,0.08,8,C,0.014243269875808151,-0.08614229271330079,-0.22939858328056448,383,0.43283582089552236,8.486514296500806,8.630158168900028,67,31.47761194029851,OK,
0.25,0.1,0.2,0.08,10,A,0.021720000909040582,-0.06552839817649164,-0.16498599618120807,383,0.5806451612903226,3.866502375013739,3.9971145563367165,31,40.03225806451613,OK,
0.25,0.1,0.2,0.08,10,C,0.014243269875808151,-0.08614229271330079,-0.22939858328056448,383,0.43283582089552236,8.486514296500806,8.630158168900028,67,31.47761194029851,OK,
0.25,0.1,0.2,0.1,5,A,0.017154728427262844,-0.10445372101554021,-0.15844888549699865,383,0.5714285714285714,3.4788140273679735,3.5753062007122116,28,42.392857142857146,OK,
0.25,0.1,0.2,0.1,5,C,0.016169980128545536,-0.08846067249620322,-0.1951881958725924,383,0.4528301886792453,6.688552144056488,6.787503556184142,53,33.0188679245283,OK,
0.25,0.15,0.05,0.07,8,A,0.021873118768314548,-0.0644434950668252,-0.16493927053191268,363,0.5666666666666667,3.7454928680816604,3.8732542562409273,30,41.03333333333333,OK,
0.25,0.15,0.05,0.07,8,C,0.015437172290859724,-0.10992562504395494,-0.17157976721294482,363,0.47368421052631576,4.688398057423441,4.750656136397389,38,35.473684210526315,OK,
0.25,0.15,0.05,0.07,10,A,0.021873118768314548,-0.0644434950668252,-0.16493927053191268,363,0.5666666666666667,3.7454928680816604,3.8732542562409273,30,41.03333333333333,OK,
0.25,0.15,0.05,0.07,10,C,0.015437172290859724,-0.10992562504395494,-0.17157976721294482,363,0.47368421052631576,4.688398057423441,4.750656136397389,38,35.473684210526315,OK,
0.25,0.1,0.2,0.1,8,A,0.017259568065986164,-0.10000511480969264,-0.16525010493913403,383,0.5806451612903226,3.8728517680090913,3.9801724100610705,31,40.12903225806452,OK,
0.25,0.1,0.2,0.1,8,C,0.010683022466170922,-0.10526085796671404,-0.22913445875796043,383,0.43283582089552236,8.45982940374947,8.546483320503395,67,31.611940298507463,OK,
0.25,0.1,0.2,0.1,10,A,0.017259568065986164,-0.10000511480969264,-0.16525010493913403,383,0.5806451612903226,3.8728517680090913,3.9801724100610705,31,40.12903225806452,OK,
0.25,0.1,0.2,0.1,10,C,0.010683022466170922,-0.10526085796671404,-0.22913445875796043,383,0.43283582089552236,8.45982940374947,8.546483320503395,67,31.611940298507463,OK,
0.25,0.15,0.05,0.06,5,A,0.02158568283619333,-0.06932234109810063,-0.1578366266609327,363,0.5357142857142857,3.468336226735817,3.5857815666224746,28,41.607142857142854,OK,
0.25,0.15,0.05,0.06,5,C,0.01721349090362767,-0.10005461192544293,-0.16865867342134505,363,0.4722222222222222,4.436972297351866,4.500592406623406,36,34.333333333333336,OK,
0.25,0.15,0.05,0.06,8,A,0.02198101055272139,-0.06378686870579105,-0.1648353756588109,363,0.5666666666666667,3.744869387713883,3.873256913779878,30,39.56666666666667,OK,
0.25,0.15,0.05,0.06,8,C,0.017551339385223796,-0.09408546670839298,-0.17235087701067614,363,0.47368421052631576,4.6934785525720075,4.768381551453821,38,33.86842105263158,OK,
0.25,0.15,0.05,0.08,5,A,0.021663012721075292,-0.06856377899292318,-0.1579122986807744,363,0.5555555555555556,3.3493813865166078,3.463443470638582,27,43.592592592592595,OK,
0.25,0.15,0.05,0.08,5,C,0.015433603310186284,-0.11308590025063504,-0.1689668578349821,363,0.5142857142857142,4.325178881701642,4.374951941534874,35,36.77142857142857,OK,
0.25,0.15,0.05,0.08,8,A,0.0217821432720684,-0.06512239133069238,-0.16493927053191268,363,0.5666666666666667,3.745711322025669,3.8732520162471906,30,41.13333333333333,OK,
0.25,0.15,0.05,0.08,8,C,0.014732603720785553,-0.1148378240101837,-0.17190475373839542,363,0.5,4.688967009202302,4.743350549688807,38,36.10526315789474,OK,
0.25,0.15,0.05,0.08,10,A,0.0217821432720684,-0.06512239133069238,-0.16493927053191268,363,0.5666666666666667,3.745711322025669,3.8732520162471906,30,41.13333333333333,OK,
0.25,0.15,0.05,0.08,10,C,0.014732603720785553,-0.1148378240101837,-0.17190475373839542,363,0.5,4.688967009202302,4.743350549688807,38,36.10526315789474,OK,
0.25,0.15,0.05,0.1,5,A,0.017224789436152355,-0.10403389788136849,-0.15839853496071007,363,0.5555555555555556,3.3557942307768567,3.4498096598948456,27,43.7037037037037,OK,
0.25,0.15,0.05,0.1,5,C,0.010311910268156144,-0.152083367244262,-0.1686569246523526,363,0.5142857142857142,4.309038752507348,4.3188878700952635,35,37.0,OK,
0.25,0.15,0.1,0.06,5,A,0.02158568283619333,-0.06932234109810063,-0.1578366266609327,363,0.5357142857142857,3.468336226735817,3.5857815666224746,28,41.607142857142854,OK,
0.25,0.15,0.1,0.06,5,C,0.02831034132831345,-0.013204165644965538,-0.16002991202786485,378,0.5121951219512195,5.171810981586421,5.39365358612477,41,35.02439024390244,OK,
0.25,0.15,0.1,0.06,8,A,0.02198101055272139,-0.06378686870579105,-0.1648353756588109,363,0.5666666666666667,3.744869387713883,3.873256913779878,30,39.56666666666667,OK,
0.25,0.15,0.1,0.06,8,C,0.03107066621537613,0.006941482154395807,-0.19714891267551665,378,0.5,6.065518446312244,6.345422451148492,48,33.5625,OK,
0.25,0.15,0.05,0.1,8,A,0.017328353202109348,-0.09959938552499967,-0.16519889479749475,363,0.5666666666666667,3.7503192098931106,3.8552794410203473,30,41.233333333333334,OK,
0.25,0.15,0.05,0.1,8,C,0.009738534535916887,-0.15114009283205604,-0.1720559806448873,363,0.5,4.670242061842757,4.6819286601969345,38,36.31578947368421,OK,
0.25,0.15,0.05,0.1,10,A,0.017328353202109348,-0.09959938552499967,-0.16519889479749475,363,0.5666666666666667,3.7503192098931106,3.8552794410203473,30,41.233333333333334,OK,
0.25,0.15,0.05,0.1,10,C,0.009738534535916887,-0.15114009283205604,-0.1720559806448873,363,0.5,4.670242061842757,4.6819286601969345,38,36.31578947368421,OK,
0.25,0.15,0.1,0.06,10,A,0.02198101055272139,-0.06378686870579105,-0.1648353756588109,363,0.5666666666666667,3.744869387713883,3.873256913779878,30,39.56666666666667,OK,
0.25,0.15,0.1,0.06,10,C,0.03107066621537613,0.006941482154395807,-0.19714891267551665,378,0.5,6.065518446312244,6.345422451148492,48,33.5625,OK,
0.25,0.15,0.1,0.07,5,A,0.021754030611614183,-0.06786297789300118,-0.1579122986807744,363,0.5555555555555556,3.3491860449843247,3.4634457106323184,27,43.48148148148148,OK,
0.25,0.15,0.1,0.07,5,C,0.025391986249772236,-0.03569508867874158,-0.16092619239341194,378,0.5,5.058918514625495,5.255876021910337,40,36.125,OK,
0.25,0.15,0.1,0.08,5,A,0.021663012721075292,-0.06856377899292318,-0.1579122986807744,363,0.5555555555555556,3.3493813865166078,3.463443470638582,27,43.592592592592595,OK,
0.25,0.15,0.1,0.08,5,C,0.02639471789165304,-0.023272004705530324,-0.19496540086168326,378,0.525,5.047779174514435,5.2444812186515595,40,37.55,OK,
0.25,0.15,0.1,0.08,8,A,0.0217821432720684,-0.06512239133069238,-0.16493927053191268,363,0.5666666666666667,3.745711322025669,3.8732520162471906,30,41.13333333333333,OK,
0.25,0.15,0.1,0.08,8,C,0.030118889727361875,0.0006569123040972203,-0.22920949090592846,378,0.5208333333333334,6.052918076373702,6.317486848099145,48,36.020833333333336,OK,
0.25,0.15,0.1,0.07,8,A,0.021873118768314548,-0.0644434950668252,-0.16493927053191268,363,0.5666666666666667,3.7454928680816604,3.8732542562409273,30,41.03333333333333,OK,
0.25,0.15,0.1,0.07,8,C,0.02880486145918426,-0.007742300433034073,-0.19631870816195554,378,0.5,6.062571003509914,6.324080728070537,48,34.833333333333336,OK,
0.25,0.15,0.1,0.07,10,A,0.021873118768314548,-0.0644434950668252,-0.16493927053191268,363,0.5666666666666667,3.7454928680816604,3.8732542562409273,30,41.03333333333333,OK,
0.25,0.15,0.1,0.07,10,C,0.02880486145918426,-0.007742300433034073,-0.19631870816195554,378,0.5,6.062571003509914,6.324080728070537,48,34.833333333333336,OK,
0.25,0.15,0.1,0.08,10,A,0.0217821432720684,-0.06512239133069238,-0.16493927053191268,363,0.5666666666666667,3.745711322025669,3.8732520162471906,30,41.13333333333333,OK,
0.25,0.15,0.1,0.08,10,C,0.030118889727361875,0.0006569123040972203,-0.22920949090592846,378,0.5208333333333334,6.052918076373702,6.317486848099145,48,36.020833333333336,OK,
0.25,0.15,0.1,0.1,5,A,0.017224789436152355,-0.10403389788136849,-0.15839853496071007,363,0.5555555555555556,3.3557942307768567,3.4498096598948456,27,43.7037037037037,OK,
0.25,0.15,0.1,0.1,5,C,0.026364715486582035,-0.02345725275212974,-0.194943652995345,378,0.5384615384615384,4.874552331245874,5.040579723522253,39,38.53846153846154,OK,
0.25,0.15,0.1,0.1,8,A,0.017328353202109348,-0.09959938552499967,-0.16519889479749475,363,0.5666666666666667,3.7503192098931106,3.8552794410203473,30,41.233333333333334,OK,
0.25,0.15,0.1,0.1,8,C,0.02517626478861601,-0.02654103243673571,-0.22911857205219674,378,0.5208333333333334,6.029484093250278,6.234877869564487,48,36.1875,OK,
0.25,0.15,0.1,0.1,10,A,0.017328353202109348,-0.09959938552499967,-0.16519889479749475,363,0.5666666666666667,3.7503192098931106,3.8552794410203473,30,41.233333333333334,OK,
0.25,0.15,0.1,0.1,10,C,0.02517626478861601,-0.02654103243673571,-0.22911857205219674,378,0.5208333333333334,6.029484093250278,6.234877869564487,48,36.1875,OK,
0.25,0.15,0.15,0.06,5,A,0.02158568283619333,-0.06932234109810063,-0.1578366266609327,363,0.5357142857142857,3.468336226735817,3.5857815666224746,28,41.607142857142854,OK,
0.25,0.15,0.15,0.06,5,C,0.01748474755382068,-0.09746741083391285,-0.16096980374271266,392,0.40816326530612246,6.18681254969228,6.356832452398336,49,30.714285714285715,OK,
0.25,0.15,0.15,0.06,8,A,0.02198101055272139,-0.06378686870579105,-0.1648353756588109,363,0.5666666666666667,3.744869387713883,3.873256913779878,30,39.56666666666667,OK,
0.25,0.15,0.15,0.06,8,C,0.01869094602816479,-0.07333108573167425,-0.19653046640587368,392,0.4067796610169492,7.472392835381678,7.684673441886082,59,29.74576271186441,OK,
0.25,0.15,0.15,0.08,10,A,0.0217821432720684,-0.06512239133069238,-0.16493927053191268,363,0.5666666666666667,3.745711322025669,3.8732520162471906,30,41.13333333333333,OK,
0.25,0.15,0.15,0.08,10,C,0.015079509074471753,-0.08208837938165954,-0.22916574170110213,392,0.423728813559322,7.459813034559426,7.630593292744701,59,32.559322033898304,OK,
0.25,0.15,0.15,0.1,5,A,0.017224789436152355,-0.10403389788136849,-0.15839853496071007,363,0.5555555555555556,3.3557942307768567,3.4498096598948456,27,43.7037037037037,OK,
0.25,0.15,0.15,0.1,5,C,0.016973022468240506,-0.08390878856468927,-0.19543538827278642,392,0.43478260869565216,5.788902448372819,5.914975336728601,46,34.41304347826087,OK,
0.25,0.15,0.15,0.08,5,A,0.021663012721075292,-0.06856377899292318,-0.1579122986807744,363,0.5555555555555556,3.3493813865166078,3.463443470638582,27,43.592592592592595,OK,
0.25,0.15,0.15,0.08,5,C,0.017636291493498657,-0.07954126892637578,-0.19583017410112055,392,0.43478260869565216,5.806174150148323,5.9524250339602585,46,34.30434782608695,OK,
0.25,0.15,0.15,0.08,8,A,0.0217821432720684,-0.06512239133069238,-0.16493927053191268,363,0.5666666666666667,3.745711322025669,3.8732520162471906,30,41.13333333333333,OK,
0.25,0.15,0.15,0.08,8,C,0.015079509074471753,-0.08208837938165954,-0.22916574170110213,392,0.423728813559322,7.459813034559426,7.630593292744701,59,32.559322033898304,OK,
0.25,0.15,0.15,0.06,10,A,0.02198101055272139,-0.06378686870579105,-0.1648353756588109,363,0.5666666666666667,3.744869387713883,3.873256913779878,30,39.56666666666667,OK,
0.25,0.15,0.15,0.06,10,C,0.01869094602816479,-0.07333108573167425,-0.19653046640587368,392,0.4067796610169492,7.472392835381678,7.684673441886082,59,29.74576271186441,OK,
0.25,0.15,0.15,0.07,5,A,0.021754030611614183,-0.06786297789300118,-0.1579122986807744,363,0.5555555555555556,3.3491860449843247,3.4634457106323184,27,43.48148148148148,OK,
0.25,0.15,0.15,0.07,5,C,0.016272299161941506,-0.10673183436302038,-0.16064018030428973,392,0.41304347826086957,5.804201947799585,5.9474456972546195,46,33.06521739130435,OK,
0.25,0.15,0.15,0.1,8,A,0.017328353202109348,-0.09959938552499967,-0.16519889479749475,363,0.5666666666666667,3.7503192098931106,3.8552794410203473,30,41.233333333333334,OK,
0.25,0.15,0.15,0.1,8,C,0.011788917085689521,-0.09956496425914292,-0.22960057226842256,392,0.423728813559322,7.4364206090583505,7.559147251392602,59,32.71186440677966,OK,
0.25,0.15,0.15,0.1,10,A,0.017328353202109348,-0.09959938552499967,-0.16519889479749475,363,0.5666666666666667,3.7503192098931106,3.8552794410203473,30,41.233333333333334,OK,
0.25,0.15,0.15,0.1,10,C,0.011788917085689521,-0.09956496425914292,-0.22960057226842256,392,0.423728813559322,7.4364206090583505,7.559147251392602,59,32.71186440677966,OK,
0.25,0.15,0.15,0.07,8,A,0.021873118768314548,-0.0644434950668252,-0.16493927053191268,363,0.5666666666666667,3.7454928680816604,3.8732542562409273,30,41.03333333333333,OK,
0.25,0.15,0.15,0.07,8,C,0.015556493663881454,-0.09268187203408976,-0.19724591855799656,392,0.4067796610169492,7.460057280929464,7.639583451594756,59,31.576271186440678,OK,
0.25,0.15,0.15,0.07,10,A,0.021873118768314548,-0.0644434950668252,-0.16493927053191268,363,0.5666666666666667,3.7454928680816604,3.8732542562409273,30,41.03333333333333,OK,
0.25,0.15,0.15,0.07,10,C,0.015556493663881454,-0.09268187203408976,-0.19724591855799656,392,0.4067796610169492,7.460057280929464,7.639583451594756,59,31.576271186440678,OK,
0.25,0.15,0.2,0.08,5,A,0.021663012721075292,-0.06856377899292318,-0.1579122986807744,363,0.5555555555555556,3.3493813865166078,3.463443470638582,27,43.592592592592595,OK,
0.25,0.15,0.2,0.08,5,C,0.021383306281464565,-0.05525071495109729,-0.19509782335024117,378,0.48,6.36396798701177,6.598626573657866,50,34.38,OK,
0.25,0.15,0.2,0.08,8,A,0.0217821432720684,-0.06512239133069238,-0.16493927053191268,363,0.5666666666666667,3.745711322025669,3.8732520162471906,30,41.13333333333333,OK,
0.25,0.15,0.2,0.08,8,C,0.01953921276431947,-0.0570115615452813,-0.22982536002314535,378,0.4603174603174603,8.05041116620617,8.342562337687019,63,32.476190476190474,OK,
0.25,0.15,0.2,0.06,5,A,0.02158568283619333,-0.06932234109810063,-0.1578366266609327,363,0.5357142857142857,3.468336226735817,3.5857815666224746,28,41.607142857142854,OK,
0.25,0.15,0.2,0.06,5,C,0.021082094529894402,-0.06915681334764272,-0.15992929521505092,378,0.4528301886792453,6.748155882819493,7.011123400242533,53,31.056603773584907,OK,
0.25,0.15,0.2,0.06,8,A,0.02198101055272139,-0.06378686870579105,-0.1648353756588109,363,0.5666666666666667,3.744869387713883,3.873256913779878,30,39.56666666666667,OK,
0.25,0.15,0.2,0.06,8,C,0.022034496170685314,-0.051088107010984145,-0.19669263716126514,378,0.4375,8.166531252777185,8.494258197462369,64,29.90625,OK,
0.25,0.15,0.2,0.06,10,A,0.02198101055272139,-0.06378686870579105,-0.1648353756588109,363,0.5666666666666667,3.744869387713883,3.873256913779878,30,39.56666666666667,OK,
0.25,0.15,0.2,0.06,10,C,0.022034496170685314,-0.051088107010984145,-0.19669263716126514,378,0.4375,8.166531252777185,8.494258197462369,64,29.90625,OK,
0.25,0.15,0.2,0.07,5,A,0.021754030611614183,-0.06786297789300118,-0.1579122986807744,363,0.5555555555555556,3.3491860449843247,3.4634457106323184,27,43.48148148148148,OK,
0.25,0.15,0.2,0.07,5,C,0.02019010018607381,-0.07549085662503831,-0.16061415325899328,378,0.46,6.366106109902677,6.59880013356023,50,33.24,OK,
0.25,0.15,0.2,0.07,8,A,0.021873118768314548,-0.0644434950668252,-0.16493927053191268,363,0.5666666666666667,3.7454928680816604,3.8732542562409273,30,41.03333333333333,OK,
0.25,0.15,0.2,0.07,8,C,0.01863456520073936,-0.0725714333743314,-0.19622124993032766,378,0.4375,8.15995035744534,8.448976938117493,64,31.59375,OK,
0.25,0.15,0.2,0.07,10,A,0.021873118768314548,-0.0644434950668252,-0.16493927053191268,363,0.5666666666666667,3.7454928680816604,3.8732542562409273,30,41.03333333333333,OK,
0.25,0.15,0.2,0.07,10,C,0.01863456520073936,-0.0725714333743314,-0.19622124993032766,378,0.4375,8.15995035744534,8.448976938117493,64,31.59375,OK,
0.25,0.15,0.2,0.1,8,A,0.017328353202109348,-0.09959938552499967,-0.16519889479749475,363,0.5666666666666667,3.7503192098931106,3.8552794410203473,30,41.233333333333334,OK,
0.25,0.15,0.2,0.1,8,C,0.013521278988806618,-0.08965006897206707,-0.2289513030407194,378,0.453125,8.096663290736918,8.301379360117235,64,32.625,OK,
0.25,0.15,0.2,0.1,10,A,0.017328353202109348,-0.09959938552499967,-0.16519889479749475,363,0.5666666666666667,3.7503192098931106,3.8552794410203473,30,41.233333333333334,OK,
0.25,0.15,0.2,0.1,10,C,0.013521278988806618,-0.08965006897206707,-0.2289513030407194,378,0.453125,8.096663290736918,8.301379360117235,64,32.625,OK,
0.25,0.2,0.05,0.06,5,A,0.022905681365881447,-0.0652564327702816,-0.14450561416514524,301,0.52,3.094757395935731,3.200029326619661,25,39.44,OK,
0.25,0.2,0.05,0.06,5,C,0.021762704251896636,-0.07368402741350868,-0.1481541397833559,299,0.4666666666666667,3.682270687970985,3.7772023627427647,30,33.96666666666667,OK,
0.25,0.2,0.05,0.06,8,A,0.022905681365881447,-0.0652564327702816,-0.14450561416514524,301,0.52,3.094757395935731,3.200029326619661,25,39.44,OK,
0.25,0.2,0.05,0.06,8,C,0.021762704251896636,-0.07368402741350868,-0.1481541397833559,299,0.4666666666666667,3.682270687970985,3.7772023627427647,30,33.96666666666667,OK,
0.25,0.15,0.2,0.08,10,A,0.0217821432720684,-0.06512239133069238,-0.16493927053191268,363,0.5666666666666667,3.745711322025669,3.8732520162471906,30,41.13333333333333,OK,
0.25,0.15,0.2,0.08,10,C,0.01953921276431947,-0.0570115615452813,-0.22982536002314535,378,0.4603174603174603,8.05041116620617,8.342562337687019,63,32.476190476190474,OK,
0.25,0.15,0.2,0.1,5,A,0.017224789436152355,-0.10403389788136849,-0.15839853496071007,363,0.5555555555555556,3.3557942307768567,3.4498096598948456,27,43.7037037037037,OK,
0.25,0.15,0.2,0.1,5,C,0.020928460567708695,-0.057984266549210614,-0.19556992568001103,378,0.48,6.349448707445852,6.563018669915247,50,34.48,OK,
0.25,0.2,0.05,0.06,10,A,0.022905681365881447,-0.0652564327702816,-0.14450561416514524,301,0.52,3.094757395935731,3.200029326619661,25,39.44,OK,
0.25,0.2,0.05,0.06,10,C,0.021762704251896636,-0.07368402741350868,-0.1481541397833559,299,0.4666666666666667,3.682270687970985,3.7772023627427647,30,33.96666666666667,OK,
0.25,0.2,0.05,0.07,5,A,0.023040941775175128,-0.06400538091375833,-0.14443450298162192,301,0.5416666666666666,2.9739889376772592,3.075770314119665,24,41.458333333333336,OK,
0.25,0.2,0.05,0.07,5,C,0.020771217904581807,-0.08211253537249821,-0.14810216492538206,299,0.4827586206896552,3.567044494145569,3.655147849529308,29,36.06896551724138,OK,
0.25,0.2,0.05,0.07,8,A,0.02276592313510606,-0.06636144112453983,-0.1444413243756021,301,0.52,3.0935555814115836,3.19810351257087,25,41.2,OK,
0.25,0.2,0.05,0.07,8,C,0.01984892565072416,-0.08993107118826202,-0.14848336228763842,300,0.4666666666666667,3.687405564388407,3.773378463689004,30,36.0,OK,
0.25,0.2,0.05,0.07,10,A,0.02276592313510606,-0.06636144112453983,-0.1444413243756021,301,0.52,3.0935555814115836,3.19810351257087,25,41.2,OK,
0.25,0.2,0.05,0.07,10,C,0.01984892565072416,-0.08993107118826202,-0.14848336228763842,300,0.4666666666666667,3.687405564388407,3.773378463689004,30,36.0,OK,
0.25,0.2,0.05,0.08,5,A,0.022950380707754015,-0.06478210377738877,-0.14443450298162192,301,0.5416666666666666,2.9741623826912855,3.075768074125928,24,41.583333333333336,OK,
0.25,0.2,0.05,0.08,5,C,0.01574765156727498,-0.1270636465101795,-0.14783597331221496,333,0.4482758620689655,3.549026723938546,3.5995259259519656,29,36.793103448275865,OK,
0.25,0.2,0.05,0.08,8,A,0.022675264683864826,-0.06713499582198822,-0.1444413243756021,301,0.52,3.0937360728045067,3.198101272577133,25,41.32,OK,
0.25,0.2,0.05,0.08,8,C,0.01630538122199221,-0.12118596952958142,-0.1485405682213099,333,0.45161290322580644,3.784567550327562,3.8431757306738645,31,35.87096774193548,OK,
0.25,0.2,0.05,0.1,8,A,0.01869378931211907,-0.10273885863945528,-0.14476059453288526,303,0.52,3.090618780482279,3.1773407687289055,25,41.4,OK,
0.25,0.2,0.05,0.1,8,C,0.011651125272126084,-0.16106216550825353,-0.14859146789143154,335,0.45161290322580644,3.777779313713709,3.802754975642427,31,36.096774193548384,OK,
0.25,0.2,0.05,0.1,10,A,0.01869378931211907,-0.10273885863945528,-0.14476059453288526,303,0.52,3.090618780482279,3.1773407687289055,25,41.4,OK,
0.25,0.2,0.05,0.1,10,C,0.011651125272126084,-0.16106216550825353,-0.14859146789143154,335,0.45161290322580644,3.777779313713709,3.802754975642427,31,36.096774193548384,OK,
0.25,0.2,0.1,0.06,10,A,0.022905681365881447,-0.0652564327702816,-0.14450561416514524,301,0.52,3.094757395935731,3.200029326619661,25,39.44,OK,
0.25,0.2,0.1,0.06,10,C,0.03420109083457512,0.030988059478061353,-0.17695617340325448,297,0.47368421052631576,4.7552509230931275,5.008558217937175,38,34.60526315789474,OK,
0.25,0.2,0.1,0.07,5,A,0.023040941775175128,-0.06400538091375833,-0.14443450298162192,301,0.5416666666666666,2.9739889376772592,3.075770314119665,24,41.458333333333336,OK,
0.25,0.2,0.1,0.07,5,C,0.0341008418624873,0.030395108660249835,-0.17657400146359398,294,0.48484848484848486,4.153625562217326,4.383812882996521,33,38.18181818181818,OK,
0.25,0.2,0.05,0.08,10,A,0.022675264683864826,-0.06713499582198822,-0.1444413243756021,301,0.52,3.0937360728045067,3.198101272577133,25,41.32,OK,
0.25,0.2,0.05,0.08,10,C,0.01630538122199221,-0.12118596952958142,-0.1485405682213099,333,0.45161290322580644,3.784567550327562,3.8431757306738645,31,35.87096774193548,OK,
0.25,0.2,0.05,0.1,5,A,0.018958534876594824,-0.10057453633841341,-0.14475413074680868,303,0.5416666666666666,2.9775216202908457,3.062314090822434,24,41.666666666666664,OK,
0.25,0.2,0.05,0.1,5,C,0.011172500296566357,-0.16660991912648376,-0.14779087102986294,336,0.4482758620689655,3.5383338272643514,3.5576683230804145,29,37.03448275862069,OK,
0.25,0.2,0.1,0.06,5,A,0.022905681365881447,-0.0652564327702816,-0.14450561416514524,301,0.52,3.094757395935731,3.200029326619661,25,39.44,OK,
0.25,0.2,0.1,0.06,5,C,0.03793671050028302,0.05898129603662414,-0.1766493739178301,293,0.5,4.273668819158191,4.535007364184989,34,36.76470588235294,OK,
0.25,0.2,0.1,0.06,8,A,0.022905681365881447,-0.0652564327702816,-0.14450561416514524,301,0.52,3.094757395935731,3.200029326619661,25,39.44,OK,
0.25,0.2,0.1,0.06,8,C,0.03420109083457512,0.030988059478061353,-0.17695617340325448,297,0.47368421052631576,4.7552509230931275,5.008558217937175,38,34.60526315789474,OK,
0.25,0.2,0.1,0.07,8,A,0.02276592313510606,-0.06636144112453983,-0.1444413243756021,301,0.52,3.0935555814115836,3.19810351257087,25,41.2,OK,
0.25,0.2,0.1,0.07,8,C,0.03210329021098013,0.015468871418843637,-0.17637509798885342,297,0.47368421052631576,4.754573864008194,4.9943013710167765,38,36.21052631578947,OK,
0.25,0.2,0.1,0.07,10,A,0.02276592313510606,-0.06636144112453983,-0.1444413243756021,301,0.52,3.0935555814115836,3.19810351257087,25,41.2,OK,
0.25,0.2,0.1,0.07,10,C,0.03210329021098013,0.015468871418843637,-0.17637509798885342,297,0.47368421052631576,4.754573864008194,4.9943013710167765,38,36.21052631578947,OK,
0.25,0.2,0.1,0.08,10,A,0.022675264683864826,-0.06713499582198822,-0.1444413243756021,301,0.52,3.0937360728045067,3.198101272577133,25,41.32,OK,
0.25,0.2,0.1,0.08,10,C,0.029748291685248285,-0.0018447268915485293,-0.17697146678835743,301,0.47368421052631576,4.746773345129663,4.958146576798598,38,36.526315789473685,OK,
0.25,0.2,0.1,0.1,5,A,0.018958534876594824,-0.10057453633841341,-0.14475413074680868,303,0.5416666666666666,2.9775216202908457,3.062314090822434,24,41.666666666666664,OK,
0.25,0.2,0.1,0.1,5,C,0.02690344289253299,-0.022846848323877157,-0.1763949445565353,301,0.48484848484848486,4.124977363691369,4.289335687561284,33,38.75757575757576,OK,
0.25,0.2,0.1,0.1,8,A,0.01869378931211907,-0.10273885863945528,-0.14476059453288526,303,0.52,3.090618780482279,3.1773407687289055,25,41.4,OK,
0.25,0.2,0.1,0.1,8,C,0.025204251844965553,-0.03493479341544338,-0.17712175589137424,301,0.47368421052631576,4.705406442109132,4.8721217242378465,38,36.71052631578947,OK,
0.25,0.2,0.1,0.1,10,A,0.01869378931211907,-0.10273885863945528,-0.14476059453288526,303,0.52,3.090618780482279,3.1773407687289055,25,41.4,OK,
0.25,0.2,0.1,0.1,10,C,0.025204251844965553,-0.03493479341544338,-0.17712175589137424,301,0.47368421052631576,4.705406442109132,4.8721217242378465,38,36.71052631578947,OK,
0.25,0.2,0.1,0.08,5,A,0.022950380707754015,-0.06478210377738877,-0.14443450298162192,301,0.5416666666666666,2.9741623826912855,3.075768074125928,24,41.583333333333336,OK,
0.25,0.2,0.1,0.08,5,C,0.031537142919348726,0.01140713100737013,-0.176367608700078,298,0.48484848484848486,4.142326148026865,4.3460765687030145,33,38.54545454545455,OK,
0.25,0.2,0.1,0.08,8,A,0.022675264683864826,-0.06713499582198822,-0.1444413243756021,301,0.52,3.0937360728045067,3.198101272577133,25,41.32,OK,
0.25,0.2,0.1,0.08,8,C,0.029748291685248285,-0.0018447268915485293,-0.17697146678835743,301,0.47368421052631576,4.746773345129663,4.958146576798598,38,36.526315789473685,OK,
0.25,0.2,0.15,0.06,10,A,0.022905681365881447,-0.0652564327702816,-0.14450561416514524,301,0.52,3.094757395935731,3.200029326619661,25,39.44,OK,
0.25,0.2,0.15,0.06,10,C,0.024763524386332003,-0.03854932781458511,-0.17651651434225749,389,0.3877551020408163,6.200263572034242,6.453631428954002,49,29.816326530612244,OK,
0.25,0.2,0.15,0.07,5,A,0.023040941775175128,-0.06400538091375833,-0.14443450298162192,301,0.5416666666666666,2.9739889376772592,3.075770314119665,24,41.458333333333336,OK,
0.25,0.2,0.15,0.07,5,C,0.02394502984975877,-0.04495327029293207,-0.17627033663952743,389,0.3902439024390244,5.223278465325445,5.451418845780842,41,32.853658536585364,OK,
0.25,0.2,0.15,0.06,5,A,0.022905681365881447,-0.0652564327702816,-0.14450561416514524,301,0.52,3.094757395935731,3.200029326619661,25,39.44,OK,
0.25,0.2,0.15,0.06,5,C,0.027441235872252223,-0.01902088451125061,-0.17662017392988952,389,0.3953488372093023,5.468000462433054,5.7331222294311655,43,30.813953488372093,OK,
0.25,0.2,0.15,0.06,8,A,0.022905681365881447,-0.0652564327702816,-0.14450561416514524,301,0.52,3.094757395935731,3.200029326619661,25,39.44,OK,
0.25,0.2,0.15,0.06,8,C,0.024763524386332003,-0.03854932781458511,-0.17651651434225749,389,0.3877551020408163,6.200263572034242,6.453631428954002,49,29.816326530612244,OK,
0.25,0.2,0.15,0.08,5,A,0.022950380707754015,-0.06478210377738877,-0.14443450298162192,301,0.5416666666666666,2.9741623826912855,3.075768074125928,24,41.583333333333336,OK,
0.25,0.2,0.15,0.08,5,C,0.019939213106302534,-0.07456332794439799,-0.17623315316457996,389,0.3902439024390244,5.215801877889021,5.405449042995874,41,33.170731707317074,OK,
0.25,0.2,0.15,0.08,8,A,0.022675264683864826,-0.06713499582198822,-0.1444413243756021,301,0.52,3.0937360728045067,3.198101272577133,25,41.32,OK,
0.25,0.2,0.15,0.08,8,C,0.013961451055044538,-0.11689690733763305,-0.17616204261308402,389,0.3673469387755102,6.1416100540931104,6.280639501442621,49,32.3469387755102,OK,
0.25,0.2,0.15,0.07,8,A,0.02276592313510606,-0.06636144112453983,-0.1444413243756021,301,0.52,3.0935555814115836,3.19810351257087,25,41.2,OK,
0.25,0.2,0.15,0.07,8,C,0.021359347529671835,-0.06315960482481853,-0.17626605549508187,389,0.3877551020408163,6.200175764547162,6.424174544030102,49,32.02040816326531,OK,
0.25,0.2,0.15,0.07,10,A,0.02276592313510606,-0.06636144112453983,-0.1444413243756021,301,0.52,3.0935555814115836,3.19810351257087,25,41.2,OK,
0.25,0.2,0.15,0.07,10,C,0.021359347529671835,-0.06315960482481853,-0.17626605549508187,389,0.3877551020408163,6.200175764547162,6.424174544030102,49,32.02040816326531,OK,
0.25,0.2,0.15,0.1,8,A,0.01869378931211907,-0.10273885863945528,-0.14476059453288526,303,0.52,3.090618780482279,3.1773407687289055,25,41.4,OK,
0.25,0.2,0.15,0.1,8,C,0.006476243234004642,-0.17007522789000182,-0.17637800724339456,389,0.36,6.266031134566168,6.337486099811919,50,31.96,OK,
0.25,0.2,0.15,0.1,10,A,0.01869378931211907,-0.10273885863945528,-0.14476059453288526,303,0.52,3.090618780482279,3.1773407687289055,25,41.4,OK,
0.25,0.2,0.15,0.1,10,C,0.006476243234004642,-0.17007522789000182,-0.17637800724339456,389,0.36,6.266031134566168,6.337486099811919,50,31.96,OK,
0.25,0.2,0.2,0.07,8,A,0.02276592313510606,-0.06636144112453983,-0.1444413243756021,301,0.52,3.0935555814115836,3.19810351257087,25,41.2,OK,
0.25,0.2,0.2,0.07,8,C,0.021919121319359913,-0.05863572872545698,-0.17626605549508187,389,0.4074074074074074,6.869038642499721,7.118679383019084,54,31.72222222222222,OK,
0.25,0.2,0.2,0.07,10,A,0.02276592313510606,-0.06636144112453983,-0.1444413243756021,301,0.52,3.0935555814115836,3.19810351257087,25,41.2,OK,
0.25,0.2,0.2,0.07,10,C,0.021919121319359913,-0.05863572872545698,-0.17626605549508187,389,0.4074074074074074,6.869038642499721,7.118679383019084,54,31.72222222222222,OK,
0.25,0.2,0.15,0.08,10,A,0.022675264683864826,-0.06713499582198822,-0.1444413243756021,301,0.52,3.0937360728045067,3.198101272577133,25,41.32,OK,
0.25,0.2,0.15,0.08,10,C,0.013961451055044538,-0.11689690733763305,-0.17616204261308402,389,0.3673469387755102,6.1416100540931104,6.280639501442621,49,32.3469387755102,OK,
0.25,0.2,0.15,0.1,5,A,0.018958534876594824,-0.10057453633841341,-0.14475413074680868,303,0.5416666666666666,2.9775216202908457,3.062314090822434,24,41.666666666666664,OK,
0.25,0.2,0.15,0.1,5,C,0.016792241139888642,-0.09711780902612331,-0.17672738127162282,389,0.3902439024390244,5.204459310018376,5.363228388054337,41,33.31707317073171,OK,
0.25,0.2,0.2,0.06,5,A,0.022905681365881447,-0.0652564327702816,-0.14450561416514524,301,0.52,3.094757395935731,3.200029326619661,25,39.44,OK,
0.25,0.2,0.2,0.06,5,C,0.02799282318846763,-0.014806054007182221,-0.17662017392988952,389,0.4166666666666667,6.153357092659899,6.453032856642959,48,30.604166666666668,OK,
0.25,0.2,0.2,0.06,8,A,0.022905681365881447,-0.0652564327702816,-0.14450561416514524,301,0.52,3.094757395935731,3.200029326619661,25,39.44,OK,
0.25,0.2,0.2,0.06,8,C,0.02533276390898398,-0.03410601525739779,-0.17651651434225749,389,0.4074074074074074,6.875927305904322,7.15839633684232,54,29.72222222222222,OK,
0.25,0.2,0.2,0.08,5,A,0.022950380707754015,-0.06478210377738877,-0.14443450298162192,301,0.5416666666666666,2.9741623826912855,3.075768074125928,24,41.583333333333336,OK,
0.25,0.2,0.2,0.08,5,C,0.020525837674985947,-0.06968699622257261,-0.17623315316457996,389,0.41304347826086957,5.879577536125588,6.094635046611372,46,32.69565217391305,OK,
0.25,0.2,0.2,0.08,8,A,0.022675264683864826,-0.06713499582198822,-0.1444413243756021,301,0.52,3.0937360728045067,3.198101272577133,25,41.32,OK,
0.25,0.2,0.2,0.08,8,C,0.014501734497909258,-0.11213575499763934,-0.17616204261308402,389,0.3888888888888889,6.7977192667926065,6.952985900556484,54,32.01851851851852,OK,
0.25,0.2,0.2,0.06,10,A,0.022905681365881447,-0.0652564327702816,-0.14450561416514524,301,0.52,3.094757395935731,3.200029326619661,25,39.44,OK,
0.25,0.2,0.2,0.06,10,C,0.02533276390898398,-0.03410601525739779,-0.17651651434225749,389,0.4074074074074074,6.875927305904322,7.15839633684232,54,29.72222222222222,OK,
0.25,0.2,0.2,0.07,5,A,0.023040941775175128,-0.06400538091375833,-0.14443450298162192,301,0.5416666666666666,2.9739889376772592,3.075770314119665,24,41.458333333333336,OK,
0.25,0.2,0.2,0.07,5,C,0.024508663910521644,-0.04046146205612058,-0.17627033663952743,389,0.41304347826086957,5.8991700747343705,6.15808319201818,46,32.41304347826087,OK,
0.25,0.2,0.2,0.08,10,A,0.022675264683864826,-0.06713499582198822,-0.1444413243756021,301,0.52,3.0937360728045067,3.198101272577133,25,41.32,OK,
0.25,0.2,0.2,0.08,10,C,0.014501734497909258,-0.11213575499763934,-0.17616204261308402,389,0.3888888888888889,6.7977192667926065,6.952985900556484,54,32.01851851851852,OK,
0.25,0.2,0.2,0.1,5,A,0.018958534876594824,-0.10057453633841341,-0.14475413074680868,303,0.5416666666666666,2.9775216202908457,3.062314090822434,24,41.666666666666664,OK,
0.25,0.2,0.2,0.1,5,C,0.017340887653624737,-0.09240413816713396,-0.17672738127162282,389,0.41304347826086957,5.859388011255339,6.039333004433561,46,32.82608695652174,OK,
0.25,0.2,0.2,0.1,8,A,0.01869378931211907,-0.10273885863945528,-0.14476059453288526,303,0.52,3.090618780482279,3.1773407687289055,25,41.4,OK,
0.25,0.2,0.2,0.1,8,C,0.007000472960832171,-0.1651079923627236,-0.17637800724339456,389,0.38181818181818183,6.8992540087831,6.979272769067667,55,31.672727272727272,OK,
0.25,0.2,0.2,0.1,10,A,0.01869378931211907,-0.10273885863945528,-0.14476059453288526,303,0.52,3.090618780482279,3.1773407687289055,25,41.4,OK,
0.25,0.2,0.2,0.1,10,C,0.007000472960832171,-0.1651079923627236,-0.17637800724339456,389,0.38181818181818183,6.8992540087831,6.979272769067667,55,31.672727272727272,OK,
0.25,0.25,0.05,0.06,5,A,0.025596608308753765,-0.040586365617942724,-0.1447105928195958,293,0.5454545454545454,2.743821614295521,2.853061474475543,22,40.77272727272727,OK,
0.25,0.25,0.05,0.06,5,C,0.025714505187838688,-0.03890521214435381,-0.1477906380512177,228,0.5416666666666666,2.960382183613471,3.058500235904129,24,36.916666666666664,OK,
0.25,0.25,0.05,0.06,8,A,0.025596608308753765,-0.040586365617942724,-0.1447105928195958,293,0.5454545454545454,2.743821614295521,2.853061474475543,22,40.77272727272727,OK,
0.25,0.25,0.05,0.06,8,C,0.025714505187838688,-0.03890521214435381,-0.1477906380512177,228,0.5416666666666666,2.960382183613471,3.058500235904129,24,36.916666666666664,OK,
0.25,0.25,0.05,0.06,10,A,0.025596608308753765,-0.040586365617942724,-0.1447105928195958,293,0.5454545454545454,2.743821614295521,2.853061474475543,22,40.77272727272727,OK,
0.25,0.25,0.05,0.06,10,C,0.025714505187838688,-0.03890521214435381,-0.1477906380512177,228,0.5416666666666666,2.960382183613471,3.058500235904129,24,36.916666666666664,OK,
0.25,0.25,0.05,0.07,5,A,0.025503105035592277,-0.04130768656980864,-0.14479438703013775,293,0.5454545454545454,2.7420785213906536,2.850841917317768,22,42.77272727272727,OK,
0.25,0.25,0.05,0.07,5,C,0.024799579043832898,-0.0469405910063127,-0.14770525137745508,228,0.5416666666666666,2.965870971370018,3.062851227437176,24,39.375,OK,
0.25,0.25,0.05,0.08,10,A,0.025411939345000967,-0.042108018382988804,-0.14479438703013775,293,0.5454545454545454,2.7422402181049246,2.850839640602823,22,42.90909090909091,OK,
0.25,0.25,0.05,0.08,10,C,0.023057204650984042,-0.06233097996020481,-0.14835474603934273,228,0.5416666666666666,2.956651872660243,3.040382272113145,24,39.791666666666664,OK,
0.25,0.25,0.05,0.1,5,A,0.021340230788744252,-0.07886412783875847,-0.14500149052118255,294,0.5454545454545454,2.7385586311115855,2.830937005422758,22,43.0,OK,
0.25,0.25,0.05,0.1,5,C,0.018475201330438562,-0.1027542606549737,-0.148405278280862,293,0.52,3.05802530770791,3.1189235884424105,25,39.16,OK,
0.25,0.25,0.05,0.07,8,A,0.025503105035592277,-0.04130768656980864,-0.14479438703013775,293,0.5454545454545454,2.7420785213906536,2.850841917317768,22,42.77272727272727,OK,
0.25,0.25,0.05,0.07,8,C,0.024799579043832898,-0.0469405910063127,-0.14770525137745508,228,0.5416666666666666,2.965870971370018,3.062851227437176,24,39.375,OK,
0.25,0.25,0.05,0.07,10,A,0.025503105035592277,-0.04130768656980864,-0.14479438703013775,293,0.5454545454545454,2.7420785213906536,2.850841917317768,22,42.77272727272727,OK,
0.25,0.25,0.05,0.07,10,C,0.024799579043832898,-0.0469405910063127,-0.14770525137745508,228,0.5416666666666666,2.965870971370018,3.062851227437176,24,39.375,OK,
0.25,0.25,0.05,0.08,5,A,0.025411939345000967,-0.042108018382988804,-0.14479438703013775,293,0.5454545454545454,2.7422402181049246,2.850839640602823,22,42.90909090909091,OK,
0.25,0.25,0.05,0.08,5,C,0.023057204650984042,-0.06233097996020481,-0.14835474603934273,228,0.5416666666666666,2.956651872660243,3.040382272113145,24,39.791666666666664,OK,
0.25,0.25,0.05,0.08,8,A,0.025411939345000967,-0.042108018382988804,-0.14479438703013775,293,0.5454545454545454,2.7422402181049246,2.850839640602823,22,42.90909090909091,OK,
0.25,0.25,0.05,0.08,8,C,0.023057204650984042,-0.06233097996020481,-0.14835474603934273,228,0.5416666666666666,2.956651872660243,3.040382272113145,24,39.791666666666664,OK,
0.25,0.25,0.1,0.06,5,A,0.025596608308753765,-0.040586365617942724,-0.1447105928195958,293,0.5454545454545454,2.743821614295521,2.853061474475543,22,40.77272727272727,OK,
0.25,0.25,0.1,0.06,5,C,0.03694799709066565,0.05193345759193464,-0.1770324589257053,279,0.5161290322580645,3.904812047356604,4.133623789519338,31,37.774193548387096,OK,
0.25,0.25,0.1,0.06,8,A,0.025596608308753765,-0.040586365617942724,-0.1447105928195958,293,0.5454545454545454,2.743821614295521,2.853061474475543,22,40.77272727272727,OK,
0.25,0.25,0.1,0.06,8,C,0.037571868229858696,0.05658838362489003,-0.17672396887646236,275,0.5151515151515151,4.150189264619944,4.398579528418272,33,36.06060606060606,OK,
0.25,0.25,0.05,0.1,8,A,0.021340230788744252,-0.07886412783875847,-0.14500149052118255,294,0.5454545454545454,2.7385586311115855,2.830937005422758,22,43.0,OK,
0.25,0.25,0.05,0.1,8,C,0.018475201330438562,-0.1027542606549737,-0.148405278280862,293,0.52,3.05802530770791,3.1189235884424105,25,39.16,OK,
0.25,0.25,0.05,0.1,10,A,0.021340230788744252,-0.07886412783875847,-0.14500149052118255,294,0.5454545454545454,2.7385586311115855,2.830937005422758,22,43.0,OK,
0.25,0.25,0.05,0.1,10,C,0.018475201330438562,-0.1027542606549737,-0.148405278280862,293,0.52,3.05802530770791,3.1189235884424105,25,39.16,OK,
0.25,0.25,0.1,0.06,10,A,0.025596608308753765,-0.040586365617942724,-0.1447105928195958,293,0.5454545454545454,2.743821614295521,2.853061474475543,22,40.77272727272727,OK,
0.25,0.25,0.1,0.06,10,C,0.037571868229858696,0.05658838362489003,-0.17672396887646236,275,0.5151515151515151,4.150189264619944,4.398579528418272,33,36.06060606060606,OK,
0.25,0.25,0.1,0.07,5,A,0.025503105035592277,-0.04130768656980864,-0.14479438703013775,293,0.5454545454545454,2.7420785213906536,2.850841917317768,22,42.77272727272727,OK,
0.25,0.25,0.1,0.07,5,C,0.033856157723428426,0.028789630834501107,-0.17677001688854402,291,0.5,3.782677055189445,3.988091129218016,30,39.333333333333336,OK,
0.25,0.25,0.15,0.06,5,A,0.025596608308753765,-0.040586365617942724,-0.1447105928195958,293,0.5454545454545454,2.743821614295521,2.853061474475543,22,40.77272727272727,OK,
0.25,0.25,0.15,0.06,5,C,0.030557466192704608,0.004174259640892267,-0.17633800767673147,389,0.425,5.081316606632824,5.333549184296667,40,32.25,OK,
0.25,0.25,0.15,0.06,8,A,0.025596608308753765,-0.040586365617942724,-0.1447105928195958,293,0.5454545454545454,2.743821614295521,2.853061474475543,22,40.77272727272727,OK,
0.25,0.25,0.15,0.06,8,C,0.03007803467720871,0.0005804634322348168,-0.17653446256891317,389,0.42857142857142855,5.318263949121438,5.57763115795944,42,31.595238095238095,OK,
0.25,0.25,0.1,0.08,10,A,0.025411939345000967,-0.042108018382988804,-0.14479438703013775,293,0.5454545454545454,2.7422402181049246,2.850839640602823,22,42.90909090909091,OK,
0.25,0.25,0.1,0.08,10,C,0.03474395029289101,0.03532701545127836,-0.17648889961049172,279,0.5151515151515151,4.1358759148050135,4.361956820358705,33,38.15151515151515,OK,
0.25,0.25,0.1,0.1,5,A,0.021340230788744252,-0.07886412783875847,-0.14500149052118255,294,0.5454545454545454,2.7385586311115855,2.830937005422758,22,43.0,OK,
0.25,0.25,0.1,0.1,5,C,0.028502463015474655,-0.011111475516463276,-0.1769726184254034,294,0.5,3.763863040781784,3.9257322048262338,30,39.8,OK,
0.25,0.25,0.1,0.08,5,A,0.025411939345000967,-0.042108018382988804,-0.14479438703013775,293,0.5454545454545454,2.7422402181049246,2.850839640602823,22,42.90909090909091,OK,
0.25,0.25,0.1,0.08,5,C,0.03188451889027233,0.014108359320674684,-0.1763272127117626,293,0.5,3.7695557738449215,3.95625138519162,30,39.666666666666664,OK,
0.25,0.25,0.1,0.08,8,A,0.025411939345000967,-0.042108018382988804,-0.14479438703013775,293,0.5454545454545454,2.7422402181049246,2.850839640602823,22,42.90909090909091,OK,
0.25,0.25,0.1,0.08,8,C,0.03474395029289101,0.03532701545127836,-0.17648889961049172,279,0.5151515151515151,4.1358759148050135,4.361956820358705,33,38.15151515151515,OK,
0.25,0.25,0.1,0.1,8,A,0.021340230788744252,-0.07886412783875847,-0.14500149052118255,294,0.5454545454545454,2.7385586311115855,2.830937005422758,22,43.0,OK,
0.25,0.25,0.1,0.1,8,C,0.03128433789415497,0.009485541188334782,-0.17702273162558624,292,0.5151515151515151,4.127219267600163,4.325161798729646,33,38.27272727272727,OK,
0.25,0.25,0.1,0.1,10,A,0.021340230788744252,-0.07886412783875847,-0.14500149052118255,294,0.5454545454545454,2.7385586311115855,2.830937005422758,22,43.0,OK,
0.25,0.25,0.1,0.1,10,C,0.03128433789415497,0.009485541188334782,-0.17702273162558624,292,0.5151515151515151,4.127219267600163,4.325161798729646,33,38.27272727272727,OK,
0.25,0.25,0.1,0.07,8,A,0.025503105035592277,-0.04130768656980864,-0.14479438703013775,293,0.5454545454545454,2.7420785213906536,2.850841917317768,22,42.77272727272727,OK,
0.25,0.25,0.1,0.07,8,C,0.03665930031053688,0.049497969389915734,-0.17677515921165093,228,0.5151515151515151,4.154798950053579,4.401583553441697,33,37.84848484848485,OK,
0.25,0.25,0.1,0.07,10,A,0.025503105035592277,-0.04130768656980864,-0.14479438703013775,293,0.5454545454545454,2.7420785213906536,2.850841917317768,22,42.77272727272727,OK,
0.25,0.25,0.1,0.07,10,C,0.03665930031053688,0.049497969389915734,-0.17677515921165093,228,0.5151515151515151,4.154798950053579,4.401583553441697,33,37.84848484848485,OK,
0.25,0.25,0.15,0.06,10,A,0.025596608308753765,-0.040586365617942724,-0.1447105928195958,293,0.5454545454545454,2.743821614295521,2.853061474475543,22,40.77272727272727,OK,
0.25,0.25,0.15,0.06,10,C,0.03007803467720871,0.0005804634322348168,-0.17653446256891317,389,0.42857142857142855,5.318263949121438,5.57763115795944,42,31.595238095238095,OK,
0.25,0.25,0.15,0.07,5,A,0.025503105035592277,-0.04130768656980864,-0.14479438703013775,293,0.5454545454545454,2.7420785213906536,2.850841917317768,22,42.77272727272727,OK,
0.25,0.25,0.15,0.07,5,C,0.02753832422386915,-0.01834291705225913,-0.17682008546398967,389,0.41025641025641024,4.95426029987183,5.179607014209161,39,33.30769230769231,OK,
0.25,0.25,0.15,0.07,8,A,0.025503105035592277,-0.04130768656980864,-0.14479438703013775,293,0.5454545454545454,2.7420785213906536,2.850841917317768,22,42.77272727272727,OK,
0.25,0.25,0.15,0.07,8,C,0.02907354800362949,-0.006863883798804123,-0.1764133386545561,389,0.42857142857142855,5.324491366695471,5.581355917567718,42,33.0,OK,
0.25,0.25,0.15,0.07,10,A,0.025503105035592277,-0.04130768656980864,-0.14479438703013775,293,0.5454545454545454,2.7420785213906536,2.850841917317768,22,42.77272727272727,OK,
0.25,0.25,0.15,0.07,10,C,0.02907354800362949,-0.006863883798804123,-0.1764133386545561,389,0.42857142857142855,5.324491366695471,5.581355917567718,42,33.0,OK,
0.25,0.25,0.15,0.08,5,A,0.025411939345000967,-0.042108018382988804,-0.14479438703013775,293,0.5454545454545454,2.7422402181049246,2.850839640602823,22,42.90909090909091,OK,
0.25,0.25,0.15,0.08,5,C,0.025669703451597137,-0.03232502631864678,-0.17649935257204868,389,0.41025641025641024,4.943238560697281,5.145386098246088,39,33.56410256410256,OK,
0.25,0.25,0.15,0.08,8,A,0.025411939345000967,-0.042108018382988804,-0.14479438703013775,293,0.5454545454545454,2.7422402181049246,2.850839640602823,22,42.90909090909091,OK,
0.25,0.25,0.15,0.08,8,C,0.027336240181506266,-0.01967160999809877,-0.17697873874926295,389,0.42857142857142855,5.3104347408953005,5.54302767026694,42,33.23809523809524,OK,
0.25,0.25,0.15,0.08,10,A,0.025411939345000967,-0.042108018382988804,-0.14479438703013775,293,0.5454545454545454,2.7422402181049246,2.850839640602823,22,42.90909090909091,OK,
0.25,0.25,0.15,0.08,10,C,0.027336240181506266,-0.01967160999809877,-0.17697873874926295,389,0.42857142857142855,5.3104347408953005,5.54302767026694,42,33.23809523809524,OK,
0.25,0.25,0.15,0.1,5,A,0.021340230788744252,-0.07886412783875847,-0.14500149052118255,294,0.5454545454545454,2.7385586311115855,2.830937005422758,22,43.0,OK,
0.25,0.25,0.15,0.1,5,C,0.02203402237463936,-0.05920230430178112,-0.17639005641362274,389,0.41025641025641024,4.928508906069856,5.096521409031463,39,33.666666666666664,OK,
0.25,0.25,0.15,0.1,8,A,0.021340230788744252,-0.07886412783875847,-0.14500149052118255,294,0.5454545454545454,2.7385586311115855,2.830937005422758,22,43.0,OK,
0.25,0.25,0.15,0.1,8,C,0.023797508181986116,-0.04566845369606144,-0.176620957829548,389,0.42857142857142855,5.289438877716829,5.485518099283254,42,33.333333333333336,OK,
0.25,0.25,0.15,0.1,10,A,0.021340230788744252,-0.07886412783875847,-0.14500149052118255,294,0.5454545454545454,2.7385586311115855,2.830937005422758,22,43.0,OK,
0.25,0.25,0.15,0.1,10,C,0.023797508181986116,-0.04566845369606144,-0.176620957829548,389,0.42857142857142855,5.289438877716829,5.485518099283254,42,33.333333333333336,OK,
0.25,0.25,0.2,0.06,5,A,0.025596608308753765,-0.040586365617942724,-0.1447105928195958,293,0.5454545454545454,2.743821614295521,2.853061474475543,22,40.77272727272727,OK,
0.25,0.25,0.2,0.06,5,C,0.031123654334579642,0.008348880676960926,-0.17633800767673147,389,0.4444444444444444,5.77475581291335,6.062653982146781,45,31.866666666666667,OK,
0.25,0.25,0.2,0.06,8,A,0.025596608308753765,-0.040586365617942724,-0.1447105928195958,293,0.5454545454545454,2.743821614295521,2.853061474475543,22,40.77272727272727,OK,
0.25,0.25,0.2,0.06,8,C,0.030657284463589507,0.004852085690578438,-0.17653446256891317,389,0.44680851063829785,6.009377072974544,6.30377061919952,47,31.29787234042553,OK,
0.25,0.25,0.2,0.08,5,A,0.025411939345000967,-0.042108018382988804,-0.14479438703013775,293,0.5454545454545454,2.7422402181049246,2.850839640602823,22,42.90909090909091,OK,
0.25,0.25,0.2,0.08,5,C,0.02621360552065699,-0.028051683041495086,-0.17649935257204868,389,0.4318181818181818,5.620712793040798,5.8517206183744985,44,33.02272727272727,OK,
0.25,0.25,0.2,0.08,8,A,0.025411939345000967,-0.042108018382988804,-0.14479438703013775,293,0.5454545454545454,2.7422402181049246,2.850839640602823,22,42.90909090909091,OK,
0.25,0.25,0.2,0.08,8,C,0.027911233913656908,-0.015309033134540052,-0.17697873874926295,389,0.44680851063829785,5.9973661206116295,6.261368685238643,47,32.765957446808514,OK,
0.25,0.25,0.2,0.07,8,A,0.025503105035592277,-0.04130768656980864,-0.14479438703013775,293,0.5454545454545454,2.7420785213906536,2.850841917317768,22,42.77272727272727,OK,
0.25,0.25,0.2,0.07,8,C,0.029658345559312682,-0.0025121544737991574,-0.1764133386545561,389,0.44680851063829785,6.012078347406502,6.303455149804781,47,32.5531914893617,OK,
0.25,0.25,0.2,0.07,10,A,0.025503105035592277,-0.04130768656980864,-0.14479438703013775,293,0.5454545454545454,2.7420785213906536,2.850841917317768,22,42.77272727272727,OK,
0.25,0.25,0.2,0.07,10,C,0.029658345559312682,-0.0025121544737991574,-0.1764133386545561,389,0.44680851063829785,6.012078347406502,6.303455149804781,47,32.5531914893617,OK,
0.25,0.25,0.2,0.06,10,A,0.025596608308753765,-0.040586365617942724,-0.1447105928195958,293,0.5454545454545454,2.743821614295521,2.853061474475543,22,40.77272727272727,OK,
0.25,0.25,0.2,0.06,10,C,0.030657284463589507,0.004852085690578438,-0.17653446256891317,389,0.44680851063829785,6.009377072974544,6.30377061919952,47,31.29787234042553,OK,
0.25,0.25,0.2,0.07,5,A,0.025503105035592277,-0.04130768656980864,-0.14479438703013775,293,0.5454545454545454,2.7420785213906536,2.850841917317768,22,42.77272727272727,OK,
0.25,0.25,0.2,0.07,5,C,0.028089703556938295,-0.014124684468664972,-0.17682008546398967,389,0.4318181818181818,5.641703380672366,5.899517641420954,44,32.79545454545455,OK,
0.25,0.25,0.2,0.08,10,A,0.025411939345000967,-0.042108018382988804,-0.14479438703013775,293,0.5454545454545454,2.7422402181049246,2.850839640602823,22,42.90909090909091,OK,
0.25,0.25,0.2,0.08,10,C,0.027911233913656908,-0.015309033134540052,-0.17697873874926295,389,0.44680851063829785,5.9973661206116295,6.261368685238643,47,32.765957446808514,OK,
0.25,0.25,0.2,0.1,5,A,0.021340230788744252,-0.07886412783875847,-0.14500149052118255,294,0.5454545454545454,2.7385586311115855,2.830937005422758,22,43.0,OK,
0.25,0.25,0.2,0.1,5,C,0.02261260831023848,-0.054488596301755926,-0.17639005641362274,389,0.4318181818181818,5.60134744423617,5.793496864783371,44,33.11363636363637,OK,
0.25,0.25,0.2,0.1,8,A,0.021340230788744252,-0.07886412783875847,-0.14500149052118255,294,0.5454545454545454,2.7385586311115855,2.830937005422758,22,43.0,OK,
0.25,0.25,0.2,0.1,8,C,0.02433143716076147,-0.04142860678341292,-0.176620957829548,389,0.44680851063829785,5.9657236857667995,6.188094402146305,47,32.851063829787236,OK,
0.25,0.25,0.2,0.1,10,A,0.021340230788744252,-0.07886412783875847,-0.14500149052118255,294,0.5454545454545454,2.7385586311115855,2.830937005422758,22,43.0,OK,
0.25,0.25,0.2,0.1,10,C,0.02433143716076147,-0.04142860678341292,-0.176620957829548,389,0.44680851063829785,5.9657236857667995,6.188094402146305,47,32.851063829787236,OK,
